database tcs_catalog;

-- sample scorecards
INSERT INTO 'informix'.scorecard(scorecard_id,scorecard_status_id,scorecard_type_id,project_category_id,name,version,min_score,max_score,create_user,create_date,modify_user,modify_date) VALUES (30000410, 1, 1, 1, 'Default design scorecard', '1.0', 75.0, 100.0, '132456', '2008-11-27 14:14:29.517', '132456', '2008-11-27 14:14:29.517');
INSERT INTO 'informix'.scorecard(scorecard_id,scorecard_status_id,scorecard_type_id,project_category_id,name,version,min_score,max_score,create_user,create_date,modify_user,modify_date) VALUES (30000411, 1, 2, 1, 'Default Design Review Scorecard', '1.0', 75.0, 100.0, '132456', '2008-11-27 14:15:30.523', '132456', '2008-11-27 14:15:30.523');
INSERT INTO 'informix'.scorecard(scorecard_id,scorecard_status_id,scorecard_type_id,project_category_id,name,version,min_score,max_score,create_user,create_date,modify_user,modify_date) VALUES (30000412, 1, 1, 2, 'Default Development Screening Scorecard', '1.0', 75.0, 100.0, '132456', '2008-11-27 14:16:50.281', '132456', '2008-11-27 14:16:50.281');
INSERT INTO 'informix'.scorecard(scorecard_id,scorecard_status_id,scorecard_type_id,project_category_id,name,version,min_score,max_score,create_user,create_date,modify_user,modify_date) VALUES (30000413, 1, 2, 2, 'Default Development Review Scorecard', '1.0', 75.0, 100.0, '132456', '2008-11-27 14:17:32.573', '132456', '2008-11-27 14:17:32.573');
INSERT INTO 'informix'.scorecard(scorecard_id,scorecard_status_id,scorecard_type_id,project_category_id,name,version,min_score,max_score,create_user,create_date,modify_user,modify_date) VALUES (30000414, 1, 1, 6, 'Default Application Screening Scorecard', '1.0', 75.0, 100.0, '132456', '2008-11-27 14:19:42.862', '132456', '2008-11-27 14:19:42.862');
INSERT INTO 'informix'.scorecard(scorecard_id,scorecard_status_id,scorecard_type_id,project_category_id,name,version,min_score,max_score,create_user,create_date,modify_user,modify_date) VALUES (30000415, 1, 2, 6, 'Default Application Review Scorecard', '1.0', 75.0, 100.0, '132456', '2008-11-27 14:20:18.775', '132456', '2008-11-27 14:20:18.775');
INSERT INTO 'informix'.scorecard(scorecard_id,scorecard_status_id,scorecard_type_id,project_category_id,name,version,min_score,max_score,create_user,create_date,modify_user,modify_date) VALUES (30000720, 1, 3, 28, 'Default Approval Scorecard', '1.0', 0.0, 100.0, '132456', '2008-11-27 14:20:18.775', '132456', '2008-11-27 14:20:18.775');
INSERT INTO 'informix'.scorecard(scorecard_id,scorecard_status_id,scorecard_type_id,project_category_id,name,version,min_score,max_score,create_user,create_date,modify_user,modify_date) VALUES (30001013, 1, 4, 28, 'Default Post-Mortem Review Scorecard', '1.1', 0.0, 100.0, '132456', '2008-11-27 14:20:18.775', '132456', '2008-11-27 14:20:18.775');
INSERT INTO 'informix'.scorecard(scorecard_id,scorecard_status_id,scorecard_type_id,project_category_id,name,version,min_score,max_score,create_user,create_date,modify_user,modify_date) VALUES (30000722, 1, 5, 28, 'Default Spec Review Scorecard', '1.0', 0.0, 100.0, '132456', '2008-11-27 14:20:18.775', '132456', '2008-11-27 14:20:18.775');
INSERT INTO 'informix'.scorecard(scorecard_id,scorecard_status_id,scorecard_type_id,project_category_id,name,version,min_score,max_score,create_user,create_date,modify_user,modify_date) VALUES (30000871, 1, 2, 29, 'Copilot Selection Review Scorecard', '1.0', 80.0, 100.0, '132456', '2008-11-27 14:20:18.775', '132456', '2008-11-27 14:20:18.775');
INSERT INTO 'informix'.scorecard(scorecard_id,scorecard_status_id,scorecard_type_id,project_category_id,name,version,min_score,max_score,create_user,create_date,modify_user,modify_date) VALUES (30000870, 1, 1, 29, 'Copilot Selection', '1.0', 75.0, 100.0, '132456', '2008-11-27 14:20:18.775', '132456', '2008-11-27 14:20:18.775');
INSERT INTO 'informix'.scorecard(scorecard_id,scorecard_status_id,scorecard_type_id,project_category_id,name,version,min_score,max_score,create_user,create_date,modify_user,modify_date) VALUES (30000471, 1, 2, 14, 'New Assembly Review Scorecard', '4.9', 75.0, 100.0, '132456', current, '132456', current);
INSERT INTO 'informix'.scorecard(scorecard_id,scorecard_status_id,scorecard_type_id,project_category_id,name,version,min_score,max_score,create_user,create_date,modify_user,modify_date) VALUES (30000416, 1, 6, 28, 'Default Checkpoint Screening Scorecard', '1.0', 100.0, 100, 'System', CURRENT, 'System', CURRENT);
INSERT INTO 'informix'.scorecard(scorecard_id,scorecard_status_id,scorecard_type_id,project_category_id,name,version,min_score,max_score,create_user,create_date,modify_user,modify_date) VALUES (30000417, 1, 7, 28, 'Default Checkpoint Review Scorecard', '1.0', 10.0, 100, 'System', CURRENT, 'System', CURRENT);
INSERT INTO 'informix'.scorecard(scorecard_id,scorecard_status_id,scorecard_type_id,project_category_id,name,version,min_score,max_score,create_user,create_date,modify_user,modify_date) VALUES (30000418, 1, 2, 28, 'Default Studio Review Scorecard', '1.0', 10.0, 100, 'System', CURRENT, 'System', CURRENT);
INSERT INTO 'informix'.scorecard(scorecard_id,scorecard_status_id,scorecard_type_id,project_category_id,name,version,min_score,max_score,create_user,create_date,modify_user,modify_date) VALUES (30000419, 1, 8, 28, 'Default Iterative Review Scorecard', '1.0', 75.0, 100, 'System', CURRENT, 'System', CURRENT);

INSERT INTO 'informix'.scorecard_group(scorecard_group_id,scorecard_id,name,weight,sort,create_user,create_date,modify_user,modify_date) VALUES (5760, 30000410, 'Group 1', 100.0, 0, '132456', '2008-11-27 14:14:29.532', '132456', '2008-11-27 14:14:29.532');
INSERT INTO 'informix'.scorecard_group(scorecard_group_id,scorecard_id,name,weight,sort,create_user,create_date,modify_user,modify_date) VALUES (5761, 30000411, 'Group 1', 100.0, 0, '132456', '2008-11-27 14:15:30.525', '132456', '2008-11-27 14:15:30.525');
INSERT INTO 'informix'.scorecard_group(scorecard_group_id,scorecard_id,name,weight,sort,create_user,create_date,modify_user,modify_date) VALUES (5762, 30000412, 'Group 1', 100.0, 0, '132456', '2008-11-27 14:16:50.283', '132456', '2008-11-27 14:16:50.283');
INSERT INTO 'informix'.scorecard_group(scorecard_group_id,scorecard_id,name,weight,sort,create_user,create_date,modify_user,modify_date) VALUES (5763, 30000413, 'Group 1', 100.0, 0, '132456', '2008-11-27 14:17:32.575', '132456', '2008-11-27 14:17:32.575');
INSERT INTO 'informix'.scorecard_group(scorecard_group_id,scorecard_id,name,weight,sort,create_user,create_date,modify_user,modify_date) VALUES (5764, 30000414, 'Group 1', 100.0, 0, '132456', '2008-11-27 14:19:42.864', '132456', '2008-11-27 14:19:42.864');
INSERT INTO 'informix'.scorecard_group(scorecard_group_id,scorecard_id,name,weight,sort,create_user,create_date,modify_user,modify_date) VALUES (5765, 30000415, 'Group 1', 100.0, 0, '132456', '2008-11-27 14:20:18.777', '132456', '2008-11-27 14:20:18.777');
INSERT INTO 'informix'.scorecard_group(scorecard_group_id,scorecard_id,name,weight,sort,create_user,create_date,modify_user,modify_date) VALUES (5766, 30000720, 'Group 1', 100.0, 0, '132456', '2008-11-27 14:19:42.864', '132456', '2008-11-27 14:19:42.864');
INSERT INTO 'informix'.scorecard_group(scorecard_group_id,scorecard_id,name,weight,sort,create_user,create_date,modify_user,modify_date) VALUES (5767, 30001013, 'Group 1', 100.0, 0, '132456', '2008-11-27 14:20:18.777', '132456', '2008-11-27 14:20:18.777');
INSERT INTO 'informix'.scorecard_group(scorecard_group_id,scorecard_id,name,weight,sort,create_user,create_date,modify_user,modify_date) VALUES (5768, 30000722, 'Group 1', 100.0, 0, '132456', '2008-11-27 14:20:18.777', '132456', '2008-11-27 14:20:18.777');
INSERT INTO 'informix'.scorecard_group(scorecard_group_id,scorecard_id,name,weight,sort,create_user,create_date,modify_user,modify_date) VALUES (6311, 30000871, 'Group 1', 100.0, 0, '132456', '2008-11-27 14:20:18.777', '132456', '2008-11-27 14:20:18.777');
INSERT INTO 'informix'.scorecard_group(scorecard_group_id,scorecard_id,name,weight,sort,create_user,create_date,modify_user,modify_date) VALUES (6310, 30000870, 'Group 1', 100.0, 0, '132456', '2008-11-27 14:20:18.777', '132456', '2008-11-27 14:20:18.777');
INSERT INTO 'informix'.scorecard_group(scorecard_group_id,scorecard_id,name,weight,sort,create_user,create_date,modify_user,modify_date) VALUES (5845, 30000471, 'Functional Requirements', 30.0, 0, '132456', current, '132456', current);
INSERT INTO 'informix'.scorecard_group(scorecard_group_id,scorecard_id,name,weight,sort,create_user,create_date,modify_user,modify_date) VALUES (5846, 30000471, 'Code Review', 25.0, 1, '132456', current, '132456', current);
INSERT INTO 'informix'.scorecard_group(scorecard_group_id,scorecard_id,name,weight,sort,create_user,create_date,modify_user,modify_date) VALUES (5847, 30000471, 'Unit Tests', 25.0, 2, '132456', current, '132456', current);
INSERT INTO 'informix'.scorecard_group(scorecard_group_id,scorecard_id,name,weight,sort,create_user,create_date,modify_user,modify_date) VALUES (5848, 30000471, 'Deployment Guide', 10.0, 3, '132456', current, '132456', current);
INSERT INTO 'informix'.scorecard_group(scorecard_group_id,scorecard_id,name,weight,sort,create_user,create_date,modify_user,modify_date) VALUES (5849, 30000471, 'Overall Rating', 10.0, 4, '132456', current, '132456', current);
INSERT INTO 'informix'.scorecard_group(scorecard_group_id,scorecard_id,name,weight,sort,create_user,create_date,modify_user,modify_date) VALUES (5769, 30000416, 'Group 1', 100.0, 0, '132456', current, '132456', current);
INSERT INTO 'informix'.scorecard_group(scorecard_group_id,scorecard_id,name,weight,sort,create_user,create_date,modify_user,modify_date) VALUES (5770, 30000417, 'Group 1', 100.0, 0, '132456', current, '132456', current);
INSERT INTO 'informix'.scorecard_group(scorecard_group_id,scorecard_id,name,weight,sort,create_user,create_date,modify_user,modify_date) VALUES (5771, 30000418, 'Group 1', 100.0, 0, '132456', current, '132456', current);
INSERT INTO 'informix'.scorecard_group(scorecard_group_id,scorecard_id,name,weight,sort,create_user,create_date,modify_user,modify_date) VALUES (5772, 30000419, 'Group 1', 100.0, 0, '132456', current, '132456', current);

INSERT INTO 'informix'.scorecard_section(scorecard_section_id,scorecard_group_id,name,weight,sort,create_user,create_date,modify_user,modify_date) VALUES (30000770, 5760, 'Section 1', 100.0, 0, '132456', '2008-11-27 14:14:29.543', '132456', '2008-11-27 14:14:29.543');
INSERT INTO 'informix'.scorecard_section(scorecard_section_id,scorecard_group_id,name,weight,sort,create_user,create_date,modify_user,modify_date) VALUES (30000771, 5761, 'Section 1', 100.0, 0, '132456', '2008-11-27 14:15:30.526', '132456', '2008-11-27 14:15:30.526');
INSERT INTO 'informix'.scorecard_section(scorecard_section_id,scorecard_group_id,name,weight,sort,create_user,create_date,modify_user,modify_date) VALUES (30000772, 5762, 'Section 1', 100.0, 0, '132456', '2008-11-27 14:16:50.307', '132456', '2008-11-27 14:16:50.307');
INSERT INTO 'informix'.scorecard_section(scorecard_section_id,scorecard_group_id,name,weight,sort,create_user,create_date,modify_user,modify_date) VALUES (30000773, 5763, 'Section 1', 100.0, 0, '132456', '2008-11-27 14:17:32.577', '132456', '2008-11-27 14:17:32.577');
INSERT INTO 'informix'.scorecard_section(scorecard_section_id,scorecard_group_id,name,weight,sort,create_user,create_date,modify_user,modify_date) VALUES (30000774, 5764, 'Section 1', 100.0, 0, '132456', '2008-11-27 14:19:42.866', '132456', '2008-11-27 14:19:42.866');
INSERT INTO 'informix'.scorecard_section(scorecard_section_id,scorecard_group_id,name,weight,sort,create_user,create_date,modify_user,modify_date) VALUES (30000775, 5765, 'Section 1', 100.0, 0, '132456', '2008-11-27 14:20:18.779', '132456', '2008-11-27 14:20:18.779');
INSERT INTO 'informix'.scorecard_section(scorecard_section_id,scorecard_group_id,name,weight,sort,create_user,create_date,modify_user,modify_date) VALUES (30000776, 5766, 'Section 1', 100.0, 0, '132456', '2008-11-27 14:19:42.866', '132456', '2008-11-27 14:19:42.866');
INSERT INTO 'informix'.scorecard_section(scorecard_section_id,scorecard_group_id,name,weight,sort,create_user,create_date,modify_user,modify_date) VALUES (30000777, 5767, 'Section 1', 100.0, 0, '132456', '2008-11-27 14:20:18.779', '132456', '2008-11-27 14:20:18.779');
INSERT INTO 'informix'.scorecard_section(scorecard_section_id,scorecard_group_id,name,weight,sort,create_user,create_date,modify_user,modify_date) VALUES (30000778, 5768, 'Section 1', 100.0, 0, '132456', '2008-11-27 14:20:18.779', '132456', '2008-11-27 14:20:18.779');
INSERT INTO 'informix'.scorecard_section(scorecard_section_id,scorecard_group_id,name,weight,sort,create_user,create_date,modify_user,modify_date) VALUES (30001641, 6311, 'Section 1', 100.0, 0, '132456', '2008-11-27 14:20:18.779', '132456', '2008-11-27 14:20:18.779');
INSERT INTO 'informix'.scorecard_section(scorecard_section_id,scorecard_group_id,name,weight,sort,create_user,create_date,modify_user,modify_date) VALUES (30001640, 6310, 'Section 1', 100.0, 0, '132456', '2008-11-27 14:20:18.779', '132456', '2008-11-27 14:20:18.779');
INSERT INTO 'informix'.scorecard_section(scorecard_section_id,scorecard_group_id,name,weight,sort,create_user,create_date,modify_user,modify_date) VALUES (30000957, 5845, 'Functional Requirements', 100.0, 0, '132456', current, '132456', current);
INSERT INTO 'informix'.scorecard_section(scorecard_section_id,scorecard_group_id,name,weight,sort,create_user,create_date,modify_user,modify_date) VALUES (30000958, 5846, 'Design Adherence', 50.0, 0, '132456', current, '132456', current);
INSERT INTO 'informix'.scorecard_section(scorecard_section_id,scorecard_group_id,name,weight,sort,create_user,create_date,modify_user,modify_date) VALUES (30000959, 5846, 'Code Review', 50.0, 1, '132456', current, '132456', current);
INSERT INTO 'informix'.scorecard_section(scorecard_section_id,scorecard_group_id,name,weight,sort,create_user,create_date,modify_user,modify_date) VALUES (30000960, 5847, 'Unit Tests', 90.0, 0, '132456', current, '132456', current);
INSERT INTO 'informix'.scorecard_section(scorecard_section_id,scorecard_group_id,name,weight,sort,create_user,create_date,modify_user,modify_date) VALUES (30000961, 5847, 'Test Cases', 10.0, 1, '132456', current, '132456', current);
INSERT INTO 'informix'.scorecard_section(scorecard_section_id,scorecard_group_id,name,weight,sort,create_user,create_date,modify_user,modify_date) VALUES (30000962, 5848, 'Deployment Guide', 100.0, 0, '132456', current, '132456', current);
INSERT INTO 'informix'.scorecard_section(scorecard_section_id,scorecard_group_id,name,weight,sort,create_user,create_date,modify_user,modify_date) VALUES (30000963, 5849, 'Overall Rating', 100.0, 0, '132456', current, '132456', current);
INSERT INTO 'informix'.scorecard_section(scorecard_section_id,scorecard_group_id,name,weight,sort,create_user,create_date,modify_user,modify_date) VALUES (30001642, 5769, 'Section 1', 100.0, 0, '132456', current, '132456', current);
INSERT INTO 'informix'.scorecard_section(scorecard_section_id,scorecard_group_id,name,weight,sort,create_user,create_date,modify_user,modify_date) VALUES (30001643, 5770, 'Section 1', 100.0, 0, '132456', current, '132456', current);
INSERT INTO 'informix'.scorecard_section(scorecard_section_id,scorecard_group_id,name,weight,sort,create_user,create_date,modify_user,modify_date) VALUES (30001644, 5771, 'Section 1', 100.0, 0, '132456', current, '132456', current);
INSERT INTO 'informix'.scorecard_section(scorecard_section_id,scorecard_group_id,name,weight,sort,create_user,create_date,modify_user,modify_date) VALUES (30001645, 5772, 'Section 1', 100.0, 0, '132456', current, '132456', current);

INSERT INTO 'informix'.scorecard_question(scorecard_question_id,scorecard_question_type_id,scorecard_section_id,description,guideline,weight,sort,upload_document,upload_document_required,create_user,create_date,modify_user,modify_date) VALUES (30001000, 1, 30000770, 'Question 1', 'Guideline 1', 100.0, 0, 1, 0, '132456', '2008-11-27 14:14:29.655', '132456', '2008-11-27 14:14:29.655');
INSERT INTO 'informix'.scorecard_question(scorecard_question_id,scorecard_question_type_id,scorecard_section_id,description,guideline,weight,sort,upload_document,upload_document_required,create_user,create_date,modify_user,modify_date) VALUES (30001001, 1, 30000771, 'Question 1', 'Guideline 1', 100.0, 0, 1, 0, '132456', '2008-11-27 14:15:30.531', '132456', '2008-11-27 14:15:30.531');
INSERT INTO 'informix'.scorecard_question(scorecard_question_id,scorecard_question_type_id,scorecard_section_id,description,guideline,weight,sort,upload_document,upload_document_required,create_user,create_date,modify_user,modify_date) VALUES (30001002, 1, 30000772, 'Question 1', 'Guideline 1', 100.0, 0, 1, 0, '132456', '2008-11-27 14:16:50.310', '132456', '2008-11-27 14:16:50.310');
INSERT INTO 'informix'.scorecard_question(scorecard_question_id,scorecard_question_type_id,scorecard_section_id,description,guideline,weight,sort,upload_document,upload_document_required,create_user,create_date,modify_user,modify_date) VALUES (30001003, 1, 30000773, 'Question 1', 'Guideline 1', 100.0, 0, 1, 0, '132456', '2008-11-27 14:17:32.580', '132456', '2008-11-27 14:17:32.580');
INSERT INTO 'informix'.scorecard_question(scorecard_question_id,scorecard_question_type_id,scorecard_section_id,description,guideline,weight,sort,upload_document,upload_document_required,create_user,create_date,modify_user,modify_date) VALUES (30001004, 1, 30000774, 'Question 1', 'Guideline 1', 100.0, 0, 1, 0, '132456', '2008-11-27 14:19:42.904', '132456', '2008-11-27 14:19:42.904');
INSERT INTO 'informix'.scorecard_question(scorecard_question_id,scorecard_question_type_id,scorecard_section_id,description,guideline,weight,sort,upload_document,upload_document_required,create_user,create_date,modify_user,modify_date) VALUES (30001005, 1, 30000775, 'Question 1', 'Guideline 1', 100.0, 0, 1, 0, '132456', '2008-11-27 14:20:18.783', '132456', '2008-11-27 14:20:18.783');
INSERT INTO 'informix'.scorecard_question(scorecard_question_id,scorecard_question_type_id,scorecard_section_id,description,guideline,weight,sort,upload_document,upload_document_required,create_user,create_date,modify_user,modify_date) VALUES (30001006, 1, 30000776, 'Question 1', 'Guideline 1', 100.0, 0, 1, 0, '132456', '2008-11-27 14:19:42.904', '132456', '2008-11-27 14:19:42.904');
INSERT INTO 'informix'.scorecard_question(scorecard_question_id,scorecard_question_type_id,scorecard_section_id,description,guideline,weight,sort,upload_document,upload_document_required,create_user,create_date,modify_user,modify_date) VALUES (30001007, 1, 30000777, 'Question 1', 'Guideline 1', 100.0, 0, 1, 0, '132456', '2008-11-27 14:20:18.783', '132456', '2008-11-27 14:20:18.783');
INSERT INTO 'informix'.scorecard_question(scorecard_question_id,scorecard_question_type_id,scorecard_section_id,description,guideline,weight,sort,upload_document,upload_document_required,create_user,create_date,modify_user,modify_date) VALUES (30001008, 1, 30000778, 'Question 1', 'Guideline 1', 100.0, 0, 1, 0, '132456', '2008-11-27 14:20:18.783', '132456', '2008-11-27 14:20:18.783');
INSERT INTO 'informix'.scorecard_question(scorecard_question_id,scorecard_question_type_id,scorecard_section_id,description,guideline,weight,sort,upload_document,upload_document_required,create_user,create_date,modify_user,modify_date) VALUES (30003111, 2, 30001641, 'Question 1', 'Guideline 1', 100.0, 0, 1, 0, '132456', '2008-11-27 14:20:18.783', '132456', '2008-11-27 14:20:18.783');
INSERT INTO 'informix'.scorecard_question(scorecard_question_id,scorecard_question_type_id,scorecard_section_id,description,guideline,weight,sort,upload_document,upload_document_required,create_user,create_date,modify_user,modify_date) VALUES (30003110, 4, 30001640, 'Question 1', 'Guideline 1', 100.0, 0, 1, 0, '132456', '2008-11-27 14:20:18.783', '132456', '2008-11-27 14:20:18.783');
INSERT INTO 'informix'.scorecard_question(scorecard_question_id,scorecard_question_type_id,scorecard_section_id,description,guideline,weight,sort,upload_document,upload_document_required,create_user,create_date,modify_user,modify_date) VALUES (30001514, 1, 30000957, 'The implementation addresses all requirements.', 'Rating 1 - The implementation does not address the requirements, or with a radically different way from the design documents, or has major issues or major deviation from the design in more than 20% of the requirements.Rating 2 - The implementation addresses one or more requirements (but no more than 20%) with major issues or with major deviation from the design documents.  The functionality can be used in a limited way (for instance, application errors out on extreme data).Rating 3 - The implementation addresses all requirements with minor issues or with minor deviation from the design documents.  All functionality can be used.Rating 4 - The implementation fully addresses all requirements with the exact approach from the design documents.  All functionality can be used without any issues.', 100.0, 0, 1, 0, '132456', current, '132456', current);
INSERT INTO 'informix'.scorecard_question(scorecard_question_id,scorecard_question_type_id,scorecard_section_id,description,guideline,weight,sort,upload_document,upload_document_required,create_user,create_date,modify_user,modify_date) VALUES (30001515, 1, 30000958, 'The implementation uses all required technologies (language, framework, etc) and packages as specified in the requirement and design documents.  Best practices for the technology are followed unless specified otherwise.', 'Rating 1 - Assemblers are not familiar with the technology so that it''s frequently misused.Rating 2 - Technologies are implemented though there are occasional misuses.  Functionality or performance is considerably compromised.Rating 3 - Technologies are properly implemented.  There are one or more minor misuses that harm either functionality or performance to some limited extent.Rating 4 - Assemblers exhibit excellent knowledge and understanding of the technologies involved.  Best practices are followed.', 25.0, 0, 1, 0, '132456', current, '132456', current);
INSERT INTO 'informix'.scorecard_question(scorecard_question_id,scorecard_question_type_id,scorecard_section_id,description,guideline,weight,sort,upload_document,upload_document_required,create_user,create_date,modify_user,modify_date) VALUES (30001516, 1, 30000958, 'The implementation properly implements configurable parameters as defined in the design documents.', 'Rating 1 - Some of the configurable parameters are hard coded instead.Rating 2 - The configurable parameters defined in the design documents are implemented, though some of them do not work as intended (for instance, configured in multiple locations, or do not take effect in some scenario).Rating 3 - The configurable parameters defined in the design documents are implemented exactly as intended.Rating 4 - The configurable parameters defined in the design documents are implemented exactly as intended.  The assemblers also foresee the necessity to make other parameters configurable.', 15.0, 1, 1, 0, '132456', current, '132456', current);
INSERT INTO 'informix'.scorecard_question(scorecard_question_id,scorecard_question_type_id,scorecard_section_id,description,guideline,weight,sort,upload_document,upload_document_required,create_user,create_date,modify_user,modify_date) VALUES (30001517, 1, 30000958, 'The implementation has maintained the public API as defined in the design documents.  Nothing in the public API should have been removed.  This question covers the details of implementation and not only includes technical details such as modifiers and types, but also naming conventions.  Additions to the existing API are permitted.', 'Rating 1 - Public API is mutated in a way that certain functionality can not be supported any more.Rating 2 - Public API is maintained.  There are some modifiers and types that deviate from the design; however the API should still be able to support the required functionality.Rating 3 - Public API is maintained.  There are some naming conventions that deviate from the design.Rating 4 - Public API is maintained exactly as designed.', 15.0, 2, 1, 0, '132456', current, '132456', current);
INSERT INTO 'informix'.scorecard_question(scorecard_question_id,scorecard_question_type_id,scorecard_section_id,description,guideline,weight,sort,upload_document,upload_document_required,create_user,create_date,modify_user,modify_date) VALUES (30001518, 1, 30000958, 'Defined classes, methods and variables are implemented.  If not, list the missing entities.  Reviewer should not only look at the signature, but should also examine the method body.', 'Rating 1 - A large portion of the defined classes, methods or variables are left empty.Rating 2 - Defined classes are mostly implemented however some variables or methods with core functionality are missed.Rating 3 - Defined classes are mostly implemented, with few unimportant variables or methods missed.Rating 4 - Defined classes, methods and variables are fully implemented.', 10.0, 3, 1, 0, '132456', current, '132456', current);
INSERT INTO 'informix'.scorecard_question(scorecard_question_id,scorecard_question_type_id,scorecard_section_id,description,guideline,weight,sort,upload_document,upload_document_required,create_user,create_date,modify_user,modify_date) VALUES (30001519, 1, 30000958, 'Required components are used effectively in the implementation.  If a component is not suitable for use valid justification should be provided on the forum and approved by the architect.', 'Rating 1 - Some of the components are not used.Rating 2 - All required components are used but some of the usages are not proper or effective.Rating 3 - All required components are used.  Some usages do not fully exploit the component''s capability.Rating 4 - All required components are properly and effectively used.', 10.0, 4, 1, 0, '132456', current, '132456', current);
INSERT INTO 'informix'.scorecard_question(scorecard_question_id,scorecard_question_type_id,scorecard_section_id,description,guideline,weight,sort,upload_document,upload_document_required,create_user,create_date,modify_user,modify_date) VALUES (30001520, 1, 30000958, 'Additional components are used effectively where applicable.', 'Rating 1 - Additional components are used unnecessarily, or effective use of some components is not identified.Rating 2 - Additional components are used and meet the requirements, though there are better candidates to perform the task.Rating 3 - Additional components are used, though components in question could be better exploited to satisfy the requirements.Rating 4 - Additional components are used effectively.', 5.0, 5, 1, 0, '132456', current, '132456', current);
INSERT INTO 'informix'.scorecard_question(scorecard_question_id,scorecard_question_type_id,scorecard_section_id,description,guideline,weight,sort,upload_document,upload_document_required,create_user,create_date,modify_user,modify_date) VALUES (30001521, 1, 30000958, 'All front end prototype conversion is functioning in the same exact manner as the prototype.', 'Rating 1 - Front end conversion is not complete or do not adhere to the prototype in a number of places.  User is not able to perform some of the tasks in the manner defined by the prototype.Rating 2 - Front end is constructed in accordance with the prototype.  There are frequent issues when executing the application.Rating 3 - Front end is constructed in accordance with the prototype.  There are occasional details that do not work perfectly.Rating 4 - Front end is constructed in accordance with the prototype.  Implementation also accounts for minor usability details that the prototype is not able to express.', 20.0, 6, 1, 0, '132456', current, '132456', current);
INSERT INTO 'informix'.scorecard_question(scorecard_question_id,scorecard_question_type_id,scorecard_section_id,description,guideline,weight,sort,upload_document,upload_document_required,create_user,create_date,modify_user,modify_date) VALUES (30001522, 1, 30000959, 'For those parts that are not covered by the design documents (architecture) the assemblers should properly adhere to basic design principles.  The code should be ready to accommodate foreseeable change requests.  This usually refers to the utility classes, JSP tags, etc. that the assemblers produce out of the architecture scope.', 'Rating 1 - The extra code lacks design principles, with frequently redundancies and is difficult to change.Rating 2 - The extra code contains some level of redundancy and requires considerable changes to accommodate foreseeable changes.Rating 3 - The assemblers understand object oriented design principles.  The extra code contains little redundancy and accommodates changes easily.Rating 4 - The assemblers exhibit excellent design skills.  The extra code written contains no code redundancy and accommodates changes easily.  Appropriate design patterns are utilized.', 20.0, 0, 1, 0, '132456', current, '132456', current);
INSERT INTO 'informix'.scorecard_question(scorecard_question_id,scorecard_question_type_id,scorecard_section_id,description,guideline,weight,sort,upload_document,upload_document_required,create_user,create_date,modify_user,modify_date) VALUES (30001523, 1, 30000959, 'The implementation chooses efficient ways to perform the functional tasks.  This often requires the assemblers to understand the components and make the right decisions such as to utilize the bulk methods instead of run a method multiple times.  Another example would be to use a regular expression to validate an input string rather than constructing a lengthy check block.', 'Rating 1 - The implementation generally does not take efficiency into account.Rating 2 - The implementation is not efficient in various spots.Rating 3 - The implementation is efficient but can be bettered in a few minor spots.Rating 4 - The implementation efficiently chooses the right approach as appropriate.', 15.0, 1, 1, 0, '132456', current, '132456', current);
INSERT INTO 'informix'.scorecard_question(scorecard_question_id,scorecard_question_type_id,scorecard_section_id,description,guideline,weight,sort,upload_document,upload_document_required,create_user,create_date,modify_user,modify_date) VALUES (30001524, 1, 30000959, 'There is no unnecessary or careless object instantiation or variable assignment.', 'Rating 1 - There are many cases with unnecessary or careless object instantiation or variable assignment.Rating 2 - There are a number of cases with unnecessary or careless object instantiation or variable assignment.Rating 3 - There is little unnecessary or careless object instantiation or variable assignment.Rating 4 - There is no unnecessary or careless object instantiation or variable assignment at all.', 5.0, 2, 1, 0, '132456', current, '132456', current);
INSERT INTO 'informix'.scorecard_question(scorecard_question_id,scorecard_question_type_id,scorecard_section_id,description,guideline,weight,sort,upload_document,upload_document_required,create_user,create_date,modify_user,modify_date) VALUES (30001525, 1, 30000959, 'Front end conversion code does not add unnecessary code to the JSPs/Servlets/ASPx files.  The front code is short and concise.', 'Rating 1 - Front end is a complete mixture of rendering and business logic.Rating 2 - Front end could be much shorter with the logic refactored to lower layers.Rating 3 - Front end is short and concise though some minor part can be refactored to business layer.Rating 4 - Front end is short and concise and contains little extra code other than for rendering.', 10.0, 3, 1, 0, '132456', current, '132456', current);
INSERT INTO 'informix'.scorecard_question(scorecard_question_id,scorecard_question_type_id,scorecard_section_id,description,guideline,weight,sort,upload_document,upload_document_required,create_user,create_date,modify_user,modify_date) VALUES (30001526, 1, 30000959, 'Exceptions should be properly encapsulated from the end user, who should not see a straight stack trace or anything like that.  Exception message should be appropriate so that user knows how to react, and administrators should have adequate information to reproduce and diagnose the problem.', 'Rating 1 - End user observes stack traces frequently.  Error messages are usually too general to understand the nature of the error.Rating 2 - Most exceptions are encapsulated form the end user.  Error messages are usually too general to understand the nature of the error.Rating 3 - Exceptions are fully encapsulated from the end user.  Sometimes error messages are not accurate or shared by errors with different causes.Rating 4 - Exceptions are fully encapsulated from the end user.  Error messages are appropriate.', 10.0, 4, 1, 0, '132456', current, '132456', current);
INSERT INTO 'informix'.scorecard_question(scorecard_question_id,scorecard_question_type_id,scorecard_section_id,description,guideline,weight,sort,upload_document,upload_document_required,create_user,create_date,modify_user,modify_date) VALUES (30001527, 1, 30000959, 'Application should adhere to the proper transaction level as specified by the design documents.', 'Rating 1 - The implementation does not take transaction into account.Rating 2 - The transaction implementation adheres to the design documents.  There are some use cases where transactions are ignored.Rating 3 - The transaction implementation adheres to the design documents.  There are a few use cases that are not fully transactions.Rating 4 - The transaction implementation adheres to the design documents.  Each transaction is properly handled.', 5.0, 5, 1, 0, '132456', current, '132456', current);
INSERT INTO 'informix'.scorecard_question(scorecard_question_id,scorecard_question_type_id,scorecard_section_id,description,guideline,weight,sort,upload_document,upload_document_required,create_user,create_date,modify_user,modify_date) VALUES (30001528, 1, 30000959, 'Application should produce the proper logs for the administrators to utilize.  Reviewer should not only examine whether appropriate loggings are produced, but should also check if the right logging levels are used.', 'Rating 1 - Application hardly produces any reasonable logging.Rating 2 - Application lacks necessary loggings here and there.  Assemblers do not understand the proper use of logging level.Rating 3 - Application produces detailed logging though the logging levels are not usually appropriate.Rating 4 - Application produces precise and usage logging.', 5.0, 6, 1, 0, '132456', current, '132456', current);
INSERT INTO 'informix'.scorecard_question(scorecard_question_id,scorecard_question_type_id,scorecard_section_id,description,guideline,weight,sort,upload_document,upload_document_required,create_user,create_date,modify_user,modify_date) VALUES (30001529, 1, 30000959, 'The code has no malicious constructs, such as Trojan Horses, back doors or SQL injections.', 'Rating 1 - The code contains Trojan Horses or back doors.Rating 2 - The code does not understand the approaches to avoid security issues such as SQL injections, HTML injections or script injections.Rating 3 - The code contains occasional careless secure issues such as SQL injections, HTML injections or script injections.Rating 4 - The code is secure and contains no malicious constructs.', 5.0, 7, 1, 0, '132456', current, '132456', current);
INSERT INTO 'informix'.scorecard_question(scorecard_question_id,scorecard_question_type_id,scorecard_section_id,description,guideline,weight,sort,upload_document,upload_document_required,create_user,create_date,modify_user,modify_date) VALUES (30001530, 1, 30000959, 'The implementation code contains detailed documentation for classes, methods and variables.', 'Rating 1 - The implementation contains little documentation to the extent that it''s difficult to understand the code.Rating 2 - The implementation code contains documentation for public classes, methods and variables, though some of the private entities are left undocumented.  Some of the documentation is hard to interpret or contain frequent mistakes.Rating 3 - The implementation code contains documentation for classes, methods and variables.  Documentation might be a bit too concise in a few places or contains a good number of spelling or grammar issues.Rating 4 - The implementation code contains detailed documentation for classes, methods and variables.  Documentation is easy to read and understand, with very little spelling or grammar issues.', 25.0, 8, 1, 0, '132456', current, '132456', current);
INSERT INTO 'informix'.scorecard_question(scorecard_question_id,scorecard_question_type_id,scorecard_section_id,description,guideline,weight,sort,upload_document,upload_document_required,create_user,create_date,modify_user,modify_date) VALUES (30001531, 1, 30000960, 'Unit test cases thoroughly test all methods and constructors.', 'Rating 1 - Some of the core methods or constructors are not tested.Rating 2 - Most of the methods and constructors are tested, with some trivial ones left untested.Rating 3 - All methods and contractors are tested.  Some of the constructors or methods share the same test case.Rating 4 - All methods and contractors correspond to at least one test case.', 25.0, 0, 1, 0, '132456', current, '132456', current);
INSERT INTO 'informix'.scorecard_question(scorecard_question_id,scorecard_question_type_id,scorecard_section_id,description,guideline,weight,sort,upload_document,upload_document_required,create_user,create_date,modify_user,modify_date) VALUES (30001532, 1, 30000960, 'Unit test cases effectively test the implementation.  This usually requires multiple test cases for the more complicated methods to cover each logic path separately.  Test data should be carefully chosen to enumerate the possibilities.', 'Rating 1 - Test cases are stylistic and have little value in testing the real functionality.Rating 2 - Test cases are generally effective though some of the complicated cases are tested superficially.Rating 3 - Test cases are well written to effectively test the implementation.  Some unimportant execution paths are not covered.Rating 4 - Test cases are well written to effectively test the implementation.  Each complicated methods are tested with multiple sets of data as necessary.', 40.0, 1, 1, 0, '132456', current, '132456', current);
INSERT INTO 'informix'.scorecard_question(scorecard_question_id,scorecard_question_type_id,scorecard_section_id,description,guideline,weight,sort,upload_document,upload_document_required,create_user,create_date,modify_user,modify_date) VALUES (30001533, 1, 30000960, 'Where applicable, unit test cases properly make use of setup and teardown methods to configure the test environment.', 'Rating 1 - The test cases require manual setup of the system for each run.Rating 2 - The test cases occasionally leaves the environment unrestored (leaving temporary data or file, etc.) which does not affect the test cases to run again.Rating 3 - The environment is properly configured by setup and teardown methods.  The environment is fully restored after the test case is executed.Rating 4 - The environment is properly configured by setup and teardown methods.  Failure of a single test case does not affect any of the other test cases.', 10.0, 2, 1, 0, '132456', current, '132456', current);
INSERT INTO 'informix'.scorecard_question(scorecard_question_id,scorecard_question_type_id,scorecard_section_id,description,guideline,weight,sort,upload_document,upload_document_required,create_user,create_date,modify_user,modify_date) VALUES (30001534, 1, 30000960, 'The unit test code contains documentation for classes, methods and variables.', 'Rating 1 - The unit test code is not documented.Rating 2 - The unit test code contains some documentation for classes, methods and variables.Rating 3 - The unit test code contains majority of the documentation for classes, methods and variables.Rating 4 - The unit test code contains documentation for classes, methods and variables.', 25.0, 3, 1, 0, '132456', current, '132456', current);
INSERT INTO 'informix'.scorecard_question(scorecard_question_id,scorecard_question_type_id,scorecard_section_id,description,guideline,weight,sort,upload_document,upload_document_required,create_user,create_date,modify_user,modify_date) VALUES (30001535, 3, 30000961, 'Please upload your test log.', 'Please upload your test log.', 100.0, 0, 1, 1, '132456', current, '132456', current);
INSERT INTO 'informix'.scorecard_question(scorecard_question_id,scorecard_question_type_id,scorecard_section_id,description,guideline,weight,sort,upload_document,upload_document_required,create_user,create_date,modify_user,modify_date) VALUES (30001536, 1, 30000962, 'Deployment guide is well written and details the steps to configure and deploy the application.', 'Rating 1 - Deployment guide is missing or lacks core information to configure and deploy the application.Rating 2 - Deployment guide describes the steps to configure and deploy the application, though the steps are not complete and thus require some amount of external research.Rating 3 - Deployment guide describes the steps to configure and deploy the application, however missed some points that require some minor guess or external research.Rating 4 - Deployment guide is precise and fully describes the steps to configure and deploy the application.', 100.0, 0, 1, 0, '132456', current, '132456', current);
INSERT INTO 'informix'.scorecard_question(scorecard_question_id,scorecard_question_type_id,scorecard_section_id,description,guideline,weight,sort,upload_document,upload_document_required,create_user,create_date,modify_user,modify_date) VALUES (30001537, 1, 30000963, 'Overall the application adheres to both the requirement and the design documents.  Please list any additional issues/comments here that are not covered by the previous items.  The evaluation criteria include how much work needs to be done to complete it, whether the submission deserves to pass or not, and it''s level of quality compared to an average submission that meets all requirements.', 'Rating 1 - The submission is lacking in many areas. In order to complete it, much work needs to be done. Rating 2 - The submission is lacking in many areas but the component still works and it is possible to test it. The problems it has should be fixable without much effort. Rating 3 - The submission meets all requirements but it doesn''t excel in any way.  The fixes that need to be done should not be significant. The submission should be of average quality. Rating 4 - The submission excels in many areas. All requirements are met and some are exceeded. In order to complete the component, only minor items need to be fixed. This submission is clearly above average.', 100.0, 0, 1, 0, '132456', current, '132456', current);
INSERT INTO 'informix'.scorecard_question(scorecard_question_id,scorecard_question_type_id,scorecard_section_id,description,guideline,weight,sort,upload_document,upload_document_required,create_user,create_date,modify_user,modify_date) VALUES (30003112, 1, 30001642, 'Checkpoint Screening Question 1', 'Checkpoint Screening Guideline', 100.0, 0, 1, 0, '132456', current, '132456', current);
INSERT INTO 'informix'.scorecard_question(scorecard_question_id,scorecard_question_type_id,scorecard_section_id,description,guideline,weight,sort,upload_document,upload_document_required,create_user,create_date,modify_user,modify_date) VALUES (30003113, 2, 30001643, 'Checkpoint Review Question 1', 'Submitter Place', 100.0, 0, 1, 0, '132456', current, '132456', current);
INSERT INTO 'informix'.scorecard_question(scorecard_question_id,scorecard_question_type_id,scorecard_section_id,description,guideline,weight,sort,upload_document,upload_document_required,create_user,create_date,modify_user,modify_date) VALUES (30003114, 2, 30001644, 'Studio Review Question 1', 'Submitter Place', 100.0, 0, 1, 0, '132456', current, '132456', current);
INSERT INTO 'informix'.scorecard_question(scorecard_question_id,scorecard_question_type_id,scorecard_section_id,description,guideline,weight,sort,upload_document,upload_document_required,create_user,create_date,modify_user,modify_date) VALUES (30003115, 2, 30001645, 'Iterative Review Question 1', 'Submitter Place', 100.0, 0, 0, 0, '132456', current, '132456', current);

INSERT INTO 'informix'.default_scorecard(project_category_id, scorecard_type_id, scorecard_id, create_user, create_date, modify_user, modify_date) VALUES (1, 1, 30000410, 1, current, 1, current);
INSERT INTO 'informix'.default_scorecard(project_category_id, scorecard_type_id, scorecard_id, create_user, create_date, modify_user, modify_date) VALUES (1, 2, 30000411, 1, current, 1, current);
INSERT INTO 'informix'.default_scorecard(project_category_id, scorecard_type_id, scorecard_id, create_user, create_date, modify_user, modify_date) VALUES (1, 3, 30000720, 1, current, 1, current);
INSERT INTO 'informix'.default_scorecard(project_category_id, scorecard_type_id, scorecard_id, create_user, create_date, modify_user, modify_date) VALUES (1, 4, 30001013, 1, current, 1, current);
INSERT INTO 'informix'.default_scorecard(project_category_id, scorecard_type_id, scorecard_id, create_user, create_date, modify_user, modify_date) VALUES (1, 5, 30000722, 1, current, 1, current);
INSERT INTO 'informix'.default_scorecard(project_category_id, scorecard_type_id, scorecard_id, create_user, create_date, modify_user, modify_date) VALUES (1, 8, 30000419, 1, current, 1, current);
INSERT INTO 'informix'.default_scorecard(project_category_id, scorecard_type_id, scorecard_id, create_user, create_date, modify_user, modify_date) VALUES (2, 1, 30000412, 1, current, 1, current);
INSERT INTO 'informix'.default_scorecard(project_category_id, scorecard_type_id, scorecard_id, create_user, create_date, modify_user, modify_date) VALUES (2, 2, 30000413, 1, current, 1, current);
INSERT INTO 'informix'.default_scorecard(project_category_id, scorecard_type_id, scorecard_id, create_user, create_date, modify_user, modify_date) VALUES (2, 3, 30000720, 1, current, 1, current);
INSERT INTO 'informix'.default_scorecard(project_category_id, scorecard_type_id, scorecard_id, create_user, create_date, modify_user, modify_date) VALUES (2, 4, 30001013, 1, current, 1, current);
INSERT INTO 'informix'.default_scorecard(project_category_id, scorecard_type_id, scorecard_id, create_user, create_date, modify_user, modify_date) VALUES (2, 5, 30000722, 1, current, 1, current);
INSERT INTO 'informix'.default_scorecard(project_category_id, scorecard_type_id, scorecard_id, create_user, create_date, modify_user, modify_date) VALUES (2, 8, 30000419, 1, current, 1, current);
INSERT INTO 'informix'.default_scorecard(project_category_id, scorecard_type_id, scorecard_id, create_user, create_date, modify_user, modify_date) VALUES (6, 1, 30000414, 1, current, 1, current);
INSERT INTO 'informix'.default_scorecard(project_category_id, scorecard_type_id, scorecard_id, create_user, create_date, modify_user, modify_date) VALUES (6, 2, 30000415, 1, current, 1, current);
INSERT INTO 'informix'.default_scorecard(project_category_id, scorecard_type_id, scorecard_id, create_user, create_date, modify_user, modify_date) VALUES (6, 3, 30000720, 1, current, 1, current);
INSERT INTO 'informix'.default_scorecard(project_category_id, scorecard_type_id, scorecard_id, create_user, create_date, modify_user, modify_date) VALUES (6, 4, 30001013, 1, current, 1, current);
INSERT INTO 'informix'.default_scorecard(project_category_id, scorecard_type_id, scorecard_id, create_user, create_date, modify_user, modify_date) VALUES (6, 5, 30000722, 1, current, 1, current);
INSERT INTO 'informix'.default_scorecard(project_category_id, scorecard_type_id, scorecard_id, create_user, create_date, modify_user, modify_date) VALUES (6, 6, 30000416, 1, current, 1, current);
INSERT INTO 'informix'.default_scorecard(project_category_id, scorecard_type_id, scorecard_id, create_user, create_date, modify_user, modify_date) VALUES (6, 7, 30000417, 1, current, 1, current);
INSERT INTO 'informix'.default_scorecard(project_category_id, scorecard_type_id, scorecard_id, create_user, create_date, modify_user, modify_date) VALUES (6, 8, 30000419, 1, current, 1, current);
INSERT INTO 'informix'.default_scorecard(project_category_id, scorecard_type_id, scorecard_id, create_user, create_date, modify_user, modify_date) VALUES (28, 3, 30000722, 1, current, 1, current);
INSERT INTO 'informix'.default_scorecard(project_category_id, scorecard_type_id, scorecard_id, create_user, create_date, modify_user, modify_date) VALUES (29, 1, 30000870, 1, current, 1, current);
INSERT INTO 'informix'.default_scorecard(project_category_id, scorecard_type_id, scorecard_id, create_user, create_date, modify_user, modify_date) VALUES (29, 2, 30000871, 1, current, 1, current);
INSERT INTO 'informix'.default_scorecard(project_category_id, scorecard_type_id, scorecard_id, create_user, create_date, modify_user, modify_date) VALUES (29, 3, 30000720, 1, current, 1, current);
INSERT INTO 'informix'.default_scorecard(project_category_id, scorecard_type_id, scorecard_id, create_user, create_date, modify_user, modify_date) VALUES (29, 4, 30001013, 1, current, 1, current);
INSERT INTO 'informix'.default_scorecard(project_category_id, scorecard_type_id, scorecard_id, create_user, create_date, modify_user, modify_date) VALUES (29, 5, 30000722, 1, current, 1, current);
INSERT INTO 'informix'.default_scorecard(project_category_id, scorecard_type_id, scorecard_id, create_user, create_date, modify_user, modify_date) VALUES (29, 8, 30000419, 1, current, 1, current);
-- Banners/Icons
INSERT INTO 'informix'.default_scorecard(project_category_id, scorecard_type_id, scorecard_id, create_user, create_date, modify_user, modify_date) VALUES (16, 5, 30000722, 'System', CURRENT, 'System', CURRENT);
INSERT INTO 'informix'.default_scorecard(project_category_id, scorecard_type_id, scorecard_id, create_user, create_date, modify_user, modify_date) VALUES (16, 6, 30000416, 'System', CURRENT, 'System', CURRENT);
INSERT INTO 'informix'.default_scorecard(project_category_id, scorecard_type_id, scorecard_id, create_user, create_date, modify_user, modify_date) VALUES (16, 7, 30000417, 'System', CURRENT, 'System', CURRENT);
INSERT INTO 'informix'.default_scorecard(project_category_id, scorecard_type_id, scorecard_id, create_user, create_date, modify_user, modify_date) VALUES (16, 1, 30000414, 'System', CURRENT, 'System', CURRENT);
INSERT INTO 'informix'.default_scorecard(project_category_id, scorecard_type_id, scorecard_id, create_user, create_date, modify_user, modify_date) VALUES (16, 2, 30000418, 'System', CURRENT, 'System', CURRENT);
-- Web Design
INSERT INTO 'informix'.default_scorecard(project_category_id, scorecard_type_id, scorecard_id, create_user, create_date, modify_user, modify_date) VALUES (17, 5, 30000722, 'System', CURRENT, 'System', CURRENT);
INSERT INTO 'informix'.default_scorecard(project_category_id, scorecard_type_id, scorecard_id, create_user, create_date, modify_user, modify_date) VALUES (17, 6, 30000416, 'System', CURRENT, 'System', CURRENT);
INSERT INTO 'informix'.default_scorecard(project_category_id, scorecard_type_id, scorecard_id, create_user, create_date, modify_user, modify_date) VALUES (17, 7, 30000417, 'System', CURRENT, 'System', CURRENT);
INSERT INTO 'informix'.default_scorecard(project_category_id, scorecard_type_id, scorecard_id, create_user, create_date, modify_user, modify_date) VALUES (17, 1, 30000414, 'System', CURRENT, 'System', CURRENT);
INSERT INTO 'informix'.default_scorecard(project_category_id, scorecard_type_id, scorecard_id, create_user, create_date, modify_user, modify_date) VALUES (17, 2, 30000418, 'System', CURRENT, 'System', CURRENT);
-- Wireframes
INSERT INTO 'informix'.default_scorecard(project_category_id, scorecard_type_id, scorecard_id, create_user, create_date, modify_user, modify_date) VALUES (18, 5, 30000722, 'System', CURRENT, 'System', CURRENT);
INSERT INTO 'informix'.default_scorecard(project_category_id, scorecard_type_id, scorecard_id, create_user, create_date, modify_user, modify_date) VALUES (18, 6, 30000416, 'System', CURRENT, 'System', CURRENT);
INSERT INTO 'informix'.default_scorecard(project_category_id, scorecard_type_id, scorecard_id, create_user, create_date, modify_user, modify_date) VALUES (18, 7, 30000417, 'System', CURRENT, 'System', CURRENT);
INSERT INTO 'informix'.default_scorecard(project_category_id, scorecard_type_id, scorecard_id, create_user, create_date, modify_user, modify_date) VALUES (18, 1, 30000414, 'System', CURRENT, 'System', CURRENT);
INSERT INTO 'informix'.default_scorecard(project_category_id, scorecard_type_id, scorecard_id, create_user, create_date, modify_user, modify_date) VALUES (18, 2, 30000418, 'System', CURRENT, 'System', CURRENT);
-- Logo Design
INSERT INTO 'informix'.default_scorecard(project_category_id, scorecard_type_id, scorecard_id, create_user, create_date, modify_user, modify_date) VALUES (20, 5, 30000722, 'System', CURRENT, 'System', CURRENT);
INSERT INTO 'informix'.default_scorecard(project_category_id, scorecard_type_id, scorecard_id, create_user, create_date, modify_user, modify_date) VALUES (20, 6, 30000416, 'System', CURRENT, 'System', CURRENT);
INSERT INTO 'informix'.default_scorecard(project_category_id, scorecard_type_id, scorecard_id, create_user, create_date, modify_user, modify_date) VALUES (20, 7, 30000417, 'System', CURRENT, 'System', CURRENT);
INSERT INTO 'informix'.default_scorecard(project_category_id, scorecard_type_id, scorecard_id, create_user, create_date, modify_user, modify_date) VALUES (20, 1, 30000414, 'System', CURRENT, 'System', CURRENT);
INSERT INTO 'informix'.default_scorecard(project_category_id, scorecard_type_id, scorecard_id, create_user, create_date, modify_user, modify_date) VALUES (20, 2, 30000418, 'System', CURRENT, 'System', CURRENT);
-- Print/Presentation
INSERT INTO 'informix'.default_scorecard(project_category_id, scorecard_type_id, scorecard_id, create_user, create_date, modify_user, modify_date) VALUES (21, 5, 30000722, 'System', CURRENT, 'System', CURRENT);
INSERT INTO 'informix'.default_scorecard(project_category_id, scorecard_type_id, scorecard_id, create_user, create_date, modify_user, modify_date) VALUES (21, 6, 30000416, 'System', CURRENT, 'System', CURRENT);
INSERT INTO 'informix'.default_scorecard(project_category_id, scorecard_type_id, scorecard_id, create_user, create_date, modify_user, modify_date) VALUES (21, 7, 30000417, 'System', CURRENT, 'System', CURRENT);
INSERT INTO 'informix'.default_scorecard(project_category_id, scorecard_type_id, scorecard_id, create_user, create_date, modify_user, modify_date) VALUES (21, 1, 30000414, 'System', CURRENT, 'System', CURRENT);
INSERT INTO 'informix'.default_scorecard(project_category_id, scorecard_type_id, scorecard_id, create_user, create_date, modify_user, modify_date) VALUES (21, 2, 30000418, 'System', CURRENT, 'System', CURRENT);
-- Idea Generation
INSERT INTO 'informix'.default_scorecard(project_category_id, scorecard_type_id, scorecard_id, create_user, create_date, modify_user, modify_date) VALUES (22, 5, 30000722, 'System', CURRENT, 'System', CURRENT);
INSERT INTO 'informix'.default_scorecard(project_category_id, scorecard_type_id, scorecard_id, create_user, create_date, modify_user, modify_date) VALUES (22, 6, 30000416, 'System', CURRENT, 'System', CURRENT);
INSERT INTO 'informix'.default_scorecard(project_category_id, scorecard_type_id, scorecard_id, create_user, create_date, modify_user, modify_date) VALUES (22, 7, 30000417, 'System', CURRENT, 'System', CURRENT);
INSERT INTO 'informix'.default_scorecard(project_category_id, scorecard_type_id, scorecard_id, create_user, create_date, modify_user, modify_date) VALUES (22, 1, 30000414, 'System', CURRENT, 'System', CURRENT);
INSERT INTO 'informix'.default_scorecard(project_category_id, scorecard_type_id, scorecard_id, create_user, create_date, modify_user, modify_date) VALUES (22, 2, 30000418, 'System', CURRENT, 'System', CURRENT);
-- Widget or Mobile Screen Design
INSERT INTO 'informix'.default_scorecard(project_category_id, scorecard_type_id, scorecard_id, create_user, create_date, modify_user, modify_date) VALUES (30, 5, 30000722, 'System', CURRENT, 'System', CURRENT);
INSERT INTO 'informix'.default_scorecard(project_category_id, scorecard_type_id, scorecard_id, create_user, create_date, modify_user, modify_date) VALUES (30, 6, 30000416, 'System', CURRENT, 'System', CURRENT);
INSERT INTO 'informix'.default_scorecard(project_category_id, scorecard_type_id, scorecard_id, create_user, create_date, modify_user, modify_date) VALUES (30, 7, 30000417, 'System', CURRENT, 'System', CURRENT);
INSERT INTO 'informix'.default_scorecard(project_category_id, scorecard_type_id, scorecard_id, create_user, create_date, modify_user, modify_date) VALUES (30, 1, 30000414, 'System', CURRENT, 'System', CURRENT);
INSERT INTO 'informix'.default_scorecard(project_category_id, scorecard_type_id, scorecard_id, create_user, create_date, modify_user, modify_date) VALUES (30, 2, 30000418, 'System', CURRENT, 'System', CURRENT);
-- Front-End Flash
INSERT INTO 'informix'.default_scorecard(project_category_id, scorecard_type_id, scorecard_id, create_user, create_date, modify_user, modify_date) VALUES (31, 5, 30000722, 'System', CURRENT, 'System', CURRENT);
INSERT INTO 'informix'.default_scorecard(project_category_id, scorecard_type_id, scorecard_id, create_user, create_date, modify_user, modify_date) VALUES (31, 6, 30000416, 'System', CURRENT, 'System', CURRENT);
INSERT INTO 'informix'.default_scorecard(project_category_id, scorecard_type_id, scorecard_id, create_user, create_date, modify_user, modify_date) VALUES (31, 7, 30000417, 'System', CURRENT, 'System', CURRENT);
INSERT INTO 'informix'.default_scorecard(project_category_id, scorecard_type_id, scorecard_id, create_user, create_date, modify_user, modify_date) VALUES (31, 1, 30000414, 'System', CURRENT, 'System', CURRENT);
INSERT INTO 'informix'.default_scorecard(project_category_id, scorecard_type_id, scorecard_id, create_user, create_date, modify_user, modify_date) VALUES (31, 2, 30000418, 'System', CURRENT, 'System', CURRENT);
-- Application Front-End Design
INSERT INTO 'informix'.default_scorecard(project_category_id, scorecard_type_id, scorecard_id, create_user, create_date, modify_user, modify_date) VALUES (32, 5, 30000722, 'System', CURRENT, 'System', CURRENT);
INSERT INTO 'informix'.default_scorecard(project_category_id, scorecard_type_id, scorecard_id, create_user, create_date, modify_user, modify_date) VALUES (32, 6, 30000416, 'System', CURRENT, 'System', CURRENT);
INSERT INTO 'informix'.default_scorecard(project_category_id, scorecard_type_id, scorecard_id, create_user, create_date, modify_user, modify_date) VALUES (32, 7, 30000417, 'System', CURRENT, 'System', CURRENT);
INSERT INTO 'informix'.default_scorecard(project_category_id, scorecard_type_id, scorecard_id, create_user, create_date, modify_user, modify_date) VALUES (32, 1, 30000414, 'System', CURRENT, 'System', CURRENT);
INSERT INTO 'informix'.default_scorecard(project_category_id, scorecard_type_id, scorecard_id, create_user, create_date, modify_user, modify_date) VALUES (32, 2, 30000418, 'System', CURRENT, 'System', CURRENT);
-- Other
INSERT INTO 'informix'.default_scorecard(project_category_id, scorecard_type_id, scorecard_id, create_user, create_date, modify_user, modify_date) VALUES (34, 5, 30000722, 'System', CURRENT, 'System', CURRENT);
INSERT INTO 'informix'.default_scorecard(project_category_id, scorecard_type_id, scorecard_id, create_user, create_date, modify_user, modify_date) VALUES (34, 6, 30000416, 'System', CURRENT, 'System', CURRENT);
INSERT INTO 'informix'.default_scorecard(project_category_id, scorecard_type_id, scorecard_id, create_user, create_date, modify_user, modify_date) VALUES (34, 7, 30000417, 'System', CURRENT, 'System', CURRENT);
INSERT INTO 'informix'.default_scorecard(project_category_id, scorecard_type_id, scorecard_id, create_user, create_date, modify_user, modify_date) VALUES (34, 1, 30000414, 'System', CURRENT, 'System', CURRENT);
INSERT INTO 'informix'.default_scorecard(project_category_id, scorecard_type_id, scorecard_id, create_user, create_date, modify_user, modify_date) VALUES (34, 2, 30000418, 'System', CURRENT, 'System', CURRENT);
-- First2Finish
INSERT INTO 'informix'.default_scorecard(project_category_id, scorecard_type_id, scorecard_id, create_user, create_date, modify_user, modify_date) VALUES (38, 8, 30000419, 'System', CURRENT, 'System', CURRENT);
INSERT INTO 'informix'.default_scorecard(project_category_id, scorecard_type_id, scorecard_id, create_user, create_date, modify_user, modify_date) VALUES (28, 8, 30000419, 'System', CURRENT, 'System', CURRENT);

INSERT INTO 'informix'.rboard_user(user_id, project_type_id, catalog_id, status_id, immune_ind) VALUES (124764, 1, 1, 100, 1);
INSERT INTO 'informix'.rboard_user(user_id, project_type_id, catalog_id, status_id, immune_ind) VALUES (124772, 1, 1, 100, 1);
INSERT INTO 'informix'.rboard_user(user_id, project_type_id, catalog_id, status_id, immune_ind) VALUES (124766, 1, 1, 100, 1);
INSERT INTO 'informix'.rboard_user(user_id, project_type_id, catalog_id, status_id, immune_ind) VALUES (124776, 1, 1, 100, 1);
INSERT INTO 'informix'.rboard_user(user_id, project_type_id, catalog_id, status_id, immune_ind) VALUES (124834, 1, 1, 100, 1);
INSERT INTO 'informix'.rboard_user(user_id, project_type_id, catalog_id, status_id, immune_ind) VALUES (124835, 1, 1, 100, 1);
INSERT INTO 'informix'.rboard_user(user_id, project_type_id, catalog_id, status_id, immune_ind) VALUES (124836, 1, 1, 100, 1);
INSERT INTO 'informix'.rboard_user(user_id, project_type_id, catalog_id, status_id, immune_ind) VALUES (124852, 1, 1, 100, 1);
INSERT INTO 'informix'.rboard_user(user_id, project_type_id, catalog_id, status_id, immune_ind) VALUES (124853, 1, 1, 100, 1);
INSERT INTO 'informix'.rboard_user(user_id, project_type_id, catalog_id, status_id, immune_ind) VALUES (124856, 1, 1, 100, 1);
INSERT INTO 'informix'.rboard_user(user_id, project_type_id, catalog_id, status_id, immune_ind) VALUES (124857, 1, 1, 100, 1);
INSERT INTO 'informix'.rboard_user(user_id, project_type_id, catalog_id, status_id, immune_ind) VALUES (124861, 1, 1, 100, 1);
INSERT INTO 'informix'.rboard_user(user_id, project_type_id, catalog_id, status_id, immune_ind) VALUES (124916, 1, 1, 100, 1);
INSERT INTO 'informix'.rboard_user(user_id, project_type_id, catalog_id, status_id, immune_ind) VALUES (124764, 1, 2, 100, 1);
INSERT INTO 'informix'.rboard_user(user_id, project_type_id, catalog_id, status_id, immune_ind) VALUES (124772, 1, 2, 100, 1);
INSERT INTO 'informix'.rboard_user(user_id, project_type_id, catalog_id, status_id, immune_ind) VALUES (124766, 1, 2, 100, 1);
INSERT INTO 'informix'.rboard_user(user_id, project_type_id, catalog_id, status_id, immune_ind) VALUES (124776, 1, 2, 100, 1);
INSERT INTO 'informix'.rboard_user(user_id, project_type_id, catalog_id, status_id, immune_ind) VALUES (124834, 1, 2, 100, 1);
INSERT INTO 'informix'.rboard_user(user_id, project_type_id, catalog_id, status_id, immune_ind) VALUES (124835, 1, 2, 100, 1);
INSERT INTO 'informix'.rboard_user(user_id, project_type_id, catalog_id, status_id, immune_ind) VALUES (124836, 1, 2, 100, 1);
INSERT INTO 'informix'.rboard_user(user_id, project_type_id, catalog_id, status_id, immune_ind) VALUES (124852, 1, 2, 100, 1);
INSERT INTO 'informix'.rboard_user(user_id, project_type_id, catalog_id, status_id, immune_ind) VALUES (124853, 1, 2, 100, 1);
INSERT INTO 'informix'.rboard_user(user_id, project_type_id, catalog_id, status_id, immune_ind) VALUES (124856, 1, 2, 100, 1);
INSERT INTO 'informix'.rboard_user(user_id, project_type_id, catalog_id, status_id, immune_ind) VALUES (124857, 1, 2, 100, 1);
INSERT INTO 'informix'.rboard_user(user_id, project_type_id, catalog_id, status_id, immune_ind) VALUES (124861, 1, 2, 100, 1);
INSERT INTO 'informix'.rboard_user(user_id, project_type_id, catalog_id, status_id, immune_ind) VALUES (124916, 1, 2, 100, 1);
INSERT INTO 'informix'.rboard_user(user_id, project_type_id, catalog_id, status_id, immune_ind) VALUES (124764, 2, 1, 100, 1);
INSERT INTO 'informix'.rboard_user(user_id, project_type_id, catalog_id, status_id, immune_ind) VALUES (124772, 2, 1, 100, 1);
INSERT INTO 'informix'.rboard_user(user_id, project_type_id, catalog_id, status_id, immune_ind) VALUES (124766, 2, 1, 100, 1);
INSERT INTO 'informix'.rboard_user(user_id, project_type_id, catalog_id, status_id, immune_ind) VALUES (124776, 2, 1, 100, 1);
INSERT INTO 'informix'.rboard_user(user_id, project_type_id, catalog_id, status_id, immune_ind) VALUES (124834, 2, 1, 100, 1);
INSERT INTO 'informix'.rboard_user(user_id, project_type_id, catalog_id, status_id, immune_ind) VALUES (124835, 2, 1, 100, 1);
INSERT INTO 'informix'.rboard_user(user_id, project_type_id, catalog_id, status_id, immune_ind) VALUES (124836, 2, 1, 100, 1);
INSERT INTO 'informix'.rboard_user(user_id, project_type_id, catalog_id, status_id, immune_ind) VALUES (124852, 2, 1, 100, 1);
INSERT INTO 'informix'.rboard_user(user_id, project_type_id, catalog_id, status_id, immune_ind) VALUES (124853, 2, 1, 100, 1);
INSERT INTO 'informix'.rboard_user(user_id, project_type_id, catalog_id, status_id, immune_ind) VALUES (124856, 2, 1, 100, 1);
INSERT INTO 'informix'.rboard_user(user_id, project_type_id, catalog_id, status_id, immune_ind) VALUES (124857, 2, 1, 100, 1);
INSERT INTO 'informix'.rboard_user(user_id, project_type_id, catalog_id, status_id, immune_ind) VALUES (124861, 2, 1, 100, 1);
INSERT INTO 'informix'.rboard_user(user_id, project_type_id, catalog_id, status_id, immune_ind) VALUES (124916, 2, 1, 100, 1);
INSERT INTO 'informix'.rboard_user(user_id, project_type_id, catalog_id, status_id, immune_ind) VALUES (124764, 2, 2, 100, 1);
INSERT INTO 'informix'.rboard_user(user_id, project_type_id, catalog_id, status_id, immune_ind) VALUES (124772, 2, 2, 100, 1);
INSERT INTO 'informix'.rboard_user(user_id, project_type_id, catalog_id, status_id, immune_ind) VALUES (124766, 2, 2, 100, 1);
INSERT INTO 'informix'.rboard_user(user_id, project_type_id, catalog_id, status_id, immune_ind) VALUES (124776, 2, 2, 100, 1);
INSERT INTO 'informix'.rboard_user(user_id, project_type_id, catalog_id, status_id, immune_ind) VALUES (124834, 2, 2, 100, 1);
INSERT INTO 'informix'.rboard_user(user_id, project_type_id, catalog_id, status_id, immune_ind) VALUES (124835, 2, 2, 100, 1);
INSERT INTO 'informix'.rboard_user(user_id, project_type_id, catalog_id, status_id, immune_ind) VALUES (124836, 2, 2, 100, 1);
INSERT INTO 'informix'.rboard_user(user_id, project_type_id, catalog_id, status_id, immune_ind) VALUES (124852, 2, 2, 100, 1);
INSERT INTO 'informix'.rboard_user(user_id, project_type_id, catalog_id, status_id, immune_ind) VALUES (124853, 2, 2, 100, 1);
INSERT INTO 'informix'.rboard_user(user_id, project_type_id, catalog_id, status_id, immune_ind) VALUES (124856, 2, 2, 100, 1);
INSERT INTO 'informix'.rboard_user(user_id, project_type_id, catalog_id, status_id, immune_ind) VALUES (124857, 2, 2, 100, 1);
INSERT INTO 'informix'.rboard_user(user_id, project_type_id, catalog_id, status_id, immune_ind) VALUES (124861, 2, 2, 100, 1);
INSERT INTO 'informix'.rboard_user(user_id, project_type_id, catalog_id, status_id, immune_ind) VALUES (124916, 2, 2, 100, 1);

insert into track (track_id, points_calculator_id, track_type_id, track_status_id, track_desc, track_start_date, track_end_date, create_date, modify_date) values (2015, 1, 1, 1, "2008 December Design Track", "2008-12-01 00:00:00.000", "2008-12-31 23:59:59.999", current, current);
insert into track (track_id, points_calculator_id, track_type_id, track_status_id, track_desc, track_start_date, track_end_date, create_date, modify_date) values (2016, 1, 2, 1, "2008 December Development Track", "2008-12-01 00:00:00.000", "2008-12-31 23:59:59.999", current, current);
insert into track (track_id, points_calculator_id, track_type_id, track_status_id, track_desc, track_start_date, track_end_date, create_date, modify_date) values (2017, 1, 3, 1, "2008 December Studio Track", "2008-12-01 00:00:00.000", "2008-12-31 23:59:59.999", current, current);
 
insert into track_project_category_xref (track_id, project_category_id) values (2015, 1);
insert into track_project_category_xref (track_id, project_category_id) values (2015, 6);
insert into track_project_category_xref (track_id, project_category_id) values (2015, 7);
insert into track_project_category_xref (track_id, project_category_id) values (2016, 13);
insert into track_project_category_xref (track_id, project_category_id) values (2016, 2);
insert into track_project_category_xref (track_id, project_category_id) values (2016, 5);
insert into track_project_category_xref (track_id, project_category_id) values (2016, 14);
insert into track_project_category_xref (track_id, project_category_id) values (2017, 16);
insert into track_project_category_xref (track_id, project_category_id) values (2017, 17);
insert into track_project_category_xref (track_id, project_category_id) values (2017, 18);
insert into track_project_category_xref (track_id, project_category_id) values (2017, 19);
insert into track_project_category_xref (track_id, project_category_id) values (2017, 20);
insert into track_project_category_xref (track_id, project_category_id) values (2017, 21);
 
insert into track_contest (track_contest_id, track_contest_result_calculator_id, track_contest_type_id, track_id, track_contest_desc, create_date, modify_date) values (31, 1, 1, 2015, "December Top N", current, current);
insert into track_contest (track_contest_id, track_contest_result_calculator_id, track_contest_type_id, track_id, track_contest_desc, create_date, modify_date) values (32, 2, 2, 2015, "December Top Performers", current, current);
insert into track_contest (track_contest_id, track_contest_result_calculator_id, track_contest_type_id, track_id, track_contest_desc, create_date, modify_date) values (33, 1, 1, 2016, "December Top N", current, current);
insert into track_contest (track_contest_id, track_contest_result_calculator_id, track_contest_type_id, track_id, track_contest_desc, create_date, modify_date) values (34, 2, 2, 2016, "December Top Performers", current, current);
insert into track_contest (track_contest_id, track_contest_result_calculator_id, track_contest_type_id, track_id, track_contest_desc, create_date, modify_date) values (35, 3, 1, 2017, "December Top N", current, current);
insert into track_contest (track_contest_id, track_contest_result_calculator_id, track_contest_type_id, track_id, track_contest_desc, create_date, modify_date) values (36, 4, 2, 2017, "December Top Performers", current, current);

insert into dr_points values (1, 2015, 1, 1, 1, 1, "test", 132456, 10, current, current, 1, 'f', current, current);

-- Following statements added as part of TCS 2.2.0 roll-out.
insert into user_group_xref  values ( (select max(user_group_id)+1 from user_group_xref),132458, 10, 132456, 1, current);
insert into user_group_xref  values ( (select max(user_group_id)+1 from user_group_xref),124772, 10, 132456, 1, current);
insert into user_group_xref  values ( (select max(user_group_id)+1 from user_group_xref),124766, 10, 132456, 1, current);
insert into user_group_xref  values ( (select max(user_group_id)+1 from user_group_xref),124776, 10, 132456, 1, current);
insert into user_group_xref  values ( (select max(user_group_id)+1 from user_group_xref),124834, 10, 132456, 1, current);
insert into user_group_xref  values ( (select max(user_group_id)+1 from user_group_xref),124835, 10, 132456, 1, current);
insert into user_group_xref  values ( (select max(user_group_id)+1 from user_group_xref),124836, 10, 132456, 1, current);
insert into user_group_xref  values ( (select max(user_group_id)+1 from user_group_xref),124852, 10, 132456, 1, current);
insert into user_group_xref  values ( (select max(user_group_id)+1 from user_group_xref),124853, 10, 132456, 1, current);
insert into user_group_xref  values ( (select max(user_group_id)+1 from user_group_xref),124856, 10, 132456, 1, current);
insert into user_group_xref  values ( (select max(user_group_id)+1 from user_group_xref),124857, 10, 132456, 1, current);
insert into user_group_xref  values ( (select max(user_group_id)+1 from user_group_xref),124861, 10, 132456, 1, current);
insert into user_group_xref  values ( (select max(user_group_id)+1 from user_group_xref),132456, 13, 132456, 1, current);
insert into user_group_xref  values ( (select max(user_group_id)+1 from user_group_xref),20, 13, 132456, 1, current);
insert into user_group_xref  values ( (select max(user_group_id)+1 from user_group_xref),21, 13, 132456, 1, current);
insert into user_group_xref  values ( (select max(user_group_id)+1 from user_group_xref),132458, 13, 132456, 1, current);
insert into user_group_xref  values ( (select max(user_group_id)+1 from user_group_xref),124772, 13, 132456, 1, current);
insert into user_group_xref  values ( (select max(user_group_id)+1 from user_group_xref),124766, 13, 132456, 1, current);
insert into user_group_xref  values ( (select max(user_group_id)+1 from user_group_xref),124776, 13, 132456, 1, current);
insert into user_group_xref  values ( (select max(user_group_id)+1 from user_group_xref),124834, 13, 132456, 1, current);
insert into user_group_xref  values ( (select max(user_group_id)+1 from user_group_xref),124835, 13, 132456, 1, current);
insert into user_group_xref  values ( (select max(user_group_id)+1 from user_group_xref),124836, 13, 132456, 1, current);
insert into user_group_xref  values ( (select max(user_group_id)+1 from user_group_xref),124852, 13, 132456, 1, current);
insert into user_group_xref  values ( (select max(user_group_id)+1 from user_group_xref),124853, 13, 132456, 1, current);
insert into user_group_xref  values ( (select max(user_group_id)+1 from user_group_xref),124856, 13, 132456, 1, current);
insert into user_group_xref  values ( (select max(user_group_id)+1 from user_group_xref),124857, 13, 132456, 1, current);
insert into user_group_xref  values ( (select max(user_group_id)+1 from user_group_xref),124861, 13, 132456, 1, current);
insert into user_group_xref  values ( (select max(user_group_id)+1 from user_group_xref),124916, 13, 132456, 1, current);



INSERT INTO tcs_catalog:rboard_user (user_id, project_type_id, catalog_id, status_id, immune_ind) VALUES (132456, 14, 1, 100, 0);
INSERT INTO tcs_catalog:rboard_user (user_id, project_type_id, catalog_id, status_id, immune_ind) VALUES (132457, 14, 2, 100, 0);
INSERT INTO tcs_catalog:rboard_user (user_id, project_type_id, catalog_id, status_id, immune_ind) VALUES (132458, 14, 1, 100, 0);
INSERT INTO tcs_catalog:rboard_user (user_id, project_type_id, catalog_id, status_id, immune_ind) VALUES (124764, 14, 3, 100, 0);
INSERT INTO tcs_catalog:rboard_user (user_id, project_type_id, catalog_id, status_id, immune_ind) VALUES (124772, 14, 1, 10, 0);
INSERT INTO tcs_catalog:rboard_user (user_id, project_type_id, catalog_id, status_id, immune_ind) VALUES (124766, 14, 1, 20, 0);
INSERT INTO tcs_catalog:rboard_user (user_id, project_type_id, catalog_id, status_id, immune_ind) VALUES (124776, 14, 1, 30, 0);
INSERT INTO tcs_catalog:rboard_user (user_id, project_type_id, catalog_id, status_id, immune_ind) VALUES (124834, 14, 1, 40, 0);
INSERT INTO tcs_catalog:rboard_user (user_id, project_type_id, catalog_id, status_id, immune_ind) VALUES (124835, 14, 1, 50, 0);
INSERT INTO tcs_catalog:rboard_user (user_id, project_type_id, catalog_id, status_id, immune_ind) VALUES (124836, 14, 1, 60, 0);
INSERT INTO tcs_catalog:rboard_user (user_id, project_type_id, catalog_id, status_id, immune_ind) VALUES (124852, 14, 1, 70, 0);
INSERT INTO tcs_catalog:rboard_user (user_id, project_type_id, catalog_id, status_id, immune_ind) VALUES (124853, 14, 1, 80, 0);
INSERT INTO tcs_catalog:rboard_user (user_id, project_type_id, catalog_id, status_id, immune_ind) VALUES (124856, 14, 1, 90, 0);
INSERT INTO tcs_catalog:rboard_user (user_id, project_type_id, catalog_id, status_id, immune_ind) VALUES (124857, 14, 1, 110, 0);
INSERT INTO tcs_catalog:rboard_user (user_id, project_type_id, catalog_id, status_id, immune_ind) VALUES (124916, 14, 1, 120, 0);
INSERT INTO tcs_catalog:rboard_user (user_id, project_type_id, catalog_id, status_id, immune_ind) VALUES (124861, 14, 1, 120, 1);

insert into tcs_catalog:comp_reg_question values (1, "Test question", 3, 1, 1);

insert into tcs_catalog:resource values (1, 13, null, null, 132456, current, 132456, current);
insert into tcs_catalog:resource_info values (1, 1, 132456,	132456, current, 132456, current);