database tcs_catalog;

-- Data for project
INSERT INTO project (project_id, project_status_id, project_category_id, create_user, create_date, modify_user, modify_date)
VALUES ('11', '2', '14', '132458', '2010-05-21 07:26:30.0', '132458', '2010-05-21 07:26:30.0');
--  Data for project_info
INSERT INTO project_info (project_id, project_info_type_id, value, create_user, create_date, modify_user, modify_date)
VALUES ('11', '1', '23', '132458', '2010-05-21 07:26:30.0', '132458', '2010-05-21 07:26:30.0');
INSERT INTO project_info (project_id, project_info_type_id, value, create_user, create_date, modify_user, modify_date)
VALUES ('11', '2', '21', '132458', '2010-05-21 07:26:30.0', '132458', '2010-05-21 07:26:30.0');
INSERT INTO project_info (project_id, project_info_type_id, value, create_user, create_date, modify_user, modify_date)
VALUES ('11', '3', '1', '132458', '2010-05-21 07:26:30.0', '132458', '2010-05-21 07:26:30.0');
INSERT INTO project_info (project_id, project_info_type_id, value, create_user, create_date, modify_user, modify_date)
VALUES ('11', '4', '0', '132458', '2010-05-21 07:26:30.0', '132458', '2010-05-21 07:26:30.0');
INSERT INTO project_info (project_id, project_info_type_id, value, create_user, create_date, modify_user, modify_date)
VALUES ('11', '5', '5801778', '132458', '2010-05-21 07:26:30.0', '132458', '2010-05-21 07:26:30.0');
INSERT INTO project_info (project_id, project_info_type_id, value, create_user, create_date, modify_user, modify_date)
VALUES ('11', '6', 'Component 2', '132458', '2010-05-21 07:26:30.0', '132458', '2010-05-21 07:26:30.0');
INSERT INTO project_info (project_id, project_info_type_id, value, create_user, create_date, modify_user, modify_date)
VALUES ('11', '7', '1.0                 ', '132458', '2010-05-21 07:26:30.0', '132458', '2010-05-21 07:26:30.0');
INSERT INTO project_info (project_id, project_info_type_id, value, create_user, create_date, modify_user, modify_date)
VALUES ('11', '9', 'Off', '132458', '2010-05-21 07:26:30.0', '132458', '2010-05-21 07:26:30.0');
INSERT INTO project_info (project_id, project_info_type_id, value, create_user, create_date, modify_user, modify_date)
VALUES ('11', '10', 'On', '132458', '2010-05-21 07:26:30.0', '132458', '2010-05-21 07:26:30.0');
INSERT INTO project_info (project_id, project_info_type_id, value, create_user, create_date, modify_user, modify_date)
VALUES ('11', '11', 'On', '132458', '2010-05-21 07:26:30.0', '132458', '2010-05-21 07:26:30.0');
INSERT INTO project_info (project_id, project_info_type_id, value, create_user, create_date, modify_user, modify_date)
VALUES ('11', '12', 'Yes', '132458', '2010-05-21 07:26:30.0', '132458', '2010-05-21 07:26:30.0');
INSERT INTO project_info (project_id, project_info_type_id, value, create_user, create_date, modify_user, modify_date)
VALUES ('11', '13', 'Yes', '132458', '2010-05-21 07:26:30.0', '132458', '2010-05-21 07:26:30.0');
INSERT INTO project_info (project_id, project_info_type_id, value, create_user, create_date, modify_user, modify_date)
VALUES ('11', '14', 'Open', '132458', '2010-05-21 07:26:30.0', '132458', '2010-05-21 07:26:30.0');
INSERT INTO project_info (project_id, project_info_type_id, value, create_user, create_date, modify_user, modify_date)
VALUES ('11', '16', '0.0', '132458', '2010-05-21 07:26:30.0', '132458', '2010-05-21 07:26:30.0');
INSERT INTO project_info (project_id, project_info_type_id, value, create_user, create_date, modify_user, modify_date)
VALUES ('11', '26', 'On', '132458', '2010-05-21 07:26:30.0', '132458', '2010-05-21 07:26:30.0');
INSERT INTO project_info (project_id, project_info_type_id, value, create_user, create_date, modify_user, modify_date)
VALUES ('11', '29', 'On', '132458', '2010-05-21 07:26:30.0', '132458', '2010-05-21 07:26:30.0');
INSERT INTO project_info (project_id, project_info_type_id, value, create_user, create_date, modify_user, modify_date)
VALUES ('11', '41', 'true', '132458', '2010-05-21 07:26:30.0', '132458', '2010-05-21 07:26:30.0');
INSERT INTO project_info (project_id, project_info_type_id, value, create_user, create_date, modify_user, modify_date)
VALUES ('11', '43', 'true', '132458', '2010-05-21 07:26:30.0', '132458', '2010-05-21 07:26:30.0');
--  Data for project_phase
INSERT INTO project_phase (project_phase_id, project_id, phase_type_id, phase_status_id, fixed_start_time, scheduled_start_time, scheduled_end_time, actual_start_time, actual_end_time, duration, create_user, create_date, modify_user, modify_date)
VALUES ('11', '11', '1', '1', '2010-05-27 09:00:00.0', '2010-05-27 09:00:00.0', '2010-06-01 09:00:00.0', NULL, NULL, '259200000', '132458', '2010-05-21 07:26:30.0', '132458', '2010-05-21 07:26:30.0');
INSERT INTO project_phase (project_phase_id, project_id, phase_type_id, phase_status_id, fixed_start_time, scheduled_start_time, scheduled_end_time, actual_start_time, actual_end_time, duration, create_user, create_date, modify_user, modify_date)
VALUES ('12', '11', '2', '1', '2010-05-27 09:00:00.0', '2010-05-27 09:00:00.0', '2010-06-07 09:00:00.0', NULL, NULL, '604800000', '132458', '2010-05-21 07:26:30.0', '132458', '2010-05-21 07:26:30.0');
INSERT INTO project_phase (project_phase_id, project_id, phase_type_id, phase_status_id, fixed_start_time, scheduled_start_time, scheduled_end_time, actual_start_time, actual_end_time, duration, create_user, create_date, modify_user, modify_date)
VALUES ('13', '11', '3', '1', '2010-06-07 09:00:00.0', '2010-06-07 09:00:00.0', '2010-06-08 09:00:00.0', NULL, NULL, '86400000', '132458', '2010-05-21 07:26:30.0', '132458', '2010-05-21 07:26:30.0');
INSERT INTO project_phase (project_phase_id, project_id, phase_type_id, phase_status_id, fixed_start_time, scheduled_start_time, scheduled_end_time, actual_start_time, actual_end_time, duration, create_user, create_date, modify_user, modify_date)
VALUES ('14', '11', '4', '1', '2010-06-08 09:00:00.0', '2010-06-08 09:00:00.0', '2010-06-14 09:00:00.0', NULL, NULL, '345600000', '132458', '2010-05-21 07:26:30.0', '132458', '2010-05-21 07:26:30.0');
INSERT INTO project_phase (project_phase_id, project_id, phase_type_id, phase_status_id, fixed_start_time, scheduled_start_time, scheduled_end_time, actual_start_time, actual_end_time, duration, create_user, create_date, modify_user, modify_date)
VALUES ('15', '11', '5', '1', '2010-06-14 09:00:00.0', '2010-06-14 09:00:00.0', '2010-06-15 09:00:00.0', NULL, NULL, '86400000', '132458', '2010-05-21 07:26:30.0', '132458', '2010-05-21 07:26:30.0');
INSERT INTO project_phase (project_phase_id, project_id, phase_type_id, phase_status_id, fixed_start_time, scheduled_start_time, scheduled_end_time, actual_start_time, actual_end_time, duration, create_user, create_date, modify_user, modify_date)
VALUES ('16', '11', '6', '1', '2010-06-15 09:00:00.0', '2010-06-15 09:00:00.0', '2010-06-16 09:00:00.0', NULL, NULL, '86400000', '132458', '2010-05-21 07:26:30.0', '132458', '2010-05-21 07:26:30.0');
INSERT INTO project_phase (project_phase_id, project_id, phase_type_id, phase_status_id, fixed_start_time, scheduled_start_time, scheduled_end_time, actual_start_time, actual_end_time, duration, create_user, create_date, modify_user, modify_date)
VALUES ('17', '11', '7', '1', '2010-06-16 09:00:00.0', '2010-06-16 09:00:00.0', '2010-06-16 21:00:00.0', NULL, NULL, '43200000', '132458', '2010-05-21 07:26:30.0', '132458', '2010-05-21 07:26:30.0');
INSERT INTO project_phase (project_phase_id, project_id, phase_type_id, phase_status_id, fixed_start_time, scheduled_start_time, scheduled_end_time, actual_start_time, actual_end_time, duration, create_user, create_date, modify_user, modify_date)
VALUES ('18', '11', '8', '1', '2010-06-16 21:00:00.0', '2010-06-16 21:00:00.0', '2010-06-17 09:00:00.0', NULL, NULL, '43200000', '132458', '2010-05-21 07:26:30.0', '132458', '2010-05-21 07:26:30.0');
INSERT INTO project_phase (project_phase_id, project_id, phase_type_id, phase_status_id, fixed_start_time, scheduled_start_time, scheduled_end_time, actual_start_time, actual_end_time, duration, create_user, create_date, modify_user, modify_date)
VALUES ('19', '11', '9', '1', '2010-06-17 09:00:00.0', '2010-06-17 09:00:00.0', '2010-06-22 09:00:00.0', NULL, NULL, '259200000', '132458', '2010-05-21 07:26:30.0', '132458', '2010-05-21 07:26:30.0');
INSERT INTO project_phase (project_phase_id, project_id, phase_type_id, phase_status_id, fixed_start_time, scheduled_start_time, scheduled_end_time, actual_start_time, actual_end_time, duration, create_user, create_date, modify_user, modify_date)
VALUES ('20', '11', '10', '1', '2010-06-22 09:00:00.0', '2010-06-22 09:00:00.0', '2010-06-23 09:00:00.0', NULL, NULL, '86400000', '132458', '2010-05-21 07:26:30.0', '132458', '2010-05-21 07:26:30.0');
--  Data for comp_catalog
INSERT INTO comp_catalog (component_id, current_version, short_desc, component_name, description, function_desc, create_time, status_id, root_category_id, modify_date, public_ind)
VALUES ('21', '1', 'Coolest component ever', 'Component 2', 'Coolest component ever', 'Component', '2010-05-21 07:20:14.48', '102', '5801778', '2010-05-21 07:23:44.0', '0');
--  Data for comp_versions
INSERT INTO comp_versions (comp_vers_id, component_id, version, version_text, create_time, phase_id, phase_time, price, comments, modify_date,
                           suspended_ind)
VALUES ('23', '21', '1', '1.0                 ', '2010-05-21 07:20:14.48', '112', '1976-05-04 00:00:00.0', '1000.00', 'Cool', '2010-05-21 07:27:01.0', '0');
--  Data for comp_categories
INSERT INTO comp_categories (comp_categories_id, component_id, category_id)
VALUES ('25', '21', '11');
--  Data for comp_keywords
INSERT INTO comp_keywords (comp_keywords_id, component_id, keyword)
VALUES ('31', '21', 'assembly');
--  Data for comp_technology
INSERT INTO comp_technology (comp_tech_id, comp_vers_id, technology_type_id)
VALUES ('32', '23', '1');
--  Data for comp_documentation
INSERT INTO comp_documentation (document_id, comp_vers_id, document_type_id, document_name, url)
VALUES ('33', '23', '0', 'Requirements Specification', '21/23/MQTTBroker_Requirements_Specification.pdf');
--  Data for comp_jive_category_xref
INSERT INTO comp_jive_category_xref (comp_vers_id, jive_category_id)
VALUES ('23', '0');
--  Data for comp_version_dates
INSERT INTO comp_version_dates (comp_version_dates_id, comp_vers_id, phase_id, posting_date, initial_submission_date, winner_announced_date, final_submission_date,
                                estimated_dev_date, price, total_submissions, status_id, create_time, level_id, screening_complete_date, review_complete_date,
                                aggregation_complete_date, phase_complete_date, production_date, aggregation_complete_date_comment, phase_complete_date_comment,
                                review_complete_date_comment, winner_announced_date_comment, initial_submission_date_comment, screening_complete_date_comment,
                                final_submission_date_comment, production_date_comment, modify_date)
VALUES ('34', '23', '112', '1976-05-05', '2000-01-01', '2000-01-01', 
        '2000-01-01', '2000-01-01', NULL, '0', '301', '2010-05-21 07:27:01.0', '100', '2000-01-01',
        '2000-01-01', '2000-01-01', '2000-01-01', '2010-12-01', 
        NULL, NULL, NULL, NULL, NULL, NULL, NULL, '', '2010-05-21 07:27:01.0');
--  Data for phase_criteria
INSERT INTO phase_criteria (project_phase_id, phase_criteria_type_id, parameter, create_user, create_date, modify_user, modify_date)
VALUES ('11', '2', '0', '132458', '2010-05-21 07:26:30.0', '132458', '2010-05-21 07:26:30.0');
INSERT INTO phase_criteria (project_phase_id, phase_criteria_type_id, parameter, create_user, create_date, modify_user, modify_date)
VALUES ('11', '5', 'No', '132458', '2010-05-21 07:26:30.0', '132458', '2010-05-21 07:26:30.0');
INSERT INTO phase_criteria (project_phase_id, phase_criteria_type_id, parameter, create_user, create_date, modify_user, modify_date)
VALUES ('12', '3', '0', '132458', '2010-05-21 07:26:30.0', '132458', '2010-05-21 07:26:30.0');
INSERT INTO phase_criteria (project_phase_id, phase_criteria_type_id, parameter, create_user, create_date, modify_user, modify_date)
VALUES ('12', '5', 'No', '132458', '2010-05-21 07:26:30.0', '132458', '2010-05-21 07:26:30.0');
INSERT INTO phase_criteria (project_phase_id, phase_criteria_type_id, parameter, create_user, create_date, modify_user, modify_date)
VALUES ('13', '5', 'No', '132458', '2010-05-21 07:26:30.0', '132458', '2010-05-21 07:26:30.0');
INSERT INTO phase_criteria (project_phase_id, phase_criteria_type_id, parameter, create_user, create_date, modify_user, modify_date)
VALUES ('13', '1', '30000410', '132458', '2010-05-21 07:26:30.0', '132458', '2010-05-21 07:26:30.0');
INSERT INTO phase_criteria (project_phase_id, phase_criteria_type_id, parameter, create_user, create_date, modify_user, modify_date)
VALUES ('14', '5', 'No', '132458', '2010-05-21 07:26:30.0', '132458', '2010-05-21 07:26:30.0');
INSERT INTO phase_criteria (project_phase_id, phase_criteria_type_id, parameter, create_user, create_date, modify_user, modify_date)
VALUES ('14', '1', '30000411', '132458', '2010-05-21 07:26:30.0', '132458', '2010-05-21 07:26:30.0');
INSERT INTO phase_criteria (project_phase_id, phase_criteria_type_id, parameter, create_user, create_date, modify_user, modify_date)
VALUES ('14', '6', '3', '132458', '2010-05-21 07:26:30.0', '132458', '2010-05-21 07:26:30.0');
INSERT INTO phase_criteria (project_phase_id, phase_criteria_type_id, parameter, create_user, create_date, modify_user, modify_date)
VALUES ('15', '5', 'No', '132458', '2010-05-21 07:26:30.0', '132458', '2010-05-21 07:26:30.0');
INSERT INTO phase_criteria (project_phase_id, phase_criteria_type_id, parameter, create_user, create_date, modify_user, modify_date)
VALUES ('15', '4', 'No', '132458', '2010-05-21 07:26:30.0', '132458', '2010-05-21 07:26:30.0');
INSERT INTO phase_criteria (project_phase_id, phase_criteria_type_id, parameter, create_user, create_date, modify_user, modify_date)
VALUES ('16', '5', 'No', '132458', '2010-05-21 07:26:30.0', '132458', '2010-05-21 07:26:30.0');
INSERT INTO phase_criteria (project_phase_id, phase_criteria_type_id, parameter, create_user, create_date, modify_user, modify_date)
VALUES ('17', '5', 'No', '132458', '2010-05-21 07:26:30.0', '132458', '2010-05-21 07:26:30.0');
INSERT INTO phase_criteria (project_phase_id, phase_criteria_type_id, parameter, create_user, create_date, modify_user, modify_date)
VALUES ('18', '5', 'No', '132458', '2010-05-21 07:26:30.0', '132458', '2010-05-21 07:26:30.0');
INSERT INTO phase_criteria (project_phase_id, phase_criteria_type_id, parameter, create_user, create_date, modify_user, modify_date)
VALUES ('19', '5', 'No', '132458', '2010-05-21 07:26:30.0', '132458', '2010-05-21 07:26:30.0');
INSERT INTO phase_criteria (project_phase_id, phase_criteria_type_id, parameter, create_user, create_date, modify_user, modify_date)
VALUES ('20', '5', 'No', '132458', '2010-05-21 07:26:30.0', '132458', '2010-05-21 07:26:30.0');
--  Data for phase_dependency
INSERT INTO phase_dependency (dependency_phase_id, dependent_phase_id, dependency_start, dependent_start, lag_time, create_user, create_date, modify_user, modify_date)
VALUES ('11', '12', '1', '1', '0', '132458', '2010-05-21 07:26:30.0', '132458', '2010-05-21 07:26:30.0');
INSERT INTO phase_dependency (dependency_phase_id, dependent_phase_id, dependency_start, dependent_start, lag_time, create_user, create_date, modify_user, modify_date)
VALUES ('12', '13', '0', '1', '0', '132458', '2010-05-21 07:26:30.0', '132458', '2010-05-21 07:26:30.0');
INSERT INTO phase_dependency (dependency_phase_id, dependent_phase_id, dependency_start, dependent_start, lag_time, create_user, create_date, modify_user, modify_date)
VALUES ('13', '14', '0', '1', '0', '132458', '2010-05-21 07:26:30.0', '132458', '2010-05-21 07:26:30.0');
INSERT INTO phase_dependency (dependency_phase_id, dependent_phase_id, dependency_start, dependent_start, lag_time, create_user, create_date, modify_user, modify_date)
VALUES ('14', '15', '0', '1', '0', '132458', '2010-05-21 07:26:30.0', '132458', '2010-05-21 07:26:30.0');
INSERT INTO phase_dependency (dependency_phase_id, dependent_phase_id, dependency_start, dependent_start, lag_time, create_user, create_date, modify_user, modify_date)
VALUES ('15', '16', '0', '1', '0', '132458', '2010-05-21 07:26:30.0', '132458', '2010-05-21 07:26:30.0');
INSERT INTO phase_dependency (dependency_phase_id, dependent_phase_id, dependency_start, dependent_start, lag_time, create_user, create_date, modify_user, modify_date)
VALUES ('16', '17', '0', '1', '0', '132458', '2010-05-21 07:26:30.0', '132458', '2010-05-21 07:26:30.0');
INSERT INTO phase_dependency (dependency_phase_id, dependent_phase_id, dependency_start, dependent_start, lag_time, create_user, create_date, modify_user, modify_date)
VALUES ('17', '18', '0', '1', '0', '132458', '2010-05-21 07:26:30.0', '132458', '2010-05-21 07:26:30.0');
INSERT INTO phase_dependency (dependency_phase_id, dependent_phase_id, dependency_start, dependent_start, lag_time, create_user, create_date, modify_user, modify_date)
VALUES ('18', '19', '0', '1', '0', '132458', '2010-05-21 07:26:30.0', '132458', '2010-05-21 07:26:30.0');
INSERT INTO phase_dependency (dependency_phase_id, dependent_phase_id, dependency_start, dependent_start, lag_time, create_user, create_date, modify_user, modify_date)
VALUES ('19', '20', '0', '1', '0', '132458', '2010-05-21 07:26:30.0', '132458', '2010-05-21 07:26:30.0');
--  Data for resource
INSERT INTO resource (resource_id, resource_role_id, project_id, project_phase_id, create_user, create_date, modify_user, modify_date)
VALUES ('11', '13', '11', NULL, '132458', '2010-05-21 07:26:30.0', '132458', '2010-05-21 07:26:30.0');
--  Data for resource_info
INSERT INTO resource_info (resource_id, resource_info_type_id, value, create_user, create_date, modify_user, modify_date)
VALUES ('11', '1', '132458', '132458', '2010-05-21 07:26:30.0', '132458', '2010-05-21 07:26:30.0');
INSERT INTO resource_info (resource_id, resource_info_type_id, value, create_user, create_date, modify_user, modify_date)
VALUES ('11', '2', 'user', '132458', '2010-05-21 07:26:30.0', '132458', '2010-05-21 07:26:30.0');
--  Data for user_role
INSERT INTO user_role (user_role_id, comp_vers_id, role_id, login_id, description)
VALUES ('24', '23', '1', '132458', '');
--  Data for word_search
INSERT INTO word_search (word_search_id, document_id, index_word, nbr_occurrences)
VALUES ('27', '21', 'ever                                                                                                ', '2');
INSERT INTO word_search (word_search_id, document_id, index_word, nbr_occurrences)
VALUES ('28', '21', 'component                                                                                           ', '4');
INSERT INTO word_search (word_search_id, document_id, index_word, nbr_occurrences)
VALUES ('29', '21', 'coolest                                                                                             ', '2');
INSERT INTO word_search (word_search_id, document_id, index_word, nbr_occurrences)
VALUES ('30', '21', 'assembly                                                    ', '2');
--  Data for word_search_ctgy
INSERT INTO word_search_ctgy (word_srch_ctgy_id, category_id, document_id)
VALUES ('26', 'DDECATALOG                                        ', '21');
--  Data for word_search_doc
INSERT INTO word_search_doc (document_id)
VALUES ('21');
-- Data for project
INSERT INTO project (project_id, project_status_id, project_category_id, create_user, create_date, modify_user, modify_date)
VALUES ('21', '2', '2', '132457', '2010-05-21 07:26:30.0', '132457', '2010-05-21 07:26:30.0');
--  Data for project_info
INSERT INTO project_info (project_id, project_info_type_id, value, create_user, create_date, modify_user, modify_date)
VALUES ('21', '1', '43', '132457', '2010-05-21 07:26:30.0', '132457', '2010-05-21 07:26:30.0');
INSERT INTO project_info (project_id, project_info_type_id, value, create_user, create_date, modify_user, modify_date)
VALUES ('21', '2', '41', '132457', '2010-05-21 07:26:30.0', '132457', '2010-05-21 07:26:30.0');
INSERT INTO project_info (project_id, project_info_type_id, value, create_user, create_date, modify_user, modify_date)
VALUES ('21', '3', '1', '132457', '2010-05-21 07:26:30.0', '132457', '2010-05-21 07:26:30.0');
INSERT INTO project_info (project_id, project_info_type_id, value, create_user, create_date, modify_user, modify_date)
VALUES ('21', '4', '0', '132457', '2010-05-21 07:26:30.0', '132457', '2010-05-21 07:26:30.0');
INSERT INTO project_info (project_id, project_info_type_id, value, create_user, create_date, modify_user, modify_date)
VALUES ('21', '5', '5801777', '132457', '2010-05-21 07:26:30.0', '132457', '2010-05-21 07:26:30.0');
INSERT INTO project_info (project_id, project_info_type_id, value, create_user, create_date, modify_user, modify_date)
VALUES ('21', '6', 'Component 3', '132457', '2010-05-21 07:26:30.0', '132457', '2010-05-21 07:26:30.0');
INSERT INTO project_info (project_id, project_info_type_id, value, create_user, create_date, modify_user, modify_date)
VALUES ('21', '7', '1.0                 ', '132457', '2010-05-21 07:26:30.0', '132457', '2010-05-21 07:26:30.0');
INSERT INTO project_info (project_id, project_info_type_id, value, create_user, create_date, modify_user, modify_date)
VALUES ('21', '9', 'Off', '132457', '2010-05-21 07:26:30.0', '132457', '2010-05-21 07:26:30.0');
INSERT INTO project_info (project_id, project_info_type_id, value, create_user, create_date, modify_user, modify_date)
VALUES ('21', '10', 'On', '132457', '2010-05-21 07:26:30.0', '132457', '2010-05-21 07:26:30.0');
INSERT INTO project_info (project_id, project_info_type_id, value, create_user, create_date, modify_user, modify_date)
VALUES ('21', '11', 'On', '132457', '2010-05-21 07:26:30.0', '132457', '2010-05-21 07:26:30.0');
INSERT INTO project_info (project_id, project_info_type_id, value, create_user, create_date, modify_user, modify_date)
VALUES ('21', '12', 'Yes', '132457', '2010-05-21 07:26:30.0', '132457', '2010-05-21 07:26:30.0');
INSERT INTO project_info (project_id, project_info_type_id, value, create_user, create_date, modify_user, modify_date)
VALUES ('21', '13', 'Yes', '132457', '2010-05-21 07:26:30.0', '132457', '2010-05-21 07:26:30.0');
INSERT INTO project_info (project_id, project_info_type_id, value, create_user, create_date, modify_user, modify_date)
VALUES ('21', '14', 'Open', '132457', '2010-05-21 07:26:30.0', '132457', '2010-05-21 07:26:30.0');
INSERT INTO project_info (project_id, project_info_type_id, value, create_user, create_date, modify_user, modify_date)
VALUES ('21', '16', '0.0', '132457', '2010-05-21 07:26:30.0', '132457', '2010-05-21 07:26:30.0');
INSERT INTO project_info (project_id, project_info_type_id, value, create_user, create_date, modify_user, modify_date)
VALUES ('21', '26', 'On', '132457', '2010-05-21 07:26:30.0', '132457', '2010-05-21 07:26:30.0');
INSERT INTO project_info (project_id, project_info_type_id, value, create_user, create_date, modify_user, modify_date)
VALUES ('21', '29', 'On', '132457', '2010-05-21 07:26:30.0', '132457', '2010-05-21 07:26:30.0');
INSERT INTO project_info (project_id, project_info_type_id, value, create_user, create_date, modify_user, modify_date)
VALUES ('21', '41', 'true', '132457', '2010-05-21 07:26:30.0', '132457', '2010-05-21 07:26:30.0');
INSERT INTO project_info (project_id, project_info_type_id, value, create_user, create_date, modify_user, modify_date)
VALUES ('21', '43', 'true', '132457', '2010-05-21 07:26:30.0', '132457', '2010-05-21 07:26:30.0');
--  Data for project_phase
INSERT INTO project_phase (project_phase_id, project_id, phase_type_id, phase_status_id, fixed_start_time, scheduled_start_time, scheduled_end_time, actual_start_time, actual_end_time, duration, create_user, create_date, modify_user, modify_date)
VALUES ('21', '21', '1', '1', '2010-05-27 09:00:00.0', '2010-05-27 09:00:00.0', '2010-06-01 09:00:00.0', NULL, NULL, '259200000', '132457', '2010-05-21 07:26:30.0', '132457', '2010-05-21 07:26:30.0');
INSERT INTO project_phase (project_phase_id, project_id, phase_type_id, phase_status_id, fixed_start_time, scheduled_start_time, scheduled_end_time, actual_start_time, actual_end_time, duration, create_user, create_date, modify_user, modify_date)
VALUES ('22', '21', '2', '1', '2010-05-27 09:00:00.0', '2010-05-27 09:00:00.0', '2010-06-07 09:00:00.0', NULL, NULL, '604800000', '132457', '2010-05-21 07:26:30.0', '132457', '2010-05-21 07:26:30.0');
INSERT INTO project_phase (project_phase_id, project_id, phase_type_id, phase_status_id, fixed_start_time, scheduled_start_time, scheduled_end_time, actual_start_time, actual_end_time, duration, create_user, create_date, modify_user, modify_date)
VALUES ('23', '21', '3', '1', '2010-06-07 09:00:00.0', '2010-06-07 09:00:00.0', '2010-06-08 09:00:00.0', NULL, NULL, '86400000', '132457', '2010-05-21 07:26:30.0', '132457', '2010-05-21 07:26:30.0');
INSERT INTO project_phase (project_phase_id, project_id, phase_type_id, phase_status_id, fixed_start_time, scheduled_start_time, scheduled_end_time, actual_start_time, actual_end_time, duration, create_user, create_date, modify_user, modify_date)
VALUES ('24', '21', '4', '1', '2010-06-08 09:00:00.0', '2010-06-08 09:00:00.0', '2010-06-14 09:00:00.0', NULL, NULL, '345600000', '132457', '2010-05-21 07:26:30.0', '132457', '2010-05-21 07:26:30.0');
INSERT INTO project_phase (project_phase_id, project_id, phase_type_id, phase_status_id, fixed_start_time, scheduled_start_time, scheduled_end_time, actual_start_time, actual_end_time, duration, create_user, create_date, modify_user, modify_date)
VALUES ('25', '21', '5', '1', '2010-06-14 09:00:00.0', '2010-06-14 09:00:00.0', '2010-06-15 09:00:00.0', NULL, NULL, '86400000', '132457', '2010-05-21 07:26:30.0', '132457', '2010-05-21 07:26:30.0');
INSERT INTO project_phase (project_phase_id, project_id, phase_type_id, phase_status_id, fixed_start_time, scheduled_start_time, scheduled_end_time, actual_start_time, actual_end_time, duration, create_user, create_date, modify_user, modify_date)
VALUES ('26', '21', '6', '1', '2010-06-15 09:00:00.0', '2010-06-15 09:00:00.0', '2010-06-16 09:00:00.0', NULL, NULL, '86400000', '132457', '2010-05-21 07:26:30.0', '132457', '2010-05-21 07:26:30.0');
INSERT INTO project_phase (project_phase_id, project_id, phase_type_id, phase_status_id, fixed_start_time, scheduled_start_time, scheduled_end_time, actual_start_time, actual_end_time, duration, create_user, create_date, modify_user, modify_date)
VALUES ('27', '21', '7', '1', '2010-06-16 09:00:00.0', '2010-06-16 09:00:00.0', '2010-06-16 21:00:00.0', NULL, NULL, '43200000', '132457', '2010-05-21 07:26:30.0', '132457', '2010-05-21 07:26:30.0');
INSERT INTO project_phase (project_phase_id, project_id, phase_type_id, phase_status_id, fixed_start_time, scheduled_start_time, scheduled_end_time, actual_start_time, actual_end_time, duration, create_user, create_date, modify_user, modify_date)
VALUES ('28', '21', '8', '1', '2010-06-16 21:00:00.0', '2010-06-16 21:00:00.0', '2010-06-17 09:00:00.0', NULL, NULL, '43200000', '132457', '2010-05-21 07:26:30.0', '132457', '2010-05-21 07:26:30.0');
INSERT INTO project_phase (project_phase_id, project_id, phase_type_id, phase_status_id, fixed_start_time, scheduled_start_time, scheduled_end_time, actual_start_time, actual_end_time, duration, create_user, create_date, modify_user, modify_date)
VALUES ('29', '21', '9', '1', '2010-06-17 09:00:00.0', '2010-06-17 09:00:00.0', '2010-06-22 09:00:00.0', NULL, NULL, '259200000', '132457', '2010-05-21 07:26:30.0', '132457', '2010-05-21 07:26:30.0');
INSERT INTO project_phase (project_phase_id, project_id, phase_type_id, phase_status_id, fixed_start_time, scheduled_start_time, scheduled_end_time, actual_start_time, actual_end_time, duration, create_user, create_date, modify_user, modify_date)
VALUES ('30', '21', '10', '1', '2010-06-22 09:00:00.0', '2010-06-22 09:00:00.0', '2010-06-23 09:00:00.0', NULL, NULL, '86400000', '132457', '2010-05-21 07:26:30.0', '132457', '2010-05-21 07:26:30.0');
--  Data for comp_catalog
INSERT INTO comp_catalog (component_id, current_version, short_desc, component_name, description, function_desc, create_time, status_id, root_category_id, modify_date, public_ind)
VALUES ('41', '1', 'Coolest component ever', 'Component 3', 'Coolest component ever', 'Component', '2010-05-21 07:20:14.48', '102', '5801777', '2010-05-21 07:23:44.0', '0');
--  Data for comp_versions
INSERT INTO comp_versions (comp_vers_id, component_id, version, version_text, create_time, phase_id, phase_time, price, comments, modify_date,
                           suspended_ind)
VALUES ('43', '41', '1', '1.0                 ', '2010-05-21 07:20:14.48', '112', '1976-05-04 00:00:00.0', '1000.00', 'Cool', '2010-05-21 07:27:01.0', '0');
--  Data for comp_categories
INSERT INTO comp_categories (comp_categories_id, component_id, category_id)
VALUES ('45', '41', '11');
--  Data for comp_keywords
INSERT INTO comp_keywords (comp_keywords_id, component_id, keyword)
VALUES ('51', '41', 'development');
--  Data for comp_technology
INSERT INTO comp_technology (comp_tech_id, comp_vers_id, technology_type_id)
VALUES ('52', '43', '1');
--  Data for comp_documentation
INSERT INTO comp_documentation (document_id, comp_vers_id, document_type_id, document_name, url)
VALUES ('53', '43', '0', 'Requirements Specification', '41/43/MQTTBroker_Requirements_Specification.pdf');
--  Data for comp_jive_category_xref
INSERT INTO comp_jive_category_xref (comp_vers_id, jive_category_id)
VALUES ('43', '0');
--  Data for comp_version_dates
INSERT INTO comp_version_dates (comp_version_dates_id, comp_vers_id, phase_id, posting_date, initial_submission_date, winner_announced_date, final_submission_date,
                                estimated_dev_date, price, total_submissions, status_id, create_time, level_id, screening_complete_date, review_complete_date,
                                aggregation_complete_date, phase_complete_date, production_date, aggregation_complete_date_comment, phase_complete_date_comment,
                                review_complete_date_comment, winner_announced_date_comment, initial_submission_date_comment, screening_complete_date_comment,
                                final_submission_date_comment, production_date_comment, modify_date)
VALUES ('54', '43', '112', '1976-05-05', '2000-01-01', '2000-01-01', 
        '2000-01-01', '2000-01-01', NULL, '0', '301', '2010-05-21 07:27:01.0', '100', '2000-01-01',
        '2000-01-01', '2000-01-01', '2000-01-01', '2010-12-01', 
        NULL, NULL, NULL, NULL, NULL, NULL, NULL, '', '2010-05-21 07:27:01.0');
--  Data for phase_criteria
INSERT INTO phase_criteria (project_phase_id, phase_criteria_type_id, parameter, create_user, create_date, modify_user, modify_date)
VALUES ('21', '2', '0', '132457', '2010-05-21 07:26:30.0', '132457', '2010-05-21 07:26:30.0');
INSERT INTO phase_criteria (project_phase_id, phase_criteria_type_id, parameter, create_user, create_date, modify_user, modify_date)
VALUES ('21', '5', 'No', '132457', '2010-05-21 07:26:30.0', '132457', '2010-05-21 07:26:30.0');
INSERT INTO phase_criteria (project_phase_id, phase_criteria_type_id, parameter, create_user, create_date, modify_user, modify_date)
VALUES ('22', '3', '0', '132457', '2010-05-21 07:26:30.0', '132457', '2010-05-21 07:26:30.0');
INSERT INTO phase_criteria (project_phase_id, phase_criteria_type_id, parameter, create_user, create_date, modify_user, modify_date)
VALUES ('22', '5', 'No', '132457', '2010-05-21 07:26:30.0', '132457', '2010-05-21 07:26:30.0');
INSERT INTO phase_criteria (project_phase_id, phase_criteria_type_id, parameter, create_user, create_date, modify_user, modify_date)
VALUES ('23', '5', 'No', '132457', '2010-05-21 07:26:30.0', '132457', '2010-05-21 07:26:30.0');
INSERT INTO phase_criteria (project_phase_id, phase_criteria_type_id, parameter, create_user, create_date, modify_user, modify_date)
VALUES ('23', '1', '30000410', '132457', '2010-05-21 07:26:30.0', '132457', '2010-05-21 07:26:30.0');
INSERT INTO phase_criteria (project_phase_id, phase_criteria_type_id, parameter, create_user, create_date, modify_user, modify_date)
VALUES ('24', '5', 'No', '132457', '2010-05-21 07:26:30.0', '132457', '2010-05-21 07:26:30.0');
INSERT INTO phase_criteria (project_phase_id, phase_criteria_type_id, parameter, create_user, create_date, modify_user, modify_date)
VALUES ('24', '1', '30000411', '132457', '2010-05-21 07:26:30.0', '132457', '2010-05-21 07:26:30.0');
INSERT INTO phase_criteria (project_phase_id, phase_criteria_type_id, parameter, create_user, create_date, modify_user, modify_date)
VALUES ('24', '6', '3', '132457', '2010-05-21 07:26:30.0', '132457', '2010-05-21 07:26:30.0');
INSERT INTO phase_criteria (project_phase_id, phase_criteria_type_id, parameter, create_user, create_date, modify_user, modify_date)
VALUES ('25', '5', 'No', '132457', '2010-05-21 07:26:30.0', '132457', '2010-05-21 07:26:30.0');
INSERT INTO phase_criteria (project_phase_id, phase_criteria_type_id, parameter, create_user, create_date, modify_user, modify_date)
VALUES ('25', '4', 'No', '132457', '2010-05-21 07:26:30.0', '132457', '2010-05-21 07:26:30.0');
INSERT INTO phase_criteria (project_phase_id, phase_criteria_type_id, parameter, create_user, create_date, modify_user, modify_date)
VALUES ('26', '5', 'No', '132457', '2010-05-21 07:26:30.0', '132457', '2010-05-21 07:26:30.0');
INSERT INTO phase_criteria (project_phase_id, phase_criteria_type_id, parameter, create_user, create_date, modify_user, modify_date)
VALUES ('27', '5', 'No', '132457', '2010-05-21 07:26:30.0', '132457', '2010-05-21 07:26:30.0');
INSERT INTO phase_criteria (project_phase_id, phase_criteria_type_id, parameter, create_user, create_date, modify_user, modify_date)
VALUES ('28', '5', 'No', '132457', '2010-05-21 07:26:30.0', '132457', '2010-05-21 07:26:30.0');
INSERT INTO phase_criteria (project_phase_id, phase_criteria_type_id, parameter, create_user, create_date, modify_user, modify_date)
VALUES ('29', '5', 'No', '132457', '2010-05-21 07:26:30.0', '132457', '2010-05-21 07:26:30.0');
INSERT INTO phase_criteria (project_phase_id, phase_criteria_type_id, parameter, create_user, create_date, modify_user, modify_date)
VALUES ('30', '5', 'No', '132457', '2010-05-21 07:26:30.0', '132457', '2010-05-21 07:26:30.0');
--  Data for phase_dependency
INSERT INTO phase_dependency (dependency_phase_id, dependent_phase_id, dependency_start, dependent_start, lag_time, create_user, create_date, modify_user, modify_date)
VALUES ('21', '22', '1', '1', '0', '132457', '2010-05-21 07:26:30.0', '132457', '2010-05-21 07:26:30.0');
INSERT INTO phase_dependency (dependency_phase_id, dependent_phase_id, dependency_start, dependent_start, lag_time, create_user, create_date, modify_user, modify_date)
VALUES ('22', '23', '0', '1', '0', '132457', '2010-05-21 07:26:30.0', '132457', '2010-05-21 07:26:30.0');
INSERT INTO phase_dependency (dependency_phase_id, dependent_phase_id, dependency_start, dependent_start, lag_time, create_user, create_date, modify_user, modify_date)
VALUES ('23', '24', '0', '1', '0', '132457', '2010-05-21 07:26:30.0', '132457', '2010-05-21 07:26:30.0');
INSERT INTO phase_dependency (dependency_phase_id, dependent_phase_id, dependency_start, dependent_start, lag_time, create_user, create_date, modify_user, modify_date)
VALUES ('24', '25', '0', '1', '0', '132457', '2010-05-21 07:26:30.0', '132457', '2010-05-21 07:26:30.0');
INSERT INTO phase_dependency (dependency_phase_id, dependent_phase_id, dependency_start, dependent_start, lag_time, create_user, create_date, modify_user, modify_date)
VALUES ('25', '26', '0', '1', '0', '132457', '2010-05-21 07:26:30.0', '132457', '2010-05-21 07:26:30.0');
INSERT INTO phase_dependency (dependency_phase_id, dependent_phase_id, dependency_start, dependent_start, lag_time, create_user, create_date, modify_user, modify_date)
VALUES ('26', '27', '0', '1', '0', '132457', '2010-05-21 07:26:30.0', '132457', '2010-05-21 07:26:30.0');
INSERT INTO phase_dependency (dependency_phase_id, dependent_phase_id, dependency_start, dependent_start, lag_time, create_user, create_date, modify_user, modify_date)
VALUES ('27', '28', '0', '1', '0', '132457', '2010-05-21 07:26:30.0', '132457', '2010-05-21 07:26:30.0');
INSERT INTO phase_dependency (dependency_phase_id, dependent_phase_id, dependency_start, dependent_start, lag_time, create_user, create_date, modify_user, modify_date)
VALUES ('28', '29', '0', '1', '0', '132457', '2010-05-21 07:26:30.0', '132457', '2010-05-21 07:26:30.0');
INSERT INTO phase_dependency (dependency_phase_id, dependent_phase_id, dependency_start, dependent_start, lag_time, create_user, create_date, modify_user, modify_date)
VALUES ('29', '30', '0', '1', '0', '132457', '2010-05-21 07:26:30.0', '132457', '2010-05-21 07:26:30.0');
--  Data for resource
INSERT INTO resource (resource_id, resource_role_id, project_id, project_phase_id, create_user, create_date, modify_user, modify_date)
VALUES ('21', '13', '21', NULL, '132457', '2010-05-21 07:26:30.0', '132457', '2010-05-21 07:26:30.0');
--  Data for resource_info
INSERT INTO resource_info (resource_id, resource_info_type_id, value, create_user, create_date, modify_user, modify_date)
VALUES ('21', '1', '132457', '132457', '2010-05-21 07:26:30.0', '132457', '2010-05-21 07:26:30.0');
INSERT INTO resource_info (resource_id, resource_info_type_id, value, create_user, create_date, modify_user, modify_date)
VALUES ('21', '2', 'super', '132457', '2010-05-21 07:26:30.0', '132457', '2010-05-21 07:26:30.0');
--  Data for user_role
INSERT INTO user_role (user_role_id, comp_vers_id, role_id, login_id, description)
VALUES ('44', '43', '1', '132457', '');
--  Data for word_search
INSERT INTO word_search (word_search_id, document_id, index_word, nbr_occurrences)
VALUES ('47', '41', 'ever                                                                                                ', '2');
INSERT INTO word_search (word_search_id, document_id, index_word, nbr_occurrences)
VALUES ('48', '41', 'component                                                                                           ', '4');
INSERT INTO word_search (word_search_id, document_id, index_word, nbr_occurrences)
VALUES ('49', '41', 'coolest                                                                                             ', '2');
INSERT INTO word_search (word_search_id, document_id, index_word, nbr_occurrences)
VALUES ('50', '41', 'development                                                    ', '2');
--  Data for word_search_ctgy
INSERT INTO word_search_ctgy (word_srch_ctgy_id, category_id, document_id)
VALUES ('46', 'DDECATALOG                                        ', '41');
--  Data for word_search_doc
INSERT INTO word_search_doc (document_id)
VALUES ('41');
-- Data for project
INSERT INTO project (project_id, project_status_id, project_category_id, create_user, create_date, modify_user, modify_date)
VALUES ('31', '2', '1', '132456', '2010-05-21 07:26:30.0', '132456', '2010-05-21 07:26:30.0');
--  Data for project_info
INSERT INTO project_info (project_id, project_info_type_id, value, create_user, create_date, modify_user, modify_date)
VALUES ('31', '1', '63', '132456', '2010-05-21 07:26:30.0', '132456', '2010-05-21 07:26:30.0');
INSERT INTO project_info (project_id, project_info_type_id, value, create_user, create_date, modify_user, modify_date)
VALUES ('31', '2', '61', '132456', '2010-05-21 07:26:30.0', '132456', '2010-05-21 07:26:30.0');
INSERT INTO project_info (project_id, project_info_type_id, value, create_user, create_date, modify_user, modify_date)
VALUES ('31', '3', '1', '132456', '2010-05-21 07:26:30.0', '132456', '2010-05-21 07:26:30.0');
INSERT INTO project_info (project_id, project_info_type_id, value, create_user, create_date, modify_user, modify_date)
VALUES ('31', '4', '0', '132456', '2010-05-21 07:26:30.0', '132456', '2010-05-21 07:26:30.0');
INSERT INTO project_info (project_id, project_info_type_id, value, create_user, create_date, modify_user, modify_date)
VALUES ('31', '5', '5801776', '132456', '2010-05-21 07:26:30.0', '132456', '2010-05-21 07:26:30.0');
INSERT INTO project_info (project_id, project_info_type_id, value, create_user, create_date, modify_user, modify_date)
VALUES ('31', '6', 'Component 4', '132456', '2010-05-21 07:26:30.0', '132456', '2010-05-21 07:26:30.0');
INSERT INTO project_info (project_id, project_info_type_id, value, create_user, create_date, modify_user, modify_date)
VALUES ('31', '7', '1.0                 ', '132456', '2010-05-21 07:26:30.0', '132456', '2010-05-21 07:26:30.0');
INSERT INTO project_info (project_id, project_info_type_id, value, create_user, create_date, modify_user, modify_date)
VALUES ('31', '9', 'Off', '132456', '2010-05-21 07:26:30.0', '132456', '2010-05-21 07:26:30.0');
INSERT INTO project_info (project_id, project_info_type_id, value, create_user, create_date, modify_user, modify_date)
VALUES ('31', '10', 'On', '132456', '2010-05-21 07:26:30.0', '132456', '2010-05-21 07:26:30.0');
INSERT INTO project_info (project_id, project_info_type_id, value, create_user, create_date, modify_user, modify_date)
VALUES ('31', '11', 'On', '132456', '2010-05-21 07:26:30.0', '132456', '2010-05-21 07:26:30.0');
INSERT INTO project_info (project_id, project_info_type_id, value, create_user, create_date, modify_user, modify_date)
VALUES ('31', '12', 'Yes', '132456', '2010-05-21 07:26:30.0', '132456', '2010-05-21 07:26:30.0');
INSERT INTO project_info (project_id, project_info_type_id, value, create_user, create_date, modify_user, modify_date)
VALUES ('31', '13', 'Yes', '132456', '2010-05-21 07:26:30.0', '132456', '2010-05-21 07:26:30.0');
INSERT INTO project_info (project_id, project_info_type_id, value, create_user, create_date, modify_user, modify_date)
VALUES ('31', '14', 'Open', '132456', '2010-05-21 07:26:30.0', '132456', '2010-05-21 07:26:30.0');
INSERT INTO project_info (project_id, project_info_type_id, value, create_user, create_date, modify_user, modify_date)
VALUES ('31', '16', '0.0', '132456', '2010-05-21 07:26:30.0', '132456', '2010-05-21 07:26:30.0');
INSERT INTO project_info (project_id, project_info_type_id, value, create_user, create_date, modify_user, modify_date)
VALUES ('31', '26', 'On', '132456', '2010-05-21 07:26:30.0', '132456', '2010-05-21 07:26:30.0');
INSERT INTO project_info (project_id, project_info_type_id, value, create_user, create_date, modify_user, modify_date)
VALUES ('31', '29', 'On', '132456', '2010-05-21 07:26:30.0', '132456', '2010-05-21 07:26:30.0');
INSERT INTO project_info (project_id, project_info_type_id, value, create_user, create_date, modify_user, modify_date)
VALUES ('31', '41', 'true', '132456', '2010-05-21 07:26:30.0', '132456', '2010-05-21 07:26:30.0');
INSERT INTO project_info (project_id, project_info_type_id, value, create_user, create_date, modify_user, modify_date)
VALUES ('31', '43', 'true', '132456', '2010-05-21 07:26:30.0', '132456', '2010-05-21 07:26:30.0');
--  Data for project_phase
INSERT INTO project_phase (project_phase_id, project_id, phase_type_id, phase_status_id, fixed_start_time, scheduled_start_time, scheduled_end_time, actual_start_time, actual_end_time, duration, create_user, create_date, modify_user, modify_date)
VALUES ('31', '31', '1', '1', '2010-05-27 09:00:00.0', '2010-05-27 09:00:00.0', '2010-06-01 09:00:00.0', NULL, NULL, '259200000', '132456', '2010-05-21 07:26:30.0', '132456', '2010-05-21 07:26:30.0');
INSERT INTO project_phase (project_phase_id, project_id, phase_type_id, phase_status_id, fixed_start_time, scheduled_start_time, scheduled_end_time, actual_start_time, actual_end_time, duration, create_user, create_date, modify_user, modify_date)
VALUES ('32', '31', '2', '1', '2010-05-27 09:00:00.0', '2010-05-27 09:00:00.0', '2010-06-07 09:00:00.0', NULL, NULL, '604800000', '132456', '2010-05-21 07:26:30.0', '132456', '2010-05-21 07:26:30.0');
INSERT INTO project_phase (project_phase_id, project_id, phase_type_id, phase_status_id, fixed_start_time, scheduled_start_time, scheduled_end_time, actual_start_time, actual_end_time, duration, create_user, create_date, modify_user, modify_date)
VALUES ('33', '31', '3', '1', '2010-06-07 09:00:00.0', '2010-06-07 09:00:00.0', '2010-06-08 09:00:00.0', NULL, NULL, '86400000', '132456', '2010-05-21 07:26:30.0', '132456', '2010-05-21 07:26:30.0');
INSERT INTO project_phase (project_phase_id, project_id, phase_type_id, phase_status_id, fixed_start_time, scheduled_start_time, scheduled_end_time, actual_start_time, actual_end_time, duration, create_user, create_date, modify_user, modify_date)
VALUES ('34', '31', '4', '1', '2010-06-08 09:00:00.0', '2010-06-08 09:00:00.0', '2010-06-14 09:00:00.0', NULL, NULL, '345600000', '132456', '2010-05-21 07:26:30.0', '132456', '2010-05-21 07:26:30.0');
INSERT INTO project_phase (project_phase_id, project_id, phase_type_id, phase_status_id, fixed_start_time, scheduled_start_time, scheduled_end_time, actual_start_time, actual_end_time, duration, create_user, create_date, modify_user, modify_date)
VALUES ('35', '31', '5', '1', '2010-06-14 09:00:00.0', '2010-06-14 09:00:00.0', '2010-06-15 09:00:00.0', NULL, NULL, '86400000', '132456', '2010-05-21 07:26:30.0', '132456', '2010-05-21 07:26:30.0');
INSERT INTO project_phase (project_phase_id, project_id, phase_type_id, phase_status_id, fixed_start_time, scheduled_start_time, scheduled_end_time, actual_start_time, actual_end_time, duration, create_user, create_date, modify_user, modify_date)
VALUES ('36', '31', '6', '1', '2010-06-15 09:00:00.0', '2010-06-15 09:00:00.0', '2010-06-16 09:00:00.0', NULL, NULL, '86400000', '132456', '2010-05-21 07:26:30.0', '132456', '2010-05-21 07:26:30.0');
INSERT INTO project_phase (project_phase_id, project_id, phase_type_id, phase_status_id, fixed_start_time, scheduled_start_time, scheduled_end_time, actual_start_time, actual_end_time, duration, create_user, create_date, modify_user, modify_date)
VALUES ('37', '31', '7', '1', '2010-06-16 09:00:00.0', '2010-06-16 09:00:00.0', '2010-06-16 21:00:00.0', NULL, NULL, '43200000', '132456', '2010-05-21 07:26:30.0', '132456', '2010-05-21 07:26:30.0');
INSERT INTO project_phase (project_phase_id, project_id, phase_type_id, phase_status_id, fixed_start_time, scheduled_start_time, scheduled_end_time, actual_start_time, actual_end_time, duration, create_user, create_date, modify_user, modify_date)
VALUES ('38', '31', '8', '1', '2010-06-16 21:00:00.0', '2010-06-16 21:00:00.0', '2010-06-17 09:00:00.0', NULL, NULL, '43200000', '132456', '2010-05-21 07:26:30.0', '132456', '2010-05-21 07:26:30.0');
INSERT INTO project_phase (project_phase_id, project_id, phase_type_id, phase_status_id, fixed_start_time, scheduled_start_time, scheduled_end_time, actual_start_time, actual_end_time, duration, create_user, create_date, modify_user, modify_date)
VALUES ('39', '31', '9', '1', '2010-06-17 09:00:00.0', '2010-06-17 09:00:00.0', '2010-06-22 09:00:00.0', NULL, NULL, '259200000', '132456', '2010-05-21 07:26:30.0', '132456', '2010-05-21 07:26:30.0');
INSERT INTO project_phase (project_phase_id, project_id, phase_type_id, phase_status_id, fixed_start_time, scheduled_start_time, scheduled_end_time, actual_start_time, actual_end_time, duration, create_user, create_date, modify_user, modify_date)
VALUES ('40', '31', '10', '1', '2010-06-22 09:00:00.0', '2010-06-22 09:00:00.0', '2010-06-23 09:00:00.0', NULL, NULL, '86400000', '132456', '2010-05-21 07:26:30.0', '132456', '2010-05-21 07:26:30.0');
--  Data for comp_catalog
INSERT INTO comp_catalog (component_id, current_version, short_desc, component_name, description, function_desc, create_time, status_id, root_category_id, modify_date, public_ind)
VALUES ('61', '1', 'Coolest component ever', 'Component 4', 'Coolest component ever', 'Component', '2010-05-21 07:20:14.48', '102', '5801776', '2010-05-21 07:23:44.0', '0');
--  Data for comp_versions
INSERT INTO comp_versions (comp_vers_id, component_id, version, version_text, create_time, phase_id, phase_time, price, comments, modify_date,
                           suspended_ind)
VALUES ('63', '61', '1', '1.0                 ', '2010-05-21 07:20:14.48', '112', '1976-05-04 00:00:00.0', '1000.00', 'Cool', '2010-05-21 07:27:01.0', '0');
--  Data for comp_categories
INSERT INTO comp_categories (comp_categories_id, component_id, category_id)
VALUES ('65', '61', '11');
--  Data for comp_keywords
INSERT INTO comp_keywords (comp_keywords_id, component_id, keyword)
VALUES ('71', '61', 'design');
--  Data for comp_technology
INSERT INTO comp_technology (comp_tech_id, comp_vers_id, technology_type_id)
VALUES ('72', '63', '1');
--  Data for comp_documentation
INSERT INTO comp_documentation (document_id, comp_vers_id, document_type_id, document_name, url)
VALUES ('73', '63', '0', 'Requirements Specification', '61/63/MQTTBroker_Requirements_Specification.pdf');
--  Data for comp_jive_category_xref
INSERT INTO comp_jive_category_xref (comp_vers_id, jive_category_id)
VALUES ('63', '0');
--  Data for comp_version_dates
INSERT INTO comp_version_dates (comp_version_dates_id, comp_vers_id, phase_id, posting_date, initial_submission_date, winner_announced_date, final_submission_date,
                                estimated_dev_date, price, total_submissions, status_id, create_time, level_id, screening_complete_date, review_complete_date,
                                aggregation_complete_date, phase_complete_date, production_date, aggregation_complete_date_comment, phase_complete_date_comment,
                                review_complete_date_comment, winner_announced_date_comment, initial_submission_date_comment, screening_complete_date_comment,
                                final_submission_date_comment, production_date_comment, modify_date)
VALUES ('74', '63', '112', '1976-05-05', '2000-01-01', '2000-01-01', 
        '2000-01-01', '2000-01-01', NULL, '0', '301', '2010-05-21 07:27:01.0', '100', '2000-01-01',
        '2000-01-01', '2000-01-01', '2000-01-01', '2010-12-01', 
        NULL, NULL, NULL, NULL, NULL, NULL, NULL, '', '2010-05-21 07:27:01.0');
--  Data for phase_criteria
INSERT INTO phase_criteria (project_phase_id, phase_criteria_type_id, parameter, create_user, create_date, modify_user, modify_date)
VALUES ('31', '2', '0', '132456', '2010-05-21 07:26:30.0', '132456', '2010-05-21 07:26:30.0');
INSERT INTO phase_criteria (project_phase_id, phase_criteria_type_id, parameter, create_user, create_date, modify_user, modify_date)
VALUES ('31', '5', 'No', '132456', '2010-05-21 07:26:30.0', '132456', '2010-05-21 07:26:30.0');
INSERT INTO phase_criteria (project_phase_id, phase_criteria_type_id, parameter, create_user, create_date, modify_user, modify_date)
VALUES ('32', '3', '0', '132456', '2010-05-21 07:26:30.0', '132456', '2010-05-21 07:26:30.0');
INSERT INTO phase_criteria (project_phase_id, phase_criteria_type_id, parameter, create_user, create_date, modify_user, modify_date)
VALUES ('32', '5', 'No', '132456', '2010-05-21 07:26:30.0', '132456', '2010-05-21 07:26:30.0');
INSERT INTO phase_criteria (project_phase_id, phase_criteria_type_id, parameter, create_user, create_date, modify_user, modify_date)
VALUES ('33', '5', 'No', '132456', '2010-05-21 07:26:30.0', '132456', '2010-05-21 07:26:30.0');
INSERT INTO phase_criteria (project_phase_id, phase_criteria_type_id, parameter, create_user, create_date, modify_user, modify_date)
VALUES ('33', '1', '30000410', '132456', '2010-05-21 07:26:30.0', '132456', '2010-05-21 07:26:30.0');
INSERT INTO phase_criteria (project_phase_id, phase_criteria_type_id, parameter, create_user, create_date, modify_user, modify_date)
VALUES ('34', '5', 'No', '132456', '2010-05-21 07:26:30.0', '132456', '2010-05-21 07:26:30.0');
INSERT INTO phase_criteria (project_phase_id, phase_criteria_type_id, parameter, create_user, create_date, modify_user, modify_date)
VALUES ('34', '1', '30000411', '132456', '2010-05-21 07:26:30.0', '132456', '2010-05-21 07:26:30.0');
INSERT INTO phase_criteria (project_phase_id, phase_criteria_type_id, parameter, create_user, create_date, modify_user, modify_date)
VALUES ('34', '6', '3', '132456', '2010-05-21 07:26:30.0', '132456', '2010-05-21 07:26:30.0');
INSERT INTO phase_criteria (project_phase_id, phase_criteria_type_id, parameter, create_user, create_date, modify_user, modify_date)
VALUES ('35', '5', 'No', '132456', '2010-05-21 07:26:30.0', '132456', '2010-05-21 07:26:30.0');
INSERT INTO phase_criteria (project_phase_id, phase_criteria_type_id, parameter, create_user, create_date, modify_user, modify_date)
VALUES ('35', '4', 'No', '132456', '2010-05-21 07:26:30.0', '132456', '2010-05-21 07:26:30.0');
INSERT INTO phase_criteria (project_phase_id, phase_criteria_type_id, parameter, create_user, create_date, modify_user, modify_date)
VALUES ('36', '5', 'No', '132456', '2010-05-21 07:26:30.0', '132456', '2010-05-21 07:26:30.0');
INSERT INTO phase_criteria (project_phase_id, phase_criteria_type_id, parameter, create_user, create_date, modify_user, modify_date)
VALUES ('37', '5', 'No', '132456', '2010-05-21 07:26:30.0', '132456', '2010-05-21 07:26:30.0');
INSERT INTO phase_criteria (project_phase_id, phase_criteria_type_id, parameter, create_user, create_date, modify_user, modify_date)
VALUES ('38', '5', 'No', '132456', '2010-05-21 07:26:30.0', '132456', '2010-05-21 07:26:30.0');
INSERT INTO phase_criteria (project_phase_id, phase_criteria_type_id, parameter, create_user, create_date, modify_user, modify_date)
VALUES ('39', '5', 'No', '132456', '2010-05-21 07:26:30.0', '132456', '2010-05-21 07:26:30.0');
INSERT INTO phase_criteria (project_phase_id, phase_criteria_type_id, parameter, create_user, create_date, modify_user, modify_date)
VALUES ('40', '5', 'No', '132456', '2010-05-21 07:26:30.0', '132456', '2010-05-21 07:26:30.0');
--  Data for phase_dependency
INSERT INTO phase_dependency (dependency_phase_id, dependent_phase_id, dependency_start, dependent_start, lag_time, create_user, create_date, modify_user, modify_date)
VALUES ('31', '32', '1', '1', '0', '132456', '2010-05-21 07:26:30.0', '132456', '2010-05-21 07:26:30.0');
INSERT INTO phase_dependency (dependency_phase_id, dependent_phase_id, dependency_start, dependent_start, lag_time, create_user, create_date, modify_user, modify_date)
VALUES ('32', '33', '0', '1', '0', '132456', '2010-05-21 07:26:30.0', '132456', '2010-05-21 07:26:30.0');
INSERT INTO phase_dependency (dependency_phase_id, dependent_phase_id, dependency_start, dependent_start, lag_time, create_user, create_date, modify_user, modify_date)
VALUES ('33', '34', '0', '1', '0', '132456', '2010-05-21 07:26:30.0', '132456', '2010-05-21 07:26:30.0');
INSERT INTO phase_dependency (dependency_phase_id, dependent_phase_id, dependency_start, dependent_start, lag_time, create_user, create_date, modify_user, modify_date)
VALUES ('34', '35', '0', '1', '0', '132456', '2010-05-21 07:26:30.0', '132456', '2010-05-21 07:26:30.0');
INSERT INTO phase_dependency (dependency_phase_id, dependent_phase_id, dependency_start, dependent_start, lag_time, create_user, create_date, modify_user, modify_date)
VALUES ('35', '36', '0', '1', '0', '132456', '2010-05-21 07:26:30.0', '132456', '2010-05-21 07:26:30.0');
INSERT INTO phase_dependency (dependency_phase_id, dependent_phase_id, dependency_start, dependent_start, lag_time, create_user, create_date, modify_user, modify_date)
VALUES ('36', '37', '0', '1', '0', '132456', '2010-05-21 07:26:30.0', '132456', '2010-05-21 07:26:30.0');
INSERT INTO phase_dependency (dependency_phase_id, dependent_phase_id, dependency_start, dependent_start, lag_time, create_user, create_date, modify_user, modify_date)
VALUES ('37', '38', '0', '1', '0', '132456', '2010-05-21 07:26:30.0', '132456', '2010-05-21 07:26:30.0');
INSERT INTO phase_dependency (dependency_phase_id, dependent_phase_id, dependency_start, dependent_start, lag_time, create_user, create_date, modify_user, modify_date)
VALUES ('38', '39', '0', '1', '0', '132456', '2010-05-21 07:26:30.0', '132456', '2010-05-21 07:26:30.0');
INSERT INTO phase_dependency (dependency_phase_id, dependent_phase_id, dependency_start, dependent_start, lag_time, create_user, create_date, modify_user, modify_date)
VALUES ('39', '40', '0', '1', '0', '132456', '2010-05-21 07:26:30.0', '132456', '2010-05-21 07:26:30.0');
--  Data for resource
INSERT INTO resource (resource_id, resource_role_id, project_id, project_phase_id, create_user, create_date, modify_user, modify_date)
VALUES ('31', '13', '31', NULL, '132456', '2010-05-21 07:26:30.0', '132456', '2010-05-21 07:26:30.0');
--  Data for resource_info
INSERT INTO resource_info (resource_id, resource_info_type_id, value, create_user, create_date, modify_user, modify_date)
VALUES ('31', '1', '132456', '132456', '2010-05-21 07:26:30.0', '132456', '2010-05-21 07:26:30.0');
INSERT INTO resource_info (resource_id, resource_info_type_id, value, create_user, create_date, modify_user, modify_date)
VALUES ('31', '2', 'heffan', '132456', '2010-05-21 07:26:30.0', '132456', '2010-05-21 07:26:30.0');
--  Data for user_role
INSERT INTO user_role (user_role_id, comp_vers_id, role_id, login_id, description)
VALUES ('64', '63', '1', '132456', '');
--  Data for word_search
INSERT INTO word_search (word_search_id, document_id, index_word, nbr_occurrences)
VALUES ('67', '61', 'ever                                                                                                ', '2');
INSERT INTO word_search (word_search_id, document_id, index_word, nbr_occurrences)
VALUES ('68', '61', 'component                                                                                           ', '4');
INSERT INTO word_search (word_search_id, document_id, index_word, nbr_occurrences)
VALUES ('69', '61', 'coolest                                                                                             ', '2');
INSERT INTO word_search (word_search_id, document_id, index_word, nbr_occurrences)
VALUES ('70', '61', 'design                                                    ', '2');
--  Data for word_search_ctgy
INSERT INTO word_search_ctgy (word_srch_ctgy_id, category_id, document_id)
VALUES ('66', 'DDECATALOG                                        ', '61');
--  Data for word_search_doc
INSERT INTO word_search_doc (document_id)
VALUES ('61');
-- Data for project
INSERT INTO project (project_id, project_status_id, project_category_id, create_user, create_date, modify_user, modify_date)
VALUES ('41', '1', '1', '132456', '2010-05-21 07:26:30.0', '132456', '2010-05-21 07:26:30.0');
--  Data for project_info
INSERT INTO project_info (project_id, project_info_type_id, value, create_user, create_date, modify_user, modify_date)
VALUES ('41', '1', '83', '132456', '2010-05-21 07:26:30.0', '132456', '2010-05-21 07:26:30.0');
INSERT INTO project_info (project_id, project_info_type_id, value, create_user, create_date, modify_user, modify_date)
VALUES ('41', '2', '81', '132456', '2010-05-21 07:26:30.0', '132456', '2010-05-21 07:26:30.0');
INSERT INTO project_info (project_id, project_info_type_id, value, create_user, create_date, modify_user, modify_date)
VALUES ('41', '3', '1', '132456', '2010-05-21 07:26:30.0', '132456', '2010-05-21 07:26:30.0');
INSERT INTO project_info (project_id, project_info_type_id, value, create_user, create_date, modify_user, modify_date)
VALUES ('41', '4', '0', '132456', '2010-05-21 07:26:30.0', '132456', '2010-05-21 07:26:30.0');
INSERT INTO project_info (project_id, project_info_type_id, value, create_user, create_date, modify_user, modify_date)
VALUES ('41', '5', '5801779', '132456', '2010-05-21 07:26:30.0', '132456', '2010-05-21 07:26:30.0');
INSERT INTO project_info (project_id, project_info_type_id, value, create_user, create_date, modify_user, modify_date)
VALUES ('41', '6', 'Component 5', '132456', '2010-05-21 07:26:30.0', '132456', '2010-05-21 07:26:30.0');
INSERT INTO project_info (project_id, project_info_type_id, value, create_user, create_date, modify_user, modify_date)
VALUES ('41', '7', '1.0                 ', '132456', '2010-05-21 07:26:30.0', '132456', '2010-05-21 07:26:30.0');
INSERT INTO project_info (project_id, project_info_type_id, value, create_user, create_date, modify_user, modify_date)
VALUES ('41', '9', 'Off', '132456', '2010-05-21 07:26:30.0', '132456', '2010-05-21 07:26:30.0');
INSERT INTO project_info (project_id, project_info_type_id, value, create_user, create_date, modify_user, modify_date)
VALUES ('41', '10', 'On', '132456', '2010-05-21 07:26:30.0', '132456', '2010-05-21 07:26:30.0');
INSERT INTO project_info (project_id, project_info_type_id, value, create_user, create_date, modify_user, modify_date)
VALUES ('41', '11', 'On', '132456', '2010-05-21 07:26:30.0', '132456', '2010-05-21 07:26:30.0');
INSERT INTO project_info (project_id, project_info_type_id, value, create_user, create_date, modify_user, modify_date)
VALUES ('41', '12', 'Yes', '132456', '2010-05-21 07:26:30.0', '132456', '2010-05-21 07:26:30.0');
INSERT INTO project_info (project_id, project_info_type_id, value, create_user, create_date, modify_user, modify_date)
VALUES ('41', '13', 'Yes', '132456', '2010-05-21 07:26:30.0', '132456', '2010-05-21 07:26:30.0');
INSERT INTO project_info (project_id, project_info_type_id, value, create_user, create_date, modify_user, modify_date)
VALUES ('41', '14', 'Open', '132456', '2010-05-21 07:26:30.0', '132456', '2010-05-21 07:26:30.0');
INSERT INTO project_info (project_id, project_info_type_id, value, create_user, create_date, modify_user, modify_date)
VALUES ('41', '16', '0.0', '132456', '2010-05-21 07:26:30.0', '132456', '2010-05-21 07:26:30.0');
INSERT INTO project_info (project_id, project_info_type_id, value, create_user, create_date, modify_user, modify_date)
VALUES ('41', '26', 'On', '132456', '2010-05-21 07:26:30.0', '132456', '2010-05-21 07:26:30.0');
INSERT INTO project_info (project_id, project_info_type_id, value, create_user, create_date, modify_user, modify_date)
VALUES ('41', '29', 'On', '132456', '2010-05-21 07:26:30.0', '132456', '2010-05-21 07:26:30.0');
INSERT INTO project_info (project_id, project_info_type_id, value, create_user, create_date, modify_user, modify_date)
VALUES ('41', '41', 'true', '132456', '2010-05-21 07:26:30.0', '132456', '2010-05-21 07:26:30.0');
INSERT INTO project_info (project_id, project_info_type_id, value, create_user, create_date, modify_user, modify_date)
VALUES ('41', '43', 'true', '132456', '2010-05-21 07:26:30.0', '132456', '2010-05-21 07:26:30.0');
--  Data for project_phase
INSERT INTO project_phase (project_phase_id, project_id, phase_type_id, phase_status_id, fixed_start_time, scheduled_start_time, scheduled_end_time, actual_start_time, actual_end_time, duration, create_user, create_date, modify_user, modify_date)
VALUES ('41', '41', '1', '1', '2010-05-27 09:00:00.0', '2010-05-27 09:00:00.0', '2010-06-01 09:00:00.0', NULL, NULL, '259200000', '132456', '2010-05-21 07:26:30.0', '132456', '2010-05-21 07:26:30.0');
INSERT INTO project_phase (project_phase_id, project_id, phase_type_id, phase_status_id, fixed_start_time, scheduled_start_time, scheduled_end_time, actual_start_time, actual_end_time, duration, create_user, create_date, modify_user, modify_date)
VALUES ('42', '41', '2', '1', '2010-05-27 09:00:00.0', '2010-05-27 09:00:00.0', '2010-06-07 09:00:00.0', NULL, NULL, '604800000', '132456', '2010-05-21 07:26:30.0', '132456', '2010-05-21 07:26:30.0');
INSERT INTO project_phase (project_phase_id, project_id, phase_type_id, phase_status_id, fixed_start_time, scheduled_start_time, scheduled_end_time, actual_start_time, actual_end_time, duration, create_user, create_date, modify_user, modify_date)
VALUES ('43', '41', '3', '1', '2010-06-07 09:00:00.0', '2010-06-07 09:00:00.0', '2010-06-08 09:00:00.0', NULL, NULL, '86400000', '132456', '2010-05-21 07:26:30.0', '132456', '2010-05-21 07:26:30.0');
INSERT INTO project_phase (project_phase_id, project_id, phase_type_id, phase_status_id, fixed_start_time, scheduled_start_time, scheduled_end_time, actual_start_time, actual_end_time, duration, create_user, create_date, modify_user, modify_date)
VALUES ('44', '41', '4', '1', '2010-06-08 09:00:00.0', '2010-06-08 09:00:00.0', '2010-06-14 09:00:00.0', NULL, NULL, '345600000', '132456', '2010-05-21 07:26:30.0', '132456', '2010-05-21 07:26:30.0');
INSERT INTO project_phase (project_phase_id, project_id, phase_type_id, phase_status_id, fixed_start_time, scheduled_start_time, scheduled_end_time, actual_start_time, actual_end_time, duration, create_user, create_date, modify_user, modify_date)
VALUES ('45', '41', '5', '1', '2010-06-14 09:00:00.0', '2010-06-14 09:00:00.0', '2010-06-15 09:00:00.0', NULL, NULL, '86400000', '132456', '2010-05-21 07:26:30.0', '132456', '2010-05-21 07:26:30.0');
INSERT INTO project_phase (project_phase_id, project_id, phase_type_id, phase_status_id, fixed_start_time, scheduled_start_time, scheduled_end_time, actual_start_time, actual_end_time, duration, create_user, create_date, modify_user, modify_date)
VALUES ('46', '41', '6', '1', '2010-06-15 09:00:00.0', '2010-06-15 09:00:00.0', '2010-06-16 09:00:00.0', NULL, NULL, '86400000', '132456', '2010-05-21 07:26:30.0', '132456', '2010-05-21 07:26:30.0');
INSERT INTO project_phase (project_phase_id, project_id, phase_type_id, phase_status_id, fixed_start_time, scheduled_start_time, scheduled_end_time, actual_start_time, actual_end_time, duration, create_user, create_date, modify_user, modify_date)
VALUES ('47', '41', '7', '1', '2010-06-16 09:00:00.0', '2010-06-16 09:00:00.0', '2010-06-16 21:00:00.0', NULL, NULL, '43200000', '132456', '2010-05-21 07:26:30.0', '132456', '2010-05-21 07:26:30.0');
INSERT INTO project_phase (project_phase_id, project_id, phase_type_id, phase_status_id, fixed_start_time, scheduled_start_time, scheduled_end_time, actual_start_time, actual_end_time, duration, create_user, create_date, modify_user, modify_date)
VALUES ('48', '41', '8', '1', '2010-06-16 21:00:00.0', '2010-06-16 21:00:00.0', '2010-06-17 09:00:00.0', NULL, NULL, '43200000', '132456', '2010-05-21 07:26:30.0', '132456', '2010-05-21 07:26:30.0');
INSERT INTO project_phase (project_phase_id, project_id, phase_type_id, phase_status_id, fixed_start_time, scheduled_start_time, scheduled_end_time, actual_start_time, actual_end_time, duration, create_user, create_date, modify_user, modify_date)
VALUES ('49', '41', '9', '1', '2010-06-17 09:00:00.0', '2010-06-17 09:00:00.0', '2010-06-22 09:00:00.0', NULL, NULL, '259200000', '132456', '2010-05-21 07:26:30.0', '132456', '2010-05-21 07:26:30.0');
INSERT INTO project_phase (project_phase_id, project_id, phase_type_id, phase_status_id, fixed_start_time, scheduled_start_time, scheduled_end_time, actual_start_time, actual_end_time, duration, create_user, create_date, modify_user, modify_date)
VALUES ('50', '41', '10', '1', '2010-06-22 09:00:00.0', '2010-06-22 09:00:00.0', '2010-06-23 09:00:00.0', NULL, NULL, '86400000', '132456', '2010-05-21 07:26:30.0', '132456', '2010-05-21 07:26:30.0');
--  Data for comp_catalog
INSERT INTO comp_catalog (component_id, current_version, short_desc, component_name, description, function_desc, create_time, status_id, root_category_id, modify_date, public_ind)
VALUES ('81', '1', 'Coolest component ever', 'Component 5', 'Coolest component ever', 'Component', '2010-05-21 07:20:14.48', '102', '5801779', '2010-05-21 07:23:44.0', '0');
--  Data for comp_versions
INSERT INTO comp_versions (comp_vers_id, component_id, version, version_text, create_time, phase_id, phase_time, price, comments, modify_date,
                           suspended_ind)
VALUES ('83', '81', '1', '1.0                 ', '2010-05-21 07:20:14.48', '112', '1976-05-04 00:00:00.0', '1000.00', 'Cool', '2010-05-21 07:27:01.0', '0');
--  Data for comp_categories
INSERT INTO comp_categories (comp_categories_id, component_id, category_id)
VALUES ('85', '81', '11');
--  Data for comp_keywords
INSERT INTO comp_keywords (comp_keywords_id, component_id, keyword)
VALUES ('91', '81', 'design');
--  Data for comp_technology
INSERT INTO comp_technology (comp_tech_id, comp_vers_id, technology_type_id)
VALUES ('92', '83', '1');
--  Data for comp_documentation
INSERT INTO comp_documentation (document_id, comp_vers_id, document_type_id, document_name, url)
VALUES ('93', '83', '0', 'Requirements Specification', '81/83/MQTTBroker_Requirements_Specification.pdf');
--  Data for comp_jive_category_xref
INSERT INTO comp_jive_category_xref (comp_vers_id, jive_category_id)
VALUES ('83', '0');
--  Data for comp_version_dates
INSERT INTO comp_version_dates (comp_version_dates_id, comp_vers_id, phase_id, posting_date, initial_submission_date, winner_announced_date, final_submission_date,
                                estimated_dev_date, price, total_submissions, status_id, create_time, level_id, screening_complete_date, review_complete_date,
                                aggregation_complete_date, phase_complete_date, production_date, aggregation_complete_date_comment, phase_complete_date_comment,
                                review_complete_date_comment, winner_announced_date_comment, initial_submission_date_comment, screening_complete_date_comment,
                                final_submission_date_comment, production_date_comment, modify_date)
VALUES ('94', '83', '112', '1976-05-05', '2000-01-01', '2000-01-01', 
        '2000-01-01', '2000-01-01', NULL, '0', '301', '2010-05-21 07:27:01.0', '100', '2000-01-01',
        '2000-01-01', '2000-01-01', '2000-01-01', '2010-12-01', 
        NULL, NULL, NULL, NULL, NULL, NULL, NULL, '', '2010-05-21 07:27:01.0');
--  Data for phase_criteria
INSERT INTO phase_criteria (project_phase_id, phase_criteria_type_id, parameter, create_user, create_date, modify_user, modify_date)
VALUES ('41', '2', '0', '132456', '2010-05-21 07:26:30.0', '132456', '2010-05-21 07:26:30.0');
INSERT INTO phase_criteria (project_phase_id, phase_criteria_type_id, parameter, create_user, create_date, modify_user, modify_date)
VALUES ('41', '5', 'No', '132456', '2010-05-21 07:26:30.0', '132456', '2010-05-21 07:26:30.0');
INSERT INTO phase_criteria (project_phase_id, phase_criteria_type_id, parameter, create_user, create_date, modify_user, modify_date)
VALUES ('42', '3', '0', '132456', '2010-05-21 07:26:30.0', '132456', '2010-05-21 07:26:30.0');
INSERT INTO phase_criteria (project_phase_id, phase_criteria_type_id, parameter, create_user, create_date, modify_user, modify_date)
VALUES ('42', '5', 'No', '132456', '2010-05-21 07:26:30.0', '132456', '2010-05-21 07:26:30.0');
INSERT INTO phase_criteria (project_phase_id, phase_criteria_type_id, parameter, create_user, create_date, modify_user, modify_date)
VALUES ('43', '5', 'No', '132456', '2010-05-21 07:26:30.0', '132456', '2010-05-21 07:26:30.0');
INSERT INTO phase_criteria (project_phase_id, phase_criteria_type_id, parameter, create_user, create_date, modify_user, modify_date)
VALUES ('43', '1', '30000410', '132456', '2010-05-21 07:26:30.0', '132456', '2010-05-21 07:26:30.0');
INSERT INTO phase_criteria (project_phase_id, phase_criteria_type_id, parameter, create_user, create_date, modify_user, modify_date)
VALUES ('44', '5', 'No', '132456', '2010-05-21 07:26:30.0', '132456', '2010-05-21 07:26:30.0');
INSERT INTO phase_criteria (project_phase_id, phase_criteria_type_id, parameter, create_user, create_date, modify_user, modify_date)
VALUES ('44', '1', '30000411', '132456', '2010-05-21 07:26:30.0', '132456', '2010-05-21 07:26:30.0');
INSERT INTO phase_criteria (project_phase_id, phase_criteria_type_id, parameter, create_user, create_date, modify_user, modify_date)
VALUES ('44', '6', '3', '132456', '2010-05-21 07:26:30.0', '132456', '2010-05-21 07:26:30.0');
INSERT INTO phase_criteria (project_phase_id, phase_criteria_type_id, parameter, create_user, create_date, modify_user, modify_date)
VALUES ('45', '5', 'No', '132456', '2010-05-21 07:26:30.0', '132456', '2010-05-21 07:26:30.0');
INSERT INTO phase_criteria (project_phase_id, phase_criteria_type_id, parameter, create_user, create_date, modify_user, modify_date)
VALUES ('45', '4', 'No', '132456', '2010-05-21 07:26:30.0', '132456', '2010-05-21 07:26:30.0');
INSERT INTO phase_criteria (project_phase_id, phase_criteria_type_id, parameter, create_user, create_date, modify_user, modify_date)
VALUES ('46', '5', 'No', '132456', '2010-05-21 07:26:30.0', '132456', '2010-05-21 07:26:30.0');
INSERT INTO phase_criteria (project_phase_id, phase_criteria_type_id, parameter, create_user, create_date, modify_user, modify_date)
VALUES ('47', '5', 'No', '132456', '2010-05-21 07:26:30.0', '132456', '2010-05-21 07:26:30.0');
INSERT INTO phase_criteria (project_phase_id, phase_criteria_type_id, parameter, create_user, create_date, modify_user, modify_date)
VALUES ('48', '5', 'No', '132456', '2010-05-21 07:26:30.0', '132456', '2010-05-21 07:26:30.0');
INSERT INTO phase_criteria (project_phase_id, phase_criteria_type_id, parameter, create_user, create_date, modify_user, modify_date)
VALUES ('49', '5', 'No', '132456', '2010-05-21 07:26:30.0', '132456', '2010-05-21 07:26:30.0');
INSERT INTO phase_criteria (project_phase_id, phase_criteria_type_id, parameter, create_user, create_date, modify_user, modify_date)
VALUES ('50', '5', 'No', '132456', '2010-05-21 07:26:30.0', '132456', '2010-05-21 07:26:30.0');
--  Data for phase_dependency
INSERT INTO phase_dependency (dependency_phase_id, dependent_phase_id, dependency_start, dependent_start, lag_time, create_user, create_date, modify_user, modify_date)
VALUES ('41', '42', '1', '1', '0', '132456', '2010-05-21 07:26:30.0', '132456', '2010-05-21 07:26:30.0');
INSERT INTO phase_dependency (dependency_phase_id, dependent_phase_id, dependency_start, dependent_start, lag_time, create_user, create_date, modify_user, modify_date)
VALUES ('42', '43', '0', '1', '0', '132456', '2010-05-21 07:26:30.0', '132456', '2010-05-21 07:26:30.0');
INSERT INTO phase_dependency (dependency_phase_id, dependent_phase_id, dependency_start, dependent_start, lag_time, create_user, create_date, modify_user, modify_date)
VALUES ('43', '44', '0', '1', '0', '132456', '2010-05-21 07:26:30.0', '132456', '2010-05-21 07:26:30.0');
INSERT INTO phase_dependency (dependency_phase_id, dependent_phase_id, dependency_start, dependent_start, lag_time, create_user, create_date, modify_user, modify_date)
VALUES ('44', '45', '0', '1', '0', '132456', '2010-05-21 07:26:30.0', '132456', '2010-05-21 07:26:30.0');
INSERT INTO phase_dependency (dependency_phase_id, dependent_phase_id, dependency_start, dependent_start, lag_time, create_user, create_date, modify_user, modify_date)
VALUES ('45', '46', '0', '1', '0', '132456', '2010-05-21 07:26:30.0', '132456', '2010-05-21 07:26:30.0');
INSERT INTO phase_dependency (dependency_phase_id, dependent_phase_id, dependency_start, dependent_start, lag_time, create_user, create_date, modify_user, modify_date)
VALUES ('46', '47', '0', '1', '0', '132456', '2010-05-21 07:26:30.0', '132456', '2010-05-21 07:26:30.0');
INSERT INTO phase_dependency (dependency_phase_id, dependent_phase_id, dependency_start, dependent_start, lag_time, create_user, create_date, modify_user, modify_date)
VALUES ('47', '48', '0', '1', '0', '132456', '2010-05-21 07:26:30.0', '132456', '2010-05-21 07:26:30.0');
INSERT INTO phase_dependency (dependency_phase_id, dependent_phase_id, dependency_start, dependent_start, lag_time, create_user, create_date, modify_user, modify_date)
VALUES ('48', '49', '0', '1', '0', '132456', '2010-05-21 07:26:30.0', '132456', '2010-05-21 07:26:30.0');
INSERT INTO phase_dependency (dependency_phase_id, dependent_phase_id, dependency_start, dependent_start, lag_time, create_user, create_date, modify_user, modify_date)
VALUES ('49', '50', '0', '1', '0', '132456', '2010-05-21 07:26:30.0', '132456', '2010-05-21 07:26:30.0');
--  Data for resource
INSERT INTO resource (resource_id, resource_role_id, project_id, project_phase_id, create_user, create_date, modify_user, modify_date)
VALUES ('41', '13', '41', NULL, '132456', '2010-05-21 07:26:30.0', '132456', '2010-05-21 07:26:30.0');
--  Data for resource_info
INSERT INTO resource_info (resource_id, resource_info_type_id, value, create_user, create_date, modify_user, modify_date)
VALUES ('41', '1', '132456', '132456', '2010-05-21 07:26:30.0', '132456', '2010-05-21 07:26:30.0');
INSERT INTO resource_info (resource_id, resource_info_type_id, value, create_user, create_date, modify_user, modify_date)
VALUES ('41', '2', 'heffan', '132456', '2010-05-21 07:26:30.0', '132456', '2010-05-21 07:26:30.0');
--  Data for user_role
INSERT INTO user_role (user_role_id, comp_vers_id, role_id, login_id, description)
VALUES ('84', '83', '1', '132456', '');
--  Data for word_search
INSERT INTO word_search (word_search_id, document_id, index_word, nbr_occurrences)
VALUES ('87', '81', 'ever                                                                                                ', '2');
INSERT INTO word_search (word_search_id, document_id, index_word, nbr_occurrences)
VALUES ('88', '81', 'component                                                                                           ', '4');
INSERT INTO word_search (word_search_id, document_id, index_word, nbr_occurrences)
VALUES ('89', '81', 'coolest                                                                                             ', '2');
INSERT INTO word_search (word_search_id, document_id, index_word, nbr_occurrences)
VALUES ('90', '81', 'design                                                    ', '2');
--  Data for word_search_ctgy
INSERT INTO word_search_ctgy (word_srch_ctgy_id, category_id, document_id)
VALUES ('86', 'DDECATALOG                                        ', '81');
--  Data for word_search_doc
INSERT INTO word_search_doc (document_id)
VALUES ('81');
-- Data for project
INSERT INTO project (project_id, project_status_id, project_category_id, create_user, create_date, modify_user, modify_date)
VALUES ('51', '1', '7', '132458', '2010-05-21 07:26:30.0', '132458', '2010-05-21 07:26:30.0');
--  Data for project_info
INSERT INTO project_info (project_id, project_info_type_id, value, create_user, create_date, modify_user, modify_date)
VALUES ('51', '1', '103', '132458', '2010-05-21 07:26:30.0', '132458', '2010-05-21 07:26:30.0');
INSERT INTO project_info (project_id, project_info_type_id, value, create_user, create_date, modify_user, modify_date)
VALUES ('51', '2', '101', '132458', '2010-05-21 07:26:30.0', '132458', '2010-05-21 07:26:30.0');
INSERT INTO project_info (project_id, project_info_type_id, value, create_user, create_date, modify_user, modify_date)
VALUES ('51', '3', '1', '132458', '2010-05-21 07:26:30.0', '132458', '2010-05-21 07:26:30.0');
INSERT INTO project_info (project_id, project_info_type_id, value, create_user, create_date, modify_user, modify_date)
VALUES ('51', '4', '0', '132458', '2010-05-21 07:26:30.0', '132458', '2010-05-21 07:26:30.0');
INSERT INTO project_info (project_id, project_info_type_id, value, create_user, create_date, modify_user, modify_date)
VALUES ('51', '5', '5801777', '132458', '2010-05-21 07:26:30.0', '132458', '2010-05-21 07:26:30.0');
INSERT INTO project_info (project_id, project_info_type_id, value, create_user, create_date, modify_user, modify_date)
VALUES ('51', '6', 'Component 6', '132458', '2010-05-21 07:26:30.0', '132458', '2010-05-21 07:26:30.0');
INSERT INTO project_info (project_id, project_info_type_id, value, create_user, create_date, modify_user, modify_date)
VALUES ('51', '7', '1.0                 ', '132458', '2010-05-21 07:26:30.0', '132458', '2010-05-21 07:26:30.0');
INSERT INTO project_info (project_id, project_info_type_id, value, create_user, create_date, modify_user, modify_date)
VALUES ('51', '9', 'Off', '132458', '2010-05-21 07:26:30.0', '132458', '2010-05-21 07:26:30.0');
INSERT INTO project_info (project_id, project_info_type_id, value, create_user, create_date, modify_user, modify_date)
VALUES ('51', '10', 'On', '132458', '2010-05-21 07:26:30.0', '132458', '2010-05-21 07:26:30.0');
INSERT INTO project_info (project_id, project_info_type_id, value, create_user, create_date, modify_user, modify_date)
VALUES ('51', '11', 'On', '132458', '2010-05-21 07:26:30.0', '132458', '2010-05-21 07:26:30.0');
INSERT INTO project_info (project_id, project_info_type_id, value, create_user, create_date, modify_user, modify_date)
VALUES ('51', '12', 'Yes', '132458', '2010-05-21 07:26:30.0', '132458', '2010-05-21 07:26:30.0');
INSERT INTO project_info (project_id, project_info_type_id, value, create_user, create_date, modify_user, modify_date)
VALUES ('51', '13', 'Yes', '132458', '2010-05-21 07:26:30.0', '132458', '2010-05-21 07:26:30.0');
INSERT INTO project_info (project_id, project_info_type_id, value, create_user, create_date, modify_user, modify_date)
VALUES ('51', '14', 'Open', '132458', '2010-05-21 07:26:30.0', '132458', '2010-05-21 07:26:30.0');
INSERT INTO project_info (project_id, project_info_type_id, value, create_user, create_date, modify_user, modify_date)
VALUES ('51', '16', '0.0', '132458', '2010-05-21 07:26:30.0', '132458', '2010-05-21 07:26:30.0');
INSERT INTO project_info (project_id, project_info_type_id, value, create_user, create_date, modify_user, modify_date)
VALUES ('51', '26', 'On', '132458', '2010-05-21 07:26:30.0', '132458', '2010-05-21 07:26:30.0');
INSERT INTO project_info (project_id, project_info_type_id, value, create_user, create_date, modify_user, modify_date)
VALUES ('51', '29', 'On', '132458', '2010-05-21 07:26:30.0', '132458', '2010-05-21 07:26:30.0');
INSERT INTO project_info (project_id, project_info_type_id, value, create_user, create_date, modify_user, modify_date)
VALUES ('51', '41', 'true', '132458', '2010-05-21 07:26:30.0', '132458', '2010-05-21 07:26:30.0');
INSERT INTO project_info (project_id, project_info_type_id, value, create_user, create_date, modify_user, modify_date)
VALUES ('51', '43', 'true', '132458', '2010-05-21 07:26:30.0', '132458', '2010-05-21 07:26:30.0');
--  Data for project_phase
INSERT INTO project_phase (project_phase_id, project_id, phase_type_id, phase_status_id, fixed_start_time, scheduled_start_time, scheduled_end_time, actual_start_time, actual_end_time, duration, create_user, create_date, modify_user, modify_date)
VALUES ('51', '51', '1', '1', '2010-05-27 09:00:00.0', '2010-05-27 09:00:00.0', '2010-06-01 09:00:00.0', NULL, NULL, '259200000', '132458', '2010-05-21 07:26:30.0', '132458', '2010-05-21 07:26:30.0');
INSERT INTO project_phase (project_phase_id, project_id, phase_type_id, phase_status_id, fixed_start_time, scheduled_start_time, scheduled_end_time, actual_start_time, actual_end_time, duration, create_user, create_date, modify_user, modify_date)
VALUES ('52', '51', '2', '1', '2010-05-27 09:00:00.0', '2010-05-27 09:00:00.0', '2010-06-07 09:00:00.0', NULL, NULL, '604800000', '132458', '2010-05-21 07:26:30.0', '132458', '2010-05-21 07:26:30.0');
INSERT INTO project_phase (project_phase_id, project_id, phase_type_id, phase_status_id, fixed_start_time, scheduled_start_time, scheduled_end_time, actual_start_time, actual_end_time, duration, create_user, create_date, modify_user, modify_date)
VALUES ('53', '51', '3', '1', '2010-06-07 09:00:00.0', '2010-06-07 09:00:00.0', '2010-06-08 09:00:00.0', NULL, NULL, '86400000', '132458', '2010-05-21 07:26:30.0', '132458', '2010-05-21 07:26:30.0');
INSERT INTO project_phase (project_phase_id, project_id, phase_type_id, phase_status_id, fixed_start_time, scheduled_start_time, scheduled_end_time, actual_start_time, actual_end_time, duration, create_user, create_date, modify_user, modify_date)
VALUES ('54', '51', '4', '1', '2010-06-08 09:00:00.0', '2010-06-08 09:00:00.0', '2010-06-14 09:00:00.0', NULL, NULL, '345600000', '132458', '2010-05-21 07:26:30.0', '132458', '2010-05-21 07:26:30.0');
INSERT INTO project_phase (project_phase_id, project_id, phase_type_id, phase_status_id, fixed_start_time, scheduled_start_time, scheduled_end_time, actual_start_time, actual_end_time, duration, create_user, create_date, modify_user, modify_date)
VALUES ('55', '51', '5', '1', '2010-06-14 09:00:00.0', '2010-06-14 09:00:00.0', '2010-06-15 09:00:00.0', NULL, NULL, '86400000', '132458', '2010-05-21 07:26:30.0', '132458', '2010-05-21 07:26:30.0');
INSERT INTO project_phase (project_phase_id, project_id, phase_type_id, phase_status_id, fixed_start_time, scheduled_start_time, scheduled_end_time, actual_start_time, actual_end_time, duration, create_user, create_date, modify_user, modify_date)
VALUES ('56', '51', '6', '1', '2010-06-15 09:00:00.0', '2010-06-15 09:00:00.0', '2010-06-16 09:00:00.0', NULL, NULL, '86400000', '132458', '2010-05-21 07:26:30.0', '132458', '2010-05-21 07:26:30.0');
INSERT INTO project_phase (project_phase_id, project_id, phase_type_id, phase_status_id, fixed_start_time, scheduled_start_time, scheduled_end_time, actual_start_time, actual_end_time, duration, create_user, create_date, modify_user, modify_date)
VALUES ('57', '51', '7', '1', '2010-06-16 09:00:00.0', '2010-06-16 09:00:00.0', '2010-06-16 21:00:00.0', NULL, NULL, '43200000', '132458', '2010-05-21 07:26:30.0', '132458', '2010-05-21 07:26:30.0');
INSERT INTO project_phase (project_phase_id, project_id, phase_type_id, phase_status_id, fixed_start_time, scheduled_start_time, scheduled_end_time, actual_start_time, actual_end_time, duration, create_user, create_date, modify_user, modify_date)
VALUES ('58', '51', '8', '1', '2010-06-16 21:00:00.0', '2010-06-16 21:00:00.0', '2010-06-17 09:00:00.0', NULL, NULL, '43200000', '132458', '2010-05-21 07:26:30.0', '132458', '2010-05-21 07:26:30.0');
INSERT INTO project_phase (project_phase_id, project_id, phase_type_id, phase_status_id, fixed_start_time, scheduled_start_time, scheduled_end_time, actual_start_time, actual_end_time, duration, create_user, create_date, modify_user, modify_date)
VALUES ('59', '51', '9', '1', '2010-06-17 09:00:00.0', '2010-06-17 09:00:00.0', '2010-06-22 09:00:00.0', NULL, NULL, '259200000', '132458', '2010-05-21 07:26:30.0', '132458', '2010-05-21 07:26:30.0');
INSERT INTO project_phase (project_phase_id, project_id, phase_type_id, phase_status_id, fixed_start_time, scheduled_start_time, scheduled_end_time, actual_start_time, actual_end_time, duration, create_user, create_date, modify_user, modify_date)
VALUES ('60', '51', '10', '1', '2010-06-22 09:00:00.0', '2010-06-22 09:00:00.0', '2010-06-23 09:00:00.0', NULL, NULL, '86400000', '132458', '2010-05-21 07:26:30.0', '132458', '2010-05-21 07:26:30.0');
--  Data for comp_catalog
INSERT INTO comp_catalog (component_id, current_version, short_desc, component_name, description, function_desc, create_time, status_id, root_category_id, modify_date, public_ind)
VALUES ('101', '1', 'Coolest component ever', 'Component 6', 'Coolest component ever', 'Component', '2010-05-21 07:20:14.48', '102', '5801777', '2010-05-21 07:23:44.0', '0');
--  Data for comp_versions
INSERT INTO comp_versions (comp_vers_id, component_id, version, version_text, create_time, phase_id, phase_time, price, comments, modify_date,
                           suspended_ind)
VALUES ('103', '101', '1', '1.0                 ', '2010-05-21 07:20:14.48', '112', '1976-05-04 00:00:00.0', '1000.00', 'Cool', '2010-05-21 07:27:01.0', '0', NULL, NULL, NULL, NULL);
--  Data for comp_categories
INSERT INTO comp_categories (comp_categories_id, component_id, category_id)
VALUES ('105', '101', '11');
--  Data for comp_keywords
INSERT INTO comp_keywords (comp_keywords_id, component_id, keyword)
VALUES ('111', '101', 'architecture');
--  Data for comp_technology
INSERT INTO comp_technology (comp_tech_id, comp_vers_id, technology_type_id)
VALUES ('112', '103', '1');
--  Data for comp_documentation
INSERT INTO comp_documentation (document_id, comp_vers_id, document_type_id, document_name, url)
VALUES ('113', '103', '0', 'Requirements Specification', '101/103/MQTTBroker_Requirements_Specification.pdf');
--  Data for comp_jive_category_xref
INSERT INTO comp_jive_category_xref (comp_vers_id, jive_category_id)
VALUES ('103', '0');
--  Data for comp_version_dates
INSERT INTO comp_version_dates (comp_version_dates_id, comp_vers_id, phase_id, posting_date, initial_submission_date, winner_announced_date, final_submission_date,
                                estimated_dev_date, price, total_submissions, status_id, create_time, level_id, screening_complete_date, review_complete_date,
                                aggregation_complete_date, phase_complete_date, production_date, aggregation_complete_date_comment, phase_complete_date_comment,
                                review_complete_date_comment, winner_announced_date_comment, initial_submission_date_comment, screening_complete_date_comment,
                                final_submission_date_comment, production_date_comment, modify_date)
VALUES ('114', '103', '112', '1976-05-05', '2000-01-01', '2000-01-01', 
        '2000-01-01', '2000-01-01', NULL, '0', '301', '2010-05-21 07:27:01.0', '100', '2000-01-01',
        '2000-01-01', '2000-01-01', '2000-01-01', '2010-12-01', 
        NULL, NULL, NULL, NULL, NULL, NULL, NULL, '', '2010-05-21 07:27:01.0');
--  Data for phase_criteria
INSERT INTO phase_criteria (project_phase_id, phase_criteria_type_id, parameter, create_user, create_date, modify_user, modify_date)
VALUES ('51', '2', '0', '132458', '2010-05-21 07:26:30.0', '132458', '2010-05-21 07:26:30.0');
INSERT INTO phase_criteria (project_phase_id, phase_criteria_type_id, parameter, create_user, create_date, modify_user, modify_date)
VALUES ('51', '5', 'No', '132458', '2010-05-21 07:26:30.0', '132458', '2010-05-21 07:26:30.0');
INSERT INTO phase_criteria (project_phase_id, phase_criteria_type_id, parameter, create_user, create_date, modify_user, modify_date)
VALUES ('52', '3', '0', '132458', '2010-05-21 07:26:30.0', '132458', '2010-05-21 07:26:30.0');
INSERT INTO phase_criteria (project_phase_id, phase_criteria_type_id, parameter, create_user, create_date, modify_user, modify_date)
VALUES ('52', '5', 'No', '132458', '2010-05-21 07:26:30.0', '132458', '2010-05-21 07:26:30.0');
INSERT INTO phase_criteria (project_phase_id, phase_criteria_type_id, parameter, create_user, create_date, modify_user, modify_date)
VALUES ('53', '5', 'No', '132458', '2010-05-21 07:26:30.0', '132458', '2010-05-21 07:26:30.0');
INSERT INTO phase_criteria (project_phase_id, phase_criteria_type_id, parameter, create_user, create_date, modify_user, modify_date)
VALUES ('53', '1', '30000410', '132458', '2010-05-21 07:26:30.0', '132458', '2010-05-21 07:26:30.0');
INSERT INTO phase_criteria (project_phase_id, phase_criteria_type_id, parameter, create_user, create_date, modify_user, modify_date)
VALUES ('54', '5', 'No', '132458', '2010-05-21 07:26:30.0', '132458', '2010-05-21 07:26:30.0');
INSERT INTO phase_criteria (project_phase_id, phase_criteria_type_id, parameter, create_user, create_date, modify_user, modify_date)
VALUES ('54', '1', '30000411', '132458', '2010-05-21 07:26:30.0', '132458', '2010-05-21 07:26:30.0');
INSERT INTO phase_criteria (project_phase_id, phase_criteria_type_id, parameter, create_user, create_date, modify_user, modify_date)
VALUES ('54', '6', '3', '132458', '2010-05-21 07:26:30.0', '132458', '2010-05-21 07:26:30.0');
INSERT INTO phase_criteria (project_phase_id, phase_criteria_type_id, parameter, create_user, create_date, modify_user, modify_date)
VALUES ('55', '5', 'No', '132458', '2010-05-21 07:26:30.0', '132458', '2010-05-21 07:26:30.0');
INSERT INTO phase_criteria (project_phase_id, phase_criteria_type_id, parameter, create_user, create_date, modify_user, modify_date)
VALUES ('55', '4', 'No', '132458', '2010-05-21 07:26:30.0', '132458', '2010-05-21 07:26:30.0');
INSERT INTO phase_criteria (project_phase_id, phase_criteria_type_id, parameter, create_user, create_date, modify_user, modify_date)
VALUES ('56', '5', 'No', '132458', '2010-05-21 07:26:30.0', '132458', '2010-05-21 07:26:30.0');
INSERT INTO phase_criteria (project_phase_id, phase_criteria_type_id, parameter, create_user, create_date, modify_user, modify_date)
VALUES ('57', '5', 'No', '132458', '2010-05-21 07:26:30.0', '132458', '2010-05-21 07:26:30.0');
INSERT INTO phase_criteria (project_phase_id, phase_criteria_type_id, parameter, create_user, create_date, modify_user, modify_date)
VALUES ('58', '5', 'No', '132458', '2010-05-21 07:26:30.0', '132458', '2010-05-21 07:26:30.0');
INSERT INTO phase_criteria (project_phase_id, phase_criteria_type_id, parameter, create_user, create_date, modify_user, modify_date)
VALUES ('59', '5', 'No', '132458', '2010-05-21 07:26:30.0', '132458', '2010-05-21 07:26:30.0');
INSERT INTO phase_criteria (project_phase_id, phase_criteria_type_id, parameter, create_user, create_date, modify_user, modify_date)
VALUES ('60', '5', 'No', '132458', '2010-05-21 07:26:30.0', '132458', '2010-05-21 07:26:30.0');
--  Data for phase_dependency
INSERT INTO phase_dependency (dependency_phase_id, dependent_phase_id, dependency_start, dependent_start, lag_time, create_user, create_date, modify_user, modify_date)
VALUES ('51', '52', '1', '1', '0', '132458', '2010-05-21 07:26:30.0', '132458', '2010-05-21 07:26:30.0');
INSERT INTO phase_dependency (dependency_phase_id, dependent_phase_id, dependency_start, dependent_start, lag_time, create_user, create_date, modify_user, modify_date)
VALUES ('52', '53', '0', '1', '0', '132458', '2010-05-21 07:26:30.0', '132458', '2010-05-21 07:26:30.0');
INSERT INTO phase_dependency (dependency_phase_id, dependent_phase_id, dependency_start, dependent_start, lag_time, create_user, create_date, modify_user, modify_date)
VALUES ('53', '54', '0', '1', '0', '132458', '2010-05-21 07:26:30.0', '132458', '2010-05-21 07:26:30.0');
INSERT INTO phase_dependency (dependency_phase_id, dependent_phase_id, dependency_start, dependent_start, lag_time, create_user, create_date, modify_user, modify_date)
VALUES ('54', '55', '0', '1', '0', '132458', '2010-05-21 07:26:30.0', '132458', '2010-05-21 07:26:30.0');
INSERT INTO phase_dependency (dependency_phase_id, dependent_phase_id, dependency_start, dependent_start, lag_time, create_user, create_date, modify_user, modify_date)
VALUES ('55', '56', '0', '1', '0', '132458', '2010-05-21 07:26:30.0', '132458', '2010-05-21 07:26:30.0');
INSERT INTO phase_dependency (dependency_phase_id, dependent_phase_id, dependency_start, dependent_start, lag_time, create_user, create_date, modify_user, modify_date)
VALUES ('56', '57', '0', '1', '0', '132458', '2010-05-21 07:26:30.0', '132458', '2010-05-21 07:26:30.0');
INSERT INTO phase_dependency (dependency_phase_id, dependent_phase_id, dependency_start, dependent_start, lag_time, create_user, create_date, modify_user, modify_date)
VALUES ('57', '58', '0', '1', '0', '132458', '2010-05-21 07:26:30.0', '132458', '2010-05-21 07:26:30.0');
INSERT INTO phase_dependency (dependency_phase_id, dependent_phase_id, dependency_start, dependent_start, lag_time, create_user, create_date, modify_user, modify_date)
VALUES ('58', '59', '0', '1', '0', '132458', '2010-05-21 07:26:30.0', '132458', '2010-05-21 07:26:30.0');
INSERT INTO phase_dependency (dependency_phase_id, dependent_phase_id, dependency_start, dependent_start, lag_time, create_user, create_date, modify_user, modify_date)
VALUES ('59', '60', '0', '1', '0', '132458', '2010-05-21 07:26:30.0', '132458', '2010-05-21 07:26:30.0');
--  Data for resource
INSERT INTO resource (resource_id, resource_role_id, project_id, project_phase_id, create_user, create_date, modify_user, modify_date)
VALUES ('51', '13', '51', NULL, '132458', '2010-05-21 07:26:30.0', '132458', '2010-05-21 07:26:30.0');
--  Data for resource_info
INSERT INTO resource_info (resource_id, resource_info_type_id, value, create_user, create_date, modify_user, modify_date)
VALUES ('51', '1', '132458', '132458', '2010-05-21 07:26:30.0', '132458', '2010-05-21 07:26:30.0');
INSERT INTO resource_info (resource_id, resource_info_type_id, value, create_user, create_date, modify_user, modify_date)
VALUES ('51', '2', 'user', '132458', '2010-05-21 07:26:30.0', '132458', '2010-05-21 07:26:30.0');
--  Data for user_role
INSERT INTO user_role (user_role_id, comp_vers_id, role_id, login_id, description)
VALUES ('104', '103', '1', '132458', '');
--  Data for word_search
INSERT INTO word_search (word_search_id, document_id, index_word, nbr_occurrences)
VALUES ('107', '101', 'ever                                                                                                ', '2');
INSERT INTO word_search (word_search_id, document_id, index_word, nbr_occurrences)
VALUES ('108', '101', 'component                                                                                           ', '4');
INSERT INTO word_search (word_search_id, document_id, index_word, nbr_occurrences)
VALUES ('109', '101', 'coolest                                                                                             ', '2');
INSERT INTO word_search (word_search_id, document_id, index_word, nbr_occurrences)
VALUES ('110', '101', 'architecture                                                    ', '2');
--  Data for word_search_ctgy
INSERT INTO word_search_ctgy (word_srch_ctgy_id, category_id, document_id)
VALUES ('106', 'DDECATALOG                                        ', '101');
--  Data for word_search_doc
INSERT INTO word_search_doc (document_id)
VALUES ('101');
-- Data for project
INSERT INTO project (project_id, project_status_id, project_category_id, create_user, create_date, modify_user, modify_date)
VALUES ('61', '2', '1', '132458', '2010-05-21 07:26:30.0', '132458', '2010-05-21 07:26:30.0');
--  Data for project_info
INSERT INTO project_info (project_id, project_info_type_id, value, create_user, create_date, modify_user, modify_date)
VALUES ('61', '1', '123', '132458', '2010-05-21 07:26:30.0', '132458', '2010-05-21 07:26:30.0');
INSERT INTO project_info (project_id, project_info_type_id, value, create_user, create_date, modify_user, modify_date)
VALUES ('61', '2', '121', '132458', '2010-05-21 07:26:30.0', '132458', '2010-05-21 07:26:30.0');
INSERT INTO project_info (project_id, project_info_type_id, value, create_user, create_date, modify_user, modify_date)
VALUES ('61', '3', '1', '132458', '2010-05-21 07:26:30.0', '132458', '2010-05-21 07:26:30.0');
INSERT INTO project_info (project_id, project_info_type_id, value, create_user, create_date, modify_user, modify_date)
VALUES ('61', '4', '0', '132458', '2010-05-21 07:26:30.0', '132458', '2010-05-21 07:26:30.0');
INSERT INTO project_info (project_id, project_info_type_id, value, create_user, create_date, modify_user, modify_date)
VALUES ('61', '5', '5801779', '132458', '2010-05-21 07:26:30.0', '132458', '2010-05-21 07:26:30.0');
INSERT INTO project_info (project_id, project_info_type_id, value, create_user, create_date, modify_user, modify_date)
VALUES ('61', '6', 'Component 7', '132458', '2010-05-21 07:26:30.0', '132458', '2010-05-21 07:26:30.0');
INSERT INTO project_info (project_id, project_info_type_id, value, create_user, create_date, modify_user, modify_date)
VALUES ('61', '7', '1.0                 ', '132458', '2010-05-21 07:26:30.0', '132458', '2010-05-21 07:26:30.0');
INSERT INTO project_info (project_id, project_info_type_id, value, create_user, create_date, modify_user, modify_date)
VALUES ('61', '9', 'Off', '132458', '2010-05-21 07:26:30.0', '132458', '2010-05-21 07:26:30.0');
INSERT INTO project_info (project_id, project_info_type_id, value, create_user, create_date, modify_user, modify_date)
VALUES ('61', '10', 'On', '132458', '2010-05-21 07:26:30.0', '132458', '2010-05-21 07:26:30.0');
INSERT INTO project_info (project_id, project_info_type_id, value, create_user, create_date, modify_user, modify_date)
VALUES ('61', '11', 'On', '132458', '2010-05-21 07:26:30.0', '132458', '2010-05-21 07:26:30.0');
INSERT INTO project_info (project_id, project_info_type_id, value, create_user, create_date, modify_user, modify_date)
VALUES ('61', '12', 'Yes', '132458', '2010-05-21 07:26:30.0', '132458', '2010-05-21 07:26:30.0');
INSERT INTO project_info (project_id, project_info_type_id, value, create_user, create_date, modify_user, modify_date)
VALUES ('61', '13', 'Yes', '132458', '2010-05-21 07:26:30.0', '132458', '2010-05-21 07:26:30.0');
INSERT INTO project_info (project_id, project_info_type_id, value, create_user, create_date, modify_user, modify_date)
VALUES ('61', '14', 'Open', '132458', '2010-05-21 07:26:30.0', '132458', '2010-05-21 07:26:30.0');
INSERT INTO project_info (project_id, project_info_type_id, value, create_user, create_date, modify_user, modify_date)
VALUES ('61', '16', '0.0', '132458', '2010-05-21 07:26:30.0', '132458', '2010-05-21 07:26:30.0');
INSERT INTO project_info (project_id, project_info_type_id, value, create_user, create_date, modify_user, modify_date)
VALUES ('61', '26', 'On', '132458', '2010-05-21 07:26:30.0', '132458', '2010-05-21 07:26:30.0');
INSERT INTO project_info (project_id, project_info_type_id, value, create_user, create_date, modify_user, modify_date)
VALUES ('61', '29', 'On', '132458', '2010-05-21 07:26:30.0', '132458', '2010-05-21 07:26:30.0');
INSERT INTO project_info (project_id, project_info_type_id, value, create_user, create_date, modify_user, modify_date)
VALUES ('61', '41', 'true', '132458', '2010-05-21 07:26:30.0', '132458', '2010-05-21 07:26:30.0');
INSERT INTO project_info (project_id, project_info_type_id, value, create_user, create_date, modify_user, modify_date)
VALUES ('61', '43', 'true', '132458', '2010-05-21 07:26:30.0', '132458', '2010-05-21 07:26:30.0');
--  Data for project_phase
INSERT INTO project_phase (project_phase_id, project_id, phase_type_id, phase_status_id, fixed_start_time, scheduled_start_time, scheduled_end_time, actual_start_time, actual_end_time, duration, create_user, create_date, modify_user, modify_date)
VALUES ('61', '61', '1', '1', '2010-05-27 09:00:00.0', '2010-05-27 09:00:00.0', '2010-06-01 09:00:00.0', NULL, NULL, '259200000', '132458', '2010-05-21 07:26:30.0', '132458', '2010-05-21 07:26:30.0');
INSERT INTO project_phase (project_phase_id, project_id, phase_type_id, phase_status_id, fixed_start_time, scheduled_start_time, scheduled_end_time, actual_start_time, actual_end_time, duration, create_user, create_date, modify_user, modify_date)
VALUES ('62', '61', '2', '1', '2010-05-27 09:00:00.0', '2010-05-27 09:00:00.0', '2010-06-07 09:00:00.0', NULL, NULL, '604800000', '132458', '2010-05-21 07:26:30.0', '132458', '2010-05-21 07:26:30.0');
INSERT INTO project_phase (project_phase_id, project_id, phase_type_id, phase_status_id, fixed_start_time, scheduled_start_time, scheduled_end_time, actual_start_time, actual_end_time, duration, create_user, create_date, modify_user, modify_date)
VALUES ('63', '61', '3', '1', '2010-06-07 09:00:00.0', '2010-06-07 09:00:00.0', '2010-06-08 09:00:00.0', NULL, NULL, '86400000', '132458', '2010-05-21 07:26:30.0', '132458', '2010-05-21 07:26:30.0');
INSERT INTO project_phase (project_phase_id, project_id, phase_type_id, phase_status_id, fixed_start_time, scheduled_start_time, scheduled_end_time, actual_start_time, actual_end_time, duration, create_user, create_date, modify_user, modify_date)
VALUES ('64', '61', '4', '1', '2010-06-08 09:00:00.0', '2010-06-08 09:00:00.0', '2010-06-14 09:00:00.0', NULL, NULL, '345600000', '132458', '2010-05-21 07:26:30.0', '132458', '2010-05-21 07:26:30.0');
INSERT INTO project_phase (project_phase_id, project_id, phase_type_id, phase_status_id, fixed_start_time, scheduled_start_time, scheduled_end_time, actual_start_time, actual_end_time, duration, create_user, create_date, modify_user, modify_date)
VALUES ('65', '61', '5', '1', '2010-06-14 09:00:00.0', '2010-06-14 09:00:00.0', '2010-06-15 09:00:00.0', NULL, NULL, '86400000', '132458', '2010-05-21 07:26:30.0', '132458', '2010-05-21 07:26:30.0');
INSERT INTO project_phase (project_phase_id, project_id, phase_type_id, phase_status_id, fixed_start_time, scheduled_start_time, scheduled_end_time, actual_start_time, actual_end_time, duration, create_user, create_date, modify_user, modify_date)
VALUES ('66', '61', '6', '1', '2010-06-15 09:00:00.0', '2010-06-15 09:00:00.0', '2010-06-16 09:00:00.0', NULL, NULL, '86400000', '132458', '2010-05-21 07:26:30.0', '132458', '2010-05-21 07:26:30.0');
INSERT INTO project_phase (project_phase_id, project_id, phase_type_id, phase_status_id, fixed_start_time, scheduled_start_time, scheduled_end_time, actual_start_time, actual_end_time, duration, create_user, create_date, modify_user, modify_date)
VALUES ('67', '61', '7', '1', '2010-06-16 09:00:00.0', '2010-06-16 09:00:00.0', '2010-06-16 21:00:00.0', NULL, NULL, '43200000', '132458', '2010-05-21 07:26:30.0', '132458', '2010-05-21 07:26:30.0');
INSERT INTO project_phase (project_phase_id, project_id, phase_type_id, phase_status_id, fixed_start_time, scheduled_start_time, scheduled_end_time, actual_start_time, actual_end_time, duration, create_user, create_date, modify_user, modify_date)
VALUES ('68', '61', '8', '1', '2010-06-16 21:00:00.0', '2010-06-16 21:00:00.0', '2010-06-17 09:00:00.0', NULL, NULL, '43200000', '132458', '2010-05-21 07:26:30.0', '132458', '2010-05-21 07:26:30.0');
INSERT INTO project_phase (project_phase_id, project_id, phase_type_id, phase_status_id, fixed_start_time, scheduled_start_time, scheduled_end_time, actual_start_time, actual_end_time, duration, create_user, create_date, modify_user, modify_date)
VALUES ('69', '61', '9', '1', '2010-06-17 09:00:00.0', '2010-06-17 09:00:00.0', '2010-06-22 09:00:00.0', NULL, NULL, '259200000', '132458', '2010-05-21 07:26:30.0', '132458', '2010-05-21 07:26:30.0');
INSERT INTO project_phase (project_phase_id, project_id, phase_type_id, phase_status_id, fixed_start_time, scheduled_start_time, scheduled_end_time, actual_start_time, actual_end_time, duration, create_user, create_date, modify_user, modify_date)
VALUES ('70', '61', '10', '1', '2010-06-22 09:00:00.0', '2010-06-22 09:00:00.0', '2010-06-23 09:00:00.0', NULL, NULL, '86400000', '132458', '2010-05-21 07:26:30.0', '132458', '2010-05-21 07:26:30.0');
--  Data for comp_catalog
INSERT INTO comp_catalog (component_id, current_version, short_desc, component_name, description, function_desc, create_time, status_id, root_category_id, modify_date, public_ind)
VALUES ('121', '1', 'Coolest component ever', 'Component 7', 'Coolest component ever', 'Component', '2010-05-21 07:20:14.48', '102', '5801779', '2010-05-21 07:23:44.0', '0');
--  Data for comp_versions
INSERT INTO comp_versions (comp_vers_id, component_id, version, version_text, create_time, phase_id, phase_time, price, comments, modify_date,
                           suspended_ind)
VALUES ('123', '121', '1', '1.0                 ', '2010-05-21 07:20:14.48', '112', '1976-05-04 00:00:00.0', '1000.00', 'Cool', '2010-05-21 07:27:01.0', '0');
--  Data for comp_categories
INSERT INTO comp_categories (comp_categories_id, component_id, category_id)
VALUES ('125', '121', '11');
--  Data for comp_keywords
INSERT INTO comp_keywords (comp_keywords_id, component_id, keyword)
VALUES ('131', '121', 'design');
--  Data for comp_technology
INSERT INTO comp_technology (comp_tech_id, comp_vers_id, technology_type_id)
VALUES ('132', '123', '1');
--  Data for comp_documentation
INSERT INTO comp_documentation (document_id, comp_vers_id, document_type_id, document_name, url)
VALUES ('133', '123', '0', 'Requirements Specification', '121/123/MQTTBroker_Requirements_Specification.pdf');
--  Data for comp_jive_category_xref
INSERT INTO comp_jive_category_xref (comp_vers_id, jive_category_id)
VALUES ('123', '0');
--  Data for comp_version_dates
INSERT INTO comp_version_dates (comp_version_dates_id, comp_vers_id, phase_id, posting_date, initial_submission_date, winner_announced_date, final_submission_date,
                                estimated_dev_date, price, total_submissions, status_id, create_time, level_id, screening_complete_date, review_complete_date,
                                aggregation_complete_date, phase_complete_date, production_date, aggregation_complete_date_comment, phase_complete_date_comment,
                                review_complete_date_comment, winner_announced_date_comment, initial_submission_date_comment, screening_complete_date_comment,
                                final_submission_date_comment, production_date_comment, modify_date)
VALUES ('134', '123', '112', '1976-05-05', '2000-01-01', '2000-01-01', 
        '2000-01-01', '2000-01-01', NULL, '0', '301', '2010-05-21 07:27:01.0', '100', '2000-01-01',
        '2000-01-01', '2000-01-01', '2000-01-01', '2010-12-01', 
        NULL, NULL, NULL, NULL, NULL, NULL, NULL, '', '2010-05-21 07:27:01.0');
--  Data for phase_criteria
INSERT INTO phase_criteria (project_phase_id, phase_criteria_type_id, parameter, create_user, create_date, modify_user, modify_date)
VALUES ('61', '2', '0', '132458', '2010-05-21 07:26:30.0', '132458', '2010-05-21 07:26:30.0');
INSERT INTO phase_criteria (project_phase_id, phase_criteria_type_id, parameter, create_user, create_date, modify_user, modify_date)
VALUES ('61', '5', 'No', '132458', '2010-05-21 07:26:30.0', '132458', '2010-05-21 07:26:30.0');
INSERT INTO phase_criteria (project_phase_id, phase_criteria_type_id, parameter, create_user, create_date, modify_user, modify_date)
VALUES ('62', '3', '0', '132458', '2010-05-21 07:26:30.0', '132458', '2010-05-21 07:26:30.0');
INSERT INTO phase_criteria (project_phase_id, phase_criteria_type_id, parameter, create_user, create_date, modify_user, modify_date)
VALUES ('62', '5', 'No', '132458', '2010-05-21 07:26:30.0', '132458', '2010-05-21 07:26:30.0');
INSERT INTO phase_criteria (project_phase_id, phase_criteria_type_id, parameter, create_user, create_date, modify_user, modify_date)
VALUES ('63', '5', 'No', '132458', '2010-05-21 07:26:30.0', '132458', '2010-05-21 07:26:30.0');
INSERT INTO phase_criteria (project_phase_id, phase_criteria_type_id, parameter, create_user, create_date, modify_user, modify_date)
VALUES ('63', '1', '30000410', '132458', '2010-05-21 07:26:30.0', '132458', '2010-05-21 07:26:30.0');
INSERT INTO phase_criteria (project_phase_id, phase_criteria_type_id, parameter, create_user, create_date, modify_user, modify_date)
VALUES ('64', '5', 'No', '132458', '2010-05-21 07:26:30.0', '132458', '2010-05-21 07:26:30.0');
INSERT INTO phase_criteria (project_phase_id, phase_criteria_type_id, parameter, create_user, create_date, modify_user, modify_date)
VALUES ('64', '1', '30000411', '132458', '2010-05-21 07:26:30.0', '132458', '2010-05-21 07:26:30.0');
INSERT INTO phase_criteria (project_phase_id, phase_criteria_type_id, parameter, create_user, create_date, modify_user, modify_date)
VALUES ('64', '6', '3', '132458', '2010-05-21 07:26:30.0', '132458', '2010-05-21 07:26:30.0');
INSERT INTO phase_criteria (project_phase_id, phase_criteria_type_id, parameter, create_user, create_date, modify_user, modify_date)
VALUES ('65', '5', 'No', '132458', '2010-05-21 07:26:30.0', '132458', '2010-05-21 07:26:30.0');
INSERT INTO phase_criteria (project_phase_id, phase_criteria_type_id, parameter, create_user, create_date, modify_user, modify_date)
VALUES ('65', '4', 'No', '132458', '2010-05-21 07:26:30.0', '132458', '2010-05-21 07:26:30.0');
INSERT INTO phase_criteria (project_phase_id, phase_criteria_type_id, parameter, create_user, create_date, modify_user, modify_date)
VALUES ('66', '5', 'No', '132458', '2010-05-21 07:26:30.0', '132458', '2010-05-21 07:26:30.0');
INSERT INTO phase_criteria (project_phase_id, phase_criteria_type_id, parameter, create_user, create_date, modify_user, modify_date)
VALUES ('67', '5', 'No', '132458', '2010-05-21 07:26:30.0', '132458', '2010-05-21 07:26:30.0');
INSERT INTO phase_criteria (project_phase_id, phase_criteria_type_id, parameter, create_user, create_date, modify_user, modify_date)
VALUES ('68', '5', 'No', '132458', '2010-05-21 07:26:30.0', '132458', '2010-05-21 07:26:30.0');
INSERT INTO phase_criteria (project_phase_id, phase_criteria_type_id, parameter, create_user, create_date, modify_user, modify_date)
VALUES ('69', '5', 'No', '132458', '2010-05-21 07:26:30.0', '132458', '2010-05-21 07:26:30.0');
INSERT INTO phase_criteria (project_phase_id, phase_criteria_type_id, parameter, create_user, create_date, modify_user, modify_date)
VALUES ('70', '5', 'No', '132458', '2010-05-21 07:26:30.0', '132458', '2010-05-21 07:26:30.0');
--  Data for phase_dependency
INSERT INTO phase_dependency (dependency_phase_id, dependent_phase_id, dependency_start, dependent_start, lag_time, create_user, create_date, modify_user, modify_date)
VALUES ('61', '62', '1', '1', '0', '132458', '2010-05-21 07:26:30.0', '132458', '2010-05-21 07:26:30.0');
INSERT INTO phase_dependency (dependency_phase_id, dependent_phase_id, dependency_start, dependent_start, lag_time, create_user, create_date, modify_user, modify_date)
VALUES ('62', '63', '0', '1', '0', '132458', '2010-05-21 07:26:30.0', '132458', '2010-05-21 07:26:30.0');
INSERT INTO phase_dependency (dependency_phase_id, dependent_phase_id, dependency_start, dependent_start, lag_time, create_user, create_date, modify_user, modify_date)
VALUES ('63', '64', '0', '1', '0', '132458', '2010-05-21 07:26:30.0', '132458', '2010-05-21 07:26:30.0');
INSERT INTO phase_dependency (dependency_phase_id, dependent_phase_id, dependency_start, dependent_start, lag_time, create_user, create_date, modify_user, modify_date)
VALUES ('64', '65', '0', '1', '0', '132458', '2010-05-21 07:26:30.0', '132458', '2010-05-21 07:26:30.0');
INSERT INTO phase_dependency (dependency_phase_id, dependent_phase_id, dependency_start, dependent_start, lag_time, create_user, create_date, modify_user, modify_date)
VALUES ('65', '66', '0', '1', '0', '132458', '2010-05-21 07:26:30.0', '132458', '2010-05-21 07:26:30.0');
INSERT INTO phase_dependency (dependency_phase_id, dependent_phase_id, dependency_start, dependent_start, lag_time, create_user, create_date, modify_user, modify_date)
VALUES ('66', '67', '0', '1', '0', '132458', '2010-05-21 07:26:30.0', '132458', '2010-05-21 07:26:30.0');
INSERT INTO phase_dependency (dependency_phase_id, dependent_phase_id, dependency_start, dependent_start, lag_time, create_user, create_date, modify_user, modify_date)
VALUES ('67', '68', '0', '1', '0', '132458', '2010-05-21 07:26:30.0', '132458', '2010-05-21 07:26:30.0');
INSERT INTO phase_dependency (dependency_phase_id, dependent_phase_id, dependency_start, dependent_start, lag_time, create_user, create_date, modify_user, modify_date)
VALUES ('68', '69', '0', '1', '0', '132458', '2010-05-21 07:26:30.0', '132458', '2010-05-21 07:26:30.0');
INSERT INTO phase_dependency (dependency_phase_id, dependent_phase_id, dependency_start, dependent_start, lag_time, create_user, create_date, modify_user, modify_date)
VALUES ('69', '70', '0', '1', '0', '132458', '2010-05-21 07:26:30.0', '132458', '2010-05-21 07:26:30.0');
--  Data for resource
INSERT INTO resource (resource_id, resource_role_id, project_id, project_phase_id, create_user, create_date, modify_user, modify_date)
VALUES ('61', '13', '61', NULL, '132458', '2010-05-21 07:26:30.0', '132458', '2010-05-21 07:26:30.0');
--  Data for resource_info
INSERT INTO resource_info (resource_id, resource_info_type_id, value, create_user, create_date, modify_user, modify_date)
VALUES ('61', '1', '132458', '132458', '2010-05-21 07:26:30.0', '132458', '2010-05-21 07:26:30.0');
INSERT INTO resource_info (resource_id, resource_info_type_id, value, create_user, create_date, modify_user, modify_date)
VALUES ('61', '2', 'user', '132458', '2010-05-21 07:26:30.0', '132458', '2010-05-21 07:26:30.0');
--  Data for user_role
INSERT INTO user_role (user_role_id, comp_vers_id, role_id, login_id, description)
VALUES ('124', '123', '1', '132458', '');
--  Data for word_search
INSERT INTO word_search (word_search_id, document_id, index_word, nbr_occurrences)
VALUES ('127', '121', 'ever                                                                                                ', '2');
INSERT INTO word_search (word_search_id, document_id, index_word, nbr_occurrences)
VALUES ('128', '121', 'component                                                                                           ', '4');
INSERT INTO word_search (word_search_id, document_id, index_word, nbr_occurrences)
VALUES ('129', '121', 'coolest                                                                                             ', '2');
INSERT INTO word_search (word_search_id, document_id, index_word, nbr_occurrences)
VALUES ('130', '121', 'design                                                    ', '2');
--  Data for word_search_ctgy
INSERT INTO word_search_ctgy (word_srch_ctgy_id, category_id, document_id)
VALUES ('126', 'DDECATALOG                                        ', '121');
--  Data for word_search_doc
INSERT INTO word_search_doc (document_id)
VALUES ('121');
-- Data for project
INSERT INTO project (project_id, project_status_id, project_category_id, create_user, create_date, modify_user, modify_date)
VALUES ('71', '2', '7', '132457', '2010-05-21 07:26:30.0', '132457', '2010-05-21 07:26:30.0');
--  Data for project_info
INSERT INTO project_info (project_id, project_info_type_id, value, create_user, create_date, modify_user, modify_date)
VALUES ('71', '1', '143', '132457', '2010-05-21 07:26:30.0', '132457', '2010-05-21 07:26:30.0');
INSERT INTO project_info (project_id, project_info_type_id, value, create_user, create_date, modify_user, modify_date)
VALUES ('71', '2', '141', '132457', '2010-05-21 07:26:30.0', '132457', '2010-05-21 07:26:30.0');
INSERT INTO project_info (project_id, project_info_type_id, value, create_user, create_date, modify_user, modify_date)
VALUES ('71', '3', '1', '132457', '2010-05-21 07:26:30.0', '132457', '2010-05-21 07:26:30.0');
INSERT INTO project_info (project_id, project_info_type_id, value, create_user, create_date, modify_user, modify_date)
VALUES ('71', '4', '0', '132457', '2010-05-21 07:26:30.0', '132457', '2010-05-21 07:26:30.0');
INSERT INTO project_info (project_id, project_info_type_id, value, create_user, create_date, modify_user, modify_date)
VALUES ('71', '5', '5801778', '132457', '2010-05-21 07:26:30.0', '132457', '2010-05-21 07:26:30.0');
INSERT INTO project_info (project_id, project_info_type_id, value, create_user, create_date, modify_user, modify_date)
VALUES ('71', '6', 'Component 8', '132457', '2010-05-21 07:26:30.0', '132457', '2010-05-21 07:26:30.0');
INSERT INTO project_info (project_id, project_info_type_id, value, create_user, create_date, modify_user, modify_date)
VALUES ('71', '7', '1.0                 ', '132457', '2010-05-21 07:26:30.0', '132457', '2010-05-21 07:26:30.0');
INSERT INTO project_info (project_id, project_info_type_id, value, create_user, create_date, modify_user, modify_date)
VALUES ('71', '9', 'Off', '132457', '2010-05-21 07:26:30.0', '132457', '2010-05-21 07:26:30.0');
INSERT INTO project_info (project_id, project_info_type_id, value, create_user, create_date, modify_user, modify_date)
VALUES ('71', '10', 'On', '132457', '2010-05-21 07:26:30.0', '132457', '2010-05-21 07:26:30.0');
INSERT INTO project_info (project_id, project_info_type_id, value, create_user, create_date, modify_user, modify_date)
VALUES ('71', '11', 'On', '132457', '2010-05-21 07:26:30.0', '132457', '2010-05-21 07:26:30.0');
INSERT INTO project_info (project_id, project_info_type_id, value, create_user, create_date, modify_user, modify_date)
VALUES ('71', '12', 'Yes', '132457', '2010-05-21 07:26:30.0', '132457', '2010-05-21 07:26:30.0');
INSERT INTO project_info (project_id, project_info_type_id, value, create_user, create_date, modify_user, modify_date)
VALUES ('71', '13', 'Yes', '132457', '2010-05-21 07:26:30.0', '132457', '2010-05-21 07:26:30.0');
INSERT INTO project_info (project_id, project_info_type_id, value, create_user, create_date, modify_user, modify_date)
VALUES ('71', '14', 'Open', '132457', '2010-05-21 07:26:30.0', '132457', '2010-05-21 07:26:30.0');
INSERT INTO project_info (project_id, project_info_type_id, value, create_user, create_date, modify_user, modify_date)
VALUES ('71', '16', '0.0', '132457', '2010-05-21 07:26:30.0', '132457', '2010-05-21 07:26:30.0');
INSERT INTO project_info (project_id, project_info_type_id, value, create_user, create_date, modify_user, modify_date)
VALUES ('71', '26', 'On', '132457', '2010-05-21 07:26:30.0', '132457', '2010-05-21 07:26:30.0');
INSERT INTO project_info (project_id, project_info_type_id, value, create_user, create_date, modify_user, modify_date)
VALUES ('71', '29', 'On', '132457', '2010-05-21 07:26:30.0', '132457', '2010-05-21 07:26:30.0');
INSERT INTO project_info (project_id, project_info_type_id, value, create_user, create_date, modify_user, modify_date)
VALUES ('71', '41', 'true', '132457', '2010-05-21 07:26:30.0', '132457', '2010-05-21 07:26:30.0');
INSERT INTO project_info (project_id, project_info_type_id, value, create_user, create_date, modify_user, modify_date)
VALUES ('71', '43', 'true', '132457', '2010-05-21 07:26:30.0', '132457', '2010-05-21 07:26:30.0');
--  Data for project_phase
INSERT INTO project_phase (project_phase_id, project_id, phase_type_id, phase_status_id, fixed_start_time, scheduled_start_time, scheduled_end_time, actual_start_time, actual_end_time, duration, create_user, create_date, modify_user, modify_date)
VALUES ('71', '71', '1', '1', '2010-05-27 09:00:00.0', '2010-05-27 09:00:00.0', '2010-06-01 09:00:00.0', NULL, NULL, '259200000', '132457', '2010-05-21 07:26:30.0', '132457', '2010-05-21 07:26:30.0');
INSERT INTO project_phase (project_phase_id, project_id, phase_type_id, phase_status_id, fixed_start_time, scheduled_start_time, scheduled_end_time, actual_start_time, actual_end_time, duration, create_user, create_date, modify_user, modify_date)
VALUES ('72', '71', '2', '1', '2010-05-27 09:00:00.0', '2010-05-27 09:00:00.0', '2010-06-07 09:00:00.0', NULL, NULL, '604800000', '132457', '2010-05-21 07:26:30.0', '132457', '2010-05-21 07:26:30.0');
INSERT INTO project_phase (project_phase_id, project_id, phase_type_id, phase_status_id, fixed_start_time, scheduled_start_time, scheduled_end_time, actual_start_time, actual_end_time, duration, create_user, create_date, modify_user, modify_date)
VALUES ('73', '71', '3', '1', '2010-06-07 09:00:00.0', '2010-06-07 09:00:00.0', '2010-06-08 09:00:00.0', NULL, NULL, '86400000', '132457', '2010-05-21 07:26:30.0', '132457', '2010-05-21 07:26:30.0');
INSERT INTO project_phase (project_phase_id, project_id, phase_type_id, phase_status_id, fixed_start_time, scheduled_start_time, scheduled_end_time, actual_start_time, actual_end_time, duration, create_user, create_date, modify_user, modify_date)
VALUES ('74', '71', '4', '1', '2010-06-08 09:00:00.0', '2010-06-08 09:00:00.0', '2010-06-14 09:00:00.0', NULL, NULL, '345600000', '132457', '2010-05-21 07:26:30.0', '132457', '2010-05-21 07:26:30.0');
INSERT INTO project_phase (project_phase_id, project_id, phase_type_id, phase_status_id, fixed_start_time, scheduled_start_time, scheduled_end_time, actual_start_time, actual_end_time, duration, create_user, create_date, modify_user, modify_date)
VALUES ('75', '71', '5', '1', '2010-06-14 09:00:00.0', '2010-06-14 09:00:00.0', '2010-06-15 09:00:00.0', NULL, NULL, '86400000', '132457', '2010-05-21 07:26:30.0', '132457', '2010-05-21 07:26:30.0');
INSERT INTO project_phase (project_phase_id, project_id, phase_type_id, phase_status_id, fixed_start_time, scheduled_start_time, scheduled_end_time, actual_start_time, actual_end_time, duration, create_user, create_date, modify_user, modify_date)
VALUES ('76', '71', '6', '1', '2010-06-15 09:00:00.0', '2010-06-15 09:00:00.0', '2010-06-16 09:00:00.0', NULL, NULL, '86400000', '132457', '2010-05-21 07:26:30.0', '132457', '2010-05-21 07:26:30.0');
INSERT INTO project_phase (project_phase_id, project_id, phase_type_id, phase_status_id, fixed_start_time, scheduled_start_time, scheduled_end_time, actual_start_time, actual_end_time, duration, create_user, create_date, modify_user, modify_date)
VALUES ('77', '71', '7', '1', '2010-06-16 09:00:00.0', '2010-06-16 09:00:00.0', '2010-06-16 21:00:00.0', NULL, NULL, '43200000', '132457', '2010-05-21 07:26:30.0', '132457', '2010-05-21 07:26:30.0');
INSERT INTO project_phase (project_phase_id, project_id, phase_type_id, phase_status_id, fixed_start_time, scheduled_start_time, scheduled_end_time, actual_start_time, actual_end_time, duration, create_user, create_date, modify_user, modify_date)
VALUES ('78', '71', '8', '1', '2010-06-16 21:00:00.0', '2010-06-16 21:00:00.0', '2010-06-17 09:00:00.0', NULL, NULL, '43200000', '132457', '2010-05-21 07:26:30.0', '132457', '2010-05-21 07:26:30.0');
INSERT INTO project_phase (project_phase_id, project_id, phase_type_id, phase_status_id, fixed_start_time, scheduled_start_time, scheduled_end_time, actual_start_time, actual_end_time, duration, create_user, create_date, modify_user, modify_date)
VALUES ('79', '71', '9', '1', '2010-06-17 09:00:00.0', '2010-06-17 09:00:00.0', '2010-06-22 09:00:00.0', NULL, NULL, '259200000', '132457', '2010-05-21 07:26:30.0', '132457', '2010-05-21 07:26:30.0');
INSERT INTO project_phase (project_phase_id, project_id, phase_type_id, phase_status_id, fixed_start_time, scheduled_start_time, scheduled_end_time, actual_start_time, actual_end_time, duration, create_user, create_date, modify_user, modify_date)
VALUES ('80', '71', '10', '1', '2010-06-22 09:00:00.0', '2010-06-22 09:00:00.0', '2010-06-23 09:00:00.0', NULL, NULL, '86400000', '132457', '2010-05-21 07:26:30.0', '132457', '2010-05-21 07:26:30.0');
--  Data for comp_catalog
INSERT INTO comp_catalog (component_id, current_version, short_desc, component_name, description, function_desc, create_time, status_id, root_category_id, modify_date, public_ind)
VALUES ('141', '1', 'Coolest component ever', 'Component 8', 'Coolest component ever', 'Component', '2010-05-21 07:20:14.48', '102', '5801778', '2010-05-21 07:23:44.0', '0');
--  Data for comp_versions
INSERT INTO comp_versions (comp_vers_id, component_id, version, version_text, create_time, phase_id, phase_time, price, comments, modify_date,
                           suspended_ind)
VALUES ('143', '141', '1', '1.0                 ', '2010-05-21 07:20:14.48', '112', '1976-05-04 00:00:00.0', '1000.00', 'Cool', '2010-05-21 07:27:01.0', '0');
--  Data for comp_categories
INSERT INTO comp_categories (comp_categories_id, component_id, category_id)
VALUES ('145', '141', '11');
--  Data for comp_keywords
INSERT INTO comp_keywords (comp_keywords_id, component_id, keyword)
VALUES ('151', '141', 'architecture');
--  Data for comp_technology
INSERT INTO comp_technology (comp_tech_id, comp_vers_id, technology_type_id)
VALUES ('152', '143', '1');
--  Data for comp_documentation
INSERT INTO comp_documentation (document_id, comp_vers_id, document_type_id, document_name, url)
VALUES ('153', '143', '0', 'Requirements Specification', '141/143/MQTTBroker_Requirements_Specification.pdf');
--  Data for comp_jive_category_xref
INSERT INTO comp_jive_category_xref (comp_vers_id, jive_category_id)
VALUES ('143', '0');
--  Data for comp_version_dates
INSERT INTO comp_version_dates (comp_version_dates_id, comp_vers_id, phase_id, posting_date, initial_submission_date, winner_announced_date, final_submission_date,
                                estimated_dev_date, price, total_submissions, status_id, create_time, level_id, screening_complete_date, review_complete_date,
                                aggregation_complete_date, phase_complete_date, production_date, aggregation_complete_date_comment, phase_complete_date_comment,
                                review_complete_date_comment, winner_announced_date_comment, initial_submission_date_comment, screening_complete_date_comment,
                                final_submission_date_comment, production_date_comment, modify_date)
VALUES ('154', '143', '112', '1976-05-05', '2000-01-01', '2000-01-01', 
        '2000-01-01', '2000-01-01', NULL, '0', '301', '2010-05-21 07:27:01.0', '100', '2000-01-01',
        '2000-01-01', '2000-01-01', '2000-01-01', '2010-12-01', 
        NULL, NULL, NULL, NULL, NULL, NULL, NULL, '', '2010-05-21 07:27:01.0');
--  Data for phase_criteria
INSERT INTO phase_criteria (project_phase_id, phase_criteria_type_id, parameter, create_user, create_date, modify_user, modify_date)
VALUES ('71', '2', '0', '132457', '2010-05-21 07:26:30.0', '132457', '2010-05-21 07:26:30.0');
INSERT INTO phase_criteria (project_phase_id, phase_criteria_type_id, parameter, create_user, create_date, modify_user, modify_date)
VALUES ('71', '5', 'No', '132457', '2010-05-21 07:26:30.0', '132457', '2010-05-21 07:26:30.0');
INSERT INTO phase_criteria (project_phase_id, phase_criteria_type_id, parameter, create_user, create_date, modify_user, modify_date)
VALUES ('72', '3', '0', '132457', '2010-05-21 07:26:30.0', '132457', '2010-05-21 07:26:30.0');
INSERT INTO phase_criteria (project_phase_id, phase_criteria_type_id, parameter, create_user, create_date, modify_user, modify_date)
VALUES ('72', '5', 'No', '132457', '2010-05-21 07:26:30.0', '132457', '2010-05-21 07:26:30.0');
INSERT INTO phase_criteria (project_phase_id, phase_criteria_type_id, parameter, create_user, create_date, modify_user, modify_date)
VALUES ('73', '5', 'No', '132457', '2010-05-21 07:26:30.0', '132457', '2010-05-21 07:26:30.0');
INSERT INTO phase_criteria (project_phase_id, phase_criteria_type_id, parameter, create_user, create_date, modify_user, modify_date)
VALUES ('73', '1', '30000410', '132457', '2010-05-21 07:26:30.0', '132457', '2010-05-21 07:26:30.0');
INSERT INTO phase_criteria (project_phase_id, phase_criteria_type_id, parameter, create_user, create_date, modify_user, modify_date)
VALUES ('74', '5', 'No', '132457', '2010-05-21 07:26:30.0', '132457', '2010-05-21 07:26:30.0');
INSERT INTO phase_criteria (project_phase_id, phase_criteria_type_id, parameter, create_user, create_date, modify_user, modify_date)
VALUES ('74', '1', '30000411', '132457', '2010-05-21 07:26:30.0', '132457', '2010-05-21 07:26:30.0');
INSERT INTO phase_criteria (project_phase_id, phase_criteria_type_id, parameter, create_user, create_date, modify_user, modify_date)
VALUES ('74', '6', '3', '132457', '2010-05-21 07:26:30.0', '132457', '2010-05-21 07:26:30.0');
INSERT INTO phase_criteria (project_phase_id, phase_criteria_type_id, parameter, create_user, create_date, modify_user, modify_date)
VALUES ('75', '5', 'No', '132457', '2010-05-21 07:26:30.0', '132457', '2010-05-21 07:26:30.0');
INSERT INTO phase_criteria (project_phase_id, phase_criteria_type_id, parameter, create_user, create_date, modify_user, modify_date)
VALUES ('75', '4', 'No', '132457', '2010-05-21 07:26:30.0', '132457', '2010-05-21 07:26:30.0');
INSERT INTO phase_criteria (project_phase_id, phase_criteria_type_id, parameter, create_user, create_date, modify_user, modify_date)
VALUES ('76', '5', 'No', '132457', '2010-05-21 07:26:30.0', '132457', '2010-05-21 07:26:30.0');
INSERT INTO phase_criteria (project_phase_id, phase_criteria_type_id, parameter, create_user, create_date, modify_user, modify_date)
VALUES ('77', '5', 'No', '132457', '2010-05-21 07:26:30.0', '132457', '2010-05-21 07:26:30.0');
INSERT INTO phase_criteria (project_phase_id, phase_criteria_type_id, parameter, create_user, create_date, modify_user, modify_date)
VALUES ('78', '5', 'No', '132457', '2010-05-21 07:26:30.0', '132457', '2010-05-21 07:26:30.0');
INSERT INTO phase_criteria (project_phase_id, phase_criteria_type_id, parameter, create_user, create_date, modify_user, modify_date)
VALUES ('79', '5', 'No', '132457', '2010-05-21 07:26:30.0', '132457', '2010-05-21 07:26:30.0');
INSERT INTO phase_criteria (project_phase_id, phase_criteria_type_id, parameter, create_user, create_date, modify_user, modify_date)
VALUES ('80', '5', 'No', '132457', '2010-05-21 07:26:30.0', '132457', '2010-05-21 07:26:30.0');
--  Data for phase_dependency
INSERT INTO phase_dependency (dependency_phase_id, dependent_phase_id, dependency_start, dependent_start, lag_time, create_user, create_date, modify_user, modify_date)
VALUES ('71', '72', '1', '1', '0', '132457', '2010-05-21 07:26:30.0', '132457', '2010-05-21 07:26:30.0');
INSERT INTO phase_dependency (dependency_phase_id, dependent_phase_id, dependency_start, dependent_start, lag_time, create_user, create_date, modify_user, modify_date)
VALUES ('72', '73', '0', '1', '0', '132457', '2010-05-21 07:26:30.0', '132457', '2010-05-21 07:26:30.0');
INSERT INTO phase_dependency (dependency_phase_id, dependent_phase_id, dependency_start, dependent_start, lag_time, create_user, create_date, modify_user, modify_date)
VALUES ('73', '74', '0', '1', '0', '132457', '2010-05-21 07:26:30.0', '132457', '2010-05-21 07:26:30.0');
INSERT INTO phase_dependency (dependency_phase_id, dependent_phase_id, dependency_start, dependent_start, lag_time, create_user, create_date, modify_user, modify_date)
VALUES ('74', '75', '0', '1', '0', '132457', '2010-05-21 07:26:30.0', '132457', '2010-05-21 07:26:30.0');
INSERT INTO phase_dependency (dependency_phase_id, dependent_phase_id, dependency_start, dependent_start, lag_time, create_user, create_date, modify_user, modify_date)
VALUES ('75', '76', '0', '1', '0', '132457', '2010-05-21 07:26:30.0', '132457', '2010-05-21 07:26:30.0');
INSERT INTO phase_dependency (dependency_phase_id, dependent_phase_id, dependency_start, dependent_start, lag_time, create_user, create_date, modify_user, modify_date)
VALUES ('76', '77', '0', '1', '0', '132457', '2010-05-21 07:26:30.0', '132457', '2010-05-21 07:26:30.0');
INSERT INTO phase_dependency (dependency_phase_id, dependent_phase_id, dependency_start, dependent_start, lag_time, create_user, create_date, modify_user, modify_date)
VALUES ('77', '78', '0', '1', '0', '132457', '2010-05-21 07:26:30.0', '132457', '2010-05-21 07:26:30.0');
INSERT INTO phase_dependency (dependency_phase_id, dependent_phase_id, dependency_start, dependent_start, lag_time, create_user, create_date, modify_user, modify_date)
VALUES ('78', '79', '0', '1', '0', '132457', '2010-05-21 07:26:30.0', '132457', '2010-05-21 07:26:30.0');
INSERT INTO phase_dependency (dependency_phase_id, dependent_phase_id, dependency_start, dependent_start, lag_time, create_user, create_date, modify_user, modify_date)
VALUES ('79', '80', '0', '1', '0', '132457', '2010-05-21 07:26:30.0', '132457', '2010-05-21 07:26:30.0');
--  Data for resource
INSERT INTO resource (resource_id, resource_role_id, project_id, project_phase_id, create_user, create_date, modify_user, modify_date)
VALUES ('71', '13', '71', NULL, '132457', '2010-05-21 07:26:30.0', '132457', '2010-05-21 07:26:30.0');
--  Data for resource_info
INSERT INTO resource_info (resource_id, resource_info_type_id, value, create_user, create_date, modify_user, modify_date)
VALUES ('71', '1', '132457', '132457', '2010-05-21 07:26:30.0', '132457', '2010-05-21 07:26:30.0');
INSERT INTO resource_info (resource_id, resource_info_type_id, value, create_user, create_date, modify_user, modify_date)
VALUES ('71', '2', 'super', '132457', '2010-05-21 07:26:30.0', '132457', '2010-05-21 07:26:30.0');
--  Data for user_role
INSERT INTO user_role (user_role_id, comp_vers_id, role_id, login_id, description)
VALUES ('144', '143', '1', '132457', '');
--  Data for word_search
INSERT INTO word_search (word_search_id, document_id, index_word, nbr_occurrences)
VALUES ('147', '141', 'ever                                                                                                ', '2');
INSERT INTO word_search (word_search_id, document_id, index_word, nbr_occurrences)
VALUES ('148', '141', 'component                                                                                           ', '4');
INSERT INTO word_search (word_search_id, document_id, index_word, nbr_occurrences)
VALUES ('149', '141', 'coolest                                                                                             ', '2');
INSERT INTO word_search (word_search_id, document_id, index_word, nbr_occurrences)
VALUES ('150', '141', 'architecture                                                    ', '2');
--  Data for word_search_ctgy
INSERT INTO word_search_ctgy (word_srch_ctgy_id, category_id, document_id)
VALUES ('146', 'DDECATALOG                                        ', '141');
--  Data for word_search_doc
INSERT INTO word_search_doc (document_id)
VALUES ('141');
-- Data for project
INSERT INTO project (project_id, project_status_id, project_category_id, create_user, create_date, modify_user, modify_date)
VALUES ('81', '2', '2', '132458', '2010-05-21 07:26:30.0', '132458', '2010-05-21 07:26:30.0');
--  Data for project_info
INSERT INTO project_info (project_id, project_info_type_id, value, create_user, create_date, modify_user, modify_date)
VALUES ('81', '1', '163', '132458', '2010-05-21 07:26:30.0', '132458', '2010-05-21 07:26:30.0');
INSERT INTO project_info (project_id, project_info_type_id, value, create_user, create_date, modify_user, modify_date)
VALUES ('81', '2', '161', '132458', '2010-05-21 07:26:30.0', '132458', '2010-05-21 07:26:30.0');
INSERT INTO project_info (project_id, project_info_type_id, value, create_user, create_date, modify_user, modify_date)
VALUES ('81', '3', '1', '132458', '2010-05-21 07:26:30.0', '132458', '2010-05-21 07:26:30.0');
INSERT INTO project_info (project_id, project_info_type_id, value, create_user, create_date, modify_user, modify_date)
VALUES ('81', '4', '0', '132458', '2010-05-21 07:26:30.0', '132458', '2010-05-21 07:26:30.0');
INSERT INTO project_info (project_id, project_info_type_id, value, create_user, create_date, modify_user, modify_date)
VALUES ('81', '5', '5801776', '132458', '2010-05-21 07:26:30.0', '132458', '2010-05-21 07:26:30.0');
INSERT INTO project_info (project_id, project_info_type_id, value, create_user, create_date, modify_user, modify_date)
VALUES ('81', '6', 'Component 9', '132458', '2010-05-21 07:26:30.0', '132458', '2010-05-21 07:26:30.0');
INSERT INTO project_info (project_id, project_info_type_id, value, create_user, create_date, modify_user, modify_date)
VALUES ('81', '7', '1.0                 ', '132458', '2010-05-21 07:26:30.0', '132458', '2010-05-21 07:26:30.0');
INSERT INTO project_info (project_id, project_info_type_id, value, create_user, create_date, modify_user, modify_date)
VALUES ('81', '9', 'Off', '132458', '2010-05-21 07:26:30.0', '132458', '2010-05-21 07:26:30.0');
INSERT INTO project_info (project_id, project_info_type_id, value, create_user, create_date, modify_user, modify_date)
VALUES ('81', '10', 'On', '132458', '2010-05-21 07:26:30.0', '132458', '2010-05-21 07:26:30.0');
INSERT INTO project_info (project_id, project_info_type_id, value, create_user, create_date, modify_user, modify_date)
VALUES ('81', '11', 'On', '132458', '2010-05-21 07:26:30.0', '132458', '2010-05-21 07:26:30.0');
INSERT INTO project_info (project_id, project_info_type_id, value, create_user, create_date, modify_user, modify_date)
VALUES ('81', '12', 'Yes', '132458', '2010-05-21 07:26:30.0', '132458', '2010-05-21 07:26:30.0');
INSERT INTO project_info (project_id, project_info_type_id, value, create_user, create_date, modify_user, modify_date)
VALUES ('81', '13', 'Yes', '132458', '2010-05-21 07:26:30.0', '132458', '2010-05-21 07:26:30.0');
INSERT INTO project_info (project_id, project_info_type_id, value, create_user, create_date, modify_user, modify_date)
VALUES ('81', '14', 'Open', '132458', '2010-05-21 07:26:30.0', '132458', '2010-05-21 07:26:30.0');
INSERT INTO project_info (project_id, project_info_type_id, value, create_user, create_date, modify_user, modify_date)
VALUES ('81', '16', '0.0', '132458', '2010-05-21 07:26:30.0', '132458', '2010-05-21 07:26:30.0');
INSERT INTO project_info (project_id, project_info_type_id, value, create_user, create_date, modify_user, modify_date)
VALUES ('81', '26', 'On', '132458', '2010-05-21 07:26:30.0', '132458', '2010-05-21 07:26:30.0');
INSERT INTO project_info (project_id, project_info_type_id, value, create_user, create_date, modify_user, modify_date)
VALUES ('81', '29', 'On', '132458', '2010-05-21 07:26:30.0', '132458', '2010-05-21 07:26:30.0');
INSERT INTO project_info (project_id, project_info_type_id, value, create_user, create_date, modify_user, modify_date)
VALUES ('81', '41', 'true', '132458', '2010-05-21 07:26:30.0', '132458', '2010-05-21 07:26:30.0');
INSERT INTO project_info (project_id, project_info_type_id, value, create_user, create_date, modify_user, modify_date)
VALUES ('81', '43', 'true', '132458', '2010-05-21 07:26:30.0', '132458', '2010-05-21 07:26:30.0');
--  Data for project_phase
INSERT INTO project_phase (project_phase_id, project_id, phase_type_id, phase_status_id, fixed_start_time, scheduled_start_time, scheduled_end_time, actual_start_time, actual_end_time, duration, create_user, create_date, modify_user, modify_date)
VALUES ('81', '81', '1', '1', '2010-05-27 09:00:00.0', '2010-05-27 09:00:00.0', '2010-06-01 09:00:00.0', NULL, NULL, '259200000', '132458', '2010-05-21 07:26:30.0', '132458', '2010-05-21 07:26:30.0');
INSERT INTO project_phase (project_phase_id, project_id, phase_type_id, phase_status_id, fixed_start_time, scheduled_start_time, scheduled_end_time, actual_start_time, actual_end_time, duration, create_user, create_date, modify_user, modify_date)
VALUES ('82', '81', '2', '1', '2010-05-27 09:00:00.0', '2010-05-27 09:00:00.0', '2010-06-07 09:00:00.0', NULL, NULL, '604800000', '132458', '2010-05-21 07:26:30.0', '132458', '2010-05-21 07:26:30.0');
INSERT INTO project_phase (project_phase_id, project_id, phase_type_id, phase_status_id, fixed_start_time, scheduled_start_time, scheduled_end_time, actual_start_time, actual_end_time, duration, create_user, create_date, modify_user, modify_date)
VALUES ('83', '81', '3', '1', '2010-06-07 09:00:00.0', '2010-06-07 09:00:00.0', '2010-06-08 09:00:00.0', NULL, NULL, '86400000', '132458', '2010-05-21 07:26:30.0', '132458', '2010-05-21 07:26:30.0');
INSERT INTO project_phase (project_phase_id, project_id, phase_type_id, phase_status_id, fixed_start_time, scheduled_start_time, scheduled_end_time, actual_start_time, actual_end_time, duration, create_user, create_date, modify_user, modify_date)
VALUES ('84', '81', '4', '1', '2010-06-08 09:00:00.0', '2010-06-08 09:00:00.0', '2010-06-14 09:00:00.0', NULL, NULL, '345600000', '132458', '2010-05-21 07:26:30.0', '132458', '2010-05-21 07:26:30.0');
INSERT INTO project_phase (project_phase_id, project_id, phase_type_id, phase_status_id, fixed_start_time, scheduled_start_time, scheduled_end_time, actual_start_time, actual_end_time, duration, create_user, create_date, modify_user, modify_date)
VALUES ('85', '81', '5', '1', '2010-06-14 09:00:00.0', '2010-06-14 09:00:00.0', '2010-06-15 09:00:00.0', NULL, NULL, '86400000', '132458', '2010-05-21 07:26:30.0', '132458', '2010-05-21 07:26:30.0');
INSERT INTO project_phase (project_phase_id, project_id, phase_type_id, phase_status_id, fixed_start_time, scheduled_start_time, scheduled_end_time, actual_start_time, actual_end_time, duration, create_user, create_date, modify_user, modify_date)
VALUES ('86', '81', '6', '1', '2010-06-15 09:00:00.0', '2010-06-15 09:00:00.0', '2010-06-16 09:00:00.0', NULL, NULL, '86400000', '132458', '2010-05-21 07:26:30.0', '132458', '2010-05-21 07:26:30.0');
INSERT INTO project_phase (project_phase_id, project_id, phase_type_id, phase_status_id, fixed_start_time, scheduled_start_time, scheduled_end_time, actual_start_time, actual_end_time, duration, create_user, create_date, modify_user, modify_date)
VALUES ('87', '81', '7', '1', '2010-06-16 09:00:00.0', '2010-06-16 09:00:00.0', '2010-06-16 21:00:00.0', NULL, NULL, '43200000', '132458', '2010-05-21 07:26:30.0', '132458', '2010-05-21 07:26:30.0');
INSERT INTO project_phase (project_phase_id, project_id, phase_type_id, phase_status_id, fixed_start_time, scheduled_start_time, scheduled_end_time, actual_start_time, actual_end_time, duration, create_user, create_date, modify_user, modify_date)
VALUES ('88', '81', '8', '1', '2010-06-16 21:00:00.0', '2010-06-16 21:00:00.0', '2010-06-17 09:00:00.0', NULL, NULL, '43200000', '132458', '2010-05-21 07:26:30.0', '132458', '2010-05-21 07:26:30.0');
INSERT INTO project_phase (project_phase_id, project_id, phase_type_id, phase_status_id, fixed_start_time, scheduled_start_time, scheduled_end_time, actual_start_time, actual_end_time, duration, create_user, create_date, modify_user, modify_date)
VALUES ('89', '81', '9', '1', '2010-06-17 09:00:00.0', '2010-06-17 09:00:00.0', '2010-06-22 09:00:00.0', NULL, NULL, '259200000', '132458', '2010-05-21 07:26:30.0', '132458', '2010-05-21 07:26:30.0');
INSERT INTO project_phase (project_phase_id, project_id, phase_type_id, phase_status_id, fixed_start_time, scheduled_start_time, scheduled_end_time, actual_start_time, actual_end_time, duration, create_user, create_date, modify_user, modify_date)
VALUES ('90', '81', '10', '1', '2010-06-22 09:00:00.0', '2010-06-22 09:00:00.0', '2010-06-23 09:00:00.0', NULL, NULL, '86400000', '132458', '2010-05-21 07:26:30.0', '132458', '2010-05-21 07:26:30.0');
--  Data for comp_catalog
INSERT INTO comp_catalog (component_id, current_version, short_desc, component_name, description, function_desc, create_time, status_id, root_category_id, modify_date, public_ind)
VALUES ('161', '1', 'Coolest component ever', 'Component 9', 'Coolest component ever', 'Component', '2010-05-21 07:20:14.48', '102', '5801776', '2010-05-21 07:23:44.0', '0');
--  Data for comp_versions
INSERT INTO comp_versions (comp_vers_id, component_id, version, version_text, create_time, phase_id, phase_time, price, comments, modify_date,
                           suspended_ind)
VALUES ('163', '161', '1', '1.0                 ', '2010-05-21 07:20:14.48', '112', '1976-05-04 00:00:00.0', '1000.00', 'Cool', '2010-05-21 07:27:01.0', '0');
--  Data for comp_categories
INSERT INTO comp_categories (comp_categories_id, component_id, category_id)
VALUES ('165', '161', '11');
--  Data for comp_keywords
INSERT INTO comp_keywords (comp_keywords_id, component_id, keyword)
VALUES ('171', '161', 'development');
--  Data for comp_technology
INSERT INTO comp_technology (comp_tech_id, comp_vers_id, technology_type_id)
VALUES ('172', '163', '1');
--  Data for comp_documentation
INSERT INTO comp_documentation (document_id, comp_vers_id, document_type_id, document_name, url)
VALUES ('173', '163', '0', 'Requirements Specification', '161/163/MQTTBroker_Requirements_Specification.pdf');
--  Data for comp_jive_category_xref
INSERT INTO comp_jive_category_xref (comp_vers_id, jive_category_id)
VALUES ('163', '0');
--  Data for comp_version_dates
INSERT INTO comp_version_dates (comp_version_dates_id, comp_vers_id, phase_id, posting_date, initial_submission_date, winner_announced_date, final_submission_date,
                                estimated_dev_date, price, total_submissions, status_id, create_time, level_id, screening_complete_date, review_complete_date,
                                aggregation_complete_date, phase_complete_date, production_date, aggregation_complete_date_comment, phase_complete_date_comment,
                                review_complete_date_comment, winner_announced_date_comment, initial_submission_date_comment, screening_complete_date_comment,
                                final_submission_date_comment, production_date_comment, modify_date)
VALUES ('174', '163', '112', '1976-05-05', '2000-01-01', '2000-01-01', 
        '2000-01-01', '2000-01-01', NULL, '0', '301', '2010-05-21 07:27:01.0', '100', '2000-01-01',
        '2000-01-01', '2000-01-01', '2000-01-01', '2010-12-01', 
        NULL, NULL, NULL, NULL, NULL, NULL, NULL, '', '2010-05-21 07:27:01.0');
--  Data for phase_criteria
INSERT INTO phase_criteria (project_phase_id, phase_criteria_type_id, parameter, create_user, create_date, modify_user, modify_date)
VALUES ('81', '2', '0', '132458', '2010-05-21 07:26:30.0', '132458', '2010-05-21 07:26:30.0');
INSERT INTO phase_criteria (project_phase_id, phase_criteria_type_id, parameter, create_user, create_date, modify_user, modify_date)
VALUES ('81', '5', 'No', '132458', '2010-05-21 07:26:30.0', '132458', '2010-05-21 07:26:30.0');
INSERT INTO phase_criteria (project_phase_id, phase_criteria_type_id, parameter, create_user, create_date, modify_user, modify_date)
VALUES ('82', '3', '0', '132458', '2010-05-21 07:26:30.0', '132458', '2010-05-21 07:26:30.0');
INSERT INTO phase_criteria (project_phase_id, phase_criteria_type_id, parameter, create_user, create_date, modify_user, modify_date)
VALUES ('82', '5', 'No', '132458', '2010-05-21 07:26:30.0', '132458', '2010-05-21 07:26:30.0');
INSERT INTO phase_criteria (project_phase_id, phase_criteria_type_id, parameter, create_user, create_date, modify_user, modify_date)
VALUES ('83', '5', 'No', '132458', '2010-05-21 07:26:30.0', '132458', '2010-05-21 07:26:30.0');
INSERT INTO phase_criteria (project_phase_id, phase_criteria_type_id, parameter, create_user, create_date, modify_user, modify_date)
VALUES ('83', '1', '30000410', '132458', '2010-05-21 07:26:30.0', '132458', '2010-05-21 07:26:30.0');
INSERT INTO phase_criteria (project_phase_id, phase_criteria_type_id, parameter, create_user, create_date, modify_user, modify_date)
VALUES ('84', '5', 'No', '132458', '2010-05-21 07:26:30.0', '132458', '2010-05-21 07:26:30.0');
INSERT INTO phase_criteria (project_phase_id, phase_criteria_type_id, parameter, create_user, create_date, modify_user, modify_date)
VALUES ('84', '1', '30000411', '132458', '2010-05-21 07:26:30.0', '132458', '2010-05-21 07:26:30.0');
INSERT INTO phase_criteria (project_phase_id, phase_criteria_type_id, parameter, create_user, create_date, modify_user, modify_date)
VALUES ('84', '6', '3', '132458', '2010-05-21 07:26:30.0', '132458', '2010-05-21 07:26:30.0');
INSERT INTO phase_criteria (project_phase_id, phase_criteria_type_id, parameter, create_user, create_date, modify_user, modify_date)
VALUES ('85', '5', 'No', '132458', '2010-05-21 07:26:30.0', '132458', '2010-05-21 07:26:30.0');
INSERT INTO phase_criteria (project_phase_id, phase_criteria_type_id, parameter, create_user, create_date, modify_user, modify_date)
VALUES ('85', '4', 'No', '132458', '2010-05-21 07:26:30.0', '132458', '2010-05-21 07:26:30.0');
INSERT INTO phase_criteria (project_phase_id, phase_criteria_type_id, parameter, create_user, create_date, modify_user, modify_date)
VALUES ('86', '5', 'No', '132458', '2010-05-21 07:26:30.0', '132458', '2010-05-21 07:26:30.0');
INSERT INTO phase_criteria (project_phase_id, phase_criteria_type_id, parameter, create_user, create_date, modify_user, modify_date)
VALUES ('87', '5', 'No', '132458', '2010-05-21 07:26:30.0', '132458', '2010-05-21 07:26:30.0');
INSERT INTO phase_criteria (project_phase_id, phase_criteria_type_id, parameter, create_user, create_date, modify_user, modify_date)
VALUES ('88', '5', 'No', '132458', '2010-05-21 07:26:30.0', '132458', '2010-05-21 07:26:30.0');
INSERT INTO phase_criteria (project_phase_id, phase_criteria_type_id, parameter, create_user, create_date, modify_user, modify_date)
VALUES ('89', '5', 'No', '132458', '2010-05-21 07:26:30.0', '132458', '2010-05-21 07:26:30.0');
INSERT INTO phase_criteria (project_phase_id, phase_criteria_type_id, parameter, create_user, create_date, modify_user, modify_date)
VALUES ('90', '5', 'No', '132458', '2010-05-21 07:26:30.0', '132458', '2010-05-21 07:26:30.0');
--  Data for phase_dependency
INSERT INTO phase_dependency (dependency_phase_id, dependent_phase_id, dependency_start, dependent_start, lag_time, create_user, create_date, modify_user, modify_date)
VALUES ('81', '82', '1', '1', '0', '132458', '2010-05-21 07:26:30.0', '132458', '2010-05-21 07:26:30.0');
INSERT INTO phase_dependency (dependency_phase_id, dependent_phase_id, dependency_start, dependent_start, lag_time, create_user, create_date, modify_user, modify_date)
VALUES ('82', '83', '0', '1', '0', '132458', '2010-05-21 07:26:30.0', '132458', '2010-05-21 07:26:30.0');
INSERT INTO phase_dependency (dependency_phase_id, dependent_phase_id, dependency_start, dependent_start, lag_time, create_user, create_date, modify_user, modify_date)
VALUES ('83', '84', '0', '1', '0', '132458', '2010-05-21 07:26:30.0', '132458', '2010-05-21 07:26:30.0');
INSERT INTO phase_dependency (dependency_phase_id, dependent_phase_id, dependency_start, dependent_start, lag_time, create_user, create_date, modify_user, modify_date)
VALUES ('84', '85', '0', '1', '0', '132458', '2010-05-21 07:26:30.0', '132458', '2010-05-21 07:26:30.0');
INSERT INTO phase_dependency (dependency_phase_id, dependent_phase_id, dependency_start, dependent_start, lag_time, create_user, create_date, modify_user, modify_date)
VALUES ('85', '86', '0', '1', '0', '132458', '2010-05-21 07:26:30.0', '132458', '2010-05-21 07:26:30.0');
INSERT INTO phase_dependency (dependency_phase_id, dependent_phase_id, dependency_start, dependent_start, lag_time, create_user, create_date, modify_user, modify_date)
VALUES ('86', '87', '0', '1', '0', '132458', '2010-05-21 07:26:30.0', '132458', '2010-05-21 07:26:30.0');
INSERT INTO phase_dependency (dependency_phase_id, dependent_phase_id, dependency_start, dependent_start, lag_time, create_user, create_date, modify_user, modify_date)
VALUES ('87', '88', '0', '1', '0', '132458', '2010-05-21 07:26:30.0', '132458', '2010-05-21 07:26:30.0');
INSERT INTO phase_dependency (dependency_phase_id, dependent_phase_id, dependency_start, dependent_start, lag_time, create_user, create_date, modify_user, modify_date)
VALUES ('88', '89', '0', '1', '0', '132458', '2010-05-21 07:26:30.0', '132458', '2010-05-21 07:26:30.0');
INSERT INTO phase_dependency (dependency_phase_id, dependent_phase_id, dependency_start, dependent_start, lag_time, create_user, create_date, modify_user, modify_date)
VALUES ('89', '90', '0', '1', '0', '132458', '2010-05-21 07:26:30.0', '132458', '2010-05-21 07:26:30.0');
--  Data for resource
INSERT INTO resource (resource_id, resource_role_id, project_id, project_phase_id, create_user, create_date, modify_user, modify_date)
VALUES ('81', '13', '81', NULL, '132458', '2010-05-21 07:26:30.0', '132458', '2010-05-21 07:26:30.0');
--  Data for resource_info
INSERT INTO resource_info (resource_id, resource_info_type_id, value, create_user, create_date, modify_user, modify_date)
VALUES ('81', '1', '132458', '132458', '2010-05-21 07:26:30.0', '132458', '2010-05-21 07:26:30.0');
INSERT INTO resource_info (resource_id, resource_info_type_id, value, create_user, create_date, modify_user, modify_date)
VALUES ('81', '2', 'user', '132458', '2010-05-21 07:26:30.0', '132458', '2010-05-21 07:26:30.0');
--  Data for user_role
INSERT INTO user_role (user_role_id, comp_vers_id, role_id, login_id, description)
VALUES ('164', '163', '1', '132458', '');
--  Data for word_search
INSERT INTO word_search (word_search_id, document_id, index_word, nbr_occurrences)
VALUES ('167', '161', 'ever                                                                                                ', '2');
INSERT INTO word_search (word_search_id, document_id, index_word, nbr_occurrences)
VALUES ('168', '161', 'component                                                                                           ', '4');
INSERT INTO word_search (word_search_id, document_id, index_word, nbr_occurrences)
VALUES ('169', '161', 'coolest                                                                                             ', '2');
INSERT INTO word_search (word_search_id, document_id, index_word, nbr_occurrences)
VALUES ('170', '161', 'development                                                    ', '2');
--  Data for word_search_ctgy
INSERT INTO word_search_ctgy (word_srch_ctgy_id, category_id, document_id)
VALUES ('166', 'DDECATALOG                                        ', '161');
--  Data for word_search_doc
INSERT INTO word_search_doc (document_id)
VALUES ('161');
-- Data for project
INSERT INTO project (project_id, project_status_id, project_category_id, create_user, create_date, modify_user, modify_date)
VALUES ('91', '2', '1', '132458', '2010-05-21 07:26:30.0', '132458', '2010-05-21 07:26:30.0');
--  Data for project_info
INSERT INTO project_info (project_id, project_info_type_id, value, create_user, create_date, modify_user, modify_date)
VALUES ('91', '1', '183', '132458', '2010-05-21 07:26:30.0', '132458', '2010-05-21 07:26:30.0');
INSERT INTO project_info (project_id, project_info_type_id, value, create_user, create_date, modify_user, modify_date)
VALUES ('91', '2', '181', '132458', '2010-05-21 07:26:30.0', '132458', '2010-05-21 07:26:30.0');
INSERT INTO project_info (project_id, project_info_type_id, value, create_user, create_date, modify_user, modify_date)
VALUES ('91', '3', '1', '132458', '2010-05-21 07:26:30.0', '132458', '2010-05-21 07:26:30.0');
INSERT INTO project_info (project_id, project_info_type_id, value, create_user, create_date, modify_user, modify_date)
VALUES ('91', '4', '0', '132458', '2010-05-21 07:26:30.0', '132458', '2010-05-21 07:26:30.0');
INSERT INTO project_info (project_id, project_info_type_id, value, create_user, create_date, modify_user, modify_date)
VALUES ('91', '5', '5801777', '132458', '2010-05-21 07:26:30.0', '132458', '2010-05-21 07:26:30.0');
INSERT INTO project_info (project_id, project_info_type_id, value, create_user, create_date, modify_user, modify_date)
VALUES ('91', '6', 'Component 10', '132458', '2010-05-21 07:26:30.0', '132458', '2010-05-21 07:26:30.0');
INSERT INTO project_info (project_id, project_info_type_id, value, create_user, create_date, modify_user, modify_date)
VALUES ('91', '7', '1.0                 ', '132458', '2010-05-21 07:26:30.0', '132458', '2010-05-21 07:26:30.0');
INSERT INTO project_info (project_id, project_info_type_id, value, create_user, create_date, modify_user, modify_date)
VALUES ('91', '9', 'Off', '132458', '2010-05-21 07:26:30.0', '132458', '2010-05-21 07:26:30.0');
INSERT INTO project_info (project_id, project_info_type_id, value, create_user, create_date, modify_user, modify_date)
VALUES ('91', '10', 'On', '132458', '2010-05-21 07:26:30.0', '132458', '2010-05-21 07:26:30.0');
INSERT INTO project_info (project_id, project_info_type_id, value, create_user, create_date, modify_user, modify_date)
VALUES ('91', '11', 'On', '132458', '2010-05-21 07:26:30.0', '132458', '2010-05-21 07:26:30.0');
INSERT INTO project_info (project_id, project_info_type_id, value, create_user, create_date, modify_user, modify_date)
VALUES ('91', '12', 'Yes', '132458', '2010-05-21 07:26:30.0', '132458', '2010-05-21 07:26:30.0');
INSERT INTO project_info (project_id, project_info_type_id, value, create_user, create_date, modify_user, modify_date)
VALUES ('91', '13', 'Yes', '132458', '2010-05-21 07:26:30.0', '132458', '2010-05-21 07:26:30.0');
INSERT INTO project_info (project_id, project_info_type_id, value, create_user, create_date, modify_user, modify_date)
VALUES ('91', '14', 'Open', '132458', '2010-05-21 07:26:30.0', '132458', '2010-05-21 07:26:30.0');
INSERT INTO project_info (project_id, project_info_type_id, value, create_user, create_date, modify_user, modify_date)
VALUES ('91', '16', '0.0', '132458', '2010-05-21 07:26:30.0', '132458', '2010-05-21 07:26:30.0');
INSERT INTO project_info (project_id, project_info_type_id, value, create_user, create_date, modify_user, modify_date)
VALUES ('91', '26', 'On', '132458', '2010-05-21 07:26:30.0', '132458', '2010-05-21 07:26:30.0');
INSERT INTO project_info (project_id, project_info_type_id, value, create_user, create_date, modify_user, modify_date)
VALUES ('91', '29', 'On', '132458', '2010-05-21 07:26:30.0', '132458', '2010-05-21 07:26:30.0');
INSERT INTO project_info (project_id, project_info_type_id, value, create_user, create_date, modify_user, modify_date)
VALUES ('91', '41', 'true', '132458', '2010-05-21 07:26:30.0', '132458', '2010-05-21 07:26:30.0');
INSERT INTO project_info (project_id, project_info_type_id, value, create_user, create_date, modify_user, modify_date)
VALUES ('91', '43', 'true', '132458', '2010-05-21 07:26:30.0', '132458', '2010-05-21 07:26:30.0');
--  Data for project_phase
INSERT INTO project_phase (project_phase_id, project_id, phase_type_id, phase_status_id, fixed_start_time, scheduled_start_time, scheduled_end_time, actual_start_time, actual_end_time, duration, create_user, create_date, modify_user, modify_date)
VALUES ('91', '91', '1', '1', '2010-05-27 09:00:00.0', '2010-05-27 09:00:00.0', '2010-06-01 09:00:00.0', NULL, NULL, '259200000', '132458', '2010-05-21 07:26:30.0', '132458', '2010-05-21 07:26:30.0');
INSERT INTO project_phase (project_phase_id, project_id, phase_type_id, phase_status_id, fixed_start_time, scheduled_start_time, scheduled_end_time, actual_start_time, actual_end_time, duration, create_user, create_date, modify_user, modify_date)
VALUES ('92', '91', '2', '1', '2010-05-27 09:00:00.0', '2010-05-27 09:00:00.0', '2010-06-07 09:00:00.0', NULL, NULL, '604800000', '132458', '2010-05-21 07:26:30.0', '132458', '2010-05-21 07:26:30.0');
INSERT INTO project_phase (project_phase_id, project_id, phase_type_id, phase_status_id, fixed_start_time, scheduled_start_time, scheduled_end_time, actual_start_time, actual_end_time, duration, create_user, create_date, modify_user, modify_date)
VALUES ('93', '91', '3', '1', '2010-06-07 09:00:00.0', '2010-06-07 09:00:00.0', '2010-06-08 09:00:00.0', NULL, NULL, '86400000', '132458', '2010-05-21 07:26:30.0', '132458', '2010-05-21 07:26:30.0');
INSERT INTO project_phase (project_phase_id, project_id, phase_type_id, phase_status_id, fixed_start_time, scheduled_start_time, scheduled_end_time, actual_start_time, actual_end_time, duration, create_user, create_date, modify_user, modify_date)
VALUES ('94', '91', '4', '1', '2010-06-08 09:00:00.0', '2010-06-08 09:00:00.0', '2010-06-14 09:00:00.0', NULL, NULL, '345600000', '132458', '2010-05-21 07:26:30.0', '132458', '2010-05-21 07:26:30.0');
INSERT INTO project_phase (project_phase_id, project_id, phase_type_id, phase_status_id, fixed_start_time, scheduled_start_time, scheduled_end_time, actual_start_time, actual_end_time, duration, create_user, create_date, modify_user, modify_date)
VALUES ('95', '91', '5', '1', '2010-06-14 09:00:00.0', '2010-06-14 09:00:00.0', '2010-06-15 09:00:00.0', NULL, NULL, '86400000', '132458', '2010-05-21 07:26:30.0', '132458', '2010-05-21 07:26:30.0');
INSERT INTO project_phase (project_phase_id, project_id, phase_type_id, phase_status_id, fixed_start_time, scheduled_start_time, scheduled_end_time, actual_start_time, actual_end_time, duration, create_user, create_date, modify_user, modify_date)
VALUES ('96', '91', '6', '1', '2010-06-15 09:00:00.0', '2010-06-15 09:00:00.0', '2010-06-16 09:00:00.0', NULL, NULL, '86400000', '132458', '2010-05-21 07:26:30.0', '132458', '2010-05-21 07:26:30.0');
INSERT INTO project_phase (project_phase_id, project_id, phase_type_id, phase_status_id, fixed_start_time, scheduled_start_time, scheduled_end_time, actual_start_time, actual_end_time, duration, create_user, create_date, modify_user, modify_date)
VALUES ('97', '91', '7', '1', '2010-06-16 09:00:00.0', '2010-06-16 09:00:00.0', '2010-06-16 21:00:00.0', NULL, NULL, '43200000', '132458', '2010-05-21 07:26:30.0', '132458', '2010-05-21 07:26:30.0');
INSERT INTO project_phase (project_phase_id, project_id, phase_type_id, phase_status_id, fixed_start_time, scheduled_start_time, scheduled_end_time, actual_start_time, actual_end_time, duration, create_user, create_date, modify_user, modify_date)
VALUES ('98', '91', '8', '1', '2010-06-16 21:00:00.0', '2010-06-16 21:00:00.0', '2010-06-17 09:00:00.0', NULL, NULL, '43200000', '132458', '2010-05-21 07:26:30.0', '132458', '2010-05-21 07:26:30.0');
INSERT INTO project_phase (project_phase_id, project_id, phase_type_id, phase_status_id, fixed_start_time, scheduled_start_time, scheduled_end_time, actual_start_time, actual_end_time, duration, create_user, create_date, modify_user, modify_date)
VALUES ('99', '91', '9', '1', '2010-06-17 09:00:00.0', '2010-06-17 09:00:00.0', '2010-06-22 09:00:00.0', NULL, NULL, '259200000', '132458', '2010-05-21 07:26:30.0', '132458', '2010-05-21 07:26:30.0');
INSERT INTO project_phase (project_phase_id, project_id, phase_type_id, phase_status_id, fixed_start_time, scheduled_start_time, scheduled_end_time, actual_start_time, actual_end_time, duration, create_user, create_date, modify_user, modify_date)
VALUES ('100', '91', '10', '1', '2010-06-22 09:00:00.0', '2010-06-22 09:00:00.0', '2010-06-23 09:00:00.0', NULL, NULL, '86400000', '132458', '2010-05-21 07:26:30.0', '132458', '2010-05-21 07:26:30.0');
--  Data for comp_catalog
INSERT INTO comp_catalog (component_id, current_version, short_desc, component_name, description, function_desc, create_time, status_id, root_category_id, modify_date, public_ind)
VALUES ('181', '1', 'Coolest component ever', 'Component 10', 'Coolest component ever', 'Component', '2010-05-21 07:20:14.48', '102', '5801777', '2010-05-21 07:23:44.0', '0');
--  Data for comp_versions
INSERT INTO comp_versions (comp_vers_id, component_id, version, version_text, create_time, phase_id, phase_time, price, comments, modify_date,
                           suspended_ind)
VALUES ('183', '181', '1', '1.0                 ', '2010-05-21 07:20:14.48', '112', '1976-05-04 00:00:00.0', '1000.00', 'Cool', '2010-05-21 07:27:01.0', '0');
--  Data for comp_categories
INSERT INTO comp_categories (comp_categories_id, component_id, category_id)
VALUES ('185', '181', '11');
--  Data for comp_keywords
INSERT INTO comp_keywords (comp_keywords_id, component_id, keyword)
VALUES ('191', '181', 'design');
--  Data for comp_technology
INSERT INTO comp_technology (comp_tech_id, comp_vers_id, technology_type_id)
VALUES ('192', '183', '1');
--  Data for comp_documentation
INSERT INTO comp_documentation (document_id, comp_vers_id, document_type_id, document_name, url)
VALUES ('193', '183', '0', 'Requirements Specification', '181/183/MQTTBroker_Requirements_Specification.pdf');
--  Data for comp_jive_category_xref
INSERT INTO comp_jive_category_xref (comp_vers_id, jive_category_id)
VALUES ('183', '0');
--  Data for comp_version_dates
INSERT INTO comp_version_dates (comp_version_dates_id, comp_vers_id, phase_id, posting_date, initial_submission_date, winner_announced_date, final_submission_date,
                                estimated_dev_date, price, total_submissions, status_id, create_time, level_id, screening_complete_date, review_complete_date,
                                aggregation_complete_date, phase_complete_date, production_date, aggregation_complete_date_comment, phase_complete_date_comment,
                                review_complete_date_comment, winner_announced_date_comment, initial_submission_date_comment, screening_complete_date_comment,
                                final_submission_date_comment, production_date_comment, modify_date)
VALUES ('194', '183', '112', '1976-05-05', '2000-01-01', '2000-01-01', 
        '2000-01-01', '2000-01-01', NULL, '0', '301', '2010-05-21 07:27:01.0', '100', '2000-01-01',
        '2000-01-01', '2000-01-01', '2000-01-01', '2010-12-01', 
        NULL, NULL, NULL, NULL, NULL, NULL, NULL, '', '2010-05-21 07:27:01.0');
--  Data for phase_criteria
INSERT INTO phase_criteria (project_phase_id, phase_criteria_type_id, parameter, create_user, create_date, modify_user, modify_date)
VALUES ('91', '2', '0', '132458', '2010-05-21 07:26:30.0', '132458', '2010-05-21 07:26:30.0');
INSERT INTO phase_criteria (project_phase_id, phase_criteria_type_id, parameter, create_user, create_date, modify_user, modify_date)
VALUES ('91', '5', 'No', '132458', '2010-05-21 07:26:30.0', '132458', '2010-05-21 07:26:30.0');
INSERT INTO phase_criteria (project_phase_id, phase_criteria_type_id, parameter, create_user, create_date, modify_user, modify_date)
VALUES ('92', '3', '0', '132458', '2010-05-21 07:26:30.0', '132458', '2010-05-21 07:26:30.0');
INSERT INTO phase_criteria (project_phase_id, phase_criteria_type_id, parameter, create_user, create_date, modify_user, modify_date)
VALUES ('92', '5', 'No', '132458', '2010-05-21 07:26:30.0', '132458', '2010-05-21 07:26:30.0');
INSERT INTO phase_criteria (project_phase_id, phase_criteria_type_id, parameter, create_user, create_date, modify_user, modify_date)
VALUES ('93', '5', 'No', '132458', '2010-05-21 07:26:30.0', '132458', '2010-05-21 07:26:30.0');
INSERT INTO phase_criteria (project_phase_id, phase_criteria_type_id, parameter, create_user, create_date, modify_user, modify_date)
VALUES ('93', '1', '30000410', '132458', '2010-05-21 07:26:30.0', '132458', '2010-05-21 07:26:30.0');
INSERT INTO phase_criteria (project_phase_id, phase_criteria_type_id, parameter, create_user, create_date, modify_user, modify_date)
VALUES ('94', '5', 'No', '132458', '2010-05-21 07:26:30.0', '132458', '2010-05-21 07:26:30.0');
INSERT INTO phase_criteria (project_phase_id, phase_criteria_type_id, parameter, create_user, create_date, modify_user, modify_date)
VALUES ('94', '1', '30000411', '132458', '2010-05-21 07:26:30.0', '132458', '2010-05-21 07:26:30.0');
INSERT INTO phase_criteria (project_phase_id, phase_criteria_type_id, parameter, create_user, create_date, modify_user, modify_date)
VALUES ('94', '6', '3', '132458', '2010-05-21 07:26:30.0', '132458', '2010-05-21 07:26:30.0');
INSERT INTO phase_criteria (project_phase_id, phase_criteria_type_id, parameter, create_user, create_date, modify_user, modify_date)
VALUES ('95', '5', 'No', '132458', '2010-05-21 07:26:30.0', '132458', '2010-05-21 07:26:30.0');
INSERT INTO phase_criteria (project_phase_id, phase_criteria_type_id, parameter, create_user, create_date, modify_user, modify_date)
VALUES ('95', '4', 'No', '132458', '2010-05-21 07:26:30.0', '132458', '2010-05-21 07:26:30.0');
INSERT INTO phase_criteria (project_phase_id, phase_criteria_type_id, parameter, create_user, create_date, modify_user, modify_date)
VALUES ('96', '5', 'No', '132458', '2010-05-21 07:26:30.0', '132458', '2010-05-21 07:26:30.0');
INSERT INTO phase_criteria (project_phase_id, phase_criteria_type_id, parameter, create_user, create_date, modify_user, modify_date)
VALUES ('97', '5', 'No', '132458', '2010-05-21 07:26:30.0', '132458', '2010-05-21 07:26:30.0');
INSERT INTO phase_criteria (project_phase_id, phase_criteria_type_id, parameter, create_user, create_date, modify_user, modify_date)
VALUES ('98', '5', 'No', '132458', '2010-05-21 07:26:30.0', '132458', '2010-05-21 07:26:30.0');
INSERT INTO phase_criteria (project_phase_id, phase_criteria_type_id, parameter, create_user, create_date, modify_user, modify_date)
VALUES ('99', '5', 'No', '132458', '2010-05-21 07:26:30.0', '132458', '2010-05-21 07:26:30.0');
INSERT INTO phase_criteria (project_phase_id, phase_criteria_type_id, parameter, create_user, create_date, modify_user, modify_date)
VALUES ('100', '5', 'No', '132458', '2010-05-21 07:26:30.0', '132458', '2010-05-21 07:26:30.0');
--  Data for phase_dependency
INSERT INTO phase_dependency (dependency_phase_id, dependent_phase_id, dependency_start, dependent_start, lag_time, create_user, create_date, modify_user, modify_date)
VALUES ('91', '92', '1', '1', '0', '132458', '2010-05-21 07:26:30.0', '132458', '2010-05-21 07:26:30.0');
INSERT INTO phase_dependency (dependency_phase_id, dependent_phase_id, dependency_start, dependent_start, lag_time, create_user, create_date, modify_user, modify_date)
VALUES ('92', '93', '0', '1', '0', '132458', '2010-05-21 07:26:30.0', '132458', '2010-05-21 07:26:30.0');
INSERT INTO phase_dependency (dependency_phase_id, dependent_phase_id, dependency_start, dependent_start, lag_time, create_user, create_date, modify_user, modify_date)
VALUES ('93', '94', '0', '1', '0', '132458', '2010-05-21 07:26:30.0', '132458', '2010-05-21 07:26:30.0');
INSERT INTO phase_dependency (dependency_phase_id, dependent_phase_id, dependency_start, dependent_start, lag_time, create_user, create_date, modify_user, modify_date)
VALUES ('94', '95', '0', '1', '0', '132458', '2010-05-21 07:26:30.0', '132458', '2010-05-21 07:26:30.0');
INSERT INTO phase_dependency (dependency_phase_id, dependent_phase_id, dependency_start, dependent_start, lag_time, create_user, create_date, modify_user, modify_date)
VALUES ('95', '96', '0', '1', '0', '132458', '2010-05-21 07:26:30.0', '132458', '2010-05-21 07:26:30.0');
INSERT INTO phase_dependency (dependency_phase_id, dependent_phase_id, dependency_start, dependent_start, lag_time, create_user, create_date, modify_user, modify_date)
VALUES ('96', '97', '0', '1', '0', '132458', '2010-05-21 07:26:30.0', '132458', '2010-05-21 07:26:30.0');
INSERT INTO phase_dependency (dependency_phase_id, dependent_phase_id, dependency_start, dependent_start, lag_time, create_user, create_date, modify_user, modify_date)
VALUES ('97', '98', '0', '1', '0', '132458', '2010-05-21 07:26:30.0', '132458', '2010-05-21 07:26:30.0');
INSERT INTO phase_dependency (dependency_phase_id, dependent_phase_id, dependency_start, dependent_start, lag_time, create_user, create_date, modify_user, modify_date)
VALUES ('98', '99', '0', '1', '0', '132458', '2010-05-21 07:26:30.0', '132458', '2010-05-21 07:26:30.0');
INSERT INTO phase_dependency (dependency_phase_id, dependent_phase_id, dependency_start, dependent_start, lag_time, create_user, create_date, modify_user, modify_date)
VALUES ('99', '100', '0', '1', '0', '132458', '2010-05-21 07:26:30.0', '132458', '2010-05-21 07:26:30.0');
--  Data for resource
INSERT INTO resource (resource_id, resource_role_id, project_id, project_phase_id, create_user, create_date, modify_user, modify_date)
VALUES ('91', '13', '91', NULL, '132458', '2010-05-21 07:26:30.0', '132458', '2010-05-21 07:26:30.0');
--  Data for resource_info
INSERT INTO resource_info (resource_id, resource_info_type_id, value, create_user, create_date, modify_user, modify_date)
VALUES ('91', '1', '132458', '132458', '2010-05-21 07:26:30.0', '132458', '2010-05-21 07:26:30.0');
INSERT INTO resource_info (resource_id, resource_info_type_id, value, create_user, create_date, modify_user, modify_date)
VALUES ('91', '2', 'user', '132458', '2010-05-21 07:26:30.0', '132458', '2010-05-21 07:26:30.0');
--  Data for user_role
INSERT INTO user_role (user_role_id, comp_vers_id, role_id, login_id, description)
VALUES ('184', '183', '1', '132458', '');
--  Data for word_search
INSERT INTO word_search (word_search_id, document_id, index_word, nbr_occurrences)
VALUES ('187', '181', 'ever                                                                                                ', '2');
INSERT INTO word_search (word_search_id, document_id, index_word, nbr_occurrences)
VALUES ('188', '181', 'component                                                                                           ', '4');
INSERT INTO word_search (word_search_id, document_id, index_word, nbr_occurrences)
VALUES ('189', '181', 'coolest                                                                                             ', '2');
INSERT INTO word_search (word_search_id, document_id, index_word, nbr_occurrences)
VALUES ('190', '181', 'design                                                    ', '2');
--  Data for word_search_ctgy
INSERT INTO word_search_ctgy (word_srch_ctgy_id, category_id, document_id)
VALUES ('186', 'DDECATALOG                                        ', '181');
--  Data for word_search_doc
INSERT INTO word_search_doc (document_id)
VALUES ('181');
-- Data for project
INSERT INTO project (project_id, project_status_id, project_category_id, create_user, create_date, modify_user, modify_date)
VALUES ('101', '1', '7', '132457', '2010-05-21 07:26:30.0', '132457', '2010-05-21 07:26:30.0');
--  Data for project_info
INSERT INTO project_info (project_id, project_info_type_id, value, create_user, create_date, modify_user, modify_date)
VALUES ('101', '1', '203', '132457', '2010-05-21 07:26:30.0', '132457', '2010-05-21 07:26:30.0');
INSERT INTO project_info (project_id, project_info_type_id, value, create_user, create_date, modify_user, modify_date)
VALUES ('101', '2', '201', '132457', '2010-05-21 07:26:30.0', '132457', '2010-05-21 07:26:30.0');
INSERT INTO project_info (project_id, project_info_type_id, value, create_user, create_date, modify_user, modify_date)
VALUES ('101', '3', '1', '132457', '2010-05-21 07:26:30.0', '132457', '2010-05-21 07:26:30.0');
INSERT INTO project_info (project_id, project_info_type_id, value, create_user, create_date, modify_user, modify_date)
VALUES ('101', '4', '0', '132457', '2010-05-21 07:26:30.0', '132457', '2010-05-21 07:26:30.0');
INSERT INTO project_info (project_id, project_info_type_id, value, create_user, create_date, modify_user, modify_date)
VALUES ('101', '5', '5801778', '132457', '2010-05-21 07:26:30.0', '132457', '2010-05-21 07:26:30.0');
INSERT INTO project_info (project_id, project_info_type_id, value, create_user, create_date, modify_user, modify_date)
VALUES ('101', '6', 'Component 11', '132457', '2010-05-21 07:26:30.0', '132457', '2010-05-21 07:26:30.0');
INSERT INTO project_info (project_id, project_info_type_id, value, create_user, create_date, modify_user, modify_date)
VALUES ('101', '7', '1.0                 ', '132457', '2010-05-21 07:26:30.0', '132457', '2010-05-21 07:26:30.0');
INSERT INTO project_info (project_id, project_info_type_id, value, create_user, create_date, modify_user, modify_date)
VALUES ('101', '9', 'Off', '132457', '2010-05-21 07:26:30.0', '132457', '2010-05-21 07:26:30.0');
INSERT INTO project_info (project_id, project_info_type_id, value, create_user, create_date, modify_user, modify_date)
VALUES ('101', '10', 'On', '132457', '2010-05-21 07:26:30.0', '132457', '2010-05-21 07:26:30.0');
INSERT INTO project_info (project_id, project_info_type_id, value, create_user, create_date, modify_user, modify_date)
VALUES ('101', '11', 'On', '132457', '2010-05-21 07:26:30.0', '132457', '2010-05-21 07:26:30.0');
INSERT INTO project_info (project_id, project_info_type_id, value, create_user, create_date, modify_user, modify_date)
VALUES ('101', '12', 'Yes', '132457', '2010-05-21 07:26:30.0', '132457', '2010-05-21 07:26:30.0');
INSERT INTO project_info (project_id, project_info_type_id, value, create_user, create_date, modify_user, modify_date)
VALUES ('101', '13', 'Yes', '132457', '2010-05-21 07:26:30.0', '132457', '2010-05-21 07:26:30.0');
INSERT INTO project_info (project_id, project_info_type_id, value, create_user, create_date, modify_user, modify_date)
VALUES ('101', '14', 'Open', '132457', '2010-05-21 07:26:30.0', '132457', '2010-05-21 07:26:30.0');
INSERT INTO project_info (project_id, project_info_type_id, value, create_user, create_date, modify_user, modify_date)
VALUES ('101', '16', '0.0', '132457', '2010-05-21 07:26:30.0', '132457', '2010-05-21 07:26:30.0');
INSERT INTO project_info (project_id, project_info_type_id, value, create_user, create_date, modify_user, modify_date)
VALUES ('101', '26', 'On', '132457', '2010-05-21 07:26:30.0', '132457', '2010-05-21 07:26:30.0');
INSERT INTO project_info (project_id, project_info_type_id, value, create_user, create_date, modify_user, modify_date)
VALUES ('101', '29', 'On', '132457', '2010-05-21 07:26:30.0', '132457', '2010-05-21 07:26:30.0');
INSERT INTO project_info (project_id, project_info_type_id, value, create_user, create_date, modify_user, modify_date)
VALUES ('101', '41', 'true', '132457', '2010-05-21 07:26:30.0', '132457', '2010-05-21 07:26:30.0');
INSERT INTO project_info (project_id, project_info_type_id, value, create_user, create_date, modify_user, modify_date)
VALUES ('101', '43', 'true', '132457', '2010-05-21 07:26:30.0', '132457', '2010-05-21 07:26:30.0');
--  Data for project_phase
INSERT INTO project_phase (project_phase_id, project_id, phase_type_id, phase_status_id, fixed_start_time, scheduled_start_time, scheduled_end_time, actual_start_time, actual_end_time, duration, create_user, create_date, modify_user, modify_date)
VALUES ('101', '101', '1', '1', '2010-05-27 09:00:00.0', '2010-05-27 09:00:00.0', '2010-06-01 09:00:00.0', NULL, NULL, '259200000', '132457', '2010-05-21 07:26:30.0', '132457', '2010-05-21 07:26:30.0');
INSERT INTO project_phase (project_phase_id, project_id, phase_type_id, phase_status_id, fixed_start_time, scheduled_start_time, scheduled_end_time, actual_start_time, actual_end_time, duration, create_user, create_date, modify_user, modify_date)
VALUES ('102', '101', '2', '1', '2010-05-27 09:00:00.0', '2010-05-27 09:00:00.0', '2010-06-07 09:00:00.0', NULL, NULL, '604800000', '132457', '2010-05-21 07:26:30.0', '132457', '2010-05-21 07:26:30.0');
INSERT INTO project_phase (project_phase_id, project_id, phase_type_id, phase_status_id, fixed_start_time, scheduled_start_time, scheduled_end_time, actual_start_time, actual_end_time, duration, create_user, create_date, modify_user, modify_date)
VALUES ('103', '101', '3', '1', '2010-06-07 09:00:00.0', '2010-06-07 09:00:00.0', '2010-06-08 09:00:00.0', NULL, NULL, '86400000', '132457', '2010-05-21 07:26:30.0', '132457', '2010-05-21 07:26:30.0');
INSERT INTO project_phase (project_phase_id, project_id, phase_type_id, phase_status_id, fixed_start_time, scheduled_start_time, scheduled_end_time, actual_start_time, actual_end_time, duration, create_user, create_date, modify_user, modify_date)
VALUES ('104', '101', '4', '1', '2010-06-08 09:00:00.0', '2010-06-08 09:00:00.0', '2010-06-14 09:00:00.0', NULL, NULL, '345600000', '132457', '2010-05-21 07:26:30.0', '132457', '2010-05-21 07:26:30.0');
INSERT INTO project_phase (project_phase_id, project_id, phase_type_id, phase_status_id, fixed_start_time, scheduled_start_time, scheduled_end_time, actual_start_time, actual_end_time, duration, create_user, create_date, modify_user, modify_date)
VALUES ('105', '101', '5', '1', '2010-06-14 09:00:00.0', '2010-06-14 09:00:00.0', '2010-06-15 09:00:00.0', NULL, NULL, '86400000', '132457', '2010-05-21 07:26:30.0', '132457', '2010-05-21 07:26:30.0');
INSERT INTO project_phase (project_phase_id, project_id, phase_type_id, phase_status_id, fixed_start_time, scheduled_start_time, scheduled_end_time, actual_start_time, actual_end_time, duration, create_user, create_date, modify_user, modify_date)
VALUES ('106', '101', '6', '1', '2010-06-15 09:00:00.0', '2010-06-15 09:00:00.0', '2010-06-16 09:00:00.0', NULL, NULL, '86400000', '132457', '2010-05-21 07:26:30.0', '132457', '2010-05-21 07:26:30.0');
INSERT INTO project_phase (project_phase_id, project_id, phase_type_id, phase_status_id, fixed_start_time, scheduled_start_time, scheduled_end_time, actual_start_time, actual_end_time, duration, create_user, create_date, modify_user, modify_date)
VALUES ('107', '101', '7', '1', '2010-06-16 09:00:00.0', '2010-06-16 09:00:00.0', '2010-06-16 21:00:00.0', NULL, NULL, '43200000', '132457', '2010-05-21 07:26:30.0', '132457', '2010-05-21 07:26:30.0');
INSERT INTO project_phase (project_phase_id, project_id, phase_type_id, phase_status_id, fixed_start_time, scheduled_start_time, scheduled_end_time, actual_start_time, actual_end_time, duration, create_user, create_date, modify_user, modify_date)
VALUES ('108', '101', '8', '1', '2010-06-16 21:00:00.0', '2010-06-16 21:00:00.0', '2010-06-17 09:00:00.0', NULL, NULL, '43200000', '132457', '2010-05-21 07:26:30.0', '132457', '2010-05-21 07:26:30.0');
INSERT INTO project_phase (project_phase_id, project_id, phase_type_id, phase_status_id, fixed_start_time, scheduled_start_time, scheduled_end_time, actual_start_time, actual_end_time, duration, create_user, create_date, modify_user, modify_date)
VALUES ('109', '101', '9', '1', '2010-06-17 09:00:00.0', '2010-06-17 09:00:00.0', '2010-06-22 09:00:00.0', NULL, NULL, '259200000', '132457', '2010-05-21 07:26:30.0', '132457', '2010-05-21 07:26:30.0');
INSERT INTO project_phase (project_phase_id, project_id, phase_type_id, phase_status_id, fixed_start_time, scheduled_start_time, scheduled_end_time, actual_start_time, actual_end_time, duration, create_user, create_date, modify_user, modify_date)
VALUES ('110', '101', '10', '1', '2010-06-22 09:00:00.0', '2010-06-22 09:00:00.0', '2010-06-23 09:00:00.0', NULL, NULL, '86400000', '132457', '2010-05-21 07:26:30.0', '132457', '2010-05-21 07:26:30.0');
--  Data for comp_catalog
INSERT INTO comp_catalog (component_id, current_version, short_desc, component_name, description, function_desc, create_time, status_id, root_category_id, modify_date, public_ind)
VALUES ('201', '1', 'Coolest component ever', 'Component 11', 'Coolest component ever', 'Component', '2010-05-21 07:20:14.48', '102', '5801778', '2010-05-21 07:23:44.0', '0');
--  Data for comp_versions
INSERT INTO comp_versions (comp_vers_id, component_id, version, version_text, create_time, phase_id, phase_time, price, comments, modify_date,
                           suspended_ind)
VALUES ('203', '201', '1', '1.0                 ', '2010-05-21 07:20:14.48', '112', '1976-05-04 00:00:00.0', '1000.00', 'Cool', '2010-05-21 07:27:01.0', '0');
--  Data for comp_categories
INSERT INTO comp_categories (comp_categories_id, component_id, category_id)
VALUES ('205', '201', '11');
--  Data for comp_keywords
INSERT INTO comp_keywords (comp_keywords_id, component_id, keyword)
VALUES ('211', '201', 'architecture');
--  Data for comp_technology
INSERT INTO comp_technology (comp_tech_id, comp_vers_id, technology_type_id)
VALUES ('212', '203', '1');
--  Data for comp_documentation
INSERT INTO comp_documentation (document_id, comp_vers_id, document_type_id, document_name, url)
VALUES ('213', '203', '0', 'Requirements Specification', '201/203/MQTTBroker_Requirements_Specification.pdf');
--  Data for comp_jive_category_xref
INSERT INTO comp_jive_category_xref (comp_vers_id, jive_category_id)
VALUES ('203', '0');
--  Data for comp_version_dates
INSERT INTO comp_version_dates (comp_version_dates_id, comp_vers_id, phase_id, posting_date, initial_submission_date, winner_announced_date, final_submission_date,
                                estimated_dev_date, price, total_submissions, status_id, create_time, level_id, screening_complete_date, review_complete_date,
                                aggregation_complete_date, phase_complete_date, production_date, aggregation_complete_date_comment, phase_complete_date_comment,
                                review_complete_date_comment, winner_announced_date_comment, initial_submission_date_comment, screening_complete_date_comment,
                                final_submission_date_comment, production_date_comment, modify_date)
VALUES ('214', '203', '112', '1976-05-05', '2000-01-01', '2000-01-01', 
        '2000-01-01', '2000-01-01', NULL, '0', '301', '2010-05-21 07:27:01.0', '100', '2000-01-01',
        '2000-01-01', '2000-01-01', '2000-01-01', '2010-12-01', 
        NULL, NULL, NULL, NULL, NULL, NULL, NULL, '', '2010-05-21 07:27:01.0');
--  Data for phase_criteria
INSERT INTO phase_criteria (project_phase_id, phase_criteria_type_id, parameter, create_user, create_date, modify_user, modify_date)
VALUES ('101', '2', '0', '132457', '2010-05-21 07:26:30.0', '132457', '2010-05-21 07:26:30.0');
INSERT INTO phase_criteria (project_phase_id, phase_criteria_type_id, parameter, create_user, create_date, modify_user, modify_date)
VALUES ('101', '5', 'No', '132457', '2010-05-21 07:26:30.0', '132457', '2010-05-21 07:26:30.0');
INSERT INTO phase_criteria (project_phase_id, phase_criteria_type_id, parameter, create_user, create_date, modify_user, modify_date)
VALUES ('102', '3', '0', '132457', '2010-05-21 07:26:30.0', '132457', '2010-05-21 07:26:30.0');
INSERT INTO phase_criteria (project_phase_id, phase_criteria_type_id, parameter, create_user, create_date, modify_user, modify_date)
VALUES ('102', '5', 'No', '132457', '2010-05-21 07:26:30.0', '132457', '2010-05-21 07:26:30.0');
INSERT INTO phase_criteria (project_phase_id, phase_criteria_type_id, parameter, create_user, create_date, modify_user, modify_date)
VALUES ('103', '5', 'No', '132457', '2010-05-21 07:26:30.0', '132457', '2010-05-21 07:26:30.0');
INSERT INTO phase_criteria (project_phase_id, phase_criteria_type_id, parameter, create_user, create_date, modify_user, modify_date)
VALUES ('103', '1', '30000410', '132457', '2010-05-21 07:26:30.0', '132457', '2010-05-21 07:26:30.0');
INSERT INTO phase_criteria (project_phase_id, phase_criteria_type_id, parameter, create_user, create_date, modify_user, modify_date)
VALUES ('104', '5', 'No', '132457', '2010-05-21 07:26:30.0', '132457', '2010-05-21 07:26:30.0');
INSERT INTO phase_criteria (project_phase_id, phase_criteria_type_id, parameter, create_user, create_date, modify_user, modify_date)
VALUES ('104', '1', '30000411', '132457', '2010-05-21 07:26:30.0', '132457', '2010-05-21 07:26:30.0');
INSERT INTO phase_criteria (project_phase_id, phase_criteria_type_id, parameter, create_user, create_date, modify_user, modify_date)
VALUES ('104', '6', '3', '132457', '2010-05-21 07:26:30.0', '132457', '2010-05-21 07:26:30.0');
INSERT INTO phase_criteria (project_phase_id, phase_criteria_type_id, parameter, create_user, create_date, modify_user, modify_date)
VALUES ('105', '5', 'No', '132457', '2010-05-21 07:26:30.0', '132457', '2010-05-21 07:26:30.0');
INSERT INTO phase_criteria (project_phase_id, phase_criteria_type_id, parameter, create_user, create_date, modify_user, modify_date)
VALUES ('105', '4', 'No', '132457', '2010-05-21 07:26:30.0', '132457', '2010-05-21 07:26:30.0');
INSERT INTO phase_criteria (project_phase_id, phase_criteria_type_id, parameter, create_user, create_date, modify_user, modify_date)
VALUES ('106', '5', 'No', '132457', '2010-05-21 07:26:30.0', '132457', '2010-05-21 07:26:30.0');
INSERT INTO phase_criteria (project_phase_id, phase_criteria_type_id, parameter, create_user, create_date, modify_user, modify_date)
VALUES ('107', '5', 'No', '132457', '2010-05-21 07:26:30.0', '132457', '2010-05-21 07:26:30.0');
INSERT INTO phase_criteria (project_phase_id, phase_criteria_type_id, parameter, create_user, create_date, modify_user, modify_date)
VALUES ('108', '5', 'No', '132457', '2010-05-21 07:26:30.0', '132457', '2010-05-21 07:26:30.0');
INSERT INTO phase_criteria (project_phase_id, phase_criteria_type_id, parameter, create_user, create_date, modify_user, modify_date)
VALUES ('109', '5', 'No', '132457', '2010-05-21 07:26:30.0', '132457', '2010-05-21 07:26:30.0');
INSERT INTO phase_criteria (project_phase_id, phase_criteria_type_id, parameter, create_user, create_date, modify_user, modify_date)
VALUES ('110', '5', 'No', '132457', '2010-05-21 07:26:30.0', '132457', '2010-05-21 07:26:30.0');
--  Data for phase_dependency
INSERT INTO phase_dependency (dependency_phase_id, dependent_phase_id, dependency_start, dependent_start, lag_time, create_user, create_date, modify_user, modify_date)
VALUES ('101', '102', '1', '1', '0', '132457', '2010-05-21 07:26:30.0', '132457', '2010-05-21 07:26:30.0');
INSERT INTO phase_dependency (dependency_phase_id, dependent_phase_id, dependency_start, dependent_start, lag_time, create_user, create_date, modify_user, modify_date)
VALUES ('102', '103', '0', '1', '0', '132457', '2010-05-21 07:26:30.0', '132457', '2010-05-21 07:26:30.0');
INSERT INTO phase_dependency (dependency_phase_id, dependent_phase_id, dependency_start, dependent_start, lag_time, create_user, create_date, modify_user, modify_date)
VALUES ('103', '104', '0', '1', '0', '132457', '2010-05-21 07:26:30.0', '132457', '2010-05-21 07:26:30.0');
INSERT INTO phase_dependency (dependency_phase_id, dependent_phase_id, dependency_start, dependent_start, lag_time, create_user, create_date, modify_user, modify_date)
VALUES ('104', '105', '0', '1', '0', '132457', '2010-05-21 07:26:30.0', '132457', '2010-05-21 07:26:30.0');
INSERT INTO phase_dependency (dependency_phase_id, dependent_phase_id, dependency_start, dependent_start, lag_time, create_user, create_date, modify_user, modify_date)
VALUES ('105', '106', '0', '1', '0', '132457', '2010-05-21 07:26:30.0', '132457', '2010-05-21 07:26:30.0');
INSERT INTO phase_dependency (dependency_phase_id, dependent_phase_id, dependency_start, dependent_start, lag_time, create_user, create_date, modify_user, modify_date)
VALUES ('106', '107', '0', '1', '0', '132457', '2010-05-21 07:26:30.0', '132457', '2010-05-21 07:26:30.0');
INSERT INTO phase_dependency (dependency_phase_id, dependent_phase_id, dependency_start, dependent_start, lag_time, create_user, create_date, modify_user, modify_date)
VALUES ('107', '108', '0', '1', '0', '132457', '2010-05-21 07:26:30.0', '132457', '2010-05-21 07:26:30.0');
INSERT INTO phase_dependency (dependency_phase_id, dependent_phase_id, dependency_start, dependent_start, lag_time, create_user, create_date, modify_user, modify_date)
VALUES ('108', '109', '0', '1', '0', '132457', '2010-05-21 07:26:30.0', '132457', '2010-05-21 07:26:30.0');
INSERT INTO phase_dependency (dependency_phase_id, dependent_phase_id, dependency_start, dependent_start, lag_time, create_user, create_date, modify_user, modify_date)
VALUES ('109', '110', '0', '1', '0', '132457', '2010-05-21 07:26:30.0', '132457', '2010-05-21 07:26:30.0');
--  Data for resource
INSERT INTO resource (resource_id, resource_role_id, project_id, project_phase_id, create_user, create_date, modify_user, modify_date)
VALUES ('101', '13', '101', NULL, '132457', '2010-05-21 07:26:30.0', '132457', '2010-05-21 07:26:30.0');
--  Data for resource_info
INSERT INTO resource_info (resource_id, resource_info_type_id, value, create_user, create_date, modify_user, modify_date)
VALUES ('101', '1', '132457', '132457', '2010-05-21 07:26:30.0', '132457', '2010-05-21 07:26:30.0');
INSERT INTO resource_info (resource_id, resource_info_type_id, value, create_user, create_date, modify_user, modify_date)
VALUES ('101', '2', 'super', '132457', '2010-05-21 07:26:30.0', '132457', '2010-05-21 07:26:30.0');
--  Data for user_role
INSERT INTO user_role (user_role_id, comp_vers_id, role_id, login_id, description)
VALUES ('204', '203', '1', '132457', '');
--  Data for word_search
INSERT INTO word_search (word_search_id, document_id, index_word, nbr_occurrences)
VALUES ('207', '201', 'ever                                                                                                ', '2');
INSERT INTO word_search (word_search_id, document_id, index_word, nbr_occurrences)
VALUES ('208', '201', 'component                                                                                           ', '4');
INSERT INTO word_search (word_search_id, document_id, index_word, nbr_occurrences)
VALUES ('209', '201', 'coolest                                                                                             ', '2');
INSERT INTO word_search (word_search_id, document_id, index_word, nbr_occurrences)
VALUES ('210', '201', 'architecture                                                    ', '2');
--  Data for word_search_ctgy
INSERT INTO word_search_ctgy (word_srch_ctgy_id, category_id, document_id)
VALUES ('206', 'DDECATALOG                                        ', '201');
--  Data for word_search_doc
INSERT INTO word_search_doc (document_id)
VALUES ('201');
-- Data for project
INSERT INTO project (project_id, project_status_id, project_category_id, create_user, create_date, modify_user, modify_date)
VALUES ('111', '2', '2', '132458', '2010-05-21 07:26:30.0', '132458', '2010-05-21 07:26:30.0');
--  Data for project_info
INSERT INTO project_info (project_id, project_info_type_id, value, create_user, create_date, modify_user, modify_date)
VALUES ('111', '1', '223', '132458', '2010-05-21 07:26:30.0', '132458', '2010-05-21 07:26:30.0');
INSERT INTO project_info (project_id, project_info_type_id, value, create_user, create_date, modify_user, modify_date)
VALUES ('111', '2', '221', '132458', '2010-05-21 07:26:30.0', '132458', '2010-05-21 07:26:30.0');
INSERT INTO project_info (project_id, project_info_type_id, value, create_user, create_date, modify_user, modify_date)
VALUES ('111', '3', '1', '132458', '2010-05-21 07:26:30.0', '132458', '2010-05-21 07:26:30.0');
INSERT INTO project_info (project_id, project_info_type_id, value, create_user, create_date, modify_user, modify_date)
VALUES ('111', '4', '0', '132458', '2010-05-21 07:26:30.0', '132458', '2010-05-21 07:26:30.0');
INSERT INTO project_info (project_id, project_info_type_id, value, create_user, create_date, modify_user, modify_date)
VALUES ('111', '5', '5801777', '132458', '2010-05-21 07:26:30.0', '132458', '2010-05-21 07:26:30.0');
INSERT INTO project_info (project_id, project_info_type_id, value, create_user, create_date, modify_user, modify_date)
VALUES ('111', '6', 'Component 12', '132458', '2010-05-21 07:26:30.0', '132458', '2010-05-21 07:26:30.0');
INSERT INTO project_info (project_id, project_info_type_id, value, create_user, create_date, modify_user, modify_date)
VALUES ('111', '7', '1.0                 ', '132458', '2010-05-21 07:26:30.0', '132458', '2010-05-21 07:26:30.0');
INSERT INTO project_info (project_id, project_info_type_id, value, create_user, create_date, modify_user, modify_date)
VALUES ('111', '9', 'Off', '132458', '2010-05-21 07:26:30.0', '132458', '2010-05-21 07:26:30.0');
INSERT INTO project_info (project_id, project_info_type_id, value, create_user, create_date, modify_user, modify_date)
VALUES ('111', '10', 'On', '132458', '2010-05-21 07:26:30.0', '132458', '2010-05-21 07:26:30.0');
INSERT INTO project_info (project_id, project_info_type_id, value, create_user, create_date, modify_user, modify_date)
VALUES ('111', '11', 'On', '132458', '2010-05-21 07:26:30.0', '132458', '2010-05-21 07:26:30.0');
INSERT INTO project_info (project_id, project_info_type_id, value, create_user, create_date, modify_user, modify_date)
VALUES ('111', '12', 'Yes', '132458', '2010-05-21 07:26:30.0', '132458', '2010-05-21 07:26:30.0');
INSERT INTO project_info (project_id, project_info_type_id, value, create_user, create_date, modify_user, modify_date)
VALUES ('111', '13', 'Yes', '132458', '2010-05-21 07:26:30.0', '132458', '2010-05-21 07:26:30.0');
INSERT INTO project_info (project_id, project_info_type_id, value, create_user, create_date, modify_user, modify_date)
VALUES ('111', '14', 'Open', '132458', '2010-05-21 07:26:30.0', '132458', '2010-05-21 07:26:30.0');
INSERT INTO project_info (project_id, project_info_type_id, value, create_user, create_date, modify_user, modify_date)
VALUES ('111', '16', '0.0', '132458', '2010-05-21 07:26:30.0', '132458', '2010-05-21 07:26:30.0');
INSERT INTO project_info (project_id, project_info_type_id, value, create_user, create_date, modify_user, modify_date)
VALUES ('111', '26', 'On', '132458', '2010-05-21 07:26:30.0', '132458', '2010-05-21 07:26:30.0');
INSERT INTO project_info (project_id, project_info_type_id, value, create_user, create_date, modify_user, modify_date)
VALUES ('111', '29', 'On', '132458', '2010-05-21 07:26:30.0', '132458', '2010-05-21 07:26:30.0');
INSERT INTO project_info (project_id, project_info_type_id, value, create_user, create_date, modify_user, modify_date)
VALUES ('111', '41', 'true', '132458', '2010-05-21 07:26:30.0', '132458', '2010-05-21 07:26:30.0');
INSERT INTO project_info (project_id, project_info_type_id, value, create_user, create_date, modify_user, modify_date)
VALUES ('111', '43', 'true', '132458', '2010-05-21 07:26:30.0', '132458', '2010-05-21 07:26:30.0');
--  Data for project_phase
INSERT INTO project_phase (project_phase_id, project_id, phase_type_id, phase_status_id, fixed_start_time, scheduled_start_time, scheduled_end_time, actual_start_time, actual_end_time, duration, create_user, create_date, modify_user, modify_date)
VALUES ('111', '111', '1', '1', '2010-05-27 09:00:00.0', '2010-05-27 09:00:00.0', '2010-06-01 09:00:00.0', NULL, NULL, '259200000', '132458', '2010-05-21 07:26:30.0', '132458', '2010-05-21 07:26:30.0');
INSERT INTO project_phase (project_phase_id, project_id, phase_type_id, phase_status_id, fixed_start_time, scheduled_start_time, scheduled_end_time, actual_start_time, actual_end_time, duration, create_user, create_date, modify_user, modify_date)
VALUES ('112', '111', '2', '1', '2010-05-27 09:00:00.0', '2010-05-27 09:00:00.0', '2010-06-07 09:00:00.0', NULL, NULL, '604800000', '132458', '2010-05-21 07:26:30.0', '132458', '2010-05-21 07:26:30.0');
INSERT INTO project_phase (project_phase_id, project_id, phase_type_id, phase_status_id, fixed_start_time, scheduled_start_time, scheduled_end_time, actual_start_time, actual_end_time, duration, create_user, create_date, modify_user, modify_date)
VALUES ('113', '111', '3', '1', '2010-06-07 09:00:00.0', '2010-06-07 09:00:00.0', '2010-06-08 09:00:00.0', NULL, NULL, '86400000', '132458', '2010-05-21 07:26:30.0', '132458', '2010-05-21 07:26:30.0');
INSERT INTO project_phase (project_phase_id, project_id, phase_type_id, phase_status_id, fixed_start_time, scheduled_start_time, scheduled_end_time, actual_start_time, actual_end_time, duration, create_user, create_date, modify_user, modify_date)
VALUES ('114', '111', '4', '1', '2010-06-08 09:00:00.0', '2010-06-08 09:00:00.0', '2010-06-14 09:00:00.0', NULL, NULL, '345600000', '132458', '2010-05-21 07:26:30.0', '132458', '2010-05-21 07:26:30.0');
INSERT INTO project_phase (project_phase_id, project_id, phase_type_id, phase_status_id, fixed_start_time, scheduled_start_time, scheduled_end_time, actual_start_time, actual_end_time, duration, create_user, create_date, modify_user, modify_date)
VALUES ('115', '111', '5', '1', '2010-06-14 09:00:00.0', '2010-06-14 09:00:00.0', '2010-06-15 09:00:00.0', NULL, NULL, '86400000', '132458', '2010-05-21 07:26:30.0', '132458', '2010-05-21 07:26:30.0');
INSERT INTO project_phase (project_phase_id, project_id, phase_type_id, phase_status_id, fixed_start_time, scheduled_start_time, scheduled_end_time, actual_start_time, actual_end_time, duration, create_user, create_date, modify_user, modify_date)
VALUES ('116', '111', '6', '1', '2010-06-15 09:00:00.0', '2010-06-15 09:00:00.0', '2010-06-16 09:00:00.0', NULL, NULL, '86400000', '132458', '2010-05-21 07:26:30.0', '132458', '2010-05-21 07:26:30.0');
INSERT INTO project_phase (project_phase_id, project_id, phase_type_id, phase_status_id, fixed_start_time, scheduled_start_time, scheduled_end_time, actual_start_time, actual_end_time, duration, create_user, create_date, modify_user, modify_date)
VALUES ('117', '111', '7', '1', '2010-06-16 09:00:00.0', '2010-06-16 09:00:00.0', '2010-06-16 21:00:00.0', NULL, NULL, '43200000', '132458', '2010-05-21 07:26:30.0', '132458', '2010-05-21 07:26:30.0');
INSERT INTO project_phase (project_phase_id, project_id, phase_type_id, phase_status_id, fixed_start_time, scheduled_start_time, scheduled_end_time, actual_start_time, actual_end_time, duration, create_user, create_date, modify_user, modify_date)
VALUES ('118', '111', '8', '1', '2010-06-16 21:00:00.0', '2010-06-16 21:00:00.0', '2010-06-17 09:00:00.0', NULL, NULL, '43200000', '132458', '2010-05-21 07:26:30.0', '132458', '2010-05-21 07:26:30.0');
INSERT INTO project_phase (project_phase_id, project_id, phase_type_id, phase_status_id, fixed_start_time, scheduled_start_time, scheduled_end_time, actual_start_time, actual_end_time, duration, create_user, create_date, modify_user, modify_date)
VALUES ('119', '111', '9', '1', '2010-06-17 09:00:00.0', '2010-06-17 09:00:00.0', '2010-06-22 09:00:00.0', NULL, NULL, '259200000', '132458', '2010-05-21 07:26:30.0', '132458', '2010-05-21 07:26:30.0');
INSERT INTO project_phase (project_phase_id, project_id, phase_type_id, phase_status_id, fixed_start_time, scheduled_start_time, scheduled_end_time, actual_start_time, actual_end_time, duration, create_user, create_date, modify_user, modify_date)
VALUES ('120', '111', '10', '1', '2010-06-22 09:00:00.0', '2010-06-22 09:00:00.0', '2010-06-23 09:00:00.0', NULL, NULL, '86400000', '132458', '2010-05-21 07:26:30.0', '132458', '2010-05-21 07:26:30.0');
--  Data for comp_catalog
INSERT INTO comp_catalog (component_id, current_version, short_desc, component_name, description, function_desc, create_time, status_id, root_category_id, modify_date, public_ind)
VALUES ('221', '1', 'Coolest component ever', 'Component 12', 'Coolest component ever', 'Component', '2010-05-21 07:20:14.48', '102', '5801777', '2010-05-21 07:23:44.0', '0');
--  Data for comp_versions
INSERT INTO comp_versions (comp_vers_id, component_id, version, version_text, create_time, phase_id, phase_time, price, comments, modify_date,
                           suspended_ind)
VALUES ('223', '221', '1', '1.0                 ', '2010-05-21 07:20:14.48', '112', '1976-05-04 00:00:00.0', '1000.00', 'Cool', '2010-05-21 07:27:01.0', '0');
--  Data for comp_categories
INSERT INTO comp_categories (comp_categories_id, component_id, category_id)
VALUES ('225', '221', '11');
--  Data for comp_keywords
INSERT INTO comp_keywords (comp_keywords_id, component_id, keyword)
VALUES ('231', '221', 'development');
--  Data for comp_technology
INSERT INTO comp_technology (comp_tech_id, comp_vers_id, technology_type_id)
VALUES ('232', '223', '1');
--  Data for comp_documentation
INSERT INTO comp_documentation (document_id, comp_vers_id, document_type_id, document_name, url)
VALUES ('233', '223', '0', 'Requirements Specification', '221/223/MQTTBroker_Requirements_Specification.pdf');
--  Data for comp_jive_category_xref
INSERT INTO comp_jive_category_xref (comp_vers_id, jive_category_id)
VALUES ('223', '0');
--  Data for comp_version_dates
INSERT INTO comp_version_dates (comp_version_dates_id, comp_vers_id, phase_id, posting_date, initial_submission_date, winner_announced_date, final_submission_date,
                                estimated_dev_date, price, total_submissions, status_id, create_time, level_id, screening_complete_date, review_complete_date,
                                aggregation_complete_date, phase_complete_date, production_date, aggregation_complete_date_comment, phase_complete_date_comment,
                                review_complete_date_comment, winner_announced_date_comment, initial_submission_date_comment, screening_complete_date_comment,
                                final_submission_date_comment, production_date_comment, modify_date)
VALUES ('234', '223', '112', '1976-05-05', '2000-01-01', '2000-01-01', 
        '2000-01-01', '2000-01-01', NULL, '0', '301', '2010-05-21 07:27:01.0', '100', '2000-01-01',
        '2000-01-01', '2000-01-01', '2000-01-01', '2010-12-01', 
        NULL, NULL, NULL, NULL, NULL, NULL, NULL, '', '2010-05-21 07:27:01.0');
--  Data for phase_criteria
INSERT INTO phase_criteria (project_phase_id, phase_criteria_type_id, parameter, create_user, create_date, modify_user, modify_date)
VALUES ('111', '2', '0', '132458', '2010-05-21 07:26:30.0', '132458', '2010-05-21 07:26:30.0');
INSERT INTO phase_criteria (project_phase_id, phase_criteria_type_id, parameter, create_user, create_date, modify_user, modify_date)
VALUES ('111', '5', 'No', '132458', '2010-05-21 07:26:30.0', '132458', '2010-05-21 07:26:30.0');
INSERT INTO phase_criteria (project_phase_id, phase_criteria_type_id, parameter, create_user, create_date, modify_user, modify_date)
VALUES ('112', '3', '0', '132458', '2010-05-21 07:26:30.0', '132458', '2010-05-21 07:26:30.0');
INSERT INTO phase_criteria (project_phase_id, phase_criteria_type_id, parameter, create_user, create_date, modify_user, modify_date)
VALUES ('112', '5', 'No', '132458', '2010-05-21 07:26:30.0', '132458', '2010-05-21 07:26:30.0');
INSERT INTO phase_criteria (project_phase_id, phase_criteria_type_id, parameter, create_user, create_date, modify_user, modify_date)
VALUES ('113', '5', 'No', '132458', '2010-05-21 07:26:30.0', '132458', '2010-05-21 07:26:30.0');
INSERT INTO phase_criteria (project_phase_id, phase_criteria_type_id, parameter, create_user, create_date, modify_user, modify_date)
VALUES ('113', '1', '30000410', '132458', '2010-05-21 07:26:30.0', '132458', '2010-05-21 07:26:30.0');
INSERT INTO phase_criteria (project_phase_id, phase_criteria_type_id, parameter, create_user, create_date, modify_user, modify_date)
VALUES ('114', '5', 'No', '132458', '2010-05-21 07:26:30.0', '132458', '2010-05-21 07:26:30.0');
INSERT INTO phase_criteria (project_phase_id, phase_criteria_type_id, parameter, create_user, create_date, modify_user, modify_date)
VALUES ('114', '1', '30000411', '132458', '2010-05-21 07:26:30.0', '132458', '2010-05-21 07:26:30.0');
INSERT INTO phase_criteria (project_phase_id, phase_criteria_type_id, parameter, create_user, create_date, modify_user, modify_date)
VALUES ('114', '6', '3', '132458', '2010-05-21 07:26:30.0', '132458', '2010-05-21 07:26:30.0');
INSERT INTO phase_criteria (project_phase_id, phase_criteria_type_id, parameter, create_user, create_date, modify_user, modify_date)
VALUES ('115', '5', 'No', '132458', '2010-05-21 07:26:30.0', '132458', '2010-05-21 07:26:30.0');
INSERT INTO phase_criteria (project_phase_id, phase_criteria_type_id, parameter, create_user, create_date, modify_user, modify_date)
VALUES ('115', '4', 'No', '132458', '2010-05-21 07:26:30.0', '132458', '2010-05-21 07:26:30.0');
INSERT INTO phase_criteria (project_phase_id, phase_criteria_type_id, parameter, create_user, create_date, modify_user, modify_date)
VALUES ('116', '5', 'No', '132458', '2010-05-21 07:26:30.0', '132458', '2010-05-21 07:26:30.0');
INSERT INTO phase_criteria (project_phase_id, phase_criteria_type_id, parameter, create_user, create_date, modify_user, modify_date)
VALUES ('117', '5', 'No', '132458', '2010-05-21 07:26:30.0', '132458', '2010-05-21 07:26:30.0');
INSERT INTO phase_criteria (project_phase_id, phase_criteria_type_id, parameter, create_user, create_date, modify_user, modify_date)
VALUES ('118', '5', 'No', '132458', '2010-05-21 07:26:30.0', '132458', '2010-05-21 07:26:30.0');
INSERT INTO phase_criteria (project_phase_id, phase_criteria_type_id, parameter, create_user, create_date, modify_user, modify_date)
VALUES ('119', '5', 'No', '132458', '2010-05-21 07:26:30.0', '132458', '2010-05-21 07:26:30.0');
INSERT INTO phase_criteria (project_phase_id, phase_criteria_type_id, parameter, create_user, create_date, modify_user, modify_date)
VALUES ('120', '5', 'No', '132458', '2010-05-21 07:26:30.0', '132458', '2010-05-21 07:26:30.0');
--  Data for phase_dependency
INSERT INTO phase_dependency (dependency_phase_id, dependent_phase_id, dependency_start, dependent_start, lag_time, create_user, create_date, modify_user, modify_date)
VALUES ('111', '112', '1', '1', '0', '132458', '2010-05-21 07:26:30.0', '132458', '2010-05-21 07:26:30.0');
INSERT INTO phase_dependency (dependency_phase_id, dependent_phase_id, dependency_start, dependent_start, lag_time, create_user, create_date, modify_user, modify_date)
VALUES ('112', '113', '0', '1', '0', '132458', '2010-05-21 07:26:30.0', '132458', '2010-05-21 07:26:30.0');
INSERT INTO phase_dependency (dependency_phase_id, dependent_phase_id, dependency_start, dependent_start, lag_time, create_user, create_date, modify_user, modify_date)
VALUES ('113', '114', '0', '1', '0', '132458', '2010-05-21 07:26:30.0', '132458', '2010-05-21 07:26:30.0');
INSERT INTO phase_dependency (dependency_phase_id, dependent_phase_id, dependency_start, dependent_start, lag_time, create_user, create_date, modify_user, modify_date)
VALUES ('114', '115', '0', '1', '0', '132458', '2010-05-21 07:26:30.0', '132458', '2010-05-21 07:26:30.0');
INSERT INTO phase_dependency (dependency_phase_id, dependent_phase_id, dependency_start, dependent_start, lag_time, create_user, create_date, modify_user, modify_date)
VALUES ('115', '116', '0', '1', '0', '132458', '2010-05-21 07:26:30.0', '132458', '2010-05-21 07:26:30.0');
INSERT INTO phase_dependency (dependency_phase_id, dependent_phase_id, dependency_start, dependent_start, lag_time, create_user, create_date, modify_user, modify_date)
VALUES ('116', '117', '0', '1', '0', '132458', '2010-05-21 07:26:30.0', '132458', '2010-05-21 07:26:30.0');
INSERT INTO phase_dependency (dependency_phase_id, dependent_phase_id, dependency_start, dependent_start, lag_time, create_user, create_date, modify_user, modify_date)
VALUES ('117', '118', '0', '1', '0', '132458', '2010-05-21 07:26:30.0', '132458', '2010-05-21 07:26:30.0');
INSERT INTO phase_dependency (dependency_phase_id, dependent_phase_id, dependency_start, dependent_start, lag_time, create_user, create_date, modify_user, modify_date)
VALUES ('118', '119', '0', '1', '0', '132458', '2010-05-21 07:26:30.0', '132458', '2010-05-21 07:26:30.0');
INSERT INTO phase_dependency (dependency_phase_id, dependent_phase_id, dependency_start, dependent_start, lag_time, create_user, create_date, modify_user, modify_date)
VALUES ('119', '120', '0', '1', '0', '132458', '2010-05-21 07:26:30.0', '132458', '2010-05-21 07:26:30.0');
--  Data for resource
INSERT INTO resource (resource_id, resource_role_id, project_id, project_phase_id, create_user, create_date, modify_user, modify_date)
VALUES ('111', '13', '111', NULL, '132458', '2010-05-21 07:26:30.0', '132458', '2010-05-21 07:26:30.0');
--  Data for resource_info
INSERT INTO resource_info (resource_id, resource_info_type_id, value, create_user, create_date, modify_user, modify_date)
VALUES ('111', '1', '132458', '132458', '2010-05-21 07:26:30.0', '132458', '2010-05-21 07:26:30.0');
INSERT INTO resource_info (resource_id, resource_info_type_id, value, create_user, create_date, modify_user, modify_date)
VALUES ('111', '2', 'user', '132458', '2010-05-21 07:26:30.0', '132458', '2010-05-21 07:26:30.0');
--  Data for user_role
INSERT INTO user_role (user_role_id, comp_vers_id, role_id, login_id, description)
VALUES ('224', '223', '1', '132458', '');
--  Data for word_search
INSERT INTO word_search (word_search_id, document_id, index_word, nbr_occurrences)
VALUES ('227', '221', 'ever                                                                                                ', '2');
INSERT INTO word_search (word_search_id, document_id, index_word, nbr_occurrences)
VALUES ('228', '221', 'component                                                                                           ', '4');
INSERT INTO word_search (word_search_id, document_id, index_word, nbr_occurrences)
VALUES ('229', '221', 'coolest                                                                                             ', '2');
INSERT INTO word_search (word_search_id, document_id, index_word, nbr_occurrences)
VALUES ('230', '221', 'development                                                    ', '2');
--  Data for word_search_ctgy
INSERT INTO word_search_ctgy (word_srch_ctgy_id, category_id, document_id)
VALUES ('226', 'DDECATALOG                                        ', '221');
--  Data for word_search_doc
INSERT INTO word_search_doc (document_id)
VALUES ('221');
-- Data for project
INSERT INTO project (project_id, project_status_id, project_category_id, create_user, create_date, modify_user, modify_date)
VALUES ('121', '2', '1', '132457', '2010-05-21 07:26:30.0', '132457', '2010-05-21 07:26:30.0');
--  Data for project_info
INSERT INTO project_info (project_id, project_info_type_id, value, create_user, create_date, modify_user, modify_date)
VALUES ('121', '1', '243', '132457', '2010-05-21 07:26:30.0', '132457', '2010-05-21 07:26:30.0');
INSERT INTO project_info (project_id, project_info_type_id, value, create_user, create_date, modify_user, modify_date)
VALUES ('121', '2', '241', '132457', '2010-05-21 07:26:30.0', '132457', '2010-05-21 07:26:30.0');
INSERT INTO project_info (project_id, project_info_type_id, value, create_user, create_date, modify_user, modify_date)
VALUES ('121', '3', '1', '132457', '2010-05-21 07:26:30.0', '132457', '2010-05-21 07:26:30.0');
INSERT INTO project_info (project_id, project_info_type_id, value, create_user, create_date, modify_user, modify_date)
VALUES ('121', '4', '0', '132457', '2010-05-21 07:26:30.0', '132457', '2010-05-21 07:26:30.0');
INSERT INTO project_info (project_id, project_info_type_id, value, create_user, create_date, modify_user, modify_date)
VALUES ('121', '5', '5801778', '132457', '2010-05-21 07:26:30.0', '132457', '2010-05-21 07:26:30.0');
INSERT INTO project_info (project_id, project_info_type_id, value, create_user, create_date, modify_user, modify_date)
VALUES ('121', '6', 'Component 13', '132457', '2010-05-21 07:26:30.0', '132457', '2010-05-21 07:26:30.0');
INSERT INTO project_info (project_id, project_info_type_id, value, create_user, create_date, modify_user, modify_date)
VALUES ('121', '7', '1.0                 ', '132457', '2010-05-21 07:26:30.0', '132457', '2010-05-21 07:26:30.0');
INSERT INTO project_info (project_id, project_info_type_id, value, create_user, create_date, modify_user, modify_date)
VALUES ('121', '9', 'Off', '132457', '2010-05-21 07:26:30.0', '132457', '2010-05-21 07:26:30.0');
INSERT INTO project_info (project_id, project_info_type_id, value, create_user, create_date, modify_user, modify_date)
VALUES ('121', '10', 'On', '132457', '2010-05-21 07:26:30.0', '132457', '2010-05-21 07:26:30.0');
INSERT INTO project_info (project_id, project_info_type_id, value, create_user, create_date, modify_user, modify_date)
VALUES ('121', '11', 'On', '132457', '2010-05-21 07:26:30.0', '132457', '2010-05-21 07:26:30.0');
INSERT INTO project_info (project_id, project_info_type_id, value, create_user, create_date, modify_user, modify_date)
VALUES ('121', '12', 'Yes', '132457', '2010-05-21 07:26:30.0', '132457', '2010-05-21 07:26:30.0');
INSERT INTO project_info (project_id, project_info_type_id, value, create_user, create_date, modify_user, modify_date)
VALUES ('121', '13', 'Yes', '132457', '2010-05-21 07:26:30.0', '132457', '2010-05-21 07:26:30.0');
INSERT INTO project_info (project_id, project_info_type_id, value, create_user, create_date, modify_user, modify_date)
VALUES ('121', '14', 'Open', '132457', '2010-05-21 07:26:30.0', '132457', '2010-05-21 07:26:30.0');
INSERT INTO project_info (project_id, project_info_type_id, value, create_user, create_date, modify_user, modify_date)
VALUES ('121', '16', '0.0', '132457', '2010-05-21 07:26:30.0', '132457', '2010-05-21 07:26:30.0');
INSERT INTO project_info (project_id, project_info_type_id, value, create_user, create_date, modify_user, modify_date)
VALUES ('121', '26', 'On', '132457', '2010-05-21 07:26:30.0', '132457', '2010-05-21 07:26:30.0');
INSERT INTO project_info (project_id, project_info_type_id, value, create_user, create_date, modify_user, modify_date)
VALUES ('121', '29', 'On', '132457', '2010-05-21 07:26:30.0', '132457', '2010-05-21 07:26:30.0');
INSERT INTO project_info (project_id, project_info_type_id, value, create_user, create_date, modify_user, modify_date)
VALUES ('121', '41', 'true', '132457', '2010-05-21 07:26:30.0', '132457', '2010-05-21 07:26:30.0');
INSERT INTO project_info (project_id, project_info_type_id, value, create_user, create_date, modify_user, modify_date)
VALUES ('121', '43', 'true', '132457', '2010-05-21 07:26:30.0', '132457', '2010-05-21 07:26:30.0');
--  Data for project_phase
INSERT INTO project_phase (project_phase_id, project_id, phase_type_id, phase_status_id, fixed_start_time, scheduled_start_time, scheduled_end_time, actual_start_time, actual_end_time, duration, create_user, create_date, modify_user, modify_date)
VALUES ('121', '121', '1', '1', '2010-05-27 09:00:00.0', '2010-05-27 09:00:00.0', '2010-06-01 09:00:00.0', NULL, NULL, '259200000', '132457', '2010-05-21 07:26:30.0', '132457', '2010-05-21 07:26:30.0');
INSERT INTO project_phase (project_phase_id, project_id, phase_type_id, phase_status_id, fixed_start_time, scheduled_start_time, scheduled_end_time, actual_start_time, actual_end_time, duration, create_user, create_date, modify_user, modify_date)
VALUES ('122', '121', '2', '1', '2010-05-27 09:00:00.0', '2010-05-27 09:00:00.0', '2010-06-07 09:00:00.0', NULL, NULL, '604800000', '132457', '2010-05-21 07:26:30.0', '132457', '2010-05-21 07:26:30.0');
INSERT INTO project_phase (project_phase_id, project_id, phase_type_id, phase_status_id, fixed_start_time, scheduled_start_time, scheduled_end_time, actual_start_time, actual_end_time, duration, create_user, create_date, modify_user, modify_date)
VALUES ('123', '121', '3', '1', '2010-06-07 09:00:00.0', '2010-06-07 09:00:00.0', '2010-06-08 09:00:00.0', NULL, NULL, '86400000', '132457', '2010-05-21 07:26:30.0', '132457', '2010-05-21 07:26:30.0');
INSERT INTO project_phase (project_phase_id, project_id, phase_type_id, phase_status_id, fixed_start_time, scheduled_start_time, scheduled_end_time, actual_start_time, actual_end_time, duration, create_user, create_date, modify_user, modify_date)
VALUES ('124', '121', '4', '1', '2010-06-08 09:00:00.0', '2010-06-08 09:00:00.0', '2010-06-14 09:00:00.0', NULL, NULL, '345600000', '132457', '2010-05-21 07:26:30.0', '132457', '2010-05-21 07:26:30.0');
INSERT INTO project_phase (project_phase_id, project_id, phase_type_id, phase_status_id, fixed_start_time, scheduled_start_time, scheduled_end_time, actual_start_time, actual_end_time, duration, create_user, create_date, modify_user, modify_date)
VALUES ('125', '121', '5', '1', '2010-06-14 09:00:00.0', '2010-06-14 09:00:00.0', '2010-06-15 09:00:00.0', NULL, NULL, '86400000', '132457', '2010-05-21 07:26:30.0', '132457', '2010-05-21 07:26:30.0');
INSERT INTO project_phase (project_phase_id, project_id, phase_type_id, phase_status_id, fixed_start_time, scheduled_start_time, scheduled_end_time, actual_start_time, actual_end_time, duration, create_user, create_date, modify_user, modify_date)
VALUES ('126', '121', '6', '1', '2010-06-15 09:00:00.0', '2010-06-15 09:00:00.0', '2010-06-16 09:00:00.0', NULL, NULL, '86400000', '132457', '2010-05-21 07:26:30.0', '132457', '2010-05-21 07:26:30.0');
INSERT INTO project_phase (project_phase_id, project_id, phase_type_id, phase_status_id, fixed_start_time, scheduled_start_time, scheduled_end_time, actual_start_time, actual_end_time, duration, create_user, create_date, modify_user, modify_date)
VALUES ('127', '121', '7', '1', '2010-06-16 09:00:00.0', '2010-06-16 09:00:00.0', '2010-06-16 21:00:00.0', NULL, NULL, '43200000', '132457', '2010-05-21 07:26:30.0', '132457', '2010-05-21 07:26:30.0');
INSERT INTO project_phase (project_phase_id, project_id, phase_type_id, phase_status_id, fixed_start_time, scheduled_start_time, scheduled_end_time, actual_start_time, actual_end_time, duration, create_user, create_date, modify_user, modify_date)
VALUES ('128', '121', '8', '1', '2010-06-16 21:00:00.0', '2010-06-16 21:00:00.0', '2010-06-17 09:00:00.0', NULL, NULL, '43200000', '132457', '2010-05-21 07:26:30.0', '132457', '2010-05-21 07:26:30.0');
INSERT INTO project_phase (project_phase_id, project_id, phase_type_id, phase_status_id, fixed_start_time, scheduled_start_time, scheduled_end_time, actual_start_time, actual_end_time, duration, create_user, create_date, modify_user, modify_date)
VALUES ('129', '121', '9', '1', '2010-06-17 09:00:00.0', '2010-06-17 09:00:00.0', '2010-06-22 09:00:00.0', NULL, NULL, '259200000', '132457', '2010-05-21 07:26:30.0', '132457', '2010-05-21 07:26:30.0');
INSERT INTO project_phase (project_phase_id, project_id, phase_type_id, phase_status_id, fixed_start_time, scheduled_start_time, scheduled_end_time, actual_start_time, actual_end_time, duration, create_user, create_date, modify_user, modify_date)
VALUES ('130', '121', '10', '1', '2010-06-22 09:00:00.0', '2010-06-22 09:00:00.0', '2010-06-23 09:00:00.0', NULL, NULL, '86400000', '132457', '2010-05-21 07:26:30.0', '132457', '2010-05-21 07:26:30.0');
--  Data for comp_catalog
INSERT INTO comp_catalog (component_id, current_version, short_desc, component_name, description, function_desc, create_time, status_id, root_category_id, modify_date, public_ind)
VALUES ('241', '1', 'Coolest component ever', 'Component 13', 'Coolest component ever', 'Component', '2010-05-21 07:20:14.48', '102', '5801778', '2010-05-21 07:23:44.0', '0');
--  Data for comp_versions
INSERT INTO comp_versions (comp_vers_id, component_id, version, version_text, create_time, phase_id, phase_time, price, comments, modify_date,
                           suspended_ind)
VALUES ('243', '241', '1', '1.0                 ', '2010-05-21 07:20:14.48', '112', '1976-05-04 00:00:00.0', '1000.00', 'Cool', '2010-05-21 07:27:01.0', '0');
--  Data for comp_categories
INSERT INTO comp_categories (comp_categories_id, component_id, category_id)
VALUES ('245', '241', '11');
--  Data for comp_keywords
INSERT INTO comp_keywords (comp_keywords_id, component_id, keyword)
VALUES ('251', '241', 'design');
--  Data for comp_technology
INSERT INTO comp_technology (comp_tech_id, comp_vers_id, technology_type_id)
VALUES ('252', '243', '1');
--  Data for comp_documentation
INSERT INTO comp_documentation (document_id, comp_vers_id, document_type_id, document_name, url)
VALUES ('253', '243', '0', 'Requirements Specification', '241/243/MQTTBroker_Requirements_Specification.pdf');
--  Data for comp_jive_category_xref
INSERT INTO comp_jive_category_xref (comp_vers_id, jive_category_id)
VALUES ('243', '0');
--  Data for comp_version_dates
INSERT INTO comp_version_dates (comp_version_dates_id, comp_vers_id, phase_id, posting_date, initial_submission_date, winner_announced_date, final_submission_date,
                                estimated_dev_date, price, total_submissions, status_id, create_time, level_id, screening_complete_date, review_complete_date,
                                aggregation_complete_date, phase_complete_date, production_date, aggregation_complete_date_comment, phase_complete_date_comment,
                                review_complete_date_comment, winner_announced_date_comment, initial_submission_date_comment, screening_complete_date_comment,
                                final_submission_date_comment, production_date_comment, modify_date)
VALUES ('254', '243', '112', '1976-05-05', '2000-01-01', '2000-01-01', 
        '2000-01-01', '2000-01-01', NULL, '0', '301', '2010-05-21 07:27:01.0', '100', '2000-01-01',
        '2000-01-01', '2000-01-01', '2000-01-01', '2010-12-01', 
        NULL, NULL, NULL, NULL, NULL, NULL, NULL, '', '2010-05-21 07:27:01.0');
--  Data for phase_criteria
INSERT INTO phase_criteria (project_phase_id, phase_criteria_type_id, parameter, create_user, create_date, modify_user, modify_date)
VALUES ('121', '2', '0', '132457', '2010-05-21 07:26:30.0', '132457', '2010-05-21 07:26:30.0');
INSERT INTO phase_criteria (project_phase_id, phase_criteria_type_id, parameter, create_user, create_date, modify_user, modify_date)
VALUES ('121', '5', 'No', '132457', '2010-05-21 07:26:30.0', '132457', '2010-05-21 07:26:30.0');
INSERT INTO phase_criteria (project_phase_id, phase_criteria_type_id, parameter, create_user, create_date, modify_user, modify_date)
VALUES ('122', '3', '0', '132457', '2010-05-21 07:26:30.0', '132457', '2010-05-21 07:26:30.0');
INSERT INTO phase_criteria (project_phase_id, phase_criteria_type_id, parameter, create_user, create_date, modify_user, modify_date)
VALUES ('122', '5', 'No', '132457', '2010-05-21 07:26:30.0', '132457', '2010-05-21 07:26:30.0');
INSERT INTO phase_criteria (project_phase_id, phase_criteria_type_id, parameter, create_user, create_date, modify_user, modify_date)
VALUES ('123', '5', 'No', '132457', '2010-05-21 07:26:30.0', '132457', '2010-05-21 07:26:30.0');
INSERT INTO phase_criteria (project_phase_id, phase_criteria_type_id, parameter, create_user, create_date, modify_user, modify_date)
VALUES ('123', '1', '30000410', '132457', '2010-05-21 07:26:30.0', '132457', '2010-05-21 07:26:30.0');
INSERT INTO phase_criteria (project_phase_id, phase_criteria_type_id, parameter, create_user, create_date, modify_user, modify_date)
VALUES ('124', '5', 'No', '132457', '2010-05-21 07:26:30.0', '132457', '2010-05-21 07:26:30.0');
INSERT INTO phase_criteria (project_phase_id, phase_criteria_type_id, parameter, create_user, create_date, modify_user, modify_date)
VALUES ('124', '1', '30000411', '132457', '2010-05-21 07:26:30.0', '132457', '2010-05-21 07:26:30.0');
INSERT INTO phase_criteria (project_phase_id, phase_criteria_type_id, parameter, create_user, create_date, modify_user, modify_date)
VALUES ('124', '6', '3', '132457', '2010-05-21 07:26:30.0', '132457', '2010-05-21 07:26:30.0');
INSERT INTO phase_criteria (project_phase_id, phase_criteria_type_id, parameter, create_user, create_date, modify_user, modify_date)
VALUES ('125', '5', 'No', '132457', '2010-05-21 07:26:30.0', '132457', '2010-05-21 07:26:30.0');
INSERT INTO phase_criteria (project_phase_id, phase_criteria_type_id, parameter, create_user, create_date, modify_user, modify_date)
VALUES ('125', '4', 'No', '132457', '2010-05-21 07:26:30.0', '132457', '2010-05-21 07:26:30.0');
INSERT INTO phase_criteria (project_phase_id, phase_criteria_type_id, parameter, create_user, create_date, modify_user, modify_date)
VALUES ('126', '5', 'No', '132457', '2010-05-21 07:26:30.0', '132457', '2010-05-21 07:26:30.0');
INSERT INTO phase_criteria (project_phase_id, phase_criteria_type_id, parameter, create_user, create_date, modify_user, modify_date)
VALUES ('127', '5', 'No', '132457', '2010-05-21 07:26:30.0', '132457', '2010-05-21 07:26:30.0');
INSERT INTO phase_criteria (project_phase_id, phase_criteria_type_id, parameter, create_user, create_date, modify_user, modify_date)
VALUES ('128', '5', 'No', '132457', '2010-05-21 07:26:30.0', '132457', '2010-05-21 07:26:30.0');
INSERT INTO phase_criteria (project_phase_id, phase_criteria_type_id, parameter, create_user, create_date, modify_user, modify_date)
VALUES ('129', '5', 'No', '132457', '2010-05-21 07:26:30.0', '132457', '2010-05-21 07:26:30.0');
INSERT INTO phase_criteria (project_phase_id, phase_criteria_type_id, parameter, create_user, create_date, modify_user, modify_date)
VALUES ('130', '5', 'No', '132457', '2010-05-21 07:26:30.0', '132457', '2010-05-21 07:26:30.0');
--  Data for phase_dependency
INSERT INTO phase_dependency (dependency_phase_id, dependent_phase_id, dependency_start, dependent_start, lag_time, create_user, create_date, modify_user, modify_date)
VALUES ('121', '122', '1', '1', '0', '132457', '2010-05-21 07:26:30.0', '132457', '2010-05-21 07:26:30.0');
INSERT INTO phase_dependency (dependency_phase_id, dependent_phase_id, dependency_start, dependent_start, lag_time, create_user, create_date, modify_user, modify_date)
VALUES ('122', '123', '0', '1', '0', '132457', '2010-05-21 07:26:30.0', '132457', '2010-05-21 07:26:30.0');
INSERT INTO phase_dependency (dependency_phase_id, dependent_phase_id, dependency_start, dependent_start, lag_time, create_user, create_date, modify_user, modify_date)
VALUES ('123', '124', '0', '1', '0', '132457', '2010-05-21 07:26:30.0', '132457', '2010-05-21 07:26:30.0');
INSERT INTO phase_dependency (dependency_phase_id, dependent_phase_id, dependency_start, dependent_start, lag_time, create_user, create_date, modify_user, modify_date)
VALUES ('124', '125', '0', '1', '0', '132457', '2010-05-21 07:26:30.0', '132457', '2010-05-21 07:26:30.0');
INSERT INTO phase_dependency (dependency_phase_id, dependent_phase_id, dependency_start, dependent_start, lag_time, create_user, create_date, modify_user, modify_date)
VALUES ('125', '126', '0', '1', '0', '132457', '2010-05-21 07:26:30.0', '132457', '2010-05-21 07:26:30.0');
INSERT INTO phase_dependency (dependency_phase_id, dependent_phase_id, dependency_start, dependent_start, lag_time, create_user, create_date, modify_user, modify_date)
VALUES ('126', '127', '0', '1', '0', '132457', '2010-05-21 07:26:30.0', '132457', '2010-05-21 07:26:30.0');
INSERT INTO phase_dependency (dependency_phase_id, dependent_phase_id, dependency_start, dependent_start, lag_time, create_user, create_date, modify_user, modify_date)
VALUES ('127', '128', '0', '1', '0', '132457', '2010-05-21 07:26:30.0', '132457', '2010-05-21 07:26:30.0');
INSERT INTO phase_dependency (dependency_phase_id, dependent_phase_id, dependency_start, dependent_start, lag_time, create_user, create_date, modify_user, modify_date)
VALUES ('128', '129', '0', '1', '0', '132457', '2010-05-21 07:26:30.0', '132457', '2010-05-21 07:26:30.0');
INSERT INTO phase_dependency (dependency_phase_id, dependent_phase_id, dependency_start, dependent_start, lag_time, create_user, create_date, modify_user, modify_date)
VALUES ('129', '130', '0', '1', '0', '132457', '2010-05-21 07:26:30.0', '132457', '2010-05-21 07:26:30.0');
--  Data for resource
INSERT INTO resource (resource_id, resource_role_id, project_id, project_phase_id, create_user, create_date, modify_user, modify_date)
VALUES ('121', '13', '121', NULL, '132457', '2010-05-21 07:26:30.0', '132457', '2010-05-21 07:26:30.0');
--  Data for resource_info
INSERT INTO resource_info (resource_id, resource_info_type_id, value, create_user, create_date, modify_user, modify_date)
VALUES ('121', '1', '132457', '132457', '2010-05-21 07:26:30.0', '132457', '2010-05-21 07:26:30.0');
INSERT INTO resource_info (resource_id, resource_info_type_id, value, create_user, create_date, modify_user, modify_date)
VALUES ('121', '2', 'super', '132457', '2010-05-21 07:26:30.0', '132457', '2010-05-21 07:26:30.0');
--  Data for user_role
INSERT INTO user_role (user_role_id, comp_vers_id, role_id, login_id, description)
VALUES ('244', '243', '1', '132457', '');
--  Data for word_search
INSERT INTO word_search (word_search_id, document_id, index_word, nbr_occurrences)
VALUES ('247', '241', 'ever                                                                                                ', '2');
INSERT INTO word_search (word_search_id, document_id, index_word, nbr_occurrences)
VALUES ('248', '241', 'component                                                                                           ', '4');
INSERT INTO word_search (word_search_id, document_id, index_word, nbr_occurrences)
VALUES ('249', '241', 'coolest                                                                                             ', '2');
INSERT INTO word_search (word_search_id, document_id, index_word, nbr_occurrences)
VALUES ('250', '241', 'design                                                    ', '2');
--  Data for word_search_ctgy
INSERT INTO word_search_ctgy (word_srch_ctgy_id, category_id, document_id)
VALUES ('246', 'DDECATALOG                                        ', '241');
--  Data for word_search_doc
INSERT INTO word_search_doc (document_id)
VALUES ('241');
-- Data for project
INSERT INTO project (project_id, project_status_id, project_category_id, create_user, create_date, modify_user, modify_date)
VALUES ('131', '2', '7', '132456', '2010-05-21 07:26:30.0', '132456', '2010-05-21 07:26:30.0');
--  Data for project_info
INSERT INTO project_info (project_id, project_info_type_id, value, create_user, create_date, modify_user, modify_date)
VALUES ('131', '1', '263', '132456', '2010-05-21 07:26:30.0', '132456', '2010-05-21 07:26:30.0');
INSERT INTO project_info (project_id, project_info_type_id, value, create_user, create_date, modify_user, modify_date)
VALUES ('131', '2', '261', '132456', '2010-05-21 07:26:30.0', '132456', '2010-05-21 07:26:30.0');
INSERT INTO project_info (project_id, project_info_type_id, value, create_user, create_date, modify_user, modify_date)
VALUES ('131', '3', '1', '132456', '2010-05-21 07:26:30.0', '132456', '2010-05-21 07:26:30.0');
INSERT INTO project_info (project_id, project_info_type_id, value, create_user, create_date, modify_user, modify_date)
VALUES ('131', '4', '0', '132456', '2010-05-21 07:26:30.0', '132456', '2010-05-21 07:26:30.0');
INSERT INTO project_info (project_id, project_info_type_id, value, create_user, create_date, modify_user, modify_date)
VALUES ('131', '5', '5801776', '132456', '2010-05-21 07:26:30.0', '132456', '2010-05-21 07:26:30.0');
INSERT INTO project_info (project_id, project_info_type_id, value, create_user, create_date, modify_user, modify_date)
VALUES ('131', '6', 'Component 14', '132456', '2010-05-21 07:26:30.0', '132456', '2010-05-21 07:26:30.0');
INSERT INTO project_info (project_id, project_info_type_id, value, create_user, create_date, modify_user, modify_date)
VALUES ('131', '7', '1.0                 ', '132456', '2010-05-21 07:26:30.0', '132456', '2010-05-21 07:26:30.0');
INSERT INTO project_info (project_id, project_info_type_id, value, create_user, create_date, modify_user, modify_date)
VALUES ('131', '9', 'Off', '132456', '2010-05-21 07:26:30.0', '132456', '2010-05-21 07:26:30.0');
INSERT INTO project_info (project_id, project_info_type_id, value, create_user, create_date, modify_user, modify_date)
VALUES ('131', '10', 'On', '132456', '2010-05-21 07:26:30.0', '132456', '2010-05-21 07:26:30.0');
INSERT INTO project_info (project_id, project_info_type_id, value, create_user, create_date, modify_user, modify_date)
VALUES ('131', '11', 'On', '132456', '2010-05-21 07:26:30.0', '132456', '2010-05-21 07:26:30.0');
INSERT INTO project_info (project_id, project_info_type_id, value, create_user, create_date, modify_user, modify_date)
VALUES ('131', '12', 'Yes', '132456', '2010-05-21 07:26:30.0', '132456', '2010-05-21 07:26:30.0');
INSERT INTO project_info (project_id, project_info_type_id, value, create_user, create_date, modify_user, modify_date)
VALUES ('131', '13', 'Yes', '132456', '2010-05-21 07:26:30.0', '132456', '2010-05-21 07:26:30.0');
INSERT INTO project_info (project_id, project_info_type_id, value, create_user, create_date, modify_user, modify_date)
VALUES ('131', '14', 'Open', '132456', '2010-05-21 07:26:30.0', '132456', '2010-05-21 07:26:30.0');
INSERT INTO project_info (project_id, project_info_type_id, value, create_user, create_date, modify_user, modify_date)
VALUES ('131', '16', '0.0', '132456', '2010-05-21 07:26:30.0', '132456', '2010-05-21 07:26:30.0');
INSERT INTO project_info (project_id, project_info_type_id, value, create_user, create_date, modify_user, modify_date)
VALUES ('131', '26', 'On', '132456', '2010-05-21 07:26:30.0', '132456', '2010-05-21 07:26:30.0');
INSERT INTO project_info (project_id, project_info_type_id, value, create_user, create_date, modify_user, modify_date)
VALUES ('131', '29', 'On', '132456', '2010-05-21 07:26:30.0', '132456', '2010-05-21 07:26:30.0');
INSERT INTO project_info (project_id, project_info_type_id, value, create_user, create_date, modify_user, modify_date)
VALUES ('131', '41', 'true', '132456', '2010-05-21 07:26:30.0', '132456', '2010-05-21 07:26:30.0');
INSERT INTO project_info (project_id, project_info_type_id, value, create_user, create_date, modify_user, modify_date)
VALUES ('131', '43', 'true', '132456', '2010-05-21 07:26:30.0', '132456', '2010-05-21 07:26:30.0');
--  Data for project_phase
INSERT INTO project_phase (project_phase_id, project_id, phase_type_id, phase_status_id, fixed_start_time, scheduled_start_time, scheduled_end_time, actual_start_time, actual_end_time, duration, create_user, create_date, modify_user, modify_date)
VALUES ('131', '131', '1', '1', '2010-05-27 09:00:00.0', '2010-05-27 09:00:00.0', '2010-06-01 09:00:00.0', NULL, NULL, '259200000', '132456', '2010-05-21 07:26:30.0', '132456', '2010-05-21 07:26:30.0');
INSERT INTO project_phase (project_phase_id, project_id, phase_type_id, phase_status_id, fixed_start_time, scheduled_start_time, scheduled_end_time, actual_start_time, actual_end_time, duration, create_user, create_date, modify_user, modify_date)
VALUES ('132', '131', '2', '1', '2010-05-27 09:00:00.0', '2010-05-27 09:00:00.0', '2010-06-07 09:00:00.0', NULL, NULL, '604800000', '132456', '2010-05-21 07:26:30.0', '132456', '2010-05-21 07:26:30.0');
INSERT INTO project_phase (project_phase_id, project_id, phase_type_id, phase_status_id, fixed_start_time, scheduled_start_time, scheduled_end_time, actual_start_time, actual_end_time, duration, create_user, create_date, modify_user, modify_date)
VALUES ('133', '131', '3', '1', '2010-06-07 09:00:00.0', '2010-06-07 09:00:00.0', '2010-06-08 09:00:00.0', NULL, NULL, '86400000', '132456', '2010-05-21 07:26:30.0', '132456', '2010-05-21 07:26:30.0');
INSERT INTO project_phase (project_phase_id, project_id, phase_type_id, phase_status_id, fixed_start_time, scheduled_start_time, scheduled_end_time, actual_start_time, actual_end_time, duration, create_user, create_date, modify_user, modify_date)
VALUES ('134', '131', '4', '1', '2010-06-08 09:00:00.0', '2010-06-08 09:00:00.0', '2010-06-14 09:00:00.0', NULL, NULL, '345600000', '132456', '2010-05-21 07:26:30.0', '132456', '2010-05-21 07:26:30.0');
INSERT INTO project_phase (project_phase_id, project_id, phase_type_id, phase_status_id, fixed_start_time, scheduled_start_time, scheduled_end_time, actual_start_time, actual_end_time, duration, create_user, create_date, modify_user, modify_date)
VALUES ('135', '131', '5', '1', '2010-06-14 09:00:00.0', '2010-06-14 09:00:00.0', '2010-06-15 09:00:00.0', NULL, NULL, '86400000', '132456', '2010-05-21 07:26:30.0', '132456', '2010-05-21 07:26:30.0');
INSERT INTO project_phase (project_phase_id, project_id, phase_type_id, phase_status_id, fixed_start_time, scheduled_start_time, scheduled_end_time, actual_start_time, actual_end_time, duration, create_user, create_date, modify_user, modify_date)
VALUES ('136', '131', '6', '1', '2010-06-15 09:00:00.0', '2010-06-15 09:00:00.0', '2010-06-16 09:00:00.0', NULL, NULL, '86400000', '132456', '2010-05-21 07:26:30.0', '132456', '2010-05-21 07:26:30.0');
INSERT INTO project_phase (project_phase_id, project_id, phase_type_id, phase_status_id, fixed_start_time, scheduled_start_time, scheduled_end_time, actual_start_time, actual_end_time, duration, create_user, create_date, modify_user, modify_date)
VALUES ('137', '131', '7', '1', '2010-06-16 09:00:00.0', '2010-06-16 09:00:00.0', '2010-06-16 21:00:00.0', NULL, NULL, '43200000', '132456', '2010-05-21 07:26:30.0', '132456', '2010-05-21 07:26:30.0');
INSERT INTO project_phase (project_phase_id, project_id, phase_type_id, phase_status_id, fixed_start_time, scheduled_start_time, scheduled_end_time, actual_start_time, actual_end_time, duration, create_user, create_date, modify_user, modify_date)
VALUES ('138', '131', '8', '1', '2010-06-16 21:00:00.0', '2010-06-16 21:00:00.0', '2010-06-17 09:00:00.0', NULL, NULL, '43200000', '132456', '2010-05-21 07:26:30.0', '132456', '2010-05-21 07:26:30.0');
INSERT INTO project_phase (project_phase_id, project_id, phase_type_id, phase_status_id, fixed_start_time, scheduled_start_time, scheduled_end_time, actual_start_time, actual_end_time, duration, create_user, create_date, modify_user, modify_date)
VALUES ('139', '131', '9', '1', '2010-06-17 09:00:00.0', '2010-06-17 09:00:00.0', '2010-06-22 09:00:00.0', NULL, NULL, '259200000', '132456', '2010-05-21 07:26:30.0', '132456', '2010-05-21 07:26:30.0');
INSERT INTO project_phase (project_phase_id, project_id, phase_type_id, phase_status_id, fixed_start_time, scheduled_start_time, scheduled_end_time, actual_start_time, actual_end_time, duration, create_user, create_date, modify_user, modify_date)
VALUES ('140', '131', '10', '1', '2010-06-22 09:00:00.0', '2010-06-22 09:00:00.0', '2010-06-23 09:00:00.0', NULL, NULL, '86400000', '132456', '2010-05-21 07:26:30.0', '132456', '2010-05-21 07:26:30.0');
--  Data for comp_catalog
INSERT INTO comp_catalog (component_id, current_version, short_desc, component_name, description, function_desc, create_time, status_id, root_category_id, modify_date, public_ind)
VALUES ('261', '1', 'Coolest component ever', 'Component 14', 'Coolest component ever', 'Component', '2010-05-21 07:20:14.48', '102', '5801776', '2010-05-21 07:23:44.0', '0');
--  Data for comp_versions
INSERT INTO comp_versions (comp_vers_id, component_id, version, version_text, create_time, phase_id, phase_time, price, comments, modify_date,
                           suspended_ind)
VALUES ('263', '261', '1', '1.0                 ', '2010-05-21 07:20:14.48', '112', '1976-05-04 00:00:00.0', '1000.00', 'Cool', '2010-05-21 07:27:01.0', '0');
--  Data for comp_categories
INSERT INTO comp_categories (comp_categories_id, component_id, category_id)
VALUES ('265', '261', '11');
--  Data for comp_keywords
INSERT INTO comp_keywords (comp_keywords_id, component_id, keyword)
VALUES ('271', '261', 'architecture');
--  Data for comp_technology
INSERT INTO comp_technology (comp_tech_id, comp_vers_id, technology_type_id)
VALUES ('272', '263', '1');
--  Data for comp_documentation
INSERT INTO comp_documentation (document_id, comp_vers_id, document_type_id, document_name, url)
VALUES ('273', '263', '0', 'Requirements Specification', '261/263/MQTTBroker_Requirements_Specification.pdf');
--  Data for comp_jive_category_xref
INSERT INTO comp_jive_category_xref (comp_vers_id, jive_category_id)
VALUES ('263', '0');
--  Data for comp_version_dates
INSERT INTO comp_version_dates (comp_version_dates_id, comp_vers_id, phase_id, posting_date, initial_submission_date, winner_announced_date, final_submission_date,
                                estimated_dev_date, price, total_submissions, status_id, create_time, level_id, screening_complete_date, review_complete_date,
                                aggregation_complete_date, phase_complete_date, production_date, aggregation_complete_date_comment, phase_complete_date_comment,
                                review_complete_date_comment, winner_announced_date_comment, initial_submission_date_comment, screening_complete_date_comment,
                                final_submission_date_comment, production_date_comment, modify_date)
VALUES ('274', '263', '112', '1976-05-05', '2000-01-01', '2000-01-01', 
        '2000-01-01', '2000-01-01', NULL, '0', '301', '2010-05-21 07:27:01.0', '100', '2000-01-01',
        '2000-01-01', '2000-01-01', '2000-01-01', '2010-12-01', 
        NULL, NULL, NULL, NULL, NULL, NULL, NULL, '', '2010-05-21 07:27:01.0');
--  Data for phase_criteria
INSERT INTO phase_criteria (project_phase_id, phase_criteria_type_id, parameter, create_user, create_date, modify_user, modify_date)
VALUES ('131', '2', '0', '132456', '2010-05-21 07:26:30.0', '132456', '2010-05-21 07:26:30.0');
INSERT INTO phase_criteria (project_phase_id, phase_criteria_type_id, parameter, create_user, create_date, modify_user, modify_date)
VALUES ('131', '5', 'No', '132456', '2010-05-21 07:26:30.0', '132456', '2010-05-21 07:26:30.0');
INSERT INTO phase_criteria (project_phase_id, phase_criteria_type_id, parameter, create_user, create_date, modify_user, modify_date)
VALUES ('132', '3', '0', '132456', '2010-05-21 07:26:30.0', '132456', '2010-05-21 07:26:30.0');
INSERT INTO phase_criteria (project_phase_id, phase_criteria_type_id, parameter, create_user, create_date, modify_user, modify_date)
VALUES ('132', '5', 'No', '132456', '2010-05-21 07:26:30.0', '132456', '2010-05-21 07:26:30.0');
INSERT INTO phase_criteria (project_phase_id, phase_criteria_type_id, parameter, create_user, create_date, modify_user, modify_date)
VALUES ('133', '5', 'No', '132456', '2010-05-21 07:26:30.0', '132456', '2010-05-21 07:26:30.0');
INSERT INTO phase_criteria (project_phase_id, phase_criteria_type_id, parameter, create_user, create_date, modify_user, modify_date)
VALUES ('133', '1', '30000410', '132456', '2010-05-21 07:26:30.0', '132456', '2010-05-21 07:26:30.0');
INSERT INTO phase_criteria (project_phase_id, phase_criteria_type_id, parameter, create_user, create_date, modify_user, modify_date)
VALUES ('134', '5', 'No', '132456', '2010-05-21 07:26:30.0', '132456', '2010-05-21 07:26:30.0');
INSERT INTO phase_criteria (project_phase_id, phase_criteria_type_id, parameter, create_user, create_date, modify_user, modify_date)
VALUES ('134', '1', '30000411', '132456', '2010-05-21 07:26:30.0', '132456', '2010-05-21 07:26:30.0');
INSERT INTO phase_criteria (project_phase_id, phase_criteria_type_id, parameter, create_user, create_date, modify_user, modify_date)
VALUES ('134', '6', '3', '132456', '2010-05-21 07:26:30.0', '132456', '2010-05-21 07:26:30.0');
INSERT INTO phase_criteria (project_phase_id, phase_criteria_type_id, parameter, create_user, create_date, modify_user, modify_date)
VALUES ('135', '5', 'No', '132456', '2010-05-21 07:26:30.0', '132456', '2010-05-21 07:26:30.0');
INSERT INTO phase_criteria (project_phase_id, phase_criteria_type_id, parameter, create_user, create_date, modify_user, modify_date)
VALUES ('135', '4', 'No', '132456', '2010-05-21 07:26:30.0', '132456', '2010-05-21 07:26:30.0');
INSERT INTO phase_criteria (project_phase_id, phase_criteria_type_id, parameter, create_user, create_date, modify_user, modify_date)
VALUES ('136', '5', 'No', '132456', '2010-05-21 07:26:30.0', '132456', '2010-05-21 07:26:30.0');
INSERT INTO phase_criteria (project_phase_id, phase_criteria_type_id, parameter, create_user, create_date, modify_user, modify_date)
VALUES ('137', '5', 'No', '132456', '2010-05-21 07:26:30.0', '132456', '2010-05-21 07:26:30.0');
INSERT INTO phase_criteria (project_phase_id, phase_criteria_type_id, parameter, create_user, create_date, modify_user, modify_date)
VALUES ('138', '5', 'No', '132456', '2010-05-21 07:26:30.0', '132456', '2010-05-21 07:26:30.0');
INSERT INTO phase_criteria (project_phase_id, phase_criteria_type_id, parameter, create_user, create_date, modify_user, modify_date)
VALUES ('139', '5', 'No', '132456', '2010-05-21 07:26:30.0', '132456', '2010-05-21 07:26:30.0');
INSERT INTO phase_criteria (project_phase_id, phase_criteria_type_id, parameter, create_user, create_date, modify_user, modify_date)
VALUES ('140', '5', 'No', '132456', '2010-05-21 07:26:30.0', '132456', '2010-05-21 07:26:30.0');
--  Data for phase_dependency
INSERT INTO phase_dependency (dependency_phase_id, dependent_phase_id, dependency_start, dependent_start, lag_time, create_user, create_date, modify_user, modify_date)
VALUES ('131', '132', '1', '1', '0', '132456', '2010-05-21 07:26:30.0', '132456', '2010-05-21 07:26:30.0');
INSERT INTO phase_dependency (dependency_phase_id, dependent_phase_id, dependency_start, dependent_start, lag_time, create_user, create_date, modify_user, modify_date)
VALUES ('132', '133', '0', '1', '0', '132456', '2010-05-21 07:26:30.0', '132456', '2010-05-21 07:26:30.0');
INSERT INTO phase_dependency (dependency_phase_id, dependent_phase_id, dependency_start, dependent_start, lag_time, create_user, create_date, modify_user, modify_date)
VALUES ('133', '134', '0', '1', '0', '132456', '2010-05-21 07:26:30.0', '132456', '2010-05-21 07:26:30.0');
INSERT INTO phase_dependency (dependency_phase_id, dependent_phase_id, dependency_start, dependent_start, lag_time, create_user, create_date, modify_user, modify_date)
VALUES ('134', '135', '0', '1', '0', '132456', '2010-05-21 07:26:30.0', '132456', '2010-05-21 07:26:30.0');
INSERT INTO phase_dependency (dependency_phase_id, dependent_phase_id, dependency_start, dependent_start, lag_time, create_user, create_date, modify_user, modify_date)
VALUES ('135', '136', '0', '1', '0', '132456', '2010-05-21 07:26:30.0', '132456', '2010-05-21 07:26:30.0');
INSERT INTO phase_dependency (dependency_phase_id, dependent_phase_id, dependency_start, dependent_start, lag_time, create_user, create_date, modify_user, modify_date)
VALUES ('136', '137', '0', '1', '0', '132456', '2010-05-21 07:26:30.0', '132456', '2010-05-21 07:26:30.0');
INSERT INTO phase_dependency (dependency_phase_id, dependent_phase_id, dependency_start, dependent_start, lag_time, create_user, create_date, modify_user, modify_date)
VALUES ('137', '138', '0', '1', '0', '132456', '2010-05-21 07:26:30.0', '132456', '2010-05-21 07:26:30.0');
INSERT INTO phase_dependency (dependency_phase_id, dependent_phase_id, dependency_start, dependent_start, lag_time, create_user, create_date, modify_user, modify_date)
VALUES ('138', '139', '0', '1', '0', '132456', '2010-05-21 07:26:30.0', '132456', '2010-05-21 07:26:30.0');
INSERT INTO phase_dependency (dependency_phase_id, dependent_phase_id, dependency_start, dependent_start, lag_time, create_user, create_date, modify_user, modify_date)
VALUES ('139', '140', '0', '1', '0', '132456', '2010-05-21 07:26:30.0', '132456', '2010-05-21 07:26:30.0');
--  Data for resource
INSERT INTO resource (resource_id, resource_role_id, project_id, project_phase_id, create_user, create_date, modify_user, modify_date)
VALUES ('131', '13', '131', NULL, '132456', '2010-05-21 07:26:30.0', '132456', '2010-05-21 07:26:30.0');
--  Data for resource_info
INSERT INTO resource_info (resource_id, resource_info_type_id, value, create_user, create_date, modify_user, modify_date)
VALUES ('131', '1', '132456', '132456', '2010-05-21 07:26:30.0', '132456', '2010-05-21 07:26:30.0');
INSERT INTO resource_info (resource_id, resource_info_type_id, value, create_user, create_date, modify_user, modify_date)
VALUES ('131', '2', 'heffan', '132456', '2010-05-21 07:26:30.0', '132456', '2010-05-21 07:26:30.0');
--  Data for user_role
INSERT INTO user_role (user_role_id, comp_vers_id, role_id, login_id, description)
VALUES ('264', '263', '1', '132456', '');
--  Data for word_search
INSERT INTO word_search (word_search_id, document_id, index_word, nbr_occurrences)
VALUES ('267', '261', 'ever                                                                                                ', '2');
INSERT INTO word_search (word_search_id, document_id, index_word, nbr_occurrences)
VALUES ('268', '261', 'component                                                                                           ', '4');
INSERT INTO word_search (word_search_id, document_id, index_word, nbr_occurrences)
VALUES ('269', '261', 'coolest                                                                                             ', '2');
INSERT INTO word_search (word_search_id, document_id, index_word, nbr_occurrences)
VALUES ('270', '261', 'architecture                                                    ', '2');
--  Data for word_search_ctgy
INSERT INTO word_search_ctgy (word_srch_ctgy_id, category_id, document_id)
VALUES ('266', 'DDECATALOG                                        ', '261');
--  Data for word_search_doc
INSERT INTO word_search_doc (document_id)
VALUES ('261');
-- Data for project
INSERT INTO project (project_id, project_status_id, project_category_id, create_user, create_date, modify_user, modify_date)
VALUES ('141', '2', '14', '132458', '2010-05-21 07:26:30.0', '132458', '2010-05-21 07:26:30.0');
--  Data for project_info
INSERT INTO project_info (project_id, project_info_type_id, value, create_user, create_date, modify_user, modify_date)
VALUES ('141', '1', '283', '132458', '2010-05-21 07:26:30.0', '132458', '2010-05-21 07:26:30.0');
INSERT INTO project_info (project_id, project_info_type_id, value, create_user, create_date, modify_user, modify_date)
VALUES ('141', '2', '281', '132458', '2010-05-21 07:26:30.0', '132458', '2010-05-21 07:26:30.0');
INSERT INTO project_info (project_id, project_info_type_id, value, create_user, create_date, modify_user, modify_date)
VALUES ('141', '3', '1', '132458', '2010-05-21 07:26:30.0', '132458', '2010-05-21 07:26:30.0');
INSERT INTO project_info (project_id, project_info_type_id, value, create_user, create_date, modify_user, modify_date)
VALUES ('141', '4', '0', '132458', '2010-05-21 07:26:30.0', '132458', '2010-05-21 07:26:30.0');
INSERT INTO project_info (project_id, project_info_type_id, value, create_user, create_date, modify_user, modify_date)
VALUES ('141', '5', '5801776', '132458', '2010-05-21 07:26:30.0', '132458', '2010-05-21 07:26:30.0');
INSERT INTO project_info (project_id, project_info_type_id, value, create_user, create_date, modify_user, modify_date)
VALUES ('141', '6', 'Component 15', '132458', '2010-05-21 07:26:30.0', '132458', '2010-05-21 07:26:30.0');
INSERT INTO project_info (project_id, project_info_type_id, value, create_user, create_date, modify_user, modify_date)
VALUES ('141', '7', '1.0                 ', '132458', '2010-05-21 07:26:30.0', '132458', '2010-05-21 07:26:30.0');
INSERT INTO project_info (project_id, project_info_type_id, value, create_user, create_date, modify_user, modify_date)
VALUES ('141', '9', 'Off', '132458', '2010-05-21 07:26:30.0', '132458', '2010-05-21 07:26:30.0');
INSERT INTO project_info (project_id, project_info_type_id, value, create_user, create_date, modify_user, modify_date)
VALUES ('141', '10', 'On', '132458', '2010-05-21 07:26:30.0', '132458', '2010-05-21 07:26:30.0');
INSERT INTO project_info (project_id, project_info_type_id, value, create_user, create_date, modify_user, modify_date)
VALUES ('141', '11', 'On', '132458', '2010-05-21 07:26:30.0', '132458', '2010-05-21 07:26:30.0');
INSERT INTO project_info (project_id, project_info_type_id, value, create_user, create_date, modify_user, modify_date)
VALUES ('141', '12', 'Yes', '132458', '2010-05-21 07:26:30.0', '132458', '2010-05-21 07:26:30.0');
INSERT INTO project_info (project_id, project_info_type_id, value, create_user, create_date, modify_user, modify_date)
VALUES ('141', '13', 'Yes', '132458', '2010-05-21 07:26:30.0', '132458', '2010-05-21 07:26:30.0');
INSERT INTO project_info (project_id, project_info_type_id, value, create_user, create_date, modify_user, modify_date)
VALUES ('141', '14', 'Open', '132458', '2010-05-21 07:26:30.0', '132458', '2010-05-21 07:26:30.0');
INSERT INTO project_info (project_id, project_info_type_id, value, create_user, create_date, modify_user, modify_date)
VALUES ('141', '16', '0.0', '132458', '2010-05-21 07:26:30.0', '132458', '2010-05-21 07:26:30.0');
INSERT INTO project_info (project_id, project_info_type_id, value, create_user, create_date, modify_user, modify_date)
VALUES ('141', '26', 'On', '132458', '2010-05-21 07:26:30.0', '132458', '2010-05-21 07:26:30.0');
INSERT INTO project_info (project_id, project_info_type_id, value, create_user, create_date, modify_user, modify_date)
VALUES ('141', '29', 'On', '132458', '2010-05-21 07:26:30.0', '132458', '2010-05-21 07:26:30.0');
INSERT INTO project_info (project_id, project_info_type_id, value, create_user, create_date, modify_user, modify_date)
VALUES ('141', '41', 'true', '132458', '2010-05-21 07:26:30.0', '132458', '2010-05-21 07:26:30.0');
INSERT INTO project_info (project_id, project_info_type_id, value, create_user, create_date, modify_user, modify_date)
VALUES ('141', '43', 'true', '132458', '2010-05-21 07:26:30.0', '132458', '2010-05-21 07:26:30.0');
--  Data for project_phase
INSERT INTO project_phase (project_phase_id, project_id, phase_type_id, phase_status_id, fixed_start_time, scheduled_start_time, scheduled_end_time, actual_start_time, actual_end_time, duration, create_user, create_date, modify_user, modify_date)
VALUES ('141', '141', '1', '1', '2010-05-27 09:00:00.0', '2010-05-27 09:00:00.0', '2010-06-01 09:00:00.0', NULL, NULL, '259200000', '132458', '2010-05-21 07:26:30.0', '132458', '2010-05-21 07:26:30.0');
INSERT INTO project_phase (project_phase_id, project_id, phase_type_id, phase_status_id, fixed_start_time, scheduled_start_time, scheduled_end_time, actual_start_time, actual_end_time, duration, create_user, create_date, modify_user, modify_date)
VALUES ('142', '141', '2', '1', '2010-05-27 09:00:00.0', '2010-05-27 09:00:00.0', '2010-06-07 09:00:00.0', NULL, NULL, '604800000', '132458', '2010-05-21 07:26:30.0', '132458', '2010-05-21 07:26:30.0');
INSERT INTO project_phase (project_phase_id, project_id, phase_type_id, phase_status_id, fixed_start_time, scheduled_start_time, scheduled_end_time, actual_start_time, actual_end_time, duration, create_user, create_date, modify_user, modify_date)
VALUES ('143', '141', '3', '1', '2010-06-07 09:00:00.0', '2010-06-07 09:00:00.0', '2010-06-08 09:00:00.0', NULL, NULL, '86400000', '132458', '2010-05-21 07:26:30.0', '132458', '2010-05-21 07:26:30.0');
INSERT INTO project_phase (project_phase_id, project_id, phase_type_id, phase_status_id, fixed_start_time, scheduled_start_time, scheduled_end_time, actual_start_time, actual_end_time, duration, create_user, create_date, modify_user, modify_date)
VALUES ('144', '141', '4', '1', '2010-06-08 09:00:00.0', '2010-06-08 09:00:00.0', '2010-06-14 09:00:00.0', NULL, NULL, '345600000', '132458', '2010-05-21 07:26:30.0', '132458', '2010-05-21 07:26:30.0');
INSERT INTO project_phase (project_phase_id, project_id, phase_type_id, phase_status_id, fixed_start_time, scheduled_start_time, scheduled_end_time, actual_start_time, actual_end_time, duration, create_user, create_date, modify_user, modify_date)
VALUES ('145', '141', '5', '1', '2010-06-14 09:00:00.0', '2010-06-14 09:00:00.0', '2010-06-15 09:00:00.0', NULL, NULL, '86400000', '132458', '2010-05-21 07:26:30.0', '132458', '2010-05-21 07:26:30.0');
INSERT INTO project_phase (project_phase_id, project_id, phase_type_id, phase_status_id, fixed_start_time, scheduled_start_time, scheduled_end_time, actual_start_time, actual_end_time, duration, create_user, create_date, modify_user, modify_date)
VALUES ('146', '141', '6', '1', '2010-06-15 09:00:00.0', '2010-06-15 09:00:00.0', '2010-06-16 09:00:00.0', NULL, NULL, '86400000', '132458', '2010-05-21 07:26:30.0', '132458', '2010-05-21 07:26:30.0');
INSERT INTO project_phase (project_phase_id, project_id, phase_type_id, phase_status_id, fixed_start_time, scheduled_start_time, scheduled_end_time, actual_start_time, actual_end_time, duration, create_user, create_date, modify_user, modify_date)
VALUES ('147', '141', '7', '1', '2010-06-16 09:00:00.0', '2010-06-16 09:00:00.0', '2010-06-16 21:00:00.0', NULL, NULL, '43200000', '132458', '2010-05-21 07:26:30.0', '132458', '2010-05-21 07:26:30.0');
INSERT INTO project_phase (project_phase_id, project_id, phase_type_id, phase_status_id, fixed_start_time, scheduled_start_time, scheduled_end_time, actual_start_time, actual_end_time, duration, create_user, create_date, modify_user, modify_date)
VALUES ('148', '141', '8', '1', '2010-06-16 21:00:00.0', '2010-06-16 21:00:00.0', '2010-06-17 09:00:00.0', NULL, NULL, '43200000', '132458', '2010-05-21 07:26:30.0', '132458', '2010-05-21 07:26:30.0');
INSERT INTO project_phase (project_phase_id, project_id, phase_type_id, phase_status_id, fixed_start_time, scheduled_start_time, scheduled_end_time, actual_start_time, actual_end_time, duration, create_user, create_date, modify_user, modify_date)
VALUES ('149', '141', '9', '1', '2010-06-17 09:00:00.0', '2010-06-17 09:00:00.0', '2010-06-22 09:00:00.0', NULL, NULL, '259200000', '132458', '2010-05-21 07:26:30.0', '132458', '2010-05-21 07:26:30.0');
INSERT INTO project_phase (project_phase_id, project_id, phase_type_id, phase_status_id, fixed_start_time, scheduled_start_time, scheduled_end_time, actual_start_time, actual_end_time, duration, create_user, create_date, modify_user, modify_date)
VALUES ('150', '141', '10', '1', '2010-06-22 09:00:00.0', '2010-06-22 09:00:00.0', '2010-06-23 09:00:00.0', NULL, NULL, '86400000', '132458', '2010-05-21 07:26:30.0', '132458', '2010-05-21 07:26:30.0');
--  Data for comp_catalog
INSERT INTO comp_catalog (component_id, current_version, short_desc, component_name, description, function_desc, create_time, status_id, root_category_id, modify_date, public_ind)
VALUES ('281', '1', 'Coolest component ever', 'Component 15', 'Coolest component ever', 'Component', '2010-05-21 07:20:14.48', '102', '5801776', '2010-05-21 07:23:44.0', '0');
--  Data for comp_versions
INSERT INTO comp_versions (comp_vers_id, component_id, version, version_text, create_time, phase_id, phase_time, price, comments, modify_date,
                           suspended_ind)
VALUES ('283', '281', '1', '1.0                 ', '2010-05-21 07:20:14.48', '112', '1976-05-04 00:00:00.0', '1000.00', 'Cool', '2010-05-21 07:27:01.0', '0');
--  Data for comp_categories
INSERT INTO comp_categories (comp_categories_id, component_id, category_id)
VALUES ('285', '281', '11');
--  Data for comp_keywords
INSERT INTO comp_keywords (comp_keywords_id, component_id, keyword)
VALUES ('291', '281', 'assembly');
--  Data for comp_technology
INSERT INTO comp_technology (comp_tech_id, comp_vers_id, technology_type_id)
VALUES ('292', '283', '1');
--  Data for comp_documentation
INSERT INTO comp_documentation (document_id, comp_vers_id, document_type_id, document_name, url)
VALUES ('293', '283', '0', 'Requirements Specification', '281/283/MQTTBroker_Requirements_Specification.pdf');
--  Data for comp_jive_category_xref
INSERT INTO comp_jive_category_xref (comp_vers_id, jive_category_id)
VALUES ('283', '0');
--  Data for comp_version_dates
INSERT INTO comp_version_dates (comp_version_dates_id, comp_vers_id, phase_id, posting_date, initial_submission_date, winner_announced_date, final_submission_date,
                                estimated_dev_date, price, total_submissions, status_id, create_time, level_id, screening_complete_date, review_complete_date,
                                aggregation_complete_date, phase_complete_date, production_date, aggregation_complete_date_comment, phase_complete_date_comment,
                                review_complete_date_comment, winner_announced_date_comment, initial_submission_date_comment, screening_complete_date_comment,
                                final_submission_date_comment, production_date_comment, modify_date)
VALUES ('294', '283', '112', '1976-05-05', '2000-01-01', '2000-01-01', 
        '2000-01-01', '2000-01-01', NULL, '0', '301', '2010-05-21 07:27:01.0', '100', '2000-01-01',
        '2000-01-01', '2000-01-01', '2000-01-01', '2010-12-01', 
        NULL, NULL, NULL, NULL, NULL, NULL, NULL, '', '2010-05-21 07:27:01.0');
--  Data for phase_criteria
INSERT INTO phase_criteria (project_phase_id, phase_criteria_type_id, parameter, create_user, create_date, modify_user, modify_date)
VALUES ('141', '2', '0', '132458', '2010-05-21 07:26:30.0', '132458', '2010-05-21 07:26:30.0');
INSERT INTO phase_criteria (project_phase_id, phase_criteria_type_id, parameter, create_user, create_date, modify_user, modify_date)
VALUES ('141', '5', 'No', '132458', '2010-05-21 07:26:30.0', '132458', '2010-05-21 07:26:30.0');
INSERT INTO phase_criteria (project_phase_id, phase_criteria_type_id, parameter, create_user, create_date, modify_user, modify_date)
VALUES ('142', '3', '0', '132458', '2010-05-21 07:26:30.0', '132458', '2010-05-21 07:26:30.0');
INSERT INTO phase_criteria (project_phase_id, phase_criteria_type_id, parameter, create_user, create_date, modify_user, modify_date)
VALUES ('142', '5', 'No', '132458', '2010-05-21 07:26:30.0', '132458', '2010-05-21 07:26:30.0');
INSERT INTO phase_criteria (project_phase_id, phase_criteria_type_id, parameter, create_user, create_date, modify_user, modify_date)
VALUES ('143', '5', 'No', '132458', '2010-05-21 07:26:30.0', '132458', '2010-05-21 07:26:30.0');
INSERT INTO phase_criteria (project_phase_id, phase_criteria_type_id, parameter, create_user, create_date, modify_user, modify_date)
VALUES ('143', '1', '30000410', '132458', '2010-05-21 07:26:30.0', '132458', '2010-05-21 07:26:30.0');
INSERT INTO phase_criteria (project_phase_id, phase_criteria_type_id, parameter, create_user, create_date, modify_user, modify_date)
VALUES ('144', '5', 'No', '132458', '2010-05-21 07:26:30.0', '132458', '2010-05-21 07:26:30.0');
INSERT INTO phase_criteria (project_phase_id, phase_criteria_type_id, parameter, create_user, create_date, modify_user, modify_date)
VALUES ('144', '1', '30000411', '132458', '2010-05-21 07:26:30.0', '132458', '2010-05-21 07:26:30.0');
INSERT INTO phase_criteria (project_phase_id, phase_criteria_type_id, parameter, create_user, create_date, modify_user, modify_date)
VALUES ('144', '6', '3', '132458', '2010-05-21 07:26:30.0', '132458', '2010-05-21 07:26:30.0');
INSERT INTO phase_criteria (project_phase_id, phase_criteria_type_id, parameter, create_user, create_date, modify_user, modify_date)
VALUES ('145', '5', 'No', '132458', '2010-05-21 07:26:30.0', '132458', '2010-05-21 07:26:30.0');
INSERT INTO phase_criteria (project_phase_id, phase_criteria_type_id, parameter, create_user, create_date, modify_user, modify_date)
VALUES ('145', '4', 'No', '132458', '2010-05-21 07:26:30.0', '132458', '2010-05-21 07:26:30.0');
INSERT INTO phase_criteria (project_phase_id, phase_criteria_type_id, parameter, create_user, create_date, modify_user, modify_date)
VALUES ('146', '5', 'No', '132458', '2010-05-21 07:26:30.0', '132458', '2010-05-21 07:26:30.0');
INSERT INTO phase_criteria (project_phase_id, phase_criteria_type_id, parameter, create_user, create_date, modify_user, modify_date)
VALUES ('147', '5', 'No', '132458', '2010-05-21 07:26:30.0', '132458', '2010-05-21 07:26:30.0');
INSERT INTO phase_criteria (project_phase_id, phase_criteria_type_id, parameter, create_user, create_date, modify_user, modify_date)
VALUES ('148', '5', 'No', '132458', '2010-05-21 07:26:30.0', '132458', '2010-05-21 07:26:30.0');
INSERT INTO phase_criteria (project_phase_id, phase_criteria_type_id, parameter, create_user, create_date, modify_user, modify_date)
VALUES ('149', '5', 'No', '132458', '2010-05-21 07:26:30.0', '132458', '2010-05-21 07:26:30.0');
INSERT INTO phase_criteria (project_phase_id, phase_criteria_type_id, parameter, create_user, create_date, modify_user, modify_date)
VALUES ('150', '5', 'No', '132458', '2010-05-21 07:26:30.0', '132458', '2010-05-21 07:26:30.0');
--  Data for phase_dependency
INSERT INTO phase_dependency (dependency_phase_id, dependent_phase_id, dependency_start, dependent_start, lag_time, create_user, create_date, modify_user, modify_date)
VALUES ('141', '142', '1', '1', '0', '132458', '2010-05-21 07:26:30.0', '132458', '2010-05-21 07:26:30.0');
INSERT INTO phase_dependency (dependency_phase_id, dependent_phase_id, dependency_start, dependent_start, lag_time, create_user, create_date, modify_user, modify_date)
VALUES ('142', '143', '0', '1', '0', '132458', '2010-05-21 07:26:30.0', '132458', '2010-05-21 07:26:30.0');
INSERT INTO phase_dependency (dependency_phase_id, dependent_phase_id, dependency_start, dependent_start, lag_time, create_user, create_date, modify_user, modify_date)
VALUES ('143', '144', '0', '1', '0', '132458', '2010-05-21 07:26:30.0', '132458', '2010-05-21 07:26:30.0');
INSERT INTO phase_dependency (dependency_phase_id, dependent_phase_id, dependency_start, dependent_start, lag_time, create_user, create_date, modify_user, modify_date)
VALUES ('144', '145', '0', '1', '0', '132458', '2010-05-21 07:26:30.0', '132458', '2010-05-21 07:26:30.0');
INSERT INTO phase_dependency (dependency_phase_id, dependent_phase_id, dependency_start, dependent_start, lag_time, create_user, create_date, modify_user, modify_date)
VALUES ('145', '146', '0', '1', '0', '132458', '2010-05-21 07:26:30.0', '132458', '2010-05-21 07:26:30.0');
INSERT INTO phase_dependency (dependency_phase_id, dependent_phase_id, dependency_start, dependent_start, lag_time, create_user, create_date, modify_user, modify_date)
VALUES ('146', '147', '0', '1', '0', '132458', '2010-05-21 07:26:30.0', '132458', '2010-05-21 07:26:30.0');
INSERT INTO phase_dependency (dependency_phase_id, dependent_phase_id, dependency_start, dependent_start, lag_time, create_user, create_date, modify_user, modify_date)
VALUES ('147', '148', '0', '1', '0', '132458', '2010-05-21 07:26:30.0', '132458', '2010-05-21 07:26:30.0');
INSERT INTO phase_dependency (dependency_phase_id, dependent_phase_id, dependency_start, dependent_start, lag_time, create_user, create_date, modify_user, modify_date)
VALUES ('148', '149', '0', '1', '0', '132458', '2010-05-21 07:26:30.0', '132458', '2010-05-21 07:26:30.0');
INSERT INTO phase_dependency (dependency_phase_id, dependent_phase_id, dependency_start, dependent_start, lag_time, create_user, create_date, modify_user, modify_date)
VALUES ('149', '150', '0', '1', '0', '132458', '2010-05-21 07:26:30.0', '132458', '2010-05-21 07:26:30.0');
--  Data for resource
INSERT INTO resource (resource_id, resource_role_id, project_id, project_phase_id, create_user, create_date, modify_user, modify_date)
VALUES ('141', '13', '141', NULL, '132458', '2010-05-21 07:26:30.0', '132458', '2010-05-21 07:26:30.0');
--  Data for resource_info
INSERT INTO resource_info (resource_id, resource_info_type_id, value, create_user, create_date, modify_user, modify_date)
VALUES ('141', '1', '132458', '132458', '2010-05-21 07:26:30.0', '132458', '2010-05-21 07:26:30.0');
INSERT INTO resource_info (resource_id, resource_info_type_id, value, create_user, create_date, modify_user, modify_date)
VALUES ('141', '2', 'user', '132458', '2010-05-21 07:26:30.0', '132458', '2010-05-21 07:26:30.0');
--  Data for user_role
INSERT INTO user_role (user_role_id, comp_vers_id, role_id, login_id, description)
VALUES ('284', '283', '1', '132458', '');
--  Data for word_search
INSERT INTO word_search (word_search_id, document_id, index_word, nbr_occurrences)
VALUES ('287', '281', 'ever                                                                                                ', '2');
INSERT INTO word_search (word_search_id, document_id, index_word, nbr_occurrences)
VALUES ('288', '281', 'component                                                                                           ', '4');
INSERT INTO word_search (word_search_id, document_id, index_word, nbr_occurrences)
VALUES ('289', '281', 'coolest                                                                                             ', '2');
INSERT INTO word_search (word_search_id, document_id, index_word, nbr_occurrences)
VALUES ('290', '281', 'assembly                                                    ', '2');
--  Data for word_search_ctgy
INSERT INTO word_search_ctgy (word_srch_ctgy_id, category_id, document_id)
VALUES ('286', 'DDECATALOG                                        ', '281');
--  Data for word_search_doc
INSERT INTO word_search_doc (document_id)
VALUES ('281');
-- Data for project
INSERT INTO project (project_id, project_status_id, project_category_id, create_user, create_date, modify_user, modify_date)
VALUES ('151', '2', '14', '132458', '2010-05-21 07:26:30.0', '132458', '2010-05-21 07:26:30.0');
--  Data for project_info
INSERT INTO project_info (project_id, project_info_type_id, value, create_user, create_date, modify_user, modify_date)
VALUES ('151', '1', '303', '132458', '2010-05-21 07:26:30.0', '132458', '2010-05-21 07:26:30.0');
INSERT INTO project_info (project_id, project_info_type_id, value, create_user, create_date, modify_user, modify_date)
VALUES ('151', '2', '301', '132458', '2010-05-21 07:26:30.0', '132458', '2010-05-21 07:26:30.0');
INSERT INTO project_info (project_id, project_info_type_id, value, create_user, create_date, modify_user, modify_date)
VALUES ('151', '3', '1', '132458', '2010-05-21 07:26:30.0', '132458', '2010-05-21 07:26:30.0');
INSERT INTO project_info (project_id, project_info_type_id, value, create_user, create_date, modify_user, modify_date)
VALUES ('151', '4', '0', '132458', '2010-05-21 07:26:30.0', '132458', '2010-05-21 07:26:30.0');
INSERT INTO project_info (project_id, project_info_type_id, value, create_user, create_date, modify_user, modify_date)
VALUES ('151', '5', '5801778', '132458', '2010-05-21 07:26:30.0', '132458', '2010-05-21 07:26:30.0');
INSERT INTO project_info (project_id, project_info_type_id, value, create_user, create_date, modify_user, modify_date)
VALUES ('151', '6', 'Component 16', '132458', '2010-05-21 07:26:30.0', '132458', '2010-05-21 07:26:30.0');
INSERT INTO project_info (project_id, project_info_type_id, value, create_user, create_date, modify_user, modify_date)
VALUES ('151', '7', '1.0                 ', '132458', '2010-05-21 07:26:30.0', '132458', '2010-05-21 07:26:30.0');
INSERT INTO project_info (project_id, project_info_type_id, value, create_user, create_date, modify_user, modify_date)
VALUES ('151', '9', 'Off', '132458', '2010-05-21 07:26:30.0', '132458', '2010-05-21 07:26:30.0');
INSERT INTO project_info (project_id, project_info_type_id, value, create_user, create_date, modify_user, modify_date)
VALUES ('151', '10', 'On', '132458', '2010-05-21 07:26:30.0', '132458', '2010-05-21 07:26:30.0');
INSERT INTO project_info (project_id, project_info_type_id, value, create_user, create_date, modify_user, modify_date)
VALUES ('151', '11', 'On', '132458', '2010-05-21 07:26:30.0', '132458', '2010-05-21 07:26:30.0');
INSERT INTO project_info (project_id, project_info_type_id, value, create_user, create_date, modify_user, modify_date)
VALUES ('151', '12', 'Yes', '132458', '2010-05-21 07:26:30.0', '132458', '2010-05-21 07:26:30.0');
INSERT INTO project_info (project_id, project_info_type_id, value, create_user, create_date, modify_user, modify_date)
VALUES ('151', '13', 'Yes', '132458', '2010-05-21 07:26:30.0', '132458', '2010-05-21 07:26:30.0');
INSERT INTO project_info (project_id, project_info_type_id, value, create_user, create_date, modify_user, modify_date)
VALUES ('151', '14', 'Open', '132458', '2010-05-21 07:26:30.0', '132458', '2010-05-21 07:26:30.0');
INSERT INTO project_info (project_id, project_info_type_id, value, create_user, create_date, modify_user, modify_date)
VALUES ('151', '16', '0.0', '132458', '2010-05-21 07:26:30.0', '132458', '2010-05-21 07:26:30.0');
INSERT INTO project_info (project_id, project_info_type_id, value, create_user, create_date, modify_user, modify_date)
VALUES ('151', '26', 'On', '132458', '2010-05-21 07:26:30.0', '132458', '2010-05-21 07:26:30.0');
INSERT INTO project_info (project_id, project_info_type_id, value, create_user, create_date, modify_user, modify_date)
VALUES ('151', '29', 'On', '132458', '2010-05-21 07:26:30.0', '132458', '2010-05-21 07:26:30.0');
INSERT INTO project_info (project_id, project_info_type_id, value, create_user, create_date, modify_user, modify_date)
VALUES ('151', '41', 'true', '132458', '2010-05-21 07:26:30.0', '132458', '2010-05-21 07:26:30.0');
INSERT INTO project_info (project_id, project_info_type_id, value, create_user, create_date, modify_user, modify_date)
VALUES ('151', '43', 'true', '132458', '2010-05-21 07:26:30.0', '132458', '2010-05-21 07:26:30.0');
--  Data for project_phase
INSERT INTO project_phase (project_phase_id, project_id, phase_type_id, phase_status_id, fixed_start_time, scheduled_start_time, scheduled_end_time, actual_start_time, actual_end_time, duration, create_user, create_date, modify_user, modify_date)
VALUES ('151', '151', '1', '1', '2010-05-27 09:00:00.0', '2010-05-27 09:00:00.0', '2010-06-01 09:00:00.0', NULL, NULL, '259200000', '132458', '2010-05-21 07:26:30.0', '132458', '2010-05-21 07:26:30.0');
INSERT INTO project_phase (project_phase_id, project_id, phase_type_id, phase_status_id, fixed_start_time, scheduled_start_time, scheduled_end_time, actual_start_time, actual_end_time, duration, create_user, create_date, modify_user, modify_date)
VALUES ('152', '151', '2', '1', '2010-05-27 09:00:00.0', '2010-05-27 09:00:00.0', '2010-06-07 09:00:00.0', NULL, NULL, '604800000', '132458', '2010-05-21 07:26:30.0', '132458', '2010-05-21 07:26:30.0');
INSERT INTO project_phase (project_phase_id, project_id, phase_type_id, phase_status_id, fixed_start_time, scheduled_start_time, scheduled_end_time, actual_start_time, actual_end_time, duration, create_user, create_date, modify_user, modify_date)
VALUES ('153', '151', '3', '1', '2010-06-07 09:00:00.0', '2010-06-07 09:00:00.0', '2010-06-08 09:00:00.0', NULL, NULL, '86400000', '132458', '2010-05-21 07:26:30.0', '132458', '2010-05-21 07:26:30.0');
INSERT INTO project_phase (project_phase_id, project_id, phase_type_id, phase_status_id, fixed_start_time, scheduled_start_time, scheduled_end_time, actual_start_time, actual_end_time, duration, create_user, create_date, modify_user, modify_date)
VALUES ('154', '151', '4', '1', '2010-06-08 09:00:00.0', '2010-06-08 09:00:00.0', '2010-06-14 09:00:00.0', NULL, NULL, '345600000', '132458', '2010-05-21 07:26:30.0', '132458', '2010-05-21 07:26:30.0');
INSERT INTO project_phase (project_phase_id, project_id, phase_type_id, phase_status_id, fixed_start_time, scheduled_start_time, scheduled_end_time, actual_start_time, actual_end_time, duration, create_user, create_date, modify_user, modify_date)
VALUES ('155', '151', '5', '1', '2010-06-14 09:00:00.0', '2010-06-14 09:00:00.0', '2010-06-15 09:00:00.0', NULL, NULL, '86400000', '132458', '2010-05-21 07:26:30.0', '132458', '2010-05-21 07:26:30.0');
INSERT INTO project_phase (project_phase_id, project_id, phase_type_id, phase_status_id, fixed_start_time, scheduled_start_time, scheduled_end_time, actual_start_time, actual_end_time, duration, create_user, create_date, modify_user, modify_date)
VALUES ('156', '151', '6', '1', '2010-06-15 09:00:00.0', '2010-06-15 09:00:00.0', '2010-06-16 09:00:00.0', NULL, NULL, '86400000', '132458', '2010-05-21 07:26:30.0', '132458', '2010-05-21 07:26:30.0');
INSERT INTO project_phase (project_phase_id, project_id, phase_type_id, phase_status_id, fixed_start_time, scheduled_start_time, scheduled_end_time, actual_start_time, actual_end_time, duration, create_user, create_date, modify_user, modify_date)
VALUES ('157', '151', '7', '1', '2010-06-16 09:00:00.0', '2010-06-16 09:00:00.0', '2010-06-16 21:00:00.0', NULL, NULL, '43200000', '132458', '2010-05-21 07:26:30.0', '132458', '2010-05-21 07:26:30.0');
INSERT INTO project_phase (project_phase_id, project_id, phase_type_id, phase_status_id, fixed_start_time, scheduled_start_time, scheduled_end_time, actual_start_time, actual_end_time, duration, create_user, create_date, modify_user, modify_date)
VALUES ('158', '151', '8', '1', '2010-06-16 21:00:00.0', '2010-06-16 21:00:00.0', '2010-06-17 09:00:00.0', NULL, NULL, '43200000', '132458', '2010-05-21 07:26:30.0', '132458', '2010-05-21 07:26:30.0');
INSERT INTO project_phase (project_phase_id, project_id, phase_type_id, phase_status_id, fixed_start_time, scheduled_start_time, scheduled_end_time, actual_start_time, actual_end_time, duration, create_user, create_date, modify_user, modify_date)
VALUES ('159', '151', '9', '1', '2010-06-17 09:00:00.0', '2010-06-17 09:00:00.0', '2010-06-22 09:00:00.0', NULL, NULL, '259200000', '132458', '2010-05-21 07:26:30.0', '132458', '2010-05-21 07:26:30.0');
INSERT INTO project_phase (project_phase_id, project_id, phase_type_id, phase_status_id, fixed_start_time, scheduled_start_time, scheduled_end_time, actual_start_time, actual_end_time, duration, create_user, create_date, modify_user, modify_date)
VALUES ('160', '151', '10', '1', '2010-06-22 09:00:00.0', '2010-06-22 09:00:00.0', '2010-06-23 09:00:00.0', NULL, NULL, '86400000', '132458', '2010-05-21 07:26:30.0', '132458', '2010-05-21 07:26:30.0');
--  Data for comp_catalog
INSERT INTO comp_catalog (component_id, current_version, short_desc, component_name, description, function_desc, create_time, status_id, root_category_id, modify_date, public_ind)
VALUES ('301', '1', 'Coolest component ever', 'Component 16', 'Coolest component ever', 'Component', '2010-05-21 07:20:14.48', '102', '5801778', '2010-05-21 07:23:44.0', '0');
--  Data for comp_versions
INSERT INTO comp_versions (comp_vers_id, component_id, version, version_text, create_time, phase_id, phase_time, price, comments, modify_date,
                           suspended_ind)
VALUES ('303', '301', '1', '1.0                 ', '2010-05-21 07:20:14.48', '112', '1976-05-04 00:00:00.0', '1000.00', 'Cool', '2010-05-21 07:27:01.0', '0');
--  Data for comp_categories
INSERT INTO comp_categories (comp_categories_id, component_id, category_id)
VALUES ('305', '301', '11');
--  Data for comp_keywords
INSERT INTO comp_keywords (comp_keywords_id, component_id, keyword)
VALUES ('311', '301', 'assembly');
--  Data for comp_technology
INSERT INTO comp_technology (comp_tech_id, comp_vers_id, technology_type_id)
VALUES ('312', '303', '1');
--  Data for comp_documentation
INSERT INTO comp_documentation (document_id, comp_vers_id, document_type_id, document_name, url)
VALUES ('313', '303', '0', 'Requirements Specification', '301/303/MQTTBroker_Requirements_Specification.pdf');
--  Data for comp_jive_category_xref
INSERT INTO comp_jive_category_xref (comp_vers_id, jive_category_id)
VALUES ('303', '0');
--  Data for comp_version_dates
INSERT INTO comp_version_dates (comp_version_dates_id, comp_vers_id, phase_id, posting_date, initial_submission_date, winner_announced_date, final_submission_date,
                                estimated_dev_date, price, total_submissions, status_id, create_time, level_id, screening_complete_date, review_complete_date,
                                aggregation_complete_date, phase_complete_date, production_date, aggregation_complete_date_comment, phase_complete_date_comment,
                                review_complete_date_comment, winner_announced_date_comment, initial_submission_date_comment, screening_complete_date_comment,
                                final_submission_date_comment, production_date_comment, modify_date)
VALUES ('314', '303', '112', '1976-05-05', '2000-01-01', '2000-01-01', 
        '2000-01-01', '2000-01-01', NULL, '0', '301', '2010-05-21 07:27:01.0', '100', '2000-01-01',
        '2000-01-01', '2000-01-01', '2000-01-01', '2010-12-01', 
        NULL, NULL, NULL, NULL, NULL, NULL, NULL, '', '2010-05-21 07:27:01.0');
--  Data for phase_criteria
INSERT INTO phase_criteria (project_phase_id, phase_criteria_type_id, parameter, create_user, create_date, modify_user, modify_date)
VALUES ('151', '2', '0', '132458', '2010-05-21 07:26:30.0', '132458', '2010-05-21 07:26:30.0');
INSERT INTO phase_criteria (project_phase_id, phase_criteria_type_id, parameter, create_user, create_date, modify_user, modify_date)
VALUES ('151', '5', 'No', '132458', '2010-05-21 07:26:30.0', '132458', '2010-05-21 07:26:30.0');
INSERT INTO phase_criteria (project_phase_id, phase_criteria_type_id, parameter, create_user, create_date, modify_user, modify_date)
VALUES ('152', '3', '0', '132458', '2010-05-21 07:26:30.0', '132458', '2010-05-21 07:26:30.0');
INSERT INTO phase_criteria (project_phase_id, phase_criteria_type_id, parameter, create_user, create_date, modify_user, modify_date)
VALUES ('152', '5', 'No', '132458', '2010-05-21 07:26:30.0', '132458', '2010-05-21 07:26:30.0');
INSERT INTO phase_criteria (project_phase_id, phase_criteria_type_id, parameter, create_user, create_date, modify_user, modify_date)
VALUES ('153', '5', 'No', '132458', '2010-05-21 07:26:30.0', '132458', '2010-05-21 07:26:30.0');
INSERT INTO phase_criteria (project_phase_id, phase_criteria_type_id, parameter, create_user, create_date, modify_user, modify_date)
VALUES ('153', '1', '30000410', '132458', '2010-05-21 07:26:30.0', '132458', '2010-05-21 07:26:30.0');
INSERT INTO phase_criteria (project_phase_id, phase_criteria_type_id, parameter, create_user, create_date, modify_user, modify_date)
VALUES ('154', '5', 'No', '132458', '2010-05-21 07:26:30.0', '132458', '2010-05-21 07:26:30.0');
INSERT INTO phase_criteria (project_phase_id, phase_criteria_type_id, parameter, create_user, create_date, modify_user, modify_date)
VALUES ('154', '1', '30000411', '132458', '2010-05-21 07:26:30.0', '132458', '2010-05-21 07:26:30.0');
INSERT INTO phase_criteria (project_phase_id, phase_criteria_type_id, parameter, create_user, create_date, modify_user, modify_date)
VALUES ('154', '6', '3', '132458', '2010-05-21 07:26:30.0', '132458', '2010-05-21 07:26:30.0');
INSERT INTO phase_criteria (project_phase_id, phase_criteria_type_id, parameter, create_user, create_date, modify_user, modify_date)
VALUES ('155', '5', 'No', '132458', '2010-05-21 07:26:30.0', '132458', '2010-05-21 07:26:30.0');
INSERT INTO phase_criteria (project_phase_id, phase_criteria_type_id, parameter, create_user, create_date, modify_user, modify_date)
VALUES ('155', '4', 'No', '132458', '2010-05-21 07:26:30.0', '132458', '2010-05-21 07:26:30.0');
INSERT INTO phase_criteria (project_phase_id, phase_criteria_type_id, parameter, create_user, create_date, modify_user, modify_date)
VALUES ('156', '5', 'No', '132458', '2010-05-21 07:26:30.0', '132458', '2010-05-21 07:26:30.0');
INSERT INTO phase_criteria (project_phase_id, phase_criteria_type_id, parameter, create_user, create_date, modify_user, modify_date)
VALUES ('157', '5', 'No', '132458', '2010-05-21 07:26:30.0', '132458', '2010-05-21 07:26:30.0');
INSERT INTO phase_criteria (project_phase_id, phase_criteria_type_id, parameter, create_user, create_date, modify_user, modify_date)
VALUES ('158', '5', 'No', '132458', '2010-05-21 07:26:30.0', '132458', '2010-05-21 07:26:30.0');
INSERT INTO phase_criteria (project_phase_id, phase_criteria_type_id, parameter, create_user, create_date, modify_user, modify_date)
VALUES ('159', '5', 'No', '132458', '2010-05-21 07:26:30.0', '132458', '2010-05-21 07:26:30.0');
INSERT INTO phase_criteria (project_phase_id, phase_criteria_type_id, parameter, create_user, create_date, modify_user, modify_date)
VALUES ('160', '5', 'No', '132458', '2010-05-21 07:26:30.0', '132458', '2010-05-21 07:26:30.0');
--  Data for phase_dependency
INSERT INTO phase_dependency (dependency_phase_id, dependent_phase_id, dependency_start, dependent_start, lag_time, create_user, create_date, modify_user, modify_date)
VALUES ('151', '152', '1', '1', '0', '132458', '2010-05-21 07:26:30.0', '132458', '2010-05-21 07:26:30.0');
INSERT INTO phase_dependency (dependency_phase_id, dependent_phase_id, dependency_start, dependent_start, lag_time, create_user, create_date, modify_user, modify_date)
VALUES ('152', '153', '0', '1', '0', '132458', '2010-05-21 07:26:30.0', '132458', '2010-05-21 07:26:30.0');
INSERT INTO phase_dependency (dependency_phase_id, dependent_phase_id, dependency_start, dependent_start, lag_time, create_user, create_date, modify_user, modify_date)
VALUES ('153', '154', '0', '1', '0', '132458', '2010-05-21 07:26:30.0', '132458', '2010-05-21 07:26:30.0');
INSERT INTO phase_dependency (dependency_phase_id, dependent_phase_id, dependency_start, dependent_start, lag_time, create_user, create_date, modify_user, modify_date)
VALUES ('154', '155', '0', '1', '0', '132458', '2010-05-21 07:26:30.0', '132458', '2010-05-21 07:26:30.0');
INSERT INTO phase_dependency (dependency_phase_id, dependent_phase_id, dependency_start, dependent_start, lag_time, create_user, create_date, modify_user, modify_date)
VALUES ('155', '156', '0', '1', '0', '132458', '2010-05-21 07:26:30.0', '132458', '2010-05-21 07:26:30.0');
INSERT INTO phase_dependency (dependency_phase_id, dependent_phase_id, dependency_start, dependent_start, lag_time, create_user, create_date, modify_user, modify_date)
VALUES ('156', '157', '0', '1', '0', '132458', '2010-05-21 07:26:30.0', '132458', '2010-05-21 07:26:30.0');
INSERT INTO phase_dependency (dependency_phase_id, dependent_phase_id, dependency_start, dependent_start, lag_time, create_user, create_date, modify_user, modify_date)
VALUES ('157', '158', '0', '1', '0', '132458', '2010-05-21 07:26:30.0', '132458', '2010-05-21 07:26:30.0');
INSERT INTO phase_dependency (dependency_phase_id, dependent_phase_id, dependency_start, dependent_start, lag_time, create_user, create_date, modify_user, modify_date)
VALUES ('158', '159', '0', '1', '0', '132458', '2010-05-21 07:26:30.0', '132458', '2010-05-21 07:26:30.0');
INSERT INTO phase_dependency (dependency_phase_id, dependent_phase_id, dependency_start, dependent_start, lag_time, create_user, create_date, modify_user, modify_date)
VALUES ('159', '160', '0', '1', '0', '132458', '2010-05-21 07:26:30.0', '132458', '2010-05-21 07:26:30.0');
--  Data for resource
INSERT INTO resource (resource_id, resource_role_id, project_id, project_phase_id, create_user, create_date, modify_user, modify_date)
VALUES ('151', '13', '151', NULL, '132458', '2010-05-21 07:26:30.0', '132458', '2010-05-21 07:26:30.0');
--  Data for resource_info
INSERT INTO resource_info (resource_id, resource_info_type_id, value, create_user, create_date, modify_user, modify_date)
VALUES ('151', '1', '132458', '132458', '2010-05-21 07:26:30.0', '132458', '2010-05-21 07:26:30.0');
INSERT INTO resource_info (resource_id, resource_info_type_id, value, create_user, create_date, modify_user, modify_date)
VALUES ('151', '2', 'user', '132458', '2010-05-21 07:26:30.0', '132458', '2010-05-21 07:26:30.0');
--  Data for user_role
INSERT INTO user_role (user_role_id, comp_vers_id, role_id, login_id, description)
VALUES ('304', '303', '1', '132458', '');
--  Data for word_search
INSERT INTO word_search (word_search_id, document_id, index_word, nbr_occurrences)
VALUES ('307', '301', 'ever                                                                                                ', '2');
INSERT INTO word_search (word_search_id, document_id, index_word, nbr_occurrences)
VALUES ('308', '301', 'component                                                                                           ', '4');
INSERT INTO word_search (word_search_id, document_id, index_word, nbr_occurrences)
VALUES ('309', '301', 'coolest                                                                                             ', '2');
INSERT INTO word_search (word_search_id, document_id, index_word, nbr_occurrences)
VALUES ('310', '301', 'assembly                                                    ', '2');
--  Data for word_search_ctgy
INSERT INTO word_search_ctgy (word_srch_ctgy_id, category_id, document_id)
VALUES ('306', 'DDECATALOG                                        ', '301');
--  Data for word_search_doc
INSERT INTO word_search_doc (document_id)
VALUES ('301');
-- Data for project
INSERT INTO project (project_id, project_status_id, project_category_id, create_user, create_date, modify_user, modify_date)
VALUES ('161', '1', '2', '132458', '2010-05-21 07:26:30.0', '132458', '2010-05-21 07:26:30.0');
--  Data for project_info
INSERT INTO project_info (project_id, project_info_type_id, value, create_user, create_date, modify_user, modify_date)
VALUES ('161', '1', '323', '132458', '2010-05-21 07:26:30.0', '132458', '2010-05-21 07:26:30.0');
INSERT INTO project_info (project_id, project_info_type_id, value, create_user, create_date, modify_user, modify_date)
VALUES ('161', '2', '321', '132458', '2010-05-21 07:26:30.0', '132458', '2010-05-21 07:26:30.0');
INSERT INTO project_info (project_id, project_info_type_id, value, create_user, create_date, modify_user, modify_date)
VALUES ('161', '3', '1', '132458', '2010-05-21 07:26:30.0', '132458', '2010-05-21 07:26:30.0');
INSERT INTO project_info (project_id, project_info_type_id, value, create_user, create_date, modify_user, modify_date)
VALUES ('161', '4', '0', '132458', '2010-05-21 07:26:30.0', '132458', '2010-05-21 07:26:30.0');
INSERT INTO project_info (project_id, project_info_type_id, value, create_user, create_date, modify_user, modify_date)
VALUES ('161', '5', '5801779', '132458', '2010-05-21 07:26:30.0', '132458', '2010-05-21 07:26:30.0');
INSERT INTO project_info (project_id, project_info_type_id, value, create_user, create_date, modify_user, modify_date)
VALUES ('161', '6', 'Component 17', '132458', '2010-05-21 07:26:30.0', '132458', '2010-05-21 07:26:30.0');
INSERT INTO project_info (project_id, project_info_type_id, value, create_user, create_date, modify_user, modify_date)
VALUES ('161', '7', '1.0                 ', '132458', '2010-05-21 07:26:30.0', '132458', '2010-05-21 07:26:30.0');
INSERT INTO project_info (project_id, project_info_type_id, value, create_user, create_date, modify_user, modify_date)
VALUES ('161', '9', 'Off', '132458', '2010-05-21 07:26:30.0', '132458', '2010-05-21 07:26:30.0');
INSERT INTO project_info (project_id, project_info_type_id, value, create_user, create_date, modify_user, modify_date)
VALUES ('161', '10', 'On', '132458', '2010-05-21 07:26:30.0', '132458', '2010-05-21 07:26:30.0');
INSERT INTO project_info (project_id, project_info_type_id, value, create_user, create_date, modify_user, modify_date)
VALUES ('161', '11', 'On', '132458', '2010-05-21 07:26:30.0', '132458', '2010-05-21 07:26:30.0');
INSERT INTO project_info (project_id, project_info_type_id, value, create_user, create_date, modify_user, modify_date)
VALUES ('161', '12', 'Yes', '132458', '2010-05-21 07:26:30.0', '132458', '2010-05-21 07:26:30.0');
INSERT INTO project_info (project_id, project_info_type_id, value, create_user, create_date, modify_user, modify_date)
VALUES ('161', '13', 'Yes', '132458', '2010-05-21 07:26:30.0', '132458', '2010-05-21 07:26:30.0');
INSERT INTO project_info (project_id, project_info_type_id, value, create_user, create_date, modify_user, modify_date)
VALUES ('161', '14', 'Open', '132458', '2010-05-21 07:26:30.0', '132458', '2010-05-21 07:26:30.0');
INSERT INTO project_info (project_id, project_info_type_id, value, create_user, create_date, modify_user, modify_date)
VALUES ('161', '16', '0.0', '132458', '2010-05-21 07:26:30.0', '132458', '2010-05-21 07:26:30.0');
INSERT INTO project_info (project_id, project_info_type_id, value, create_user, create_date, modify_user, modify_date)
VALUES ('161', '26', 'On', '132458', '2010-05-21 07:26:30.0', '132458', '2010-05-21 07:26:30.0');
INSERT INTO project_info (project_id, project_info_type_id, value, create_user, create_date, modify_user, modify_date)
VALUES ('161', '29', 'On', '132458', '2010-05-21 07:26:30.0', '132458', '2010-05-21 07:26:30.0');
INSERT INTO project_info (project_id, project_info_type_id, value, create_user, create_date, modify_user, modify_date)
VALUES ('161', '41', 'true', '132458', '2010-05-21 07:26:30.0', '132458', '2010-05-21 07:26:30.0');
INSERT INTO project_info (project_id, project_info_type_id, value, create_user, create_date, modify_user, modify_date)
VALUES ('161', '43', 'true', '132458', '2010-05-21 07:26:30.0', '132458', '2010-05-21 07:26:30.0');
--  Data for project_phase
INSERT INTO project_phase (project_phase_id, project_id, phase_type_id, phase_status_id, fixed_start_time, scheduled_start_time, scheduled_end_time, actual_start_time, actual_end_time, duration, create_user, create_date, modify_user, modify_date)
VALUES ('161', '161', '1', '1', '2010-05-27 09:00:00.0', '2010-05-27 09:00:00.0', '2010-06-01 09:00:00.0', NULL, NULL, '259200000', '132458', '2010-05-21 07:26:30.0', '132458', '2010-05-21 07:26:30.0');
INSERT INTO project_phase (project_phase_id, project_id, phase_type_id, phase_status_id, fixed_start_time, scheduled_start_time, scheduled_end_time, actual_start_time, actual_end_time, duration, create_user, create_date, modify_user, modify_date)
VALUES ('162', '161', '2', '1', '2010-05-27 09:00:00.0', '2010-05-27 09:00:00.0', '2010-06-07 09:00:00.0', NULL, NULL, '604800000', '132458', '2010-05-21 07:26:30.0', '132458', '2010-05-21 07:26:30.0');
INSERT INTO project_phase (project_phase_id, project_id, phase_type_id, phase_status_id, fixed_start_time, scheduled_start_time, scheduled_end_time, actual_start_time, actual_end_time, duration, create_user, create_date, modify_user, modify_date)
VALUES ('163', '161', '3', '1', '2010-06-07 09:00:00.0', '2010-06-07 09:00:00.0', '2010-06-08 09:00:00.0', NULL, NULL, '86400000', '132458', '2010-05-21 07:26:30.0', '132458', '2010-05-21 07:26:30.0');
INSERT INTO project_phase (project_phase_id, project_id, phase_type_id, phase_status_id, fixed_start_time, scheduled_start_time, scheduled_end_time, actual_start_time, actual_end_time, duration, create_user, create_date, modify_user, modify_date)
VALUES ('164', '161', '4', '1', '2010-06-08 09:00:00.0', '2010-06-08 09:00:00.0', '2010-06-14 09:00:00.0', NULL, NULL, '345600000', '132458', '2010-05-21 07:26:30.0', '132458', '2010-05-21 07:26:30.0');
INSERT INTO project_phase (project_phase_id, project_id, phase_type_id, phase_status_id, fixed_start_time, scheduled_start_time, scheduled_end_time, actual_start_time, actual_end_time, duration, create_user, create_date, modify_user, modify_date)
VALUES ('165', '161', '5', '1', '2010-06-14 09:00:00.0', '2010-06-14 09:00:00.0', '2010-06-15 09:00:00.0', NULL, NULL, '86400000', '132458', '2010-05-21 07:26:30.0', '132458', '2010-05-21 07:26:30.0');
INSERT INTO project_phase (project_phase_id, project_id, phase_type_id, phase_status_id, fixed_start_time, scheduled_start_time, scheduled_end_time, actual_start_time, actual_end_time, duration, create_user, create_date, modify_user, modify_date)
VALUES ('166', '161', '6', '1', '2010-06-15 09:00:00.0', '2010-06-15 09:00:00.0', '2010-06-16 09:00:00.0', NULL, NULL, '86400000', '132458', '2010-05-21 07:26:30.0', '132458', '2010-05-21 07:26:30.0');
INSERT INTO project_phase (project_phase_id, project_id, phase_type_id, phase_status_id, fixed_start_time, scheduled_start_time, scheduled_end_time, actual_start_time, actual_end_time, duration, create_user, create_date, modify_user, modify_date)
VALUES ('167', '161', '7', '1', '2010-06-16 09:00:00.0', '2010-06-16 09:00:00.0', '2010-06-16 21:00:00.0', NULL, NULL, '43200000', '132458', '2010-05-21 07:26:30.0', '132458', '2010-05-21 07:26:30.0');
INSERT INTO project_phase (project_phase_id, project_id, phase_type_id, phase_status_id, fixed_start_time, scheduled_start_time, scheduled_end_time, actual_start_time, actual_end_time, duration, create_user, create_date, modify_user, modify_date)
VALUES ('168', '161', '8', '1', '2010-06-16 21:00:00.0', '2010-06-16 21:00:00.0', '2010-06-17 09:00:00.0', NULL, NULL, '43200000', '132458', '2010-05-21 07:26:30.0', '132458', '2010-05-21 07:26:30.0');
INSERT INTO project_phase (project_phase_id, project_id, phase_type_id, phase_status_id, fixed_start_time, scheduled_start_time, scheduled_end_time, actual_start_time, actual_end_time, duration, create_user, create_date, modify_user, modify_date)
VALUES ('169', '161', '9', '1', '2010-06-17 09:00:00.0', '2010-06-17 09:00:00.0', '2010-06-22 09:00:00.0', NULL, NULL, '259200000', '132458', '2010-05-21 07:26:30.0', '132458', '2010-05-21 07:26:30.0');
INSERT INTO project_phase (project_phase_id, project_id, phase_type_id, phase_status_id, fixed_start_time, scheduled_start_time, scheduled_end_time, actual_start_time, actual_end_time, duration, create_user, create_date, modify_user, modify_date)
VALUES ('170', '161', '10', '1', '2010-06-22 09:00:00.0', '2010-06-22 09:00:00.0', '2010-06-23 09:00:00.0', NULL, NULL, '86400000', '132458', '2010-05-21 07:26:30.0', '132458', '2010-05-21 07:26:30.0');
--  Data for comp_catalog
INSERT INTO comp_catalog (component_id, current_version, short_desc, component_name, description, function_desc, create_time, status_id, root_category_id, modify_date, public_ind)
VALUES ('321', '1', 'Coolest component ever', 'Component 17', 'Coolest component ever', 'Component', '2010-05-21 07:20:14.48', '102', '5801779', '2010-05-21 07:23:44.0', '0');
--  Data for comp_versions
INSERT INTO comp_versions (comp_vers_id, component_id, version, version_text, create_time, phase_id, phase_time, price, comments, modify_date,
                           suspended_ind)
VALUES ('323', '321', '1', '1.0                 ', '2010-05-21 07:20:14.48', '112', '1976-05-04 00:00:00.0', '1000.00', 'Cool', '2010-05-21 07:27:01.0', '0');
--  Data for comp_categories
INSERT INTO comp_categories (comp_categories_id, component_id, category_id)
VALUES ('325', '321', '11');
--  Data for comp_keywords
INSERT INTO comp_keywords (comp_keywords_id, component_id, keyword)
VALUES ('331', '321', 'development');
--  Data for comp_technology
INSERT INTO comp_technology (comp_tech_id, comp_vers_id, technology_type_id)
VALUES ('332', '323', '1');
--  Data for comp_documentation
INSERT INTO comp_documentation (document_id, comp_vers_id, document_type_id, document_name, url)
VALUES ('333', '323', '0', 'Requirements Specification', '321/323/MQTTBroker_Requirements_Specification.pdf');
--  Data for comp_jive_category_xref
INSERT INTO comp_jive_category_xref (comp_vers_id, jive_category_id)
VALUES ('323', '0');
--  Data for comp_version_dates
INSERT INTO comp_version_dates (comp_version_dates_id, comp_vers_id, phase_id, posting_date, initial_submission_date, winner_announced_date, final_submission_date,
                                estimated_dev_date, price, total_submissions, status_id, create_time, level_id, screening_complete_date, review_complete_date,
                                aggregation_complete_date, phase_complete_date, production_date, aggregation_complete_date_comment, phase_complete_date_comment,
                                review_complete_date_comment, winner_announced_date_comment, initial_submission_date_comment, screening_complete_date_comment,
                                final_submission_date_comment, production_date_comment, modify_date)
VALUES ('334', '323', '112', '1976-05-05', '2000-01-01', '2000-01-01', 
        '2000-01-01', '2000-01-01', NULL, '0', '301', '2010-05-21 07:27:01.0', '100', '2000-01-01',
        '2000-01-01', '2000-01-01', '2000-01-01', '2010-12-01', 
        NULL, NULL, NULL, NULL, NULL, NULL, NULL, '', '2010-05-21 07:27:01.0');
--  Data for phase_criteria
INSERT INTO phase_criteria (project_phase_id, phase_criteria_type_id, parameter, create_user, create_date, modify_user, modify_date)
VALUES ('161', '2', '0', '132458', '2010-05-21 07:26:30.0', '132458', '2010-05-21 07:26:30.0');
INSERT INTO phase_criteria (project_phase_id, phase_criteria_type_id, parameter, create_user, create_date, modify_user, modify_date)
VALUES ('161', '5', 'No', '132458', '2010-05-21 07:26:30.0', '132458', '2010-05-21 07:26:30.0');
INSERT INTO phase_criteria (project_phase_id, phase_criteria_type_id, parameter, create_user, create_date, modify_user, modify_date)
VALUES ('162', '3', '0', '132458', '2010-05-21 07:26:30.0', '132458', '2010-05-21 07:26:30.0');
INSERT INTO phase_criteria (project_phase_id, phase_criteria_type_id, parameter, create_user, create_date, modify_user, modify_date)
VALUES ('162', '5', 'No', '132458', '2010-05-21 07:26:30.0', '132458', '2010-05-21 07:26:30.0');
INSERT INTO phase_criteria (project_phase_id, phase_criteria_type_id, parameter, create_user, create_date, modify_user, modify_date)
VALUES ('163', '5', 'No', '132458', '2010-05-21 07:26:30.0', '132458', '2010-05-21 07:26:30.0');
INSERT INTO phase_criteria (project_phase_id, phase_criteria_type_id, parameter, create_user, create_date, modify_user, modify_date)
VALUES ('163', '1', '30000410', '132458', '2010-05-21 07:26:30.0', '132458', '2010-05-21 07:26:30.0');
INSERT INTO phase_criteria (project_phase_id, phase_criteria_type_id, parameter, create_user, create_date, modify_user, modify_date)
VALUES ('164', '5', 'No', '132458', '2010-05-21 07:26:30.0', '132458', '2010-05-21 07:26:30.0');
INSERT INTO phase_criteria (project_phase_id, phase_criteria_type_id, parameter, create_user, create_date, modify_user, modify_date)
VALUES ('164', '1', '30000411', '132458', '2010-05-21 07:26:30.0', '132458', '2010-05-21 07:26:30.0');
INSERT INTO phase_criteria (project_phase_id, phase_criteria_type_id, parameter, create_user, create_date, modify_user, modify_date)
VALUES ('164', '6', '3', '132458', '2010-05-21 07:26:30.0', '132458', '2010-05-21 07:26:30.0');
INSERT INTO phase_criteria (project_phase_id, phase_criteria_type_id, parameter, create_user, create_date, modify_user, modify_date)
VALUES ('165', '5', 'No', '132458', '2010-05-21 07:26:30.0', '132458', '2010-05-21 07:26:30.0');
INSERT INTO phase_criteria (project_phase_id, phase_criteria_type_id, parameter, create_user, create_date, modify_user, modify_date)
VALUES ('165', '4', 'No', '132458', '2010-05-21 07:26:30.0', '132458', '2010-05-21 07:26:30.0');
INSERT INTO phase_criteria (project_phase_id, phase_criteria_type_id, parameter, create_user, create_date, modify_user, modify_date)
VALUES ('166', '5', 'No', '132458', '2010-05-21 07:26:30.0', '132458', '2010-05-21 07:26:30.0');
INSERT INTO phase_criteria (project_phase_id, phase_criteria_type_id, parameter, create_user, create_date, modify_user, modify_date)
VALUES ('167', '5', 'No', '132458', '2010-05-21 07:26:30.0', '132458', '2010-05-21 07:26:30.0');
INSERT INTO phase_criteria (project_phase_id, phase_criteria_type_id, parameter, create_user, create_date, modify_user, modify_date)
VALUES ('168', '5', 'No', '132458', '2010-05-21 07:26:30.0', '132458', '2010-05-21 07:26:30.0');
INSERT INTO phase_criteria (project_phase_id, phase_criteria_type_id, parameter, create_user, create_date, modify_user, modify_date)
VALUES ('169', '5', 'No', '132458', '2010-05-21 07:26:30.0', '132458', '2010-05-21 07:26:30.0');
INSERT INTO phase_criteria (project_phase_id, phase_criteria_type_id, parameter, create_user, create_date, modify_user, modify_date)
VALUES ('170', '5', 'No', '132458', '2010-05-21 07:26:30.0', '132458', '2010-05-21 07:26:30.0');
--  Data for phase_dependency
INSERT INTO phase_dependency (dependency_phase_id, dependent_phase_id, dependency_start, dependent_start, lag_time, create_user, create_date, modify_user, modify_date)
VALUES ('161', '162', '1', '1', '0', '132458', '2010-05-21 07:26:30.0', '132458', '2010-05-21 07:26:30.0');
INSERT INTO phase_dependency (dependency_phase_id, dependent_phase_id, dependency_start, dependent_start, lag_time, create_user, create_date, modify_user, modify_date)
VALUES ('162', '163', '0', '1', '0', '132458', '2010-05-21 07:26:30.0', '132458', '2010-05-21 07:26:30.0');
INSERT INTO phase_dependency (dependency_phase_id, dependent_phase_id, dependency_start, dependent_start, lag_time, create_user, create_date, modify_user, modify_date)
VALUES ('163', '164', '0', '1', '0', '132458', '2010-05-21 07:26:30.0', '132458', '2010-05-21 07:26:30.0');
INSERT INTO phase_dependency (dependency_phase_id, dependent_phase_id, dependency_start, dependent_start, lag_time, create_user, create_date, modify_user, modify_date)
VALUES ('164', '165', '0', '1', '0', '132458', '2010-05-21 07:26:30.0', '132458', '2010-05-21 07:26:30.0');
INSERT INTO phase_dependency (dependency_phase_id, dependent_phase_id, dependency_start, dependent_start, lag_time, create_user, create_date, modify_user, modify_date)
VALUES ('165', '166', '0', '1', '0', '132458', '2010-05-21 07:26:30.0', '132458', '2010-05-21 07:26:30.0');
INSERT INTO phase_dependency (dependency_phase_id, dependent_phase_id, dependency_start, dependent_start, lag_time, create_user, create_date, modify_user, modify_date)
VALUES ('166', '167', '0', '1', '0', '132458', '2010-05-21 07:26:30.0', '132458', '2010-05-21 07:26:30.0');
INSERT INTO phase_dependency (dependency_phase_id, dependent_phase_id, dependency_start, dependent_start, lag_time, create_user, create_date, modify_user, modify_date)
VALUES ('167', '168', '0', '1', '0', '132458', '2010-05-21 07:26:30.0', '132458', '2010-05-21 07:26:30.0');
INSERT INTO phase_dependency (dependency_phase_id, dependent_phase_id, dependency_start, dependent_start, lag_time, create_user, create_date, modify_user, modify_date)
VALUES ('168', '169', '0', '1', '0', '132458', '2010-05-21 07:26:30.0', '132458', '2010-05-21 07:26:30.0');
INSERT INTO phase_dependency (dependency_phase_id, dependent_phase_id, dependency_start, dependent_start, lag_time, create_user, create_date, modify_user, modify_date)
VALUES ('169', '170', '0', '1', '0', '132458', '2010-05-21 07:26:30.0', '132458', '2010-05-21 07:26:30.0');
--  Data for resource
INSERT INTO resource (resource_id, resource_role_id, project_id, project_phase_id, create_user, create_date, modify_user, modify_date)
VALUES ('161', '13', '161', NULL, '132458', '2010-05-21 07:26:30.0', '132458', '2010-05-21 07:26:30.0');
--  Data for resource_info
INSERT INTO resource_info (resource_id, resource_info_type_id, value, create_user, create_date, modify_user, modify_date)
VALUES ('161', '1', '132458', '132458', '2010-05-21 07:26:30.0', '132458', '2010-05-21 07:26:30.0');
INSERT INTO resource_info (resource_id, resource_info_type_id, value, create_user, create_date, modify_user, modify_date)
VALUES ('161', '2', 'user', '132458', '2010-05-21 07:26:30.0', '132458', '2010-05-21 07:26:30.0');
--  Data for user_role
INSERT INTO user_role (user_role_id, comp_vers_id, role_id, login_id, description)
VALUES ('324', '323', '1', '132458', '');
--  Data for word_search
INSERT INTO word_search (word_search_id, document_id, index_word, nbr_occurrences)
VALUES ('327', '321', 'ever                                                                                                ', '2');
INSERT INTO word_search (word_search_id, document_id, index_word, nbr_occurrences)
VALUES ('328', '321', 'component                                                                                           ', '4');
INSERT INTO word_search (word_search_id, document_id, index_word, nbr_occurrences)
VALUES ('329', '321', 'coolest                                                                                             ', '2');
INSERT INTO word_search (word_search_id, document_id, index_word, nbr_occurrences)
VALUES ('330', '321', 'development                                                    ', '2');
--  Data for word_search_ctgy
INSERT INTO word_search_ctgy (word_srch_ctgy_id, category_id, document_id)
VALUES ('326', 'DDECATALOG                                        ', '321');
--  Data for word_search_doc
INSERT INTO word_search_doc (document_id)
VALUES ('321');
-- Data for project
INSERT INTO project (project_id, project_status_id, project_category_id, create_user, create_date, modify_user, modify_date)
VALUES ('171', '1', '2', '132456', '2010-05-21 07:26:30.0', '132456', '2010-05-21 07:26:30.0');
--  Data for project_info
INSERT INTO project_info (project_id, project_info_type_id, value, create_user, create_date, modify_user, modify_date)
VALUES ('171', '1', '343', '132456', '2010-05-21 07:26:30.0', '132456', '2010-05-21 07:26:30.0');
INSERT INTO project_info (project_id, project_info_type_id, value, create_user, create_date, modify_user, modify_date)
VALUES ('171', '2', '341', '132456', '2010-05-21 07:26:30.0', '132456', '2010-05-21 07:26:30.0');
INSERT INTO project_info (project_id, project_info_type_id, value, create_user, create_date, modify_user, modify_date)
VALUES ('171', '3', '1', '132456', '2010-05-21 07:26:30.0', '132456', '2010-05-21 07:26:30.0');
INSERT INTO project_info (project_id, project_info_type_id, value, create_user, create_date, modify_user, modify_date)
VALUES ('171', '4', '0', '132456', '2010-05-21 07:26:30.0', '132456', '2010-05-21 07:26:30.0');
INSERT INTO project_info (project_id, project_info_type_id, value, create_user, create_date, modify_user, modify_date)
VALUES ('171', '5', '5801777', '132456', '2010-05-21 07:26:30.0', '132456', '2010-05-21 07:26:30.0');
INSERT INTO project_info (project_id, project_info_type_id, value, create_user, create_date, modify_user, modify_date)
VALUES ('171', '6', 'Component 18', '132456', '2010-05-21 07:26:30.0', '132456', '2010-05-21 07:26:30.0');
INSERT INTO project_info (project_id, project_info_type_id, value, create_user, create_date, modify_user, modify_date)
VALUES ('171', '7', '1.0                 ', '132456', '2010-05-21 07:26:30.0', '132456', '2010-05-21 07:26:30.0');
INSERT INTO project_info (project_id, project_info_type_id, value, create_user, create_date, modify_user, modify_date)
VALUES ('171', '9', 'Off', '132456', '2010-05-21 07:26:30.0', '132456', '2010-05-21 07:26:30.0');
INSERT INTO project_info (project_id, project_info_type_id, value, create_user, create_date, modify_user, modify_date)
VALUES ('171', '10', 'On', '132456', '2010-05-21 07:26:30.0', '132456', '2010-05-21 07:26:30.0');
INSERT INTO project_info (project_id, project_info_type_id, value, create_user, create_date, modify_user, modify_date)
VALUES ('171', '11', 'On', '132456', '2010-05-21 07:26:30.0', '132456', '2010-05-21 07:26:30.0');
INSERT INTO project_info (project_id, project_info_type_id, value, create_user, create_date, modify_user, modify_date)
VALUES ('171', '12', 'Yes', '132456', '2010-05-21 07:26:30.0', '132456', '2010-05-21 07:26:30.0');
INSERT INTO project_info (project_id, project_info_type_id, value, create_user, create_date, modify_user, modify_date)
VALUES ('171', '13', 'Yes', '132456', '2010-05-21 07:26:30.0', '132456', '2010-05-21 07:26:30.0');
INSERT INTO project_info (project_id, project_info_type_id, value, create_user, create_date, modify_user, modify_date)
VALUES ('171', '14', 'Open', '132456', '2010-05-21 07:26:30.0', '132456', '2010-05-21 07:26:30.0');
INSERT INTO project_info (project_id, project_info_type_id, value, create_user, create_date, modify_user, modify_date)
VALUES ('171', '16', '0.0', '132456', '2010-05-21 07:26:30.0', '132456', '2010-05-21 07:26:30.0');
INSERT INTO project_info (project_id, project_info_type_id, value, create_user, create_date, modify_user, modify_date)
VALUES ('171', '26', 'On', '132456', '2010-05-21 07:26:30.0', '132456', '2010-05-21 07:26:30.0');
INSERT INTO project_info (project_id, project_info_type_id, value, create_user, create_date, modify_user, modify_date)
VALUES ('171', '29', 'On', '132456', '2010-05-21 07:26:30.0', '132456', '2010-05-21 07:26:30.0');
INSERT INTO project_info (project_id, project_info_type_id, value, create_user, create_date, modify_user, modify_date)
VALUES ('171', '41', 'true', '132456', '2010-05-21 07:26:30.0', '132456', '2010-05-21 07:26:30.0');
INSERT INTO project_info (project_id, project_info_type_id, value, create_user, create_date, modify_user, modify_date)
VALUES ('171', '43', 'true', '132456', '2010-05-21 07:26:30.0', '132456', '2010-05-21 07:26:30.0');
--  Data for project_phase
INSERT INTO project_phase (project_phase_id, project_id, phase_type_id, phase_status_id, fixed_start_time, scheduled_start_time, scheduled_end_time, actual_start_time, actual_end_time, duration, create_user, create_date, modify_user, modify_date)
VALUES ('171', '171', '1', '1', '2010-05-27 09:00:00.0', '2010-05-27 09:00:00.0', '2010-06-01 09:00:00.0', NULL, NULL, '259200000', '132456', '2010-05-21 07:26:30.0', '132456', '2010-05-21 07:26:30.0');
INSERT INTO project_phase (project_phase_id, project_id, phase_type_id, phase_status_id, fixed_start_time, scheduled_start_time, scheduled_end_time, actual_start_time, actual_end_time, duration, create_user, create_date, modify_user, modify_date)
VALUES ('172', '171', '2', '1', '2010-05-27 09:00:00.0', '2010-05-27 09:00:00.0', '2010-06-07 09:00:00.0', NULL, NULL, '604800000', '132456', '2010-05-21 07:26:30.0', '132456', '2010-05-21 07:26:30.0');
INSERT INTO project_phase (project_phase_id, project_id, phase_type_id, phase_status_id, fixed_start_time, scheduled_start_time, scheduled_end_time, actual_start_time, actual_end_time, duration, create_user, create_date, modify_user, modify_date)
VALUES ('173', '171', '3', '1', '2010-06-07 09:00:00.0', '2010-06-07 09:00:00.0', '2010-06-08 09:00:00.0', NULL, NULL, '86400000', '132456', '2010-05-21 07:26:30.0', '132456', '2010-05-21 07:26:30.0');
INSERT INTO project_phase (project_phase_id, project_id, phase_type_id, phase_status_id, fixed_start_time, scheduled_start_time, scheduled_end_time, actual_start_time, actual_end_time, duration, create_user, create_date, modify_user, modify_date)
VALUES ('174', '171', '4', '1', '2010-06-08 09:00:00.0', '2010-06-08 09:00:00.0', '2010-06-14 09:00:00.0', NULL, NULL, '345600000', '132456', '2010-05-21 07:26:30.0', '132456', '2010-05-21 07:26:30.0');
INSERT INTO project_phase (project_phase_id, project_id, phase_type_id, phase_status_id, fixed_start_time, scheduled_start_time, scheduled_end_time, actual_start_time, actual_end_time, duration, create_user, create_date, modify_user, modify_date)
VALUES ('175', '171', '5', '1', '2010-06-14 09:00:00.0', '2010-06-14 09:00:00.0', '2010-06-15 09:00:00.0', NULL, NULL, '86400000', '132456', '2010-05-21 07:26:30.0', '132456', '2010-05-21 07:26:30.0');
INSERT INTO project_phase (project_phase_id, project_id, phase_type_id, phase_status_id, fixed_start_time, scheduled_start_time, scheduled_end_time, actual_start_time, actual_end_time, duration, create_user, create_date, modify_user, modify_date)
VALUES ('176', '171', '6', '1', '2010-06-15 09:00:00.0', '2010-06-15 09:00:00.0', '2010-06-16 09:00:00.0', NULL, NULL, '86400000', '132456', '2010-05-21 07:26:30.0', '132456', '2010-05-21 07:26:30.0');
INSERT INTO project_phase (project_phase_id, project_id, phase_type_id, phase_status_id, fixed_start_time, scheduled_start_time, scheduled_end_time, actual_start_time, actual_end_time, duration, create_user, create_date, modify_user, modify_date)
VALUES ('177', '171', '7', '1', '2010-06-16 09:00:00.0', '2010-06-16 09:00:00.0', '2010-06-16 21:00:00.0', NULL, NULL, '43200000', '132456', '2010-05-21 07:26:30.0', '132456', '2010-05-21 07:26:30.0');
INSERT INTO project_phase (project_phase_id, project_id, phase_type_id, phase_status_id, fixed_start_time, scheduled_start_time, scheduled_end_time, actual_start_time, actual_end_time, duration, create_user, create_date, modify_user, modify_date)
VALUES ('178', '171', '8', '1', '2010-06-16 21:00:00.0', '2010-06-16 21:00:00.0', '2010-06-17 09:00:00.0', NULL, NULL, '43200000', '132456', '2010-05-21 07:26:30.0', '132456', '2010-05-21 07:26:30.0');
INSERT INTO project_phase (project_phase_id, project_id, phase_type_id, phase_status_id, fixed_start_time, scheduled_start_time, scheduled_end_time, actual_start_time, actual_end_time, duration, create_user, create_date, modify_user, modify_date)
VALUES ('179', '171', '9', '1', '2010-06-17 09:00:00.0', '2010-06-17 09:00:00.0', '2010-06-22 09:00:00.0', NULL, NULL, '259200000', '132456', '2010-05-21 07:26:30.0', '132456', '2010-05-21 07:26:30.0');
INSERT INTO project_phase (project_phase_id, project_id, phase_type_id, phase_status_id, fixed_start_time, scheduled_start_time, scheduled_end_time, actual_start_time, actual_end_time, duration, create_user, create_date, modify_user, modify_date)
VALUES ('180', '171', '10', '1', '2010-06-22 09:00:00.0', '2010-06-22 09:00:00.0', '2010-06-23 09:00:00.0', NULL, NULL, '86400000', '132456', '2010-05-21 07:26:30.0', '132456', '2010-05-21 07:26:30.0');
--  Data for comp_catalog
INSERT INTO comp_catalog (component_id, current_version, short_desc, component_name, description, function_desc, create_time, status_id, root_category_id, modify_date, public_ind)
VALUES ('341', '1', 'Coolest component ever', 'Component 18', 'Coolest component ever', 'Component', '2010-05-21 07:20:14.48', '102', '5801777', '2010-05-21 07:23:44.0', '0');
--  Data for comp_versions
INSERT INTO comp_versions (comp_vers_id, component_id, version, version_text, create_time, phase_id, phase_time, price, comments, modify_date,
                           suspended_ind)
VALUES ('343', '341', '1', '1.0                 ', '2010-05-21 07:20:14.48', '112', '1976-05-04 00:00:00.0', '1000.00', 'Cool', '2010-05-21 07:27:01.0', '0');
--  Data for comp_categories
INSERT INTO comp_categories (comp_categories_id, component_id, category_id)
VALUES ('345', '341', '11');
--  Data for comp_keywords
INSERT INTO comp_keywords (comp_keywords_id, component_id, keyword)
VALUES ('351', '341', 'development');
--  Data for comp_technology
INSERT INTO comp_technology (comp_tech_id, comp_vers_id, technology_type_id)
VALUES ('352', '343', '1');
--  Data for comp_documentation
INSERT INTO comp_documentation (document_id, comp_vers_id, document_type_id, document_name, url)
VALUES ('353', '343', '0', 'Requirements Specification', '341/343/MQTTBroker_Requirements_Specification.pdf');
--  Data for comp_jive_category_xref
INSERT INTO comp_jive_category_xref (comp_vers_id, jive_category_id)
VALUES ('343', '0');
--  Data for comp_version_dates
INSERT INTO comp_version_dates (comp_version_dates_id, comp_vers_id, phase_id, posting_date, initial_submission_date, winner_announced_date, final_submission_date,
                                estimated_dev_date, price, total_submissions, status_id, create_time, level_id, screening_complete_date, review_complete_date,
                                aggregation_complete_date, phase_complete_date, production_date, aggregation_complete_date_comment, phase_complete_date_comment,
                                review_complete_date_comment, winner_announced_date_comment, initial_submission_date_comment, screening_complete_date_comment,
                                final_submission_date_comment, production_date_comment, modify_date)
VALUES ('354', '343', '112', '1976-05-05', '2000-01-01', '2000-01-01', 
        '2000-01-01', '2000-01-01', NULL, '0', '301', '2010-05-21 07:27:01.0', '100', '2000-01-01',
        '2000-01-01', '2000-01-01', '2000-01-01', '2010-12-01', 
        NULL, NULL, NULL, NULL, NULL, NULL, NULL, '', '2010-05-21 07:27:01.0');
--  Data for phase_criteria
INSERT INTO phase_criteria (project_phase_id, phase_criteria_type_id, parameter, create_user, create_date, modify_user, modify_date)
VALUES ('171', '2', '0', '132456', '2010-05-21 07:26:30.0', '132456', '2010-05-21 07:26:30.0');
INSERT INTO phase_criteria (project_phase_id, phase_criteria_type_id, parameter, create_user, create_date, modify_user, modify_date)
VALUES ('171', '5', 'No', '132456', '2010-05-21 07:26:30.0', '132456', '2010-05-21 07:26:30.0');
INSERT INTO phase_criteria (project_phase_id, phase_criteria_type_id, parameter, create_user, create_date, modify_user, modify_date)
VALUES ('172', '3', '0', '132456', '2010-05-21 07:26:30.0', '132456', '2010-05-21 07:26:30.0');
INSERT INTO phase_criteria (project_phase_id, phase_criteria_type_id, parameter, create_user, create_date, modify_user, modify_date)
VALUES ('172', '5', 'No', '132456', '2010-05-21 07:26:30.0', '132456', '2010-05-21 07:26:30.0');
INSERT INTO phase_criteria (project_phase_id, phase_criteria_type_id, parameter, create_user, create_date, modify_user, modify_date)
VALUES ('173', '5', 'No', '132456', '2010-05-21 07:26:30.0', '132456', '2010-05-21 07:26:30.0');
INSERT INTO phase_criteria (project_phase_id, phase_criteria_type_id, parameter, create_user, create_date, modify_user, modify_date)
VALUES ('173', '1', '30000410', '132456', '2010-05-21 07:26:30.0', '132456', '2010-05-21 07:26:30.0');
INSERT INTO phase_criteria (project_phase_id, phase_criteria_type_id, parameter, create_user, create_date, modify_user, modify_date)
VALUES ('174', '5', 'No', '132456', '2010-05-21 07:26:30.0', '132456', '2010-05-21 07:26:30.0');
INSERT INTO phase_criteria (project_phase_id, phase_criteria_type_id, parameter, create_user, create_date, modify_user, modify_date)
VALUES ('174', '1', '30000411', '132456', '2010-05-21 07:26:30.0', '132456', '2010-05-21 07:26:30.0');
INSERT INTO phase_criteria (project_phase_id, phase_criteria_type_id, parameter, create_user, create_date, modify_user, modify_date)
VALUES ('174', '6', '3', '132456', '2010-05-21 07:26:30.0', '132456', '2010-05-21 07:26:30.0');
INSERT INTO phase_criteria (project_phase_id, phase_criteria_type_id, parameter, create_user, create_date, modify_user, modify_date)
VALUES ('175', '5', 'No', '132456', '2010-05-21 07:26:30.0', '132456', '2010-05-21 07:26:30.0');
INSERT INTO phase_criteria (project_phase_id, phase_criteria_type_id, parameter, create_user, create_date, modify_user, modify_date)
VALUES ('175', '4', 'No', '132456', '2010-05-21 07:26:30.0', '132456', '2010-05-21 07:26:30.0');
INSERT INTO phase_criteria (project_phase_id, phase_criteria_type_id, parameter, create_user, create_date, modify_user, modify_date)
VALUES ('176', '5', 'No', '132456', '2010-05-21 07:26:30.0', '132456', '2010-05-21 07:26:30.0');
INSERT INTO phase_criteria (project_phase_id, phase_criteria_type_id, parameter, create_user, create_date, modify_user, modify_date)
VALUES ('177', '5', 'No', '132456', '2010-05-21 07:26:30.0', '132456', '2010-05-21 07:26:30.0');
INSERT INTO phase_criteria (project_phase_id, phase_criteria_type_id, parameter, create_user, create_date, modify_user, modify_date)
VALUES ('178', '5', 'No', '132456', '2010-05-21 07:26:30.0', '132456', '2010-05-21 07:26:30.0');
INSERT INTO phase_criteria (project_phase_id, phase_criteria_type_id, parameter, create_user, create_date, modify_user, modify_date)
VALUES ('179', '5', 'No', '132456', '2010-05-21 07:26:30.0', '132456', '2010-05-21 07:26:30.0');
INSERT INTO phase_criteria (project_phase_id, phase_criteria_type_id, parameter, create_user, create_date, modify_user, modify_date)
VALUES ('180', '5', 'No', '132456', '2010-05-21 07:26:30.0', '132456', '2010-05-21 07:26:30.0');
--  Data for phase_dependency
INSERT INTO phase_dependency (dependency_phase_id, dependent_phase_id, dependency_start, dependent_start, lag_time, create_user, create_date, modify_user, modify_date)
VALUES ('171', '172', '1', '1', '0', '132456', '2010-05-21 07:26:30.0', '132456', '2010-05-21 07:26:30.0');
INSERT INTO phase_dependency (dependency_phase_id, dependent_phase_id, dependency_start, dependent_start, lag_time, create_user, create_date, modify_user, modify_date)
VALUES ('172', '173', '0', '1', '0', '132456', '2010-05-21 07:26:30.0', '132456', '2010-05-21 07:26:30.0');
INSERT INTO phase_dependency (dependency_phase_id, dependent_phase_id, dependency_start, dependent_start, lag_time, create_user, create_date, modify_user, modify_date)
VALUES ('173', '174', '0', '1', '0', '132456', '2010-05-21 07:26:30.0', '132456', '2010-05-21 07:26:30.0');
INSERT INTO phase_dependency (dependency_phase_id, dependent_phase_id, dependency_start, dependent_start, lag_time, create_user, create_date, modify_user, modify_date)
VALUES ('174', '175', '0', '1', '0', '132456', '2010-05-21 07:26:30.0', '132456', '2010-05-21 07:26:30.0');
INSERT INTO phase_dependency (dependency_phase_id, dependent_phase_id, dependency_start, dependent_start, lag_time, create_user, create_date, modify_user, modify_date)
VALUES ('175', '176', '0', '1', '0', '132456', '2010-05-21 07:26:30.0', '132456', '2010-05-21 07:26:30.0');
INSERT INTO phase_dependency (dependency_phase_id, dependent_phase_id, dependency_start, dependent_start, lag_time, create_user, create_date, modify_user, modify_date)
VALUES ('176', '177', '0', '1', '0', '132456', '2010-05-21 07:26:30.0', '132456', '2010-05-21 07:26:30.0');
INSERT INTO phase_dependency (dependency_phase_id, dependent_phase_id, dependency_start, dependent_start, lag_time, create_user, create_date, modify_user, modify_date)
VALUES ('177', '178', '0', '1', '0', '132456', '2010-05-21 07:26:30.0', '132456', '2010-05-21 07:26:30.0');
INSERT INTO phase_dependency (dependency_phase_id, dependent_phase_id, dependency_start, dependent_start, lag_time, create_user, create_date, modify_user, modify_date)
VALUES ('178', '179', '0', '1', '0', '132456', '2010-05-21 07:26:30.0', '132456', '2010-05-21 07:26:30.0');
INSERT INTO phase_dependency (dependency_phase_id, dependent_phase_id, dependency_start, dependent_start, lag_time, create_user, create_date, modify_user, modify_date)
VALUES ('179', '180', '0', '1', '0', '132456', '2010-05-21 07:26:30.0', '132456', '2010-05-21 07:26:30.0');
--  Data for resource
INSERT INTO resource (resource_id, resource_role_id, project_id, project_phase_id, create_user, create_date, modify_user, modify_date)
VALUES ('171', '13', '171', NULL, '132456', '2010-05-21 07:26:30.0', '132456', '2010-05-21 07:26:30.0');
--  Data for resource_info
INSERT INTO resource_info (resource_id, resource_info_type_id, value, create_user, create_date, modify_user, modify_date)
VALUES ('171', '1', '132456', '132456', '2010-05-21 07:26:30.0', '132456', '2010-05-21 07:26:30.0');
INSERT INTO resource_info (resource_id, resource_info_type_id, value, create_user, create_date, modify_user, modify_date)
VALUES ('171', '2', 'heffan', '132456', '2010-05-21 07:26:30.0', '132456', '2010-05-21 07:26:30.0');
--  Data for user_role
INSERT INTO user_role (user_role_id, comp_vers_id, role_id, login_id, description)
VALUES ('344', '343', '1', '132456', '');
--  Data for word_search
INSERT INTO word_search (word_search_id, document_id, index_word, nbr_occurrences)
VALUES ('347', '341', 'ever                                                                                                ', '2');
INSERT INTO word_search (word_search_id, document_id, index_word, nbr_occurrences)
VALUES ('348', '341', 'component                                                                                           ', '4');
INSERT INTO word_search (word_search_id, document_id, index_word, nbr_occurrences)
VALUES ('349', '341', 'coolest                                                                                             ', '2');
INSERT INTO word_search (word_search_id, document_id, index_word, nbr_occurrences)
VALUES ('350', '341', 'development                                                    ', '2');
--  Data for word_search_ctgy
INSERT INTO word_search_ctgy (word_srch_ctgy_id, category_id, document_id)
VALUES ('346', 'DDECATALOG                                        ', '341');
--  Data for word_search_doc
INSERT INTO word_search_doc (document_id)
VALUES ('341');
-- Data for project
INSERT INTO project (project_id, project_status_id, project_category_id, create_user, create_date, modify_user, modify_date)
VALUES ('181', '1', '2', '132456', '2010-05-21 07:26:30.0', '132456', '2010-05-21 07:26:30.0');
--  Data for project_info
INSERT INTO project_info (project_id, project_info_type_id, value, create_user, create_date, modify_user, modify_date)
VALUES ('181', '1', '363', '132456', '2010-05-21 07:26:30.0', '132456', '2010-05-21 07:26:30.0');
INSERT INTO project_info (project_id, project_info_type_id, value, create_user, create_date, modify_user, modify_date)
VALUES ('181', '2', '361', '132456', '2010-05-21 07:26:30.0', '132456', '2010-05-21 07:26:30.0');
INSERT INTO project_info (project_id, project_info_type_id, value, create_user, create_date, modify_user, modify_date)
VALUES ('181', '3', '1', '132456', '2010-05-21 07:26:30.0', '132456', '2010-05-21 07:26:30.0');
INSERT INTO project_info (project_id, project_info_type_id, value, create_user, create_date, modify_user, modify_date)
VALUES ('181', '4', '0', '132456', '2010-05-21 07:26:30.0', '132456', '2010-05-21 07:26:30.0');
INSERT INTO project_info (project_id, project_info_type_id, value, create_user, create_date, modify_user, modify_date)
VALUES ('181', '5', '5801777', '132456', '2010-05-21 07:26:30.0', '132456', '2010-05-21 07:26:30.0');
INSERT INTO project_info (project_id, project_info_type_id, value, create_user, create_date, modify_user, modify_date)
VALUES ('181', '6', 'Component 19', '132456', '2010-05-21 07:26:30.0', '132456', '2010-05-21 07:26:30.0');
INSERT INTO project_info (project_id, project_info_type_id, value, create_user, create_date, modify_user, modify_date)
VALUES ('181', '7', '1.0                 ', '132456', '2010-05-21 07:26:30.0', '132456', '2010-05-21 07:26:30.0');
INSERT INTO project_info (project_id, project_info_type_id, value, create_user, create_date, modify_user, modify_date)
VALUES ('181', '9', 'Off', '132456', '2010-05-21 07:26:30.0', '132456', '2010-05-21 07:26:30.0');
INSERT INTO project_info (project_id, project_info_type_id, value, create_user, create_date, modify_user, modify_date)
VALUES ('181', '10', 'On', '132456', '2010-05-21 07:26:30.0', '132456', '2010-05-21 07:26:30.0');
INSERT INTO project_info (project_id, project_info_type_id, value, create_user, create_date, modify_user, modify_date)
VALUES ('181', '11', 'On', '132456', '2010-05-21 07:26:30.0', '132456', '2010-05-21 07:26:30.0');
INSERT INTO project_info (project_id, project_info_type_id, value, create_user, create_date, modify_user, modify_date)
VALUES ('181', '12', 'Yes', '132456', '2010-05-21 07:26:30.0', '132456', '2010-05-21 07:26:30.0');
INSERT INTO project_info (project_id, project_info_type_id, value, create_user, create_date, modify_user, modify_date)
VALUES ('181', '13', 'Yes', '132456', '2010-05-21 07:26:30.0', '132456', '2010-05-21 07:26:30.0');
INSERT INTO project_info (project_id, project_info_type_id, value, create_user, create_date, modify_user, modify_date)
VALUES ('181', '14', 'Open', '132456', '2010-05-21 07:26:30.0', '132456', '2010-05-21 07:26:30.0');
INSERT INTO project_info (project_id, project_info_type_id, value, create_user, create_date, modify_user, modify_date)
VALUES ('181', '16', '0.0', '132456', '2010-05-21 07:26:30.0', '132456', '2010-05-21 07:26:30.0');
INSERT INTO project_info (project_id, project_info_type_id, value, create_user, create_date, modify_user, modify_date)
VALUES ('181', '26', 'On', '132456', '2010-05-21 07:26:30.0', '132456', '2010-05-21 07:26:30.0');
INSERT INTO project_info (project_id, project_info_type_id, value, create_user, create_date, modify_user, modify_date)
VALUES ('181', '29', 'On', '132456', '2010-05-21 07:26:30.0', '132456', '2010-05-21 07:26:30.0');
INSERT INTO project_info (project_id, project_info_type_id, value, create_user, create_date, modify_user, modify_date)
VALUES ('181', '41', 'true', '132456', '2010-05-21 07:26:30.0', '132456', '2010-05-21 07:26:30.0');
INSERT INTO project_info (project_id, project_info_type_id, value, create_user, create_date, modify_user, modify_date)
VALUES ('181', '43', 'true', '132456', '2010-05-21 07:26:30.0', '132456', '2010-05-21 07:26:30.0');
--  Data for project_phase
INSERT INTO project_phase (project_phase_id, project_id, phase_type_id, phase_status_id, fixed_start_time, scheduled_start_time, scheduled_end_time, actual_start_time, actual_end_time, duration, create_user, create_date, modify_user, modify_date)
VALUES ('181', '181', '1', '1', '2010-05-27 09:00:00.0', '2010-05-27 09:00:00.0', '2010-06-01 09:00:00.0', NULL, NULL, '259200000', '132456', '2010-05-21 07:26:30.0', '132456', '2010-05-21 07:26:30.0');
INSERT INTO project_phase (project_phase_id, project_id, phase_type_id, phase_status_id, fixed_start_time, scheduled_start_time, scheduled_end_time, actual_start_time, actual_end_time, duration, create_user, create_date, modify_user, modify_date)
VALUES ('182', '181', '2', '1', '2010-05-27 09:00:00.0', '2010-05-27 09:00:00.0', '2010-06-07 09:00:00.0', NULL, NULL, '604800000', '132456', '2010-05-21 07:26:30.0', '132456', '2010-05-21 07:26:30.0');
INSERT INTO project_phase (project_phase_id, project_id, phase_type_id, phase_status_id, fixed_start_time, scheduled_start_time, scheduled_end_time, actual_start_time, actual_end_time, duration, create_user, create_date, modify_user, modify_date)
VALUES ('183', '181', '3', '1', '2010-06-07 09:00:00.0', '2010-06-07 09:00:00.0', '2010-06-08 09:00:00.0', NULL, NULL, '86400000', '132456', '2010-05-21 07:26:30.0', '132456', '2010-05-21 07:26:30.0');
INSERT INTO project_phase (project_phase_id, project_id, phase_type_id, phase_status_id, fixed_start_time, scheduled_start_time, scheduled_end_time, actual_start_time, actual_end_time, duration, create_user, create_date, modify_user, modify_date)
VALUES ('184', '181', '4', '1', '2010-06-08 09:00:00.0', '2010-06-08 09:00:00.0', '2010-06-14 09:00:00.0', NULL, NULL, '345600000', '132456', '2010-05-21 07:26:30.0', '132456', '2010-05-21 07:26:30.0');
INSERT INTO project_phase (project_phase_id, project_id, phase_type_id, phase_status_id, fixed_start_time, scheduled_start_time, scheduled_end_time, actual_start_time, actual_end_time, duration, create_user, create_date, modify_user, modify_date)
VALUES ('185', '181', '5', '1', '2010-06-14 09:00:00.0', '2010-06-14 09:00:00.0', '2010-06-15 09:00:00.0', NULL, NULL, '86400000', '132456', '2010-05-21 07:26:30.0', '132456', '2010-05-21 07:26:30.0');
INSERT INTO project_phase (project_phase_id, project_id, phase_type_id, phase_status_id, fixed_start_time, scheduled_start_time, scheduled_end_time, actual_start_time, actual_end_time, duration, create_user, create_date, modify_user, modify_date)
VALUES ('186', '181', '6', '1', '2010-06-15 09:00:00.0', '2010-06-15 09:00:00.0', '2010-06-16 09:00:00.0', NULL, NULL, '86400000', '132456', '2010-05-21 07:26:30.0', '132456', '2010-05-21 07:26:30.0');
INSERT INTO project_phase (project_phase_id, project_id, phase_type_id, phase_status_id, fixed_start_time, scheduled_start_time, scheduled_end_time, actual_start_time, actual_end_time, duration, create_user, create_date, modify_user, modify_date)
VALUES ('187', '181', '7', '1', '2010-06-16 09:00:00.0', '2010-06-16 09:00:00.0', '2010-06-16 21:00:00.0', NULL, NULL, '43200000', '132456', '2010-05-21 07:26:30.0', '132456', '2010-05-21 07:26:30.0');
INSERT INTO project_phase (project_phase_id, project_id, phase_type_id, phase_status_id, fixed_start_time, scheduled_start_time, scheduled_end_time, actual_start_time, actual_end_time, duration, create_user, create_date, modify_user, modify_date)
VALUES ('188', '181', '8', '1', '2010-06-16 21:00:00.0', '2010-06-16 21:00:00.0', '2010-06-17 09:00:00.0', NULL, NULL, '43200000', '132456', '2010-05-21 07:26:30.0', '132456', '2010-05-21 07:26:30.0');
INSERT INTO project_phase (project_phase_id, project_id, phase_type_id, phase_status_id, fixed_start_time, scheduled_start_time, scheduled_end_time, actual_start_time, actual_end_time, duration, create_user, create_date, modify_user, modify_date)
VALUES ('189', '181', '9', '1', '2010-06-17 09:00:00.0', '2010-06-17 09:00:00.0', '2010-06-22 09:00:00.0', NULL, NULL, '259200000', '132456', '2010-05-21 07:26:30.0', '132456', '2010-05-21 07:26:30.0');
INSERT INTO project_phase (project_phase_id, project_id, phase_type_id, phase_status_id, fixed_start_time, scheduled_start_time, scheduled_end_time, actual_start_time, actual_end_time, duration, create_user, create_date, modify_user, modify_date)
VALUES ('190', '181', '10', '1', '2010-06-22 09:00:00.0', '2010-06-22 09:00:00.0', '2010-06-23 09:00:00.0', NULL, NULL, '86400000', '132456', '2010-05-21 07:26:30.0', '132456', '2010-05-21 07:26:30.0');
--  Data for comp_catalog
INSERT INTO comp_catalog (component_id, current_version, short_desc, component_name, description, function_desc, create_time, status_id, root_category_id, modify_date, public_ind)
VALUES ('361', '1', 'Coolest component ever', 'Component 19', 'Coolest component ever', 'Component', '2010-05-21 07:20:14.48', '102', '5801777', '2010-05-21 07:23:44.0', '0');
--  Data for comp_versions
INSERT INTO comp_versions (comp_vers_id, component_id, version, version_text, create_time, phase_id, phase_time, price, comments, modify_date,
                           suspended_ind)
VALUES ('363', '361', '1', '1.0                 ', '2010-05-21 07:20:14.48', '112', '1976-05-04 00:00:00.0', '1000.00', 'Cool', '2010-05-21 07:27:01.0', '0');
--  Data for comp_categories
INSERT INTO comp_categories (comp_categories_id, component_id, category_id)
VALUES ('365', '361', '11');
--  Data for comp_keywords
INSERT INTO comp_keywords (comp_keywords_id, component_id, keyword)
VALUES ('371', '361', 'development');
--  Data for comp_technology
INSERT INTO comp_technology (comp_tech_id, comp_vers_id, technology_type_id)
VALUES ('372', '363', '1');
--  Data for comp_documentation
INSERT INTO comp_documentation (document_id, comp_vers_id, document_type_id, document_name, url)
VALUES ('373', '363', '0', 'Requirements Specification', '361/363/MQTTBroker_Requirements_Specification.pdf');
--  Data for comp_jive_category_xref
INSERT INTO comp_jive_category_xref (comp_vers_id, jive_category_id)
VALUES ('363', '0');
--  Data for comp_version_dates
INSERT INTO comp_version_dates (comp_version_dates_id, comp_vers_id, phase_id, posting_date, initial_submission_date, winner_announced_date, final_submission_date,
                                estimated_dev_date, price, total_submissions, status_id, create_time, level_id, screening_complete_date, review_complete_date,
                                aggregation_complete_date, phase_complete_date, production_date, aggregation_complete_date_comment, phase_complete_date_comment,
                                review_complete_date_comment, winner_announced_date_comment, initial_submission_date_comment, screening_complete_date_comment,
                                final_submission_date_comment, production_date_comment, modify_date)
VALUES ('374', '363', '112', '1976-05-05', '2000-01-01', '2000-01-01', 
        '2000-01-01', '2000-01-01', NULL, '0', '301', '2010-05-21 07:27:01.0', '100', '2000-01-01',
        '2000-01-01', '2000-01-01', '2000-01-01', '2010-12-01', 
        NULL, NULL, NULL, NULL, NULL, NULL, NULL, '', '2010-05-21 07:27:01.0');
--  Data for phase_criteria
INSERT INTO phase_criteria (project_phase_id, phase_criteria_type_id, parameter, create_user, create_date, modify_user, modify_date)
VALUES ('181', '2', '0', '132456', '2010-05-21 07:26:30.0', '132456', '2010-05-21 07:26:30.0');
INSERT INTO phase_criteria (project_phase_id, phase_criteria_type_id, parameter, create_user, create_date, modify_user, modify_date)
VALUES ('181', '5', 'No', '132456', '2010-05-21 07:26:30.0', '132456', '2010-05-21 07:26:30.0');
INSERT INTO phase_criteria (project_phase_id, phase_criteria_type_id, parameter, create_user, create_date, modify_user, modify_date)
VALUES ('182', '3', '0', '132456', '2010-05-21 07:26:30.0', '132456', '2010-05-21 07:26:30.0');
INSERT INTO phase_criteria (project_phase_id, phase_criteria_type_id, parameter, create_user, create_date, modify_user, modify_date)
VALUES ('182', '5', 'No', '132456', '2010-05-21 07:26:30.0', '132456', '2010-05-21 07:26:30.0');
INSERT INTO phase_criteria (project_phase_id, phase_criteria_type_id, parameter, create_user, create_date, modify_user, modify_date)
VALUES ('183', '5', 'No', '132456', '2010-05-21 07:26:30.0', '132456', '2010-05-21 07:26:30.0');
INSERT INTO phase_criteria (project_phase_id, phase_criteria_type_id, parameter, create_user, create_date, modify_user, modify_date)
VALUES ('183', '1', '30000410', '132456', '2010-05-21 07:26:30.0', '132456', '2010-05-21 07:26:30.0');
INSERT INTO phase_criteria (project_phase_id, phase_criteria_type_id, parameter, create_user, create_date, modify_user, modify_date)
VALUES ('184', '5', 'No', '132456', '2010-05-21 07:26:30.0', '132456', '2010-05-21 07:26:30.0');
INSERT INTO phase_criteria (project_phase_id, phase_criteria_type_id, parameter, create_user, create_date, modify_user, modify_date)
VALUES ('184', '1', '30000411', '132456', '2010-05-21 07:26:30.0', '132456', '2010-05-21 07:26:30.0');
INSERT INTO phase_criteria (project_phase_id, phase_criteria_type_id, parameter, create_user, create_date, modify_user, modify_date)
VALUES ('184', '6', '3', '132456', '2010-05-21 07:26:30.0', '132456', '2010-05-21 07:26:30.0');
INSERT INTO phase_criteria (project_phase_id, phase_criteria_type_id, parameter, create_user, create_date, modify_user, modify_date)
VALUES ('185', '5', 'No', '132456', '2010-05-21 07:26:30.0', '132456', '2010-05-21 07:26:30.0');
INSERT INTO phase_criteria (project_phase_id, phase_criteria_type_id, parameter, create_user, create_date, modify_user, modify_date)
VALUES ('185', '4', 'No', '132456', '2010-05-21 07:26:30.0', '132456', '2010-05-21 07:26:30.0');
INSERT INTO phase_criteria (project_phase_id, phase_criteria_type_id, parameter, create_user, create_date, modify_user, modify_date)
VALUES ('186', '5', 'No', '132456', '2010-05-21 07:26:30.0', '132456', '2010-05-21 07:26:30.0');
INSERT INTO phase_criteria (project_phase_id, phase_criteria_type_id, parameter, create_user, create_date, modify_user, modify_date)
VALUES ('187', '5', 'No', '132456', '2010-05-21 07:26:30.0', '132456', '2010-05-21 07:26:30.0');
INSERT INTO phase_criteria (project_phase_id, phase_criteria_type_id, parameter, create_user, create_date, modify_user, modify_date)
VALUES ('188', '5', 'No', '132456', '2010-05-21 07:26:30.0', '132456', '2010-05-21 07:26:30.0');
INSERT INTO phase_criteria (project_phase_id, phase_criteria_type_id, parameter, create_user, create_date, modify_user, modify_date)
VALUES ('189', '5', 'No', '132456', '2010-05-21 07:26:30.0', '132456', '2010-05-21 07:26:30.0');
INSERT INTO phase_criteria (project_phase_id, phase_criteria_type_id, parameter, create_user, create_date, modify_user, modify_date)
VALUES ('190', '5', 'No', '132456', '2010-05-21 07:26:30.0', '132456', '2010-05-21 07:26:30.0');
--  Data for phase_dependency
INSERT INTO phase_dependency (dependency_phase_id, dependent_phase_id, dependency_start, dependent_start, lag_time, create_user, create_date, modify_user, modify_date)
VALUES ('181', '182', '1', '1', '0', '132456', '2010-05-21 07:26:30.0', '132456', '2010-05-21 07:26:30.0');
INSERT INTO phase_dependency (dependency_phase_id, dependent_phase_id, dependency_start, dependent_start, lag_time, create_user, create_date, modify_user, modify_date)
VALUES ('182', '183', '0', '1', '0', '132456', '2010-05-21 07:26:30.0', '132456', '2010-05-21 07:26:30.0');
INSERT INTO phase_dependency (dependency_phase_id, dependent_phase_id, dependency_start, dependent_start, lag_time, create_user, create_date, modify_user, modify_date)
VALUES ('183', '184', '0', '1', '0', '132456', '2010-05-21 07:26:30.0', '132456', '2010-05-21 07:26:30.0');
INSERT INTO phase_dependency (dependency_phase_id, dependent_phase_id, dependency_start, dependent_start, lag_time, create_user, create_date, modify_user, modify_date)
VALUES ('184', '185', '0', '1', '0', '132456', '2010-05-21 07:26:30.0', '132456', '2010-05-21 07:26:30.0');
INSERT INTO phase_dependency (dependency_phase_id, dependent_phase_id, dependency_start, dependent_start, lag_time, create_user, create_date, modify_user, modify_date)
VALUES ('185', '186', '0', '1', '0', '132456', '2010-05-21 07:26:30.0', '132456', '2010-05-21 07:26:30.0');
INSERT INTO phase_dependency (dependency_phase_id, dependent_phase_id, dependency_start, dependent_start, lag_time, create_user, create_date, modify_user, modify_date)
VALUES ('186', '187', '0', '1', '0', '132456', '2010-05-21 07:26:30.0', '132456', '2010-05-21 07:26:30.0');
INSERT INTO phase_dependency (dependency_phase_id, dependent_phase_id, dependency_start, dependent_start, lag_time, create_user, create_date, modify_user, modify_date)
VALUES ('187', '188', '0', '1', '0', '132456', '2010-05-21 07:26:30.0', '132456', '2010-05-21 07:26:30.0');
INSERT INTO phase_dependency (dependency_phase_id, dependent_phase_id, dependency_start, dependent_start, lag_time, create_user, create_date, modify_user, modify_date)
VALUES ('188', '189', '0', '1', '0', '132456', '2010-05-21 07:26:30.0', '132456', '2010-05-21 07:26:30.0');
INSERT INTO phase_dependency (dependency_phase_id, dependent_phase_id, dependency_start, dependent_start, lag_time, create_user, create_date, modify_user, modify_date)
VALUES ('189', '190', '0', '1', '0', '132456', '2010-05-21 07:26:30.0', '132456', '2010-05-21 07:26:30.0');
--  Data for resource
INSERT INTO resource (resource_id, resource_role_id, project_id, project_phase_id, create_user, create_date, modify_user, modify_date)
VALUES ('181', '13', '181', NULL, '132456', '2010-05-21 07:26:30.0', '132456', '2010-05-21 07:26:30.0');
--  Data for resource_info
INSERT INTO resource_info (resource_id, resource_info_type_id, value, create_user, create_date, modify_user, modify_date)
VALUES ('181', '1', '132456', '132456', '2010-05-21 07:26:30.0', '132456', '2010-05-21 07:26:30.0');
INSERT INTO resource_info (resource_id, resource_info_type_id, value, create_user, create_date, modify_user, modify_date)
VALUES ('181', '2', 'heffan', '132456', '2010-05-21 07:26:30.0', '132456', '2010-05-21 07:26:30.0');
--  Data for user_role
INSERT INTO user_role (user_role_id, comp_vers_id, role_id, login_id, description)
VALUES ('364', '363', '1', '132456', '');
--  Data for word_search
INSERT INTO word_search (word_search_id, document_id, index_word, nbr_occurrences)
VALUES ('367', '361', 'ever                                                                                                ', '2');
INSERT INTO word_search (word_search_id, document_id, index_word, nbr_occurrences)
VALUES ('368', '361', 'component                                                                                           ', '4');
INSERT INTO word_search (word_search_id, document_id, index_word, nbr_occurrences)
VALUES ('369', '361', 'coolest                                                                                             ', '2');
INSERT INTO word_search (word_search_id, document_id, index_word, nbr_occurrences)
VALUES ('370', '361', 'development                                                    ', '2');
--  Data for word_search_ctgy
INSERT INTO word_search_ctgy (word_srch_ctgy_id, category_id, document_id)
VALUES ('366', 'DDECATALOG                                        ', '361');
--  Data for word_search_doc
INSERT INTO word_search_doc (document_id)
VALUES ('361');
-- Data for project
INSERT INTO project (project_id, project_status_id, project_category_id, create_user, create_date, modify_user, modify_date)
VALUES ('191', '1', '1', '132457', '2010-05-21 07:26:30.0', '132457', '2010-05-21 07:26:30.0');
--  Data for project_info
INSERT INTO project_info (project_id, project_info_type_id, value, create_user, create_date, modify_user, modify_date)
VALUES ('191', '1', '383', '132457', '2010-05-21 07:26:30.0', '132457', '2010-05-21 07:26:30.0');
INSERT INTO project_info (project_id, project_info_type_id, value, create_user, create_date, modify_user, modify_date)
VALUES ('191', '2', '381', '132457', '2010-05-21 07:26:30.0', '132457', '2010-05-21 07:26:30.0');
INSERT INTO project_info (project_id, project_info_type_id, value, create_user, create_date, modify_user, modify_date)
VALUES ('191', '3', '1', '132457', '2010-05-21 07:26:30.0', '132457', '2010-05-21 07:26:30.0');
INSERT INTO project_info (project_id, project_info_type_id, value, create_user, create_date, modify_user, modify_date)
VALUES ('191', '4', '0', '132457', '2010-05-21 07:26:30.0', '132457', '2010-05-21 07:26:30.0');
INSERT INTO project_info (project_id, project_info_type_id, value, create_user, create_date, modify_user, modify_date)
VALUES ('191', '5', '5801776', '132457', '2010-05-21 07:26:30.0', '132457', '2010-05-21 07:26:30.0');
INSERT INTO project_info (project_id, project_info_type_id, value, create_user, create_date, modify_user, modify_date)
VALUES ('191', '6', 'Component 20', '132457', '2010-05-21 07:26:30.0', '132457', '2010-05-21 07:26:30.0');
INSERT INTO project_info (project_id, project_info_type_id, value, create_user, create_date, modify_user, modify_date)
VALUES ('191', '7', '1.0                 ', '132457', '2010-05-21 07:26:30.0', '132457', '2010-05-21 07:26:30.0');
INSERT INTO project_info (project_id, project_info_type_id, value, create_user, create_date, modify_user, modify_date)
VALUES ('191', '9', 'Off', '132457', '2010-05-21 07:26:30.0', '132457', '2010-05-21 07:26:30.0');
INSERT INTO project_info (project_id, project_info_type_id, value, create_user, create_date, modify_user, modify_date)
VALUES ('191', '10', 'On', '132457', '2010-05-21 07:26:30.0', '132457', '2010-05-21 07:26:30.0');
INSERT INTO project_info (project_id, project_info_type_id, value, create_user, create_date, modify_user, modify_date)
VALUES ('191', '11', 'On', '132457', '2010-05-21 07:26:30.0', '132457', '2010-05-21 07:26:30.0');
INSERT INTO project_info (project_id, project_info_type_id, value, create_user, create_date, modify_user, modify_date)
VALUES ('191', '12', 'Yes', '132457', '2010-05-21 07:26:30.0', '132457', '2010-05-21 07:26:30.0');
INSERT INTO project_info (project_id, project_info_type_id, value, create_user, create_date, modify_user, modify_date)
VALUES ('191', '13', 'Yes', '132457', '2010-05-21 07:26:30.0', '132457', '2010-05-21 07:26:30.0');
INSERT INTO project_info (project_id, project_info_type_id, value, create_user, create_date, modify_user, modify_date)
VALUES ('191', '14', 'Open', '132457', '2010-05-21 07:26:30.0', '132457', '2010-05-21 07:26:30.0');
INSERT INTO project_info (project_id, project_info_type_id, value, create_user, create_date, modify_user, modify_date)
VALUES ('191', '16', '0.0', '132457', '2010-05-21 07:26:30.0', '132457', '2010-05-21 07:26:30.0');
INSERT INTO project_info (project_id, project_info_type_id, value, create_user, create_date, modify_user, modify_date)
VALUES ('191', '26', 'On', '132457', '2010-05-21 07:26:30.0', '132457', '2010-05-21 07:26:30.0');
INSERT INTO project_info (project_id, project_info_type_id, value, create_user, create_date, modify_user, modify_date)
VALUES ('191', '29', 'On', '132457', '2010-05-21 07:26:30.0', '132457', '2010-05-21 07:26:30.0');
INSERT INTO project_info (project_id, project_info_type_id, value, create_user, create_date, modify_user, modify_date)
VALUES ('191', '41', 'true', '132457', '2010-05-21 07:26:30.0', '132457', '2010-05-21 07:26:30.0');
INSERT INTO project_info (project_id, project_info_type_id, value, create_user, create_date, modify_user, modify_date)
VALUES ('191', '43', 'true', '132457', '2010-05-21 07:26:30.0', '132457', '2010-05-21 07:26:30.0');
--  Data for project_phase
INSERT INTO project_phase (project_phase_id, project_id, phase_type_id, phase_status_id, fixed_start_time, scheduled_start_time, scheduled_end_time, actual_start_time, actual_end_time, duration, create_user, create_date, modify_user, modify_date)
VALUES ('191', '191', '1', '1', '2010-05-27 09:00:00.0', '2010-05-27 09:00:00.0', '2010-06-01 09:00:00.0', NULL, NULL, '259200000', '132457', '2010-05-21 07:26:30.0', '132457', '2010-05-21 07:26:30.0');
INSERT INTO project_phase (project_phase_id, project_id, phase_type_id, phase_status_id, fixed_start_time, scheduled_start_time, scheduled_end_time, actual_start_time, actual_end_time, duration, create_user, create_date, modify_user, modify_date)
VALUES ('192', '191', '2', '1', '2010-05-27 09:00:00.0', '2010-05-27 09:00:00.0', '2010-06-07 09:00:00.0', NULL, NULL, '604800000', '132457', '2010-05-21 07:26:30.0', '132457', '2010-05-21 07:26:30.0');
INSERT INTO project_phase (project_phase_id, project_id, phase_type_id, phase_status_id, fixed_start_time, scheduled_start_time, scheduled_end_time, actual_start_time, actual_end_time, duration, create_user, create_date, modify_user, modify_date)
VALUES ('193', '191', '3', '1', '2010-06-07 09:00:00.0', '2010-06-07 09:00:00.0', '2010-06-08 09:00:00.0', NULL, NULL, '86400000', '132457', '2010-05-21 07:26:30.0', '132457', '2010-05-21 07:26:30.0');
INSERT INTO project_phase (project_phase_id, project_id, phase_type_id, phase_status_id, fixed_start_time, scheduled_start_time, scheduled_end_time, actual_start_time, actual_end_time, duration, create_user, create_date, modify_user, modify_date)
VALUES ('194', '191', '4', '1', '2010-06-08 09:00:00.0', '2010-06-08 09:00:00.0', '2010-06-14 09:00:00.0', NULL, NULL, '345600000', '132457', '2010-05-21 07:26:30.0', '132457', '2010-05-21 07:26:30.0');
INSERT INTO project_phase (project_phase_id, project_id, phase_type_id, phase_status_id, fixed_start_time, scheduled_start_time, scheduled_end_time, actual_start_time, actual_end_time, duration, create_user, create_date, modify_user, modify_date)
VALUES ('195', '191', '5', '1', '2010-06-14 09:00:00.0', '2010-06-14 09:00:00.0', '2010-06-15 09:00:00.0', NULL, NULL, '86400000', '132457', '2010-05-21 07:26:30.0', '132457', '2010-05-21 07:26:30.0');
INSERT INTO project_phase (project_phase_id, project_id, phase_type_id, phase_status_id, fixed_start_time, scheduled_start_time, scheduled_end_time, actual_start_time, actual_end_time, duration, create_user, create_date, modify_user, modify_date)
VALUES ('196', '191', '6', '1', '2010-06-15 09:00:00.0', '2010-06-15 09:00:00.0', '2010-06-16 09:00:00.0', NULL, NULL, '86400000', '132457', '2010-05-21 07:26:30.0', '132457', '2010-05-21 07:26:30.0');
INSERT INTO project_phase (project_phase_id, project_id, phase_type_id, phase_status_id, fixed_start_time, scheduled_start_time, scheduled_end_time, actual_start_time, actual_end_time, duration, create_user, create_date, modify_user, modify_date)
VALUES ('197', '191', '7', '1', '2010-06-16 09:00:00.0', '2010-06-16 09:00:00.0', '2010-06-16 21:00:00.0', NULL, NULL, '43200000', '132457', '2010-05-21 07:26:30.0', '132457', '2010-05-21 07:26:30.0');
INSERT INTO project_phase (project_phase_id, project_id, phase_type_id, phase_status_id, fixed_start_time, scheduled_start_time, scheduled_end_time, actual_start_time, actual_end_time, duration, create_user, create_date, modify_user, modify_date)
VALUES ('198', '191', '8', '1', '2010-06-16 21:00:00.0', '2010-06-16 21:00:00.0', '2010-06-17 09:00:00.0', NULL, NULL, '43200000', '132457', '2010-05-21 07:26:30.0', '132457', '2010-05-21 07:26:30.0');
INSERT INTO project_phase (project_phase_id, project_id, phase_type_id, phase_status_id, fixed_start_time, scheduled_start_time, scheduled_end_time, actual_start_time, actual_end_time, duration, create_user, create_date, modify_user, modify_date)
VALUES ('199', '191', '9', '1', '2010-06-17 09:00:00.0', '2010-06-17 09:00:00.0', '2010-06-22 09:00:00.0', NULL, NULL, '259200000', '132457', '2010-05-21 07:26:30.0', '132457', '2010-05-21 07:26:30.0');
INSERT INTO project_phase (project_phase_id, project_id, phase_type_id, phase_status_id, fixed_start_time, scheduled_start_time, scheduled_end_time, actual_start_time, actual_end_time, duration, create_user, create_date, modify_user, modify_date)
VALUES ('200', '191', '10', '1', '2010-06-22 09:00:00.0', '2010-06-22 09:00:00.0', '2010-06-23 09:00:00.0', NULL, NULL, '86400000', '132457', '2010-05-21 07:26:30.0', '132457', '2010-05-21 07:26:30.0');
--  Data for comp_catalog
INSERT INTO comp_catalog (component_id, current_version, short_desc, component_name, description, function_desc, create_time, status_id, root_category_id, modify_date, public_ind)
VALUES ('381', '1', 'Coolest component ever', 'Component 20', 'Coolest component ever', 'Component', '2010-05-21 07:20:14.48', '102', '5801776', '2010-05-21 07:23:44.0', '0');
--  Data for comp_versions
INSERT INTO comp_versions (comp_vers_id, component_id, version, version_text, create_time, phase_id, phase_time, price, comments, modify_date,
                           suspended_ind)
VALUES ('383', '381', '1', '1.0                 ', '2010-05-21 07:20:14.48', '112', '1976-05-04 00:00:00.0', '1000.00', 'Cool', '2010-05-21 07:27:01.0', '0');
--  Data for comp_categories
INSERT INTO comp_categories (comp_categories_id, component_id, category_id)
VALUES ('385', '381', '11');
--  Data for comp_keywords
INSERT INTO comp_keywords (comp_keywords_id, component_id, keyword)
VALUES ('391', '381', 'design');
--  Data for comp_technology
INSERT INTO comp_technology (comp_tech_id, comp_vers_id, technology_type_id)
VALUES ('392', '383', '1');
--  Data for comp_documentation
INSERT INTO comp_documentation (document_id, comp_vers_id, document_type_id, document_name, url)
VALUES ('393', '383', '0', 'Requirements Specification', '381/383/MQTTBroker_Requirements_Specification.pdf');
--  Data for comp_jive_category_xref
INSERT INTO comp_jive_category_xref (comp_vers_id, jive_category_id)
VALUES ('383', '0');
--  Data for comp_version_dates
INSERT INTO comp_version_dates (comp_version_dates_id, comp_vers_id, phase_id, posting_date, initial_submission_date, winner_announced_date, final_submission_date,
                                estimated_dev_date, price, total_submissions, status_id, create_time, level_id, screening_complete_date, review_complete_date,
                                aggregation_complete_date, phase_complete_date, production_date, aggregation_complete_date_comment, phase_complete_date_comment,
                                review_complete_date_comment, winner_announced_date_comment, initial_submission_date_comment, screening_complete_date_comment,
                                final_submission_date_comment, production_date_comment, modify_date)
VALUES ('394', '383', '112', '1976-05-05', '2000-01-01', '2000-01-01', 
        '2000-01-01', '2000-01-01', NULL, '0', '301', '2010-05-21 07:27:01.0', '100', '2000-01-01',
        '2000-01-01', '2000-01-01', '2000-01-01', '2010-12-01', 
        NULL, NULL, NULL, NULL, NULL, NULL, NULL, '', '2010-05-21 07:27:01.0');
--  Data for phase_criteria
INSERT INTO phase_criteria (project_phase_id, phase_criteria_type_id, parameter, create_user, create_date, modify_user, modify_date)
VALUES ('191', '2', '0', '132457', '2010-05-21 07:26:30.0', '132457', '2010-05-21 07:26:30.0');
INSERT INTO phase_criteria (project_phase_id, phase_criteria_type_id, parameter, create_user, create_date, modify_user, modify_date)
VALUES ('191', '5', 'No', '132457', '2010-05-21 07:26:30.0', '132457', '2010-05-21 07:26:30.0');
INSERT INTO phase_criteria (project_phase_id, phase_criteria_type_id, parameter, create_user, create_date, modify_user, modify_date)
VALUES ('192', '3', '0', '132457', '2010-05-21 07:26:30.0', '132457', '2010-05-21 07:26:30.0');
INSERT INTO phase_criteria (project_phase_id, phase_criteria_type_id, parameter, create_user, create_date, modify_user, modify_date)
VALUES ('192', '5', 'No', '132457', '2010-05-21 07:26:30.0', '132457', '2010-05-21 07:26:30.0');
INSERT INTO phase_criteria (project_phase_id, phase_criteria_type_id, parameter, create_user, create_date, modify_user, modify_date)
VALUES ('193', '5', 'No', '132457', '2010-05-21 07:26:30.0', '132457', '2010-05-21 07:26:30.0');
INSERT INTO phase_criteria (project_phase_id, phase_criteria_type_id, parameter, create_user, create_date, modify_user, modify_date)
VALUES ('193', '1', '30000410', '132457', '2010-05-21 07:26:30.0', '132457', '2010-05-21 07:26:30.0');
INSERT INTO phase_criteria (project_phase_id, phase_criteria_type_id, parameter, create_user, create_date, modify_user, modify_date)
VALUES ('194', '5', 'No', '132457', '2010-05-21 07:26:30.0', '132457', '2010-05-21 07:26:30.0');
INSERT INTO phase_criteria (project_phase_id, phase_criteria_type_id, parameter, create_user, create_date, modify_user, modify_date)
VALUES ('194', '1', '30000411', '132457', '2010-05-21 07:26:30.0', '132457', '2010-05-21 07:26:30.0');
INSERT INTO phase_criteria (project_phase_id, phase_criteria_type_id, parameter, create_user, create_date, modify_user, modify_date)
VALUES ('194', '6', '3', '132457', '2010-05-21 07:26:30.0', '132457', '2010-05-21 07:26:30.0');
INSERT INTO phase_criteria (project_phase_id, phase_criteria_type_id, parameter, create_user, create_date, modify_user, modify_date)
VALUES ('195', '5', 'No', '132457', '2010-05-21 07:26:30.0', '132457', '2010-05-21 07:26:30.0');
INSERT INTO phase_criteria (project_phase_id, phase_criteria_type_id, parameter, create_user, create_date, modify_user, modify_date)
VALUES ('195', '4', 'No', '132457', '2010-05-21 07:26:30.0', '132457', '2010-05-21 07:26:30.0');
INSERT INTO phase_criteria (project_phase_id, phase_criteria_type_id, parameter, create_user, create_date, modify_user, modify_date)
VALUES ('196', '5', 'No', '132457', '2010-05-21 07:26:30.0', '132457', '2010-05-21 07:26:30.0');
INSERT INTO phase_criteria (project_phase_id, phase_criteria_type_id, parameter, create_user, create_date, modify_user, modify_date)
VALUES ('197', '5', 'No', '132457', '2010-05-21 07:26:30.0', '132457', '2010-05-21 07:26:30.0');
INSERT INTO phase_criteria (project_phase_id, phase_criteria_type_id, parameter, create_user, create_date, modify_user, modify_date)
VALUES ('198', '5', 'No', '132457', '2010-05-21 07:26:30.0', '132457', '2010-05-21 07:26:30.0');
INSERT INTO phase_criteria (project_phase_id, phase_criteria_type_id, parameter, create_user, create_date, modify_user, modify_date)
VALUES ('199', '5', 'No', '132457', '2010-05-21 07:26:30.0', '132457', '2010-05-21 07:26:30.0');
INSERT INTO phase_criteria (project_phase_id, phase_criteria_type_id, parameter, create_user, create_date, modify_user, modify_date)
VALUES ('200', '5', 'No', '132457', '2010-05-21 07:26:30.0', '132457', '2010-05-21 07:26:30.0');
--  Data for phase_dependency
INSERT INTO phase_dependency (dependency_phase_id, dependent_phase_id, dependency_start, dependent_start, lag_time, create_user, create_date, modify_user, modify_date)
VALUES ('191', '192', '1', '1', '0', '132457', '2010-05-21 07:26:30.0', '132457', '2010-05-21 07:26:30.0');
INSERT INTO phase_dependency (dependency_phase_id, dependent_phase_id, dependency_start, dependent_start, lag_time, create_user, create_date, modify_user, modify_date)
VALUES ('192', '193', '0', '1', '0', '132457', '2010-05-21 07:26:30.0', '132457', '2010-05-21 07:26:30.0');
INSERT INTO phase_dependency (dependency_phase_id, dependent_phase_id, dependency_start, dependent_start, lag_time, create_user, create_date, modify_user, modify_date)
VALUES ('193', '194', '0', '1', '0', '132457', '2010-05-21 07:26:30.0', '132457', '2010-05-21 07:26:30.0');
INSERT INTO phase_dependency (dependency_phase_id, dependent_phase_id, dependency_start, dependent_start, lag_time, create_user, create_date, modify_user, modify_date)
VALUES ('194', '195', '0', '1', '0', '132457', '2010-05-21 07:26:30.0', '132457', '2010-05-21 07:26:30.0');
INSERT INTO phase_dependency (dependency_phase_id, dependent_phase_id, dependency_start, dependent_start, lag_time, create_user, create_date, modify_user, modify_date)
VALUES ('195', '196', '0', '1', '0', '132457', '2010-05-21 07:26:30.0', '132457', '2010-05-21 07:26:30.0');
INSERT INTO phase_dependency (dependency_phase_id, dependent_phase_id, dependency_start, dependent_start, lag_time, create_user, create_date, modify_user, modify_date)
VALUES ('196', '197', '0', '1', '0', '132457', '2010-05-21 07:26:30.0', '132457', '2010-05-21 07:26:30.0');
INSERT INTO phase_dependency (dependency_phase_id, dependent_phase_id, dependency_start, dependent_start, lag_time, create_user, create_date, modify_user, modify_date)
VALUES ('197', '198', '0', '1', '0', '132457', '2010-05-21 07:26:30.0', '132457', '2010-05-21 07:26:30.0');
INSERT INTO phase_dependency (dependency_phase_id, dependent_phase_id, dependency_start, dependent_start, lag_time, create_user, create_date, modify_user, modify_date)
VALUES ('198', '199', '0', '1', '0', '132457', '2010-05-21 07:26:30.0', '132457', '2010-05-21 07:26:30.0');
INSERT INTO phase_dependency (dependency_phase_id, dependent_phase_id, dependency_start, dependent_start, lag_time, create_user, create_date, modify_user, modify_date)
VALUES ('199', '200', '0', '1', '0', '132457', '2010-05-21 07:26:30.0', '132457', '2010-05-21 07:26:30.0');
--  Data for resource
INSERT INTO resource (resource_id, resource_role_id, project_id, project_phase_id, create_user, create_date, modify_user, modify_date)
VALUES ('191', '13', '191', NULL, '132457', '2010-05-21 07:26:30.0', '132457', '2010-05-21 07:26:30.0');
--  Data for resource_info
INSERT INTO resource_info (resource_id, resource_info_type_id, value, create_user, create_date, modify_user, modify_date)
VALUES ('191', '1', '132457', '132457', '2010-05-21 07:26:30.0', '132457', '2010-05-21 07:26:30.0');
INSERT INTO resource_info (resource_id, resource_info_type_id, value, create_user, create_date, modify_user, modify_date)
VALUES ('191', '2', 'super', '132457', '2010-05-21 07:26:30.0', '132457', '2010-05-21 07:26:30.0');
--  Data for user_role
INSERT INTO user_role (user_role_id, comp_vers_id, role_id, login_id, description)
VALUES ('384', '383', '1', '132457', '');
--  Data for word_search
INSERT INTO word_search (word_search_id, document_id, index_word, nbr_occurrences)
VALUES ('387', '381', 'ever                                                                                                ', '2');
INSERT INTO word_search (word_search_id, document_id, index_word, nbr_occurrences)
VALUES ('388', '381', 'component                                                                                           ', '4');
INSERT INTO word_search (word_search_id, document_id, index_word, nbr_occurrences)
VALUES ('389', '381', 'coolest                                                                                             ', '2');
INSERT INTO word_search (word_search_id, document_id, index_word, nbr_occurrences)
VALUES ('390', '381', 'design                                                    ', '2');
--  Data for word_search_ctgy
INSERT INTO word_search_ctgy (word_srch_ctgy_id, category_id, document_id)
VALUES ('386', 'DDECATALOG                                        ', '381');
--  Data for word_search_doc
INSERT INTO word_search_doc (document_id)
VALUES ('381');
-- Data for project
INSERT INTO project (project_id, project_status_id, project_category_id, create_user, create_date, modify_user, modify_date)
VALUES ('201', '2', '2', '132458', '2010-05-21 07:26:30.0', '132458', '2010-05-21 07:26:30.0');
--  Data for project_info
INSERT INTO project_info (project_id, project_info_type_id, value, create_user, create_date, modify_user, modify_date)
VALUES ('201', '1', '403', '132458', '2010-05-21 07:26:30.0', '132458', '2010-05-21 07:26:30.0');
INSERT INTO project_info (project_id, project_info_type_id, value, create_user, create_date, modify_user, modify_date)
VALUES ('201', '2', '401', '132458', '2010-05-21 07:26:30.0', '132458', '2010-05-21 07:26:30.0');
INSERT INTO project_info (project_id, project_info_type_id, value, create_user, create_date, modify_user, modify_date)
VALUES ('201', '3', '1', '132458', '2010-05-21 07:26:30.0', '132458', '2010-05-21 07:26:30.0');
INSERT INTO project_info (project_id, project_info_type_id, value, create_user, create_date, modify_user, modify_date)
VALUES ('201', '4', '0', '132458', '2010-05-21 07:26:30.0', '132458', '2010-05-21 07:26:30.0');
INSERT INTO project_info (project_id, project_info_type_id, value, create_user, create_date, modify_user, modify_date)
VALUES ('201', '5', '5801777', '132458', '2010-05-21 07:26:30.0', '132458', '2010-05-21 07:26:30.0');
INSERT INTO project_info (project_id, project_info_type_id, value, create_user, create_date, modify_user, modify_date)
VALUES ('201', '6', 'Component 21', '132458', '2010-05-21 07:26:30.0', '132458', '2010-05-21 07:26:30.0');
INSERT INTO project_info (project_id, project_info_type_id, value, create_user, create_date, modify_user, modify_date)
VALUES ('201', '7', '1.0                 ', '132458', '2010-05-21 07:26:30.0', '132458', '2010-05-21 07:26:30.0');
INSERT INTO project_info (project_id, project_info_type_id, value, create_user, create_date, modify_user, modify_date)
VALUES ('201', '9', 'Off', '132458', '2010-05-21 07:26:30.0', '132458', '2010-05-21 07:26:30.0');
INSERT INTO project_info (project_id, project_info_type_id, value, create_user, create_date, modify_user, modify_date)
VALUES ('201', '10', 'On', '132458', '2010-05-21 07:26:30.0', '132458', '2010-05-21 07:26:30.0');
INSERT INTO project_info (project_id, project_info_type_id, value, create_user, create_date, modify_user, modify_date)
VALUES ('201', '11', 'On', '132458', '2010-05-21 07:26:30.0', '132458', '2010-05-21 07:26:30.0');
INSERT INTO project_info (project_id, project_info_type_id, value, create_user, create_date, modify_user, modify_date)
VALUES ('201', '12', 'Yes', '132458', '2010-05-21 07:26:30.0', '132458', '2010-05-21 07:26:30.0');
INSERT INTO project_info (project_id, project_info_type_id, value, create_user, create_date, modify_user, modify_date)
VALUES ('201', '13', 'Yes', '132458', '2010-05-21 07:26:30.0', '132458', '2010-05-21 07:26:30.0');
INSERT INTO project_info (project_id, project_info_type_id, value, create_user, create_date, modify_user, modify_date)
VALUES ('201', '14', 'Open', '132458', '2010-05-21 07:26:30.0', '132458', '2010-05-21 07:26:30.0');
INSERT INTO project_info (project_id, project_info_type_id, value, create_user, create_date, modify_user, modify_date)
VALUES ('201', '16', '0.0', '132458', '2010-05-21 07:26:30.0', '132458', '2010-05-21 07:26:30.0');
INSERT INTO project_info (project_id, project_info_type_id, value, create_user, create_date, modify_user, modify_date)
VALUES ('201', '26', 'On', '132458', '2010-05-21 07:26:30.0', '132458', '2010-05-21 07:26:30.0');
INSERT INTO project_info (project_id, project_info_type_id, value, create_user, create_date, modify_user, modify_date)
VALUES ('201', '29', 'On', '132458', '2010-05-21 07:26:30.0', '132458', '2010-05-21 07:26:30.0');
INSERT INTO project_info (project_id, project_info_type_id, value, create_user, create_date, modify_user, modify_date)
VALUES ('201', '41', 'true', '132458', '2010-05-21 07:26:30.0', '132458', '2010-05-21 07:26:30.0');
INSERT INTO project_info (project_id, project_info_type_id, value, create_user, create_date, modify_user, modify_date)
VALUES ('201', '43', 'true', '132458', '2010-05-21 07:26:30.0', '132458', '2010-05-21 07:26:30.0');
--  Data for project_phase
INSERT INTO project_phase (project_phase_id, project_id, phase_type_id, phase_status_id, fixed_start_time, scheduled_start_time, scheduled_end_time, actual_start_time, actual_end_time, duration, create_user, create_date, modify_user, modify_date)
VALUES ('201', '201', '1', '1', '2010-05-27 09:00:00.0', '2010-05-27 09:00:00.0', '2010-06-01 09:00:00.0', NULL, NULL, '259200000', '132458', '2010-05-21 07:26:30.0', '132458', '2010-05-21 07:26:30.0');
INSERT INTO project_phase (project_phase_id, project_id, phase_type_id, phase_status_id, fixed_start_time, scheduled_start_time, scheduled_end_time, actual_start_time, actual_end_time, duration, create_user, create_date, modify_user, modify_date)
VALUES ('202', '201', '2', '1', '2010-05-27 09:00:00.0', '2010-05-27 09:00:00.0', '2010-06-07 09:00:00.0', NULL, NULL, '604800000', '132458', '2010-05-21 07:26:30.0', '132458', '2010-05-21 07:26:30.0');
INSERT INTO project_phase (project_phase_id, project_id, phase_type_id, phase_status_id, fixed_start_time, scheduled_start_time, scheduled_end_time, actual_start_time, actual_end_time, duration, create_user, create_date, modify_user, modify_date)
VALUES ('203', '201', '3', '1', '2010-06-07 09:00:00.0', '2010-06-07 09:00:00.0', '2010-06-08 09:00:00.0', NULL, NULL, '86400000', '132458', '2010-05-21 07:26:30.0', '132458', '2010-05-21 07:26:30.0');
INSERT INTO project_phase (project_phase_id, project_id, phase_type_id, phase_status_id, fixed_start_time, scheduled_start_time, scheduled_end_time, actual_start_time, actual_end_time, duration, create_user, create_date, modify_user, modify_date)
VALUES ('204', '201', '4', '1', '2010-06-08 09:00:00.0', '2010-06-08 09:00:00.0', '2010-06-14 09:00:00.0', NULL, NULL, '345600000', '132458', '2010-05-21 07:26:30.0', '132458', '2010-05-21 07:26:30.0');
INSERT INTO project_phase (project_phase_id, project_id, phase_type_id, phase_status_id, fixed_start_time, scheduled_start_time, scheduled_end_time, actual_start_time, actual_end_time, duration, create_user, create_date, modify_user, modify_date)
VALUES ('205', '201', '5', '1', '2010-06-14 09:00:00.0', '2010-06-14 09:00:00.0', '2010-06-15 09:00:00.0', NULL, NULL, '86400000', '132458', '2010-05-21 07:26:30.0', '132458', '2010-05-21 07:26:30.0');
INSERT INTO project_phase (project_phase_id, project_id, phase_type_id, phase_status_id, fixed_start_time, scheduled_start_time, scheduled_end_time, actual_start_time, actual_end_time, duration, create_user, create_date, modify_user, modify_date)
VALUES ('206', '201', '6', '1', '2010-06-15 09:00:00.0', '2010-06-15 09:00:00.0', '2010-06-16 09:00:00.0', NULL, NULL, '86400000', '132458', '2010-05-21 07:26:30.0', '132458', '2010-05-21 07:26:30.0');
INSERT INTO project_phase (project_phase_id, project_id, phase_type_id, phase_status_id, fixed_start_time, scheduled_start_time, scheduled_end_time, actual_start_time, actual_end_time, duration, create_user, create_date, modify_user, modify_date)
VALUES ('207', '201', '7', '1', '2010-06-16 09:00:00.0', '2010-06-16 09:00:00.0', '2010-06-16 21:00:00.0', NULL, NULL, '43200000', '132458', '2010-05-21 07:26:30.0', '132458', '2010-05-21 07:26:30.0');
INSERT INTO project_phase (project_phase_id, project_id, phase_type_id, phase_status_id, fixed_start_time, scheduled_start_time, scheduled_end_time, actual_start_time, actual_end_time, duration, create_user, create_date, modify_user, modify_date)
VALUES ('208', '201', '8', '1', '2010-06-16 21:00:00.0', '2010-06-16 21:00:00.0', '2010-06-17 09:00:00.0', NULL, NULL, '43200000', '132458', '2010-05-21 07:26:30.0', '132458', '2010-05-21 07:26:30.0');
INSERT INTO project_phase (project_phase_id, project_id, phase_type_id, phase_status_id, fixed_start_time, scheduled_start_time, scheduled_end_time, actual_start_time, actual_end_time, duration, create_user, create_date, modify_user, modify_date)
VALUES ('209', '201', '9', '1', '2010-06-17 09:00:00.0', '2010-06-17 09:00:00.0', '2010-06-22 09:00:00.0', NULL, NULL, '259200000', '132458', '2010-05-21 07:26:30.0', '132458', '2010-05-21 07:26:30.0');
INSERT INTO project_phase (project_phase_id, project_id, phase_type_id, phase_status_id, fixed_start_time, scheduled_start_time, scheduled_end_time, actual_start_time, actual_end_time, duration, create_user, create_date, modify_user, modify_date)
VALUES ('210', '201', '10', '1', '2010-06-22 09:00:00.0', '2010-06-22 09:00:00.0', '2010-06-23 09:00:00.0', NULL, NULL, '86400000', '132458', '2010-05-21 07:26:30.0', '132458', '2010-05-21 07:26:30.0');
--  Data for comp_catalog
INSERT INTO comp_catalog (component_id, current_version, short_desc, component_name, description, function_desc, create_time, status_id, root_category_id, modify_date, public_ind)
VALUES ('401', '1', 'Coolest component ever', 'Component 21', 'Coolest component ever', 'Component', '2010-05-21 07:20:14.48', '102', '5801777', '2010-05-21 07:23:44.0', '0');
--  Data for comp_versions
INSERT INTO comp_versions (comp_vers_id, component_id, version, version_text, create_time, phase_id, phase_time, price, comments, modify_date,
                           suspended_ind)
VALUES ('403', '401', '1', '1.0                 ', '2010-05-21 07:20:14.48', '112', '1976-05-04 00:00:00.0', '1000.00', 'Cool', '2010-05-21 07:27:01.0', '0');
--  Data for comp_categories
INSERT INTO comp_categories (comp_categories_id, component_id, category_id)
VALUES ('405', '401', '11');
--  Data for comp_keywords
INSERT INTO comp_keywords (comp_keywords_id, component_id, keyword)
VALUES ('411', '401', 'development');
--  Data for comp_technology
INSERT INTO comp_technology (comp_tech_id, comp_vers_id, technology_type_id)
VALUES ('412', '403', '1');
--  Data for comp_documentation
INSERT INTO comp_documentation (document_id, comp_vers_id, document_type_id, document_name, url)
VALUES ('413', '403', '0', 'Requirements Specification', '401/403/MQTTBroker_Requirements_Specification.pdf');
--  Data for comp_jive_category_xref
INSERT INTO comp_jive_category_xref (comp_vers_id, jive_category_id)
VALUES ('403', '0');
--  Data for comp_version_dates
INSERT INTO comp_version_dates (comp_version_dates_id, comp_vers_id, phase_id, posting_date, initial_submission_date, winner_announced_date, final_submission_date,
                                estimated_dev_date, price, total_submissions, status_id, create_time, level_id, screening_complete_date, review_complete_date,
                                aggregation_complete_date, phase_complete_date, production_date, aggregation_complete_date_comment, phase_complete_date_comment,
                                review_complete_date_comment, winner_announced_date_comment, initial_submission_date_comment, screening_complete_date_comment,
                                final_submission_date_comment, production_date_comment, modify_date)
VALUES ('414', '403', '112', '1976-05-05', '2000-01-01', '2000-01-01', 
        '2000-01-01', '2000-01-01', NULL, '0', '301', '2010-05-21 07:27:01.0', '100', '2000-01-01',
        '2000-01-01', '2000-01-01', '2000-01-01', '2010-12-01', 
        NULL, NULL, NULL, NULL, NULL, NULL, NULL, '', '2010-05-21 07:27:01.0');
--  Data for phase_criteria
INSERT INTO phase_criteria (project_phase_id, phase_criteria_type_id, parameter, create_user, create_date, modify_user, modify_date)
VALUES ('201', '2', '0', '132458', '2010-05-21 07:26:30.0', '132458', '2010-05-21 07:26:30.0');
INSERT INTO phase_criteria (project_phase_id, phase_criteria_type_id, parameter, create_user, create_date, modify_user, modify_date)
VALUES ('201', '5', 'No', '132458', '2010-05-21 07:26:30.0', '132458', '2010-05-21 07:26:30.0');
INSERT INTO phase_criteria (project_phase_id, phase_criteria_type_id, parameter, create_user, create_date, modify_user, modify_date)
VALUES ('202', '3', '0', '132458', '2010-05-21 07:26:30.0', '132458', '2010-05-21 07:26:30.0');
INSERT INTO phase_criteria (project_phase_id, phase_criteria_type_id, parameter, create_user, create_date, modify_user, modify_date)
VALUES ('202', '5', 'No', '132458', '2010-05-21 07:26:30.0', '132458', '2010-05-21 07:26:30.0');
INSERT INTO phase_criteria (project_phase_id, phase_criteria_type_id, parameter, create_user, create_date, modify_user, modify_date)
VALUES ('203', '5', 'No', '132458', '2010-05-21 07:26:30.0', '132458', '2010-05-21 07:26:30.0');
INSERT INTO phase_criteria (project_phase_id, phase_criteria_type_id, parameter, create_user, create_date, modify_user, modify_date)
VALUES ('203', '1', '30000410', '132458', '2010-05-21 07:26:30.0', '132458', '2010-05-21 07:26:30.0');
INSERT INTO phase_criteria (project_phase_id, phase_criteria_type_id, parameter, create_user, create_date, modify_user, modify_date)
VALUES ('204', '5', 'No', '132458', '2010-05-21 07:26:30.0', '132458', '2010-05-21 07:26:30.0');
INSERT INTO phase_criteria (project_phase_id, phase_criteria_type_id, parameter, create_user, create_date, modify_user, modify_date)
VALUES ('204', '1', '30000411', '132458', '2010-05-21 07:26:30.0', '132458', '2010-05-21 07:26:30.0');
INSERT INTO phase_criteria (project_phase_id, phase_criteria_type_id, parameter, create_user, create_date, modify_user, modify_date)
VALUES ('204', '6', '3', '132458', '2010-05-21 07:26:30.0', '132458', '2010-05-21 07:26:30.0');
INSERT INTO phase_criteria (project_phase_id, phase_criteria_type_id, parameter, create_user, create_date, modify_user, modify_date)
VALUES ('205', '5', 'No', '132458', '2010-05-21 07:26:30.0', '132458', '2010-05-21 07:26:30.0');
INSERT INTO phase_criteria (project_phase_id, phase_criteria_type_id, parameter, create_user, create_date, modify_user, modify_date)
VALUES ('205', '4', 'No', '132458', '2010-05-21 07:26:30.0', '132458', '2010-05-21 07:26:30.0');
INSERT INTO phase_criteria (project_phase_id, phase_criteria_type_id, parameter, create_user, create_date, modify_user, modify_date)
VALUES ('206', '5', 'No', '132458', '2010-05-21 07:26:30.0', '132458', '2010-05-21 07:26:30.0');
INSERT INTO phase_criteria (project_phase_id, phase_criteria_type_id, parameter, create_user, create_date, modify_user, modify_date)
VALUES ('207', '5', 'No', '132458', '2010-05-21 07:26:30.0', '132458', '2010-05-21 07:26:30.0');
INSERT INTO phase_criteria (project_phase_id, phase_criteria_type_id, parameter, create_user, create_date, modify_user, modify_date)
VALUES ('208', '5', 'No', '132458', '2010-05-21 07:26:30.0', '132458', '2010-05-21 07:26:30.0');
INSERT INTO phase_criteria (project_phase_id, phase_criteria_type_id, parameter, create_user, create_date, modify_user, modify_date)
VALUES ('209', '5', 'No', '132458', '2010-05-21 07:26:30.0', '132458', '2010-05-21 07:26:30.0');
INSERT INTO phase_criteria (project_phase_id, phase_criteria_type_id, parameter, create_user, create_date, modify_user, modify_date)
VALUES ('210', '5', 'No', '132458', '2010-05-21 07:26:30.0', '132458', '2010-05-21 07:26:30.0');
--  Data for phase_dependency
INSERT INTO phase_dependency (dependency_phase_id, dependent_phase_id, dependency_start, dependent_start, lag_time, create_user, create_date, modify_user, modify_date)
VALUES ('201', '202', '1', '1', '0', '132458', '2010-05-21 07:26:30.0', '132458', '2010-05-21 07:26:30.0');
INSERT INTO phase_dependency (dependency_phase_id, dependent_phase_id, dependency_start, dependent_start, lag_time, create_user, create_date, modify_user, modify_date)
VALUES ('202', '203', '0', '1', '0', '132458', '2010-05-21 07:26:30.0', '132458', '2010-05-21 07:26:30.0');
INSERT INTO phase_dependency (dependency_phase_id, dependent_phase_id, dependency_start, dependent_start, lag_time, create_user, create_date, modify_user, modify_date)
VALUES ('203', '204', '0', '1', '0', '132458', '2010-05-21 07:26:30.0', '132458', '2010-05-21 07:26:30.0');
INSERT INTO phase_dependency (dependency_phase_id, dependent_phase_id, dependency_start, dependent_start, lag_time, create_user, create_date, modify_user, modify_date)
VALUES ('204', '205', '0', '1', '0', '132458', '2010-05-21 07:26:30.0', '132458', '2010-05-21 07:26:30.0');
INSERT INTO phase_dependency (dependency_phase_id, dependent_phase_id, dependency_start, dependent_start, lag_time, create_user, create_date, modify_user, modify_date)
VALUES ('205', '206', '0', '1', '0', '132458', '2010-05-21 07:26:30.0', '132458', '2010-05-21 07:26:30.0');
INSERT INTO phase_dependency (dependency_phase_id, dependent_phase_id, dependency_start, dependent_start, lag_time, create_user, create_date, modify_user, modify_date)
VALUES ('206', '207', '0', '1', '0', '132458', '2010-05-21 07:26:30.0', '132458', '2010-05-21 07:26:30.0');
INSERT INTO phase_dependency (dependency_phase_id, dependent_phase_id, dependency_start, dependent_start, lag_time, create_user, create_date, modify_user, modify_date)
VALUES ('207', '208', '0', '1', '0', '132458', '2010-05-21 07:26:30.0', '132458', '2010-05-21 07:26:30.0');
INSERT INTO phase_dependency (dependency_phase_id, dependent_phase_id, dependency_start, dependent_start, lag_time, create_user, create_date, modify_user, modify_date)
VALUES ('208', '209', '0', '1', '0', '132458', '2010-05-21 07:26:30.0', '132458', '2010-05-21 07:26:30.0');
INSERT INTO phase_dependency (dependency_phase_id, dependent_phase_id, dependency_start, dependent_start, lag_time, create_user, create_date, modify_user, modify_date)
VALUES ('209', '210', '0', '1', '0', '132458', '2010-05-21 07:26:30.0', '132458', '2010-05-21 07:26:30.0');
--  Data for resource
INSERT INTO resource (resource_id, resource_role_id, project_id, project_phase_id, create_user, create_date, modify_user, modify_date)
VALUES ('201', '13', '201', NULL, '132458', '2010-05-21 07:26:30.0', '132458', '2010-05-21 07:26:30.0');
--  Data for resource_info
INSERT INTO resource_info (resource_id, resource_info_type_id, value, create_user, create_date, modify_user, modify_date)
VALUES ('201', '1', '132458', '132458', '2010-05-21 07:26:30.0', '132458', '2010-05-21 07:26:30.0');
INSERT INTO resource_info (resource_id, resource_info_type_id, value, create_user, create_date, modify_user, modify_date)
VALUES ('201', '2', 'user', '132458', '2010-05-21 07:26:30.0', '132458', '2010-05-21 07:26:30.0');
--  Data for user_role
INSERT INTO user_role (user_role_id, comp_vers_id, role_id, login_id, description)
VALUES ('404', '403', '1', '132458', '');
--  Data for word_search
INSERT INTO word_search (word_search_id, document_id, index_word, nbr_occurrences)
VALUES ('407', '401', 'ever                                                                                                ', '2');
INSERT INTO word_search (word_search_id, document_id, index_word, nbr_occurrences)
VALUES ('408', '401', 'component                                                                                           ', '4');
INSERT INTO word_search (word_search_id, document_id, index_word, nbr_occurrences)
VALUES ('409', '401', 'coolest                                                                                             ', '2');
INSERT INTO word_search (word_search_id, document_id, index_word, nbr_occurrences)
VALUES ('410', '401', 'development                                                    ', '2');
--  Data for word_search_ctgy
INSERT INTO word_search_ctgy (word_srch_ctgy_id, category_id, document_id)
VALUES ('406', 'DDECATALOG                                        ', '401');
--  Data for word_search_doc
INSERT INTO word_search_doc (document_id)
VALUES ('401');
-- Data for project
INSERT INTO project (project_id, project_status_id, project_category_id, create_user, create_date, modify_user, modify_date)
VALUES ('211', '2', '7', '132456', '2010-05-21 07:26:30.0', '132456', '2010-05-21 07:26:30.0');
--  Data for project_info
INSERT INTO project_info (project_id, project_info_type_id, value, create_user, create_date, modify_user, modify_date)
VALUES ('211', '1', '423', '132456', '2010-05-21 07:26:30.0', '132456', '2010-05-21 07:26:30.0');
INSERT INTO project_info (project_id, project_info_type_id, value, create_user, create_date, modify_user, modify_date)
VALUES ('211', '2', '421', '132456', '2010-05-21 07:26:30.0', '132456', '2010-05-21 07:26:30.0');
INSERT INTO project_info (project_id, project_info_type_id, value, create_user, create_date, modify_user, modify_date)
VALUES ('211', '3', '1', '132456', '2010-05-21 07:26:30.0', '132456', '2010-05-21 07:26:30.0');
INSERT INTO project_info (project_id, project_info_type_id, value, create_user, create_date, modify_user, modify_date)
VALUES ('211', '4', '0', '132456', '2010-05-21 07:26:30.0', '132456', '2010-05-21 07:26:30.0');
INSERT INTO project_info (project_id, project_info_type_id, value, create_user, create_date, modify_user, modify_date)
VALUES ('211', '5', '5801777', '132456', '2010-05-21 07:26:30.0', '132456', '2010-05-21 07:26:30.0');
INSERT INTO project_info (project_id, project_info_type_id, value, create_user, create_date, modify_user, modify_date)
VALUES ('211', '6', 'Component 22', '132456', '2010-05-21 07:26:30.0', '132456', '2010-05-21 07:26:30.0');
INSERT INTO project_info (project_id, project_info_type_id, value, create_user, create_date, modify_user, modify_date)
VALUES ('211', '7', '1.0                 ', '132456', '2010-05-21 07:26:30.0', '132456', '2010-05-21 07:26:30.0');
INSERT INTO project_info (project_id, project_info_type_id, value, create_user, create_date, modify_user, modify_date)
VALUES ('211', '9', 'Off', '132456', '2010-05-21 07:26:30.0', '132456', '2010-05-21 07:26:30.0');
INSERT INTO project_info (project_id, project_info_type_id, value, create_user, create_date, modify_user, modify_date)
VALUES ('211', '10', 'On', '132456', '2010-05-21 07:26:30.0', '132456', '2010-05-21 07:26:30.0');
INSERT INTO project_info (project_id, project_info_type_id, value, create_user, create_date, modify_user, modify_date)
VALUES ('211', '11', 'On', '132456', '2010-05-21 07:26:30.0', '132456', '2010-05-21 07:26:30.0');
INSERT INTO project_info (project_id, project_info_type_id, value, create_user, create_date, modify_user, modify_date)
VALUES ('211', '12', 'Yes', '132456', '2010-05-21 07:26:30.0', '132456', '2010-05-21 07:26:30.0');
INSERT INTO project_info (project_id, project_info_type_id, value, create_user, create_date, modify_user, modify_date)
VALUES ('211', '13', 'Yes', '132456', '2010-05-21 07:26:30.0', '132456', '2010-05-21 07:26:30.0');
INSERT INTO project_info (project_id, project_info_type_id, value, create_user, create_date, modify_user, modify_date)
VALUES ('211', '14', 'Open', '132456', '2010-05-21 07:26:30.0', '132456', '2010-05-21 07:26:30.0');
INSERT INTO project_info (project_id, project_info_type_id, value, create_user, create_date, modify_user, modify_date)
VALUES ('211', '16', '0.0', '132456', '2010-05-21 07:26:30.0', '132456', '2010-05-21 07:26:30.0');
INSERT INTO project_info (project_id, project_info_type_id, value, create_user, create_date, modify_user, modify_date)
VALUES ('211', '26', 'On', '132456', '2010-05-21 07:26:30.0', '132456', '2010-05-21 07:26:30.0');
INSERT INTO project_info (project_id, project_info_type_id, value, create_user, create_date, modify_user, modify_date)
VALUES ('211', '29', 'On', '132456', '2010-05-21 07:26:30.0', '132456', '2010-05-21 07:26:30.0');
INSERT INTO project_info (project_id, project_info_type_id, value, create_user, create_date, modify_user, modify_date)
VALUES ('211', '41', 'true', '132456', '2010-05-21 07:26:30.0', '132456', '2010-05-21 07:26:30.0');
INSERT INTO project_info (project_id, project_info_type_id, value, create_user, create_date, modify_user, modify_date)
VALUES ('211', '43', 'true', '132456', '2010-05-21 07:26:30.0', '132456', '2010-05-21 07:26:30.0');
--  Data for project_phase
INSERT INTO project_phase (project_phase_id, project_id, phase_type_id, phase_status_id, fixed_start_time, scheduled_start_time, scheduled_end_time, actual_start_time, actual_end_time, duration, create_user, create_date, modify_user, modify_date)
VALUES ('211', '211', '1', '1', '2010-05-27 09:00:00.0', '2010-05-27 09:00:00.0', '2010-06-01 09:00:00.0', NULL, NULL, '259200000', '132456', '2010-05-21 07:26:30.0', '132456', '2010-05-21 07:26:30.0');
INSERT INTO project_phase (project_phase_id, project_id, phase_type_id, phase_status_id, fixed_start_time, scheduled_start_time, scheduled_end_time, actual_start_time, actual_end_time, duration, create_user, create_date, modify_user, modify_date)
VALUES ('212', '211', '2', '1', '2010-05-27 09:00:00.0', '2010-05-27 09:00:00.0', '2010-06-07 09:00:00.0', NULL, NULL, '604800000', '132456', '2010-05-21 07:26:30.0', '132456', '2010-05-21 07:26:30.0');
INSERT INTO project_phase (project_phase_id, project_id, phase_type_id, phase_status_id, fixed_start_time, scheduled_start_time, scheduled_end_time, actual_start_time, actual_end_time, duration, create_user, create_date, modify_user, modify_date)
VALUES ('213', '211', '3', '1', '2010-06-07 09:00:00.0', '2010-06-07 09:00:00.0', '2010-06-08 09:00:00.0', NULL, NULL, '86400000', '132456', '2010-05-21 07:26:30.0', '132456', '2010-05-21 07:26:30.0');
INSERT INTO project_phase (project_phase_id, project_id, phase_type_id, phase_status_id, fixed_start_time, scheduled_start_time, scheduled_end_time, actual_start_time, actual_end_time, duration, create_user, create_date, modify_user, modify_date)
VALUES ('214', '211', '4', '1', '2010-06-08 09:00:00.0', '2010-06-08 09:00:00.0', '2010-06-14 09:00:00.0', NULL, NULL, '345600000', '132456', '2010-05-21 07:26:30.0', '132456', '2010-05-21 07:26:30.0');
INSERT INTO project_phase (project_phase_id, project_id, phase_type_id, phase_status_id, fixed_start_time, scheduled_start_time, scheduled_end_time, actual_start_time, actual_end_time, duration, create_user, create_date, modify_user, modify_date)
VALUES ('215', '211', '5', '1', '2010-06-14 09:00:00.0', '2010-06-14 09:00:00.0', '2010-06-15 09:00:00.0', NULL, NULL, '86400000', '132456', '2010-05-21 07:26:30.0', '132456', '2010-05-21 07:26:30.0');
INSERT INTO project_phase (project_phase_id, project_id, phase_type_id, phase_status_id, fixed_start_time, scheduled_start_time, scheduled_end_time, actual_start_time, actual_end_time, duration, create_user, create_date, modify_user, modify_date)
VALUES ('216', '211', '6', '1', '2010-06-15 09:00:00.0', '2010-06-15 09:00:00.0', '2010-06-16 09:00:00.0', NULL, NULL, '86400000', '132456', '2010-05-21 07:26:30.0', '132456', '2010-05-21 07:26:30.0');
INSERT INTO project_phase (project_phase_id, project_id, phase_type_id, phase_status_id, fixed_start_time, scheduled_start_time, scheduled_end_time, actual_start_time, actual_end_time, duration, create_user, create_date, modify_user, modify_date)
VALUES ('217', '211', '7', '1', '2010-06-16 09:00:00.0', '2010-06-16 09:00:00.0', '2010-06-16 21:00:00.0', NULL, NULL, '43200000', '132456', '2010-05-21 07:26:30.0', '132456', '2010-05-21 07:26:30.0');
INSERT INTO project_phase (project_phase_id, project_id, phase_type_id, phase_status_id, fixed_start_time, scheduled_start_time, scheduled_end_time, actual_start_time, actual_end_time, duration, create_user, create_date, modify_user, modify_date)
VALUES ('218', '211', '8', '1', '2010-06-16 21:00:00.0', '2010-06-16 21:00:00.0', '2010-06-17 09:00:00.0', NULL, NULL, '43200000', '132456', '2010-05-21 07:26:30.0', '132456', '2010-05-21 07:26:30.0');
INSERT INTO project_phase (project_phase_id, project_id, phase_type_id, phase_status_id, fixed_start_time, scheduled_start_time, scheduled_end_time, actual_start_time, actual_end_time, duration, create_user, create_date, modify_user, modify_date)
VALUES ('219', '211', '9', '1', '2010-06-17 09:00:00.0', '2010-06-17 09:00:00.0', '2010-06-22 09:00:00.0', NULL, NULL, '259200000', '132456', '2010-05-21 07:26:30.0', '132456', '2010-05-21 07:26:30.0');
INSERT INTO project_phase (project_phase_id, project_id, phase_type_id, phase_status_id, fixed_start_time, scheduled_start_time, scheduled_end_time, actual_start_time, actual_end_time, duration, create_user, create_date, modify_user, modify_date)
VALUES ('220', '211', '10', '1', '2010-06-22 09:00:00.0', '2010-06-22 09:00:00.0', '2010-06-23 09:00:00.0', NULL, NULL, '86400000', '132456', '2010-05-21 07:26:30.0', '132456', '2010-05-21 07:26:30.0');
--  Data for comp_catalog
INSERT INTO comp_catalog (component_id, current_version, short_desc, component_name, description, function_desc, create_time, status_id, root_category_id, modify_date, public_ind)
VALUES ('421', '1', 'Coolest component ever', 'Component 22', 'Coolest component ever', 'Component', '2010-05-21 07:20:14.48', '102', '5801777', '2010-05-21 07:23:44.0', '0');
--  Data for comp_versions
INSERT INTO comp_versions (comp_vers_id, component_id, version, version_text, create_time, phase_id, phase_time, price, comments, modify_date,
                           suspended_ind)
VALUES ('423', '421', '1', '1.0                 ', '2010-05-21 07:20:14.48', '112', '1976-05-04 00:00:00.0', '1000.00', 'Cool', '2010-05-21 07:27:01.0', '0');
--  Data for comp_categories
INSERT INTO comp_categories (comp_categories_id, component_id, category_id)
VALUES ('425', '421', '11');
--  Data for comp_keywords
INSERT INTO comp_keywords (comp_keywords_id, component_id, keyword)
VALUES ('431', '421', 'architecture');
--  Data for comp_technology
INSERT INTO comp_technology (comp_tech_id, comp_vers_id, technology_type_id)
VALUES ('432', '423', '1');
--  Data for comp_documentation
INSERT INTO comp_documentation (document_id, comp_vers_id, document_type_id, document_name, url)
VALUES ('433', '423', '0', 'Requirements Specification', '421/423/MQTTBroker_Requirements_Specification.pdf');
--  Data for comp_jive_category_xref
INSERT INTO comp_jive_category_xref (comp_vers_id, jive_category_id)
VALUES ('423', '0');
--  Data for comp_version_dates
INSERT INTO comp_version_dates (comp_version_dates_id, comp_vers_id, phase_id, posting_date, initial_submission_date, winner_announced_date, final_submission_date,
                                estimated_dev_date, price, total_submissions, status_id, create_time, level_id, screening_complete_date, review_complete_date,
                                aggregation_complete_date, phase_complete_date, production_date, aggregation_complete_date_comment, phase_complete_date_comment,
                                review_complete_date_comment, winner_announced_date_comment, initial_submission_date_comment, screening_complete_date_comment,
                                final_submission_date_comment, production_date_comment, modify_date)
VALUES ('434', '423', '112', '1976-05-05', '2000-01-01', '2000-01-01', 
        '2000-01-01', '2000-01-01', NULL, '0', '301', '2010-05-21 07:27:01.0', '100', '2000-01-01',
        '2000-01-01', '2000-01-01', '2000-01-01', '2010-12-01', 
        NULL, NULL, NULL, NULL, NULL, NULL, NULL, '', '2010-05-21 07:27:01.0');
--  Data for phase_criteria
INSERT INTO phase_criteria (project_phase_id, phase_criteria_type_id, parameter, create_user, create_date, modify_user, modify_date)
VALUES ('211', '2', '0', '132456', '2010-05-21 07:26:30.0', '132456', '2010-05-21 07:26:30.0');
INSERT INTO phase_criteria (project_phase_id, phase_criteria_type_id, parameter, create_user, create_date, modify_user, modify_date)
VALUES ('211', '5', 'No', '132456', '2010-05-21 07:26:30.0', '132456', '2010-05-21 07:26:30.0');
INSERT INTO phase_criteria (project_phase_id, phase_criteria_type_id, parameter, create_user, create_date, modify_user, modify_date)
VALUES ('212', '3', '0', '132456', '2010-05-21 07:26:30.0', '132456', '2010-05-21 07:26:30.0');
INSERT INTO phase_criteria (project_phase_id, phase_criteria_type_id, parameter, create_user, create_date, modify_user, modify_date)
VALUES ('212', '5', 'No', '132456', '2010-05-21 07:26:30.0', '132456', '2010-05-21 07:26:30.0');
INSERT INTO phase_criteria (project_phase_id, phase_criteria_type_id, parameter, create_user, create_date, modify_user, modify_date)
VALUES ('213', '5', 'No', '132456', '2010-05-21 07:26:30.0', '132456', '2010-05-21 07:26:30.0');
INSERT INTO phase_criteria (project_phase_id, phase_criteria_type_id, parameter, create_user, create_date, modify_user, modify_date)
VALUES ('213', '1', '30000410', '132456', '2010-05-21 07:26:30.0', '132456', '2010-05-21 07:26:30.0');
INSERT INTO phase_criteria (project_phase_id, phase_criteria_type_id, parameter, create_user, create_date, modify_user, modify_date)
VALUES ('214', '5', 'No', '132456', '2010-05-21 07:26:30.0', '132456', '2010-05-21 07:26:30.0');
INSERT INTO phase_criteria (project_phase_id, phase_criteria_type_id, parameter, create_user, create_date, modify_user, modify_date)
VALUES ('214', '1', '30000411', '132456', '2010-05-21 07:26:30.0', '132456', '2010-05-21 07:26:30.0');
INSERT INTO phase_criteria (project_phase_id, phase_criteria_type_id, parameter, create_user, create_date, modify_user, modify_date)
VALUES ('214', '6', '3', '132456', '2010-05-21 07:26:30.0', '132456', '2010-05-21 07:26:30.0');
INSERT INTO phase_criteria (project_phase_id, phase_criteria_type_id, parameter, create_user, create_date, modify_user, modify_date)
VALUES ('215', '5', 'No', '132456', '2010-05-21 07:26:30.0', '132456', '2010-05-21 07:26:30.0');
INSERT INTO phase_criteria (project_phase_id, phase_criteria_type_id, parameter, create_user, create_date, modify_user, modify_date)
VALUES ('215', '4', 'No', '132456', '2010-05-21 07:26:30.0', '132456', '2010-05-21 07:26:30.0');
INSERT INTO phase_criteria (project_phase_id, phase_criteria_type_id, parameter, create_user, create_date, modify_user, modify_date)
VALUES ('216', '5', 'No', '132456', '2010-05-21 07:26:30.0', '132456', '2010-05-21 07:26:30.0');
INSERT INTO phase_criteria (project_phase_id, phase_criteria_type_id, parameter, create_user, create_date, modify_user, modify_date)
VALUES ('217', '5', 'No', '132456', '2010-05-21 07:26:30.0', '132456', '2010-05-21 07:26:30.0');
INSERT INTO phase_criteria (project_phase_id, phase_criteria_type_id, parameter, create_user, create_date, modify_user, modify_date)
VALUES ('218', '5', 'No', '132456', '2010-05-21 07:26:30.0', '132456', '2010-05-21 07:26:30.0');
INSERT INTO phase_criteria (project_phase_id, phase_criteria_type_id, parameter, create_user, create_date, modify_user, modify_date)
VALUES ('219', '5', 'No', '132456', '2010-05-21 07:26:30.0', '132456', '2010-05-21 07:26:30.0');
INSERT INTO phase_criteria (project_phase_id, phase_criteria_type_id, parameter, create_user, create_date, modify_user, modify_date)
VALUES ('220', '5', 'No', '132456', '2010-05-21 07:26:30.0', '132456', '2010-05-21 07:26:30.0');
--  Data for phase_dependency
INSERT INTO phase_dependency (dependency_phase_id, dependent_phase_id, dependency_start, dependent_start, lag_time, create_user, create_date, modify_user, modify_date)
VALUES ('211', '212', '1', '1', '0', '132456', '2010-05-21 07:26:30.0', '132456', '2010-05-21 07:26:30.0');
INSERT INTO phase_dependency (dependency_phase_id, dependent_phase_id, dependency_start, dependent_start, lag_time, create_user, create_date, modify_user, modify_date)
VALUES ('212', '213', '0', '1', '0', '132456', '2010-05-21 07:26:30.0', '132456', '2010-05-21 07:26:30.0');
INSERT INTO phase_dependency (dependency_phase_id, dependent_phase_id, dependency_start, dependent_start, lag_time, create_user, create_date, modify_user, modify_date)
VALUES ('213', '214', '0', '1', '0', '132456', '2010-05-21 07:26:30.0', '132456', '2010-05-21 07:26:30.0');
INSERT INTO phase_dependency (dependency_phase_id, dependent_phase_id, dependency_start, dependent_start, lag_time, create_user, create_date, modify_user, modify_date)
VALUES ('214', '215', '0', '1', '0', '132456', '2010-05-21 07:26:30.0', '132456', '2010-05-21 07:26:30.0');
INSERT INTO phase_dependency (dependency_phase_id, dependent_phase_id, dependency_start, dependent_start, lag_time, create_user, create_date, modify_user, modify_date)
VALUES ('215', '216', '0', '1', '0', '132456', '2010-05-21 07:26:30.0', '132456', '2010-05-21 07:26:30.0');
INSERT INTO phase_dependency (dependency_phase_id, dependent_phase_id, dependency_start, dependent_start, lag_time, create_user, create_date, modify_user, modify_date)
VALUES ('216', '217', '0', '1', '0', '132456', '2010-05-21 07:26:30.0', '132456', '2010-05-21 07:26:30.0');
INSERT INTO phase_dependency (dependency_phase_id, dependent_phase_id, dependency_start, dependent_start, lag_time, create_user, create_date, modify_user, modify_date)
VALUES ('217', '218', '0', '1', '0', '132456', '2010-05-21 07:26:30.0', '132456', '2010-05-21 07:26:30.0');
INSERT INTO phase_dependency (dependency_phase_id, dependent_phase_id, dependency_start, dependent_start, lag_time, create_user, create_date, modify_user, modify_date)
VALUES ('218', '219', '0', '1', '0', '132456', '2010-05-21 07:26:30.0', '132456', '2010-05-21 07:26:30.0');
INSERT INTO phase_dependency (dependency_phase_id, dependent_phase_id, dependency_start, dependent_start, lag_time, create_user, create_date, modify_user, modify_date)
VALUES ('219', '220', '0', '1', '0', '132456', '2010-05-21 07:26:30.0', '132456', '2010-05-21 07:26:30.0');
--  Data for resource
INSERT INTO resource (resource_id, resource_role_id, project_id, project_phase_id, create_user, create_date, modify_user, modify_date)
VALUES ('211', '13', '211', NULL, '132456', '2010-05-21 07:26:30.0', '132456', '2010-05-21 07:26:30.0');
--  Data for resource_info
INSERT INTO resource_info (resource_id, resource_info_type_id, value, create_user, create_date, modify_user, modify_date)
VALUES ('211', '1', '132456', '132456', '2010-05-21 07:26:30.0', '132456', '2010-05-21 07:26:30.0');
INSERT INTO resource_info (resource_id, resource_info_type_id, value, create_user, create_date, modify_user, modify_date)
VALUES ('211', '2', 'heffan', '132456', '2010-05-21 07:26:30.0', '132456', '2010-05-21 07:26:30.0');
--  Data for user_role
INSERT INTO user_role (user_role_id, comp_vers_id, role_id, login_id, description)
VALUES ('424', '423', '1', '132456', '');
--  Data for word_search
INSERT INTO word_search (word_search_id, document_id, index_word, nbr_occurrences)
VALUES ('427', '421', 'ever                                                                                                ', '2');
INSERT INTO word_search (word_search_id, document_id, index_word, nbr_occurrences)
VALUES ('428', '421', 'component                                                                                           ', '4');
INSERT INTO word_search (word_search_id, document_id, index_word, nbr_occurrences)
VALUES ('429', '421', 'coolest                                                                                             ', '2');
INSERT INTO word_search (word_search_id, document_id, index_word, nbr_occurrences)
VALUES ('430', '421', 'architecture                                                    ', '2');
--  Data for word_search_ctgy
INSERT INTO word_search_ctgy (word_srch_ctgy_id, category_id, document_id)
VALUES ('426', 'DDECATALOG                                        ', '421');
--  Data for word_search_doc
INSERT INTO word_search_doc (document_id)
VALUES ('421');
-- Data for project
INSERT INTO project (project_id, project_status_id, project_category_id, create_user, create_date, modify_user, modify_date)
VALUES ('221', '2', '14', '132458', '2010-05-21 07:26:30.0', '132458', '2010-05-21 07:26:30.0');
--  Data for project_info
INSERT INTO project_info (project_id, project_info_type_id, value, create_user, create_date, modify_user, modify_date)
VALUES ('221', '1', '443', '132458', '2010-05-21 07:26:30.0', '132458', '2010-05-21 07:26:30.0');
INSERT INTO project_info (project_id, project_info_type_id, value, create_user, create_date, modify_user, modify_date)
VALUES ('221', '2', '441', '132458', '2010-05-21 07:26:30.0', '132458', '2010-05-21 07:26:30.0');
INSERT INTO project_info (project_id, project_info_type_id, value, create_user, create_date, modify_user, modify_date)
VALUES ('221', '3', '1', '132458', '2010-05-21 07:26:30.0', '132458', '2010-05-21 07:26:30.0');
INSERT INTO project_info (project_id, project_info_type_id, value, create_user, create_date, modify_user, modify_date)
VALUES ('221', '4', '0', '132458', '2010-05-21 07:26:30.0', '132458', '2010-05-21 07:26:30.0');
INSERT INTO project_info (project_id, project_info_type_id, value, create_user, create_date, modify_user, modify_date)
VALUES ('221', '5', '5801779', '132458', '2010-05-21 07:26:30.0', '132458', '2010-05-21 07:26:30.0');
INSERT INTO project_info (project_id, project_info_type_id, value, create_user, create_date, modify_user, modify_date)
VALUES ('221', '6', 'Component 23', '132458', '2010-05-21 07:26:30.0', '132458', '2010-05-21 07:26:30.0');
INSERT INTO project_info (project_id, project_info_type_id, value, create_user, create_date, modify_user, modify_date)
VALUES ('221', '7', '1.0                 ', '132458', '2010-05-21 07:26:30.0', '132458', '2010-05-21 07:26:30.0');
INSERT INTO project_info (project_id, project_info_type_id, value, create_user, create_date, modify_user, modify_date)
VALUES ('221', '9', 'Off', '132458', '2010-05-21 07:26:30.0', '132458', '2010-05-21 07:26:30.0');
INSERT INTO project_info (project_id, project_info_type_id, value, create_user, create_date, modify_user, modify_date)
VALUES ('221', '10', 'On', '132458', '2010-05-21 07:26:30.0', '132458', '2010-05-21 07:26:30.0');
INSERT INTO project_info (project_id, project_info_type_id, value, create_user, create_date, modify_user, modify_date)
VALUES ('221', '11', 'On', '132458', '2010-05-21 07:26:30.0', '132458', '2010-05-21 07:26:30.0');
INSERT INTO project_info (project_id, project_info_type_id, value, create_user, create_date, modify_user, modify_date)
VALUES ('221', '12', 'Yes', '132458', '2010-05-21 07:26:30.0', '132458', '2010-05-21 07:26:30.0');
INSERT INTO project_info (project_id, project_info_type_id, value, create_user, create_date, modify_user, modify_date)
VALUES ('221', '13', 'Yes', '132458', '2010-05-21 07:26:30.0', '132458', '2010-05-21 07:26:30.0');
INSERT INTO project_info (project_id, project_info_type_id, value, create_user, create_date, modify_user, modify_date)
VALUES ('221', '14', 'Open', '132458', '2010-05-21 07:26:30.0', '132458', '2010-05-21 07:26:30.0');
INSERT INTO project_info (project_id, project_info_type_id, value, create_user, create_date, modify_user, modify_date)
VALUES ('221', '16', '0.0', '132458', '2010-05-21 07:26:30.0', '132458', '2010-05-21 07:26:30.0');
INSERT INTO project_info (project_id, project_info_type_id, value, create_user, create_date, modify_user, modify_date)
VALUES ('221', '26', 'On', '132458', '2010-05-21 07:26:30.0', '132458', '2010-05-21 07:26:30.0');
INSERT INTO project_info (project_id, project_info_type_id, value, create_user, create_date, modify_user, modify_date)
VALUES ('221', '29', 'On', '132458', '2010-05-21 07:26:30.0', '132458', '2010-05-21 07:26:30.0');
INSERT INTO project_info (project_id, project_info_type_id, value, create_user, create_date, modify_user, modify_date)
VALUES ('221', '41', 'true', '132458', '2010-05-21 07:26:30.0', '132458', '2010-05-21 07:26:30.0');
INSERT INTO project_info (project_id, project_info_type_id, value, create_user, create_date, modify_user, modify_date)
VALUES ('221', '43', 'true', '132458', '2010-05-21 07:26:30.0', '132458', '2010-05-21 07:26:30.0');
--  Data for project_phase
INSERT INTO project_phase (project_phase_id, project_id, phase_type_id, phase_status_id, fixed_start_time, scheduled_start_time, scheduled_end_time, actual_start_time, actual_end_time, duration, create_user, create_date, modify_user, modify_date)
VALUES ('221', '221', '1', '1', '2010-05-27 09:00:00.0', '2010-05-27 09:00:00.0', '2010-06-01 09:00:00.0', NULL, NULL, '259200000', '132458', '2010-05-21 07:26:30.0', '132458', '2010-05-21 07:26:30.0');
INSERT INTO project_phase (project_phase_id, project_id, phase_type_id, phase_status_id, fixed_start_time, scheduled_start_time, scheduled_end_time, actual_start_time, actual_end_time, duration, create_user, create_date, modify_user, modify_date)
VALUES ('222', '221', '2', '1', '2010-05-27 09:00:00.0', '2010-05-27 09:00:00.0', '2010-06-07 09:00:00.0', NULL, NULL, '604800000', '132458', '2010-05-21 07:26:30.0', '132458', '2010-05-21 07:26:30.0');
INSERT INTO project_phase (project_phase_id, project_id, phase_type_id, phase_status_id, fixed_start_time, scheduled_start_time, scheduled_end_time, actual_start_time, actual_end_time, duration, create_user, create_date, modify_user, modify_date)
VALUES ('223', '221', '3', '1', '2010-06-07 09:00:00.0', '2010-06-07 09:00:00.0', '2010-06-08 09:00:00.0', NULL, NULL, '86400000', '132458', '2010-05-21 07:26:30.0', '132458', '2010-05-21 07:26:30.0');
INSERT INTO project_phase (project_phase_id, project_id, phase_type_id, phase_status_id, fixed_start_time, scheduled_start_time, scheduled_end_time, actual_start_time, actual_end_time, duration, create_user, create_date, modify_user, modify_date)
VALUES ('224', '221', '4', '1', '2010-06-08 09:00:00.0', '2010-06-08 09:00:00.0', '2010-06-14 09:00:00.0', NULL, NULL, '345600000', '132458', '2010-05-21 07:26:30.0', '132458', '2010-05-21 07:26:30.0');
INSERT INTO project_phase (project_phase_id, project_id, phase_type_id, phase_status_id, fixed_start_time, scheduled_start_time, scheduled_end_time, actual_start_time, actual_end_time, duration, create_user, create_date, modify_user, modify_date)
VALUES ('225', '221', '5', '1', '2010-06-14 09:00:00.0', '2010-06-14 09:00:00.0', '2010-06-15 09:00:00.0', NULL, NULL, '86400000', '132458', '2010-05-21 07:26:30.0', '132458', '2010-05-21 07:26:30.0');
INSERT INTO project_phase (project_phase_id, project_id, phase_type_id, phase_status_id, fixed_start_time, scheduled_start_time, scheduled_end_time, actual_start_time, actual_end_time, duration, create_user, create_date, modify_user, modify_date)
VALUES ('226', '221', '6', '1', '2010-06-15 09:00:00.0', '2010-06-15 09:00:00.0', '2010-06-16 09:00:00.0', NULL, NULL, '86400000', '132458', '2010-05-21 07:26:30.0', '132458', '2010-05-21 07:26:30.0');
INSERT INTO project_phase (project_phase_id, project_id, phase_type_id, phase_status_id, fixed_start_time, scheduled_start_time, scheduled_end_time, actual_start_time, actual_end_time, duration, create_user, create_date, modify_user, modify_date)
VALUES ('227', '221', '7', '1', '2010-06-16 09:00:00.0', '2010-06-16 09:00:00.0', '2010-06-16 21:00:00.0', NULL, NULL, '43200000', '132458', '2010-05-21 07:26:30.0', '132458', '2010-05-21 07:26:30.0');
INSERT INTO project_phase (project_phase_id, project_id, phase_type_id, phase_status_id, fixed_start_time, scheduled_start_time, scheduled_end_time, actual_start_time, actual_end_time, duration, create_user, create_date, modify_user, modify_date)
VALUES ('228', '221', '8', '1', '2010-06-16 21:00:00.0', '2010-06-16 21:00:00.0', '2010-06-17 09:00:00.0', NULL, NULL, '43200000', '132458', '2010-05-21 07:26:30.0', '132458', '2010-05-21 07:26:30.0');
INSERT INTO project_phase (project_phase_id, project_id, phase_type_id, phase_status_id, fixed_start_time, scheduled_start_time, scheduled_end_time, actual_start_time, actual_end_time, duration, create_user, create_date, modify_user, modify_date)
VALUES ('229', '221', '9', '1', '2010-06-17 09:00:00.0', '2010-06-17 09:00:00.0', '2010-06-22 09:00:00.0', NULL, NULL, '259200000', '132458', '2010-05-21 07:26:30.0', '132458', '2010-05-21 07:26:30.0');
INSERT INTO project_phase (project_phase_id, project_id, phase_type_id, phase_status_id, fixed_start_time, scheduled_start_time, scheduled_end_time, actual_start_time, actual_end_time, duration, create_user, create_date, modify_user, modify_date)
VALUES ('230', '221', '10', '1', '2010-06-22 09:00:00.0', '2010-06-22 09:00:00.0', '2010-06-23 09:00:00.0', NULL, NULL, '86400000', '132458', '2010-05-21 07:26:30.0', '132458', '2010-05-21 07:26:30.0');
--  Data for comp_catalog
INSERT INTO comp_catalog (component_id, current_version, short_desc, component_name, description, function_desc, create_time, status_id, root_category_id, modify_date, public_ind)
VALUES ('441', '1', 'Coolest component ever', 'Component 23', 'Coolest component ever', 'Component', '2010-05-21 07:20:14.48', '102', '5801779', '2010-05-21 07:23:44.0', '0');
--  Data for comp_versions
INSERT INTO comp_versions (comp_vers_id, component_id, version, version_text, create_time, phase_id, phase_time, price, comments, modify_date,
                           suspended_ind)
VALUES ('443', '441', '1', '1.0                 ', '2010-05-21 07:20:14.48', '112', '1976-05-04 00:00:00.0', '1000.00', 'Cool', '2010-05-21 07:27:01.0', '0');
--  Data for comp_categories
INSERT INTO comp_categories (comp_categories_id, component_id, category_id)
VALUES ('445', '441', '11');
--  Data for comp_keywords
INSERT INTO comp_keywords (comp_keywords_id, component_id, keyword)
VALUES ('451', '441', 'assembly');
--  Data for comp_technology
INSERT INTO comp_technology (comp_tech_id, comp_vers_id, technology_type_id)
VALUES ('452', '443', '1');
--  Data for comp_documentation
INSERT INTO comp_documentation (document_id, comp_vers_id, document_type_id, document_name, url)
VALUES ('453', '443', '0', 'Requirements Specification', '441/443/MQTTBroker_Requirements_Specification.pdf');
--  Data for comp_jive_category_xref
INSERT INTO comp_jive_category_xref (comp_vers_id, jive_category_id)
VALUES ('443', '0');
--  Data for comp_version_dates
INSERT INTO comp_version_dates (comp_version_dates_id, comp_vers_id, phase_id, posting_date, initial_submission_date, winner_announced_date, final_submission_date,
                                estimated_dev_date, price, total_submissions, status_id, create_time, level_id, screening_complete_date, review_complete_date,
                                aggregation_complete_date, phase_complete_date, production_date, aggregation_complete_date_comment, phase_complete_date_comment,
                                review_complete_date_comment, winner_announced_date_comment, initial_submission_date_comment, screening_complete_date_comment,
                                final_submission_date_comment, production_date_comment, modify_date)
VALUES ('454', '443', '112', '1976-05-05', '2000-01-01', '2000-01-01', 
        '2000-01-01', '2000-01-01', NULL, '0', '301', '2010-05-21 07:27:01.0', '100', '2000-01-01',
        '2000-01-01', '2000-01-01', '2000-01-01', '2010-12-01', 
        NULL, NULL, NULL, NULL, NULL, NULL, NULL, '', '2010-05-21 07:27:01.0');
--  Data for phase_criteria
INSERT INTO phase_criteria (project_phase_id, phase_criteria_type_id, parameter, create_user, create_date, modify_user, modify_date)
VALUES ('221', '2', '0', '132458', '2010-05-21 07:26:30.0', '132458', '2010-05-21 07:26:30.0');
INSERT INTO phase_criteria (project_phase_id, phase_criteria_type_id, parameter, create_user, create_date, modify_user, modify_date)
VALUES ('221', '5', 'No', '132458', '2010-05-21 07:26:30.0', '132458', '2010-05-21 07:26:30.0');
INSERT INTO phase_criteria (project_phase_id, phase_criteria_type_id, parameter, create_user, create_date, modify_user, modify_date)
VALUES ('222', '3', '0', '132458', '2010-05-21 07:26:30.0', '132458', '2010-05-21 07:26:30.0');
INSERT INTO phase_criteria (project_phase_id, phase_criteria_type_id, parameter, create_user, create_date, modify_user, modify_date)
VALUES ('222', '5', 'No', '132458', '2010-05-21 07:26:30.0', '132458', '2010-05-21 07:26:30.0');
INSERT INTO phase_criteria (project_phase_id, phase_criteria_type_id, parameter, create_user, create_date, modify_user, modify_date)
VALUES ('223', '5', 'No', '132458', '2010-05-21 07:26:30.0', '132458', '2010-05-21 07:26:30.0');
INSERT INTO phase_criteria (project_phase_id, phase_criteria_type_id, parameter, create_user, create_date, modify_user, modify_date)
VALUES ('223', '1', '30000410', '132458', '2010-05-21 07:26:30.0', '132458', '2010-05-21 07:26:30.0');
INSERT INTO phase_criteria (project_phase_id, phase_criteria_type_id, parameter, create_user, create_date, modify_user, modify_date)
VALUES ('224', '5', 'No', '132458', '2010-05-21 07:26:30.0', '132458', '2010-05-21 07:26:30.0');
INSERT INTO phase_criteria (project_phase_id, phase_criteria_type_id, parameter, create_user, create_date, modify_user, modify_date)
VALUES ('224', '1', '30000411', '132458', '2010-05-21 07:26:30.0', '132458', '2010-05-21 07:26:30.0');
INSERT INTO phase_criteria (project_phase_id, phase_criteria_type_id, parameter, create_user, create_date, modify_user, modify_date)
VALUES ('224', '6', '3', '132458', '2010-05-21 07:26:30.0', '132458', '2010-05-21 07:26:30.0');
INSERT INTO phase_criteria (project_phase_id, phase_criteria_type_id, parameter, create_user, create_date, modify_user, modify_date)
VALUES ('225', '5', 'No', '132458', '2010-05-21 07:26:30.0', '132458', '2010-05-21 07:26:30.0');
INSERT INTO phase_criteria (project_phase_id, phase_criteria_type_id, parameter, create_user, create_date, modify_user, modify_date)
VALUES ('225', '4', 'No', '132458', '2010-05-21 07:26:30.0', '132458', '2010-05-21 07:26:30.0');
INSERT INTO phase_criteria (project_phase_id, phase_criteria_type_id, parameter, create_user, create_date, modify_user, modify_date)
VALUES ('226', '5', 'No', '132458', '2010-05-21 07:26:30.0', '132458', '2010-05-21 07:26:30.0');
INSERT INTO phase_criteria (project_phase_id, phase_criteria_type_id, parameter, create_user, create_date, modify_user, modify_date)
VALUES ('227', '5', 'No', '132458', '2010-05-21 07:26:30.0', '132458', '2010-05-21 07:26:30.0');
INSERT INTO phase_criteria (project_phase_id, phase_criteria_type_id, parameter, create_user, create_date, modify_user, modify_date)
VALUES ('228', '5', 'No', '132458', '2010-05-21 07:26:30.0', '132458', '2010-05-21 07:26:30.0');
INSERT INTO phase_criteria (project_phase_id, phase_criteria_type_id, parameter, create_user, create_date, modify_user, modify_date)
VALUES ('229', '5', 'No', '132458', '2010-05-21 07:26:30.0', '132458', '2010-05-21 07:26:30.0');
INSERT INTO phase_criteria (project_phase_id, phase_criteria_type_id, parameter, create_user, create_date, modify_user, modify_date)
VALUES ('230', '5', 'No', '132458', '2010-05-21 07:26:30.0', '132458', '2010-05-21 07:26:30.0');
--  Data for phase_dependency
INSERT INTO phase_dependency (dependency_phase_id, dependent_phase_id, dependency_start, dependent_start, lag_time, create_user, create_date, modify_user, modify_date)
VALUES ('221', '222', '1', '1', '0', '132458', '2010-05-21 07:26:30.0', '132458', '2010-05-21 07:26:30.0');
INSERT INTO phase_dependency (dependency_phase_id, dependent_phase_id, dependency_start, dependent_start, lag_time, create_user, create_date, modify_user, modify_date)
VALUES ('222', '223', '0', '1', '0', '132458', '2010-05-21 07:26:30.0', '132458', '2010-05-21 07:26:30.0');
INSERT INTO phase_dependency (dependency_phase_id, dependent_phase_id, dependency_start, dependent_start, lag_time, create_user, create_date, modify_user, modify_date)
VALUES ('223', '224', '0', '1', '0', '132458', '2010-05-21 07:26:30.0', '132458', '2010-05-21 07:26:30.0');
INSERT INTO phase_dependency (dependency_phase_id, dependent_phase_id, dependency_start, dependent_start, lag_time, create_user, create_date, modify_user, modify_date)
VALUES ('224', '225', '0', '1', '0', '132458', '2010-05-21 07:26:30.0', '132458', '2010-05-21 07:26:30.0');
INSERT INTO phase_dependency (dependency_phase_id, dependent_phase_id, dependency_start, dependent_start, lag_time, create_user, create_date, modify_user, modify_date)
VALUES ('225', '226', '0', '1', '0', '132458', '2010-05-21 07:26:30.0', '132458', '2010-05-21 07:26:30.0');
INSERT INTO phase_dependency (dependency_phase_id, dependent_phase_id, dependency_start, dependent_start, lag_time, create_user, create_date, modify_user, modify_date)
VALUES ('226', '227', '0', '1', '0', '132458', '2010-05-21 07:26:30.0', '132458', '2010-05-21 07:26:30.0');
INSERT INTO phase_dependency (dependency_phase_id, dependent_phase_id, dependency_start, dependent_start, lag_time, create_user, create_date, modify_user, modify_date)
VALUES ('227', '228', '0', '1', '0', '132458', '2010-05-21 07:26:30.0', '132458', '2010-05-21 07:26:30.0');
INSERT INTO phase_dependency (dependency_phase_id, dependent_phase_id, dependency_start, dependent_start, lag_time, create_user, create_date, modify_user, modify_date)
VALUES ('228', '229', '0', '1', '0', '132458', '2010-05-21 07:26:30.0', '132458', '2010-05-21 07:26:30.0');
INSERT INTO phase_dependency (dependency_phase_id, dependent_phase_id, dependency_start, dependent_start, lag_time, create_user, create_date, modify_user, modify_date)
VALUES ('229', '230', '0', '1', '0', '132458', '2010-05-21 07:26:30.0', '132458', '2010-05-21 07:26:30.0');
--  Data for resource
INSERT INTO resource (resource_id, resource_role_id, project_id, project_phase_id, create_user, create_date, modify_user, modify_date)
VALUES ('221', '13', '221', NULL, '132458', '2010-05-21 07:26:30.0', '132458', '2010-05-21 07:26:30.0');
--  Data for resource_info
INSERT INTO resource_info (resource_id, resource_info_type_id, value, create_user, create_date, modify_user, modify_date)
VALUES ('221', '1', '132458', '132458', '2010-05-21 07:26:30.0', '132458', '2010-05-21 07:26:30.0');
INSERT INTO resource_info (resource_id, resource_info_type_id, value, create_user, create_date, modify_user, modify_date)
VALUES ('221', '2', 'user', '132458', '2010-05-21 07:26:30.0', '132458', '2010-05-21 07:26:30.0');
--  Data for user_role
INSERT INTO user_role (user_role_id, comp_vers_id, role_id, login_id, description)
VALUES ('444', '443', '1', '132458', '');
--  Data for word_search
INSERT INTO word_search (word_search_id, document_id, index_word, nbr_occurrences)
VALUES ('447', '441', 'ever                                                                                                ', '2');
INSERT INTO word_search (word_search_id, document_id, index_word, nbr_occurrences)
VALUES ('448', '441', 'component                                                                                           ', '4');
INSERT INTO word_search (word_search_id, document_id, index_word, nbr_occurrences)
VALUES ('449', '441', 'coolest                                                                                             ', '2');
INSERT INTO word_search (word_search_id, document_id, index_word, nbr_occurrences)
VALUES ('450', '441', 'assembly                                                    ', '2');
--  Data for word_search_ctgy
INSERT INTO word_search_ctgy (word_srch_ctgy_id, category_id, document_id)
VALUES ('446', 'DDECATALOG                                        ', '441');
--  Data for word_search_doc
INSERT INTO word_search_doc (document_id)
VALUES ('441');
-- Data for project
INSERT INTO project (project_id, project_status_id, project_category_id, create_user, create_date, modify_user, modify_date)
VALUES ('231', '1', '2', '132458', '2010-05-21 07:26:30.0', '132458', '2010-05-21 07:26:30.0');
--  Data for project_info
INSERT INTO project_info (project_id, project_info_type_id, value, create_user, create_date, modify_user, modify_date)
VALUES ('231', '1', '463', '132458', '2010-05-21 07:26:30.0', '132458', '2010-05-21 07:26:30.0');
INSERT INTO project_info (project_id, project_info_type_id, value, create_user, create_date, modify_user, modify_date)
VALUES ('231', '2', '461', '132458', '2010-05-21 07:26:30.0', '132458', '2010-05-21 07:26:30.0');
INSERT INTO project_info (project_id, project_info_type_id, value, create_user, create_date, modify_user, modify_date)
VALUES ('231', '3', '1', '132458', '2010-05-21 07:26:30.0', '132458', '2010-05-21 07:26:30.0');
INSERT INTO project_info (project_id, project_info_type_id, value, create_user, create_date, modify_user, modify_date)
VALUES ('231', '4', '0', '132458', '2010-05-21 07:26:30.0', '132458', '2010-05-21 07:26:30.0');
INSERT INTO project_info (project_id, project_info_type_id, value, create_user, create_date, modify_user, modify_date)
VALUES ('231', '5', '5801777', '132458', '2010-05-21 07:26:30.0', '132458', '2010-05-21 07:26:30.0');
INSERT INTO project_info (project_id, project_info_type_id, value, create_user, create_date, modify_user, modify_date)
VALUES ('231', '6', 'Component 24', '132458', '2010-05-21 07:26:30.0', '132458', '2010-05-21 07:26:30.0');
INSERT INTO project_info (project_id, project_info_type_id, value, create_user, create_date, modify_user, modify_date)
VALUES ('231', '7', '1.0                 ', '132458', '2010-05-21 07:26:30.0', '132458', '2010-05-21 07:26:30.0');
INSERT INTO project_info (project_id, project_info_type_id, value, create_user, create_date, modify_user, modify_date)
VALUES ('231', '9', 'Off', '132458', '2010-05-21 07:26:30.0', '132458', '2010-05-21 07:26:30.0');
INSERT INTO project_info (project_id, project_info_type_id, value, create_user, create_date, modify_user, modify_date)
VALUES ('231', '10', 'On', '132458', '2010-05-21 07:26:30.0', '132458', '2010-05-21 07:26:30.0');
INSERT INTO project_info (project_id, project_info_type_id, value, create_user, create_date, modify_user, modify_date)
VALUES ('231', '11', 'On', '132458', '2010-05-21 07:26:30.0', '132458', '2010-05-21 07:26:30.0');
INSERT INTO project_info (project_id, project_info_type_id, value, create_user, create_date, modify_user, modify_date)
VALUES ('231', '12', 'Yes', '132458', '2010-05-21 07:26:30.0', '132458', '2010-05-21 07:26:30.0');
INSERT INTO project_info (project_id, project_info_type_id, value, create_user, create_date, modify_user, modify_date)
VALUES ('231', '13', 'Yes', '132458', '2010-05-21 07:26:30.0', '132458', '2010-05-21 07:26:30.0');
INSERT INTO project_info (project_id, project_info_type_id, value, create_user, create_date, modify_user, modify_date)
VALUES ('231', '14', 'Open', '132458', '2010-05-21 07:26:30.0', '132458', '2010-05-21 07:26:30.0');
INSERT INTO project_info (project_id, project_info_type_id, value, create_user, create_date, modify_user, modify_date)
VALUES ('231', '16', '0.0', '132458', '2010-05-21 07:26:30.0', '132458', '2010-05-21 07:26:30.0');
INSERT INTO project_info (project_id, project_info_type_id, value, create_user, create_date, modify_user, modify_date)
VALUES ('231', '26', 'On', '132458', '2010-05-21 07:26:30.0', '132458', '2010-05-21 07:26:30.0');
INSERT INTO project_info (project_id, project_info_type_id, value, create_user, create_date, modify_user, modify_date)
VALUES ('231', '29', 'On', '132458', '2010-05-21 07:26:30.0', '132458', '2010-05-21 07:26:30.0');
INSERT INTO project_info (project_id, project_info_type_id, value, create_user, create_date, modify_user, modify_date)
VALUES ('231', '41', 'true', '132458', '2010-05-21 07:26:30.0', '132458', '2010-05-21 07:26:30.0');
INSERT INTO project_info (project_id, project_info_type_id, value, create_user, create_date, modify_user, modify_date)
VALUES ('231', '43', 'true', '132458', '2010-05-21 07:26:30.0', '132458', '2010-05-21 07:26:30.0');
--  Data for project_phase
INSERT INTO project_phase (project_phase_id, project_id, phase_type_id, phase_status_id, fixed_start_time, scheduled_start_time, scheduled_end_time, actual_start_time, actual_end_time, duration, create_user, create_date, modify_user, modify_date)
VALUES ('231', '231', '1', '1', '2010-05-27 09:00:00.0', '2010-05-27 09:00:00.0', '2010-06-01 09:00:00.0', NULL, NULL, '259200000', '132458', '2010-05-21 07:26:30.0', '132458', '2010-05-21 07:26:30.0');
INSERT INTO project_phase (project_phase_id, project_id, phase_type_id, phase_status_id, fixed_start_time, scheduled_start_time, scheduled_end_time, actual_start_time, actual_end_time, duration, create_user, create_date, modify_user, modify_date)
VALUES ('232', '231', '2', '1', '2010-05-27 09:00:00.0', '2010-05-27 09:00:00.0', '2010-06-07 09:00:00.0', NULL, NULL, '604800000', '132458', '2010-05-21 07:26:30.0', '132458', '2010-05-21 07:26:30.0');
INSERT INTO project_phase (project_phase_id, project_id, phase_type_id, phase_status_id, fixed_start_time, scheduled_start_time, scheduled_end_time, actual_start_time, actual_end_time, duration, create_user, create_date, modify_user, modify_date)
VALUES ('233', '231', '3', '1', '2010-06-07 09:00:00.0', '2010-06-07 09:00:00.0', '2010-06-08 09:00:00.0', NULL, NULL, '86400000', '132458', '2010-05-21 07:26:30.0', '132458', '2010-05-21 07:26:30.0');
INSERT INTO project_phase (project_phase_id, project_id, phase_type_id, phase_status_id, fixed_start_time, scheduled_start_time, scheduled_end_time, actual_start_time, actual_end_time, duration, create_user, create_date, modify_user, modify_date)
VALUES ('234', '231', '4', '1', '2010-06-08 09:00:00.0', '2010-06-08 09:00:00.0', '2010-06-14 09:00:00.0', NULL, NULL, '345600000', '132458', '2010-05-21 07:26:30.0', '132458', '2010-05-21 07:26:30.0');
INSERT INTO project_phase (project_phase_id, project_id, phase_type_id, phase_status_id, fixed_start_time, scheduled_start_time, scheduled_end_time, actual_start_time, actual_end_time, duration, create_user, create_date, modify_user, modify_date)
VALUES ('235', '231', '5', '1', '2010-06-14 09:00:00.0', '2010-06-14 09:00:00.0', '2010-06-15 09:00:00.0', NULL, NULL, '86400000', '132458', '2010-05-21 07:26:30.0', '132458', '2010-05-21 07:26:30.0');
INSERT INTO project_phase (project_phase_id, project_id, phase_type_id, phase_status_id, fixed_start_time, scheduled_start_time, scheduled_end_time, actual_start_time, actual_end_time, duration, create_user, create_date, modify_user, modify_date)
VALUES ('236', '231', '6', '1', '2010-06-15 09:00:00.0', '2010-06-15 09:00:00.0', '2010-06-16 09:00:00.0', NULL, NULL, '86400000', '132458', '2010-05-21 07:26:30.0', '132458', '2010-05-21 07:26:30.0');
INSERT INTO project_phase (project_phase_id, project_id, phase_type_id, phase_status_id, fixed_start_time, scheduled_start_time, scheduled_end_time, actual_start_time, actual_end_time, duration, create_user, create_date, modify_user, modify_date)
VALUES ('237', '231', '7', '1', '2010-06-16 09:00:00.0', '2010-06-16 09:00:00.0', '2010-06-16 21:00:00.0', NULL, NULL, '43200000', '132458', '2010-05-21 07:26:30.0', '132458', '2010-05-21 07:26:30.0');
INSERT INTO project_phase (project_phase_id, project_id, phase_type_id, phase_status_id, fixed_start_time, scheduled_start_time, scheduled_end_time, actual_start_time, actual_end_time, duration, create_user, create_date, modify_user, modify_date)
VALUES ('238', '231', '8', '1', '2010-06-16 21:00:00.0', '2010-06-16 21:00:00.0', '2010-06-17 09:00:00.0', NULL, NULL, '43200000', '132458', '2010-05-21 07:26:30.0', '132458', '2010-05-21 07:26:30.0');
INSERT INTO project_phase (project_phase_id, project_id, phase_type_id, phase_status_id, fixed_start_time, scheduled_start_time, scheduled_end_time, actual_start_time, actual_end_time, duration, create_user, create_date, modify_user, modify_date)
VALUES ('239', '231', '9', '1', '2010-06-17 09:00:00.0', '2010-06-17 09:00:00.0', '2010-06-22 09:00:00.0', NULL, NULL, '259200000', '132458', '2010-05-21 07:26:30.0', '132458', '2010-05-21 07:26:30.0');
INSERT INTO project_phase (project_phase_id, project_id, phase_type_id, phase_status_id, fixed_start_time, scheduled_start_time, scheduled_end_time, actual_start_time, actual_end_time, duration, create_user, create_date, modify_user, modify_date)
VALUES ('240', '231', '10', '1', '2010-06-22 09:00:00.0', '2010-06-22 09:00:00.0', '2010-06-23 09:00:00.0', NULL, NULL, '86400000', '132458', '2010-05-21 07:26:30.0', '132458', '2010-05-21 07:26:30.0');
--  Data for comp_catalog
INSERT INTO comp_catalog (component_id, current_version, short_desc, component_name, description, function_desc, create_time, status_id, root_category_id, modify_date, public_ind)
VALUES ('461', '1', 'Coolest component ever', 'Component 24', 'Coolest component ever', 'Component', '2010-05-21 07:20:14.48', '102', '5801777', '2010-05-21 07:23:44.0', '0');
--  Data for comp_versions
INSERT INTO comp_versions (comp_vers_id, component_id, version, version_text, create_time, phase_id, phase_time, price, comments, modify_date,
                           suspended_ind)
VALUES ('463', '461', '1', '1.0                 ', '2010-05-21 07:20:14.48', '112', '1976-05-04 00:00:00.0', '1000.00', 'Cool', '2010-05-21 07:27:01.0', '0');
--  Data for comp_categories
INSERT INTO comp_categories (comp_categories_id, component_id, category_id)
VALUES ('465', '461', '11');
--  Data for comp_keywords
INSERT INTO comp_keywords (comp_keywords_id, component_id, keyword)
VALUES ('471', '461', 'development');
--  Data for comp_technology
INSERT INTO comp_technology (comp_tech_id, comp_vers_id, technology_type_id)
VALUES ('472', '463', '1');
--  Data for comp_documentation
INSERT INTO comp_documentation (document_id, comp_vers_id, document_type_id, document_name, url)
VALUES ('473', '463', '0', 'Requirements Specification', '461/463/MQTTBroker_Requirements_Specification.pdf');
--  Data for comp_jive_category_xref
INSERT INTO comp_jive_category_xref (comp_vers_id, jive_category_id)
VALUES ('463', '0');
--  Data for comp_version_dates
INSERT INTO comp_version_dates (comp_version_dates_id, comp_vers_id, phase_id, posting_date, initial_submission_date, winner_announced_date, final_submission_date,
                                estimated_dev_date, price, total_submissions, status_id, create_time, level_id, screening_complete_date, review_complete_date,
                                aggregation_complete_date, phase_complete_date, production_date, aggregation_complete_date_comment, phase_complete_date_comment,
                                review_complete_date_comment, winner_announced_date_comment, initial_submission_date_comment, screening_complete_date_comment,
                                final_submission_date_comment, production_date_comment, modify_date)
VALUES ('474', '463', '112', '1976-05-05', '2000-01-01', '2000-01-01', 
        '2000-01-01', '2000-01-01', NULL, '0', '301', '2010-05-21 07:27:01.0', '100', '2000-01-01',
        '2000-01-01', '2000-01-01', '2000-01-01', '2010-12-01', 
        NULL, NULL, NULL, NULL, NULL, NULL, NULL, '', '2010-05-21 07:27:01.0');
--  Data for phase_criteria
INSERT INTO phase_criteria (project_phase_id, phase_criteria_type_id, parameter, create_user, create_date, modify_user, modify_date)
VALUES ('231', '2', '0', '132458', '2010-05-21 07:26:30.0', '132458', '2010-05-21 07:26:30.0');
INSERT INTO phase_criteria (project_phase_id, phase_criteria_type_id, parameter, create_user, create_date, modify_user, modify_date)
VALUES ('231', '5', 'No', '132458', '2010-05-21 07:26:30.0', '132458', '2010-05-21 07:26:30.0');
INSERT INTO phase_criteria (project_phase_id, phase_criteria_type_id, parameter, create_user, create_date, modify_user, modify_date)
VALUES ('232', '3', '0', '132458', '2010-05-21 07:26:30.0', '132458', '2010-05-21 07:26:30.0');
INSERT INTO phase_criteria (project_phase_id, phase_criteria_type_id, parameter, create_user, create_date, modify_user, modify_date)
VALUES ('232', '5', 'No', '132458', '2010-05-21 07:26:30.0', '132458', '2010-05-21 07:26:30.0');
INSERT INTO phase_criteria (project_phase_id, phase_criteria_type_id, parameter, create_user, create_date, modify_user, modify_date)
VALUES ('233', '5', 'No', '132458', '2010-05-21 07:26:30.0', '132458', '2010-05-21 07:26:30.0');
INSERT INTO phase_criteria (project_phase_id, phase_criteria_type_id, parameter, create_user, create_date, modify_user, modify_date)
VALUES ('233', '1', '30000410', '132458', '2010-05-21 07:26:30.0', '132458', '2010-05-21 07:26:30.0');
INSERT INTO phase_criteria (project_phase_id, phase_criteria_type_id, parameter, create_user, create_date, modify_user, modify_date)
VALUES ('234', '5', 'No', '132458', '2010-05-21 07:26:30.0', '132458', '2010-05-21 07:26:30.0');
INSERT INTO phase_criteria (project_phase_id, phase_criteria_type_id, parameter, create_user, create_date, modify_user, modify_date)
VALUES ('234', '1', '30000411', '132458', '2010-05-21 07:26:30.0', '132458', '2010-05-21 07:26:30.0');
INSERT INTO phase_criteria (project_phase_id, phase_criteria_type_id, parameter, create_user, create_date, modify_user, modify_date)
VALUES ('234', '6', '3', '132458', '2010-05-21 07:26:30.0', '132458', '2010-05-21 07:26:30.0');
INSERT INTO phase_criteria (project_phase_id, phase_criteria_type_id, parameter, create_user, create_date, modify_user, modify_date)
VALUES ('235', '5', 'No', '132458', '2010-05-21 07:26:30.0', '132458', '2010-05-21 07:26:30.0');
INSERT INTO phase_criteria (project_phase_id, phase_criteria_type_id, parameter, create_user, create_date, modify_user, modify_date)
VALUES ('235', '4', 'No', '132458', '2010-05-21 07:26:30.0', '132458', '2010-05-21 07:26:30.0');
INSERT INTO phase_criteria (project_phase_id, phase_criteria_type_id, parameter, create_user, create_date, modify_user, modify_date)
VALUES ('236', '5', 'No', '132458', '2010-05-21 07:26:30.0', '132458', '2010-05-21 07:26:30.0');
INSERT INTO phase_criteria (project_phase_id, phase_criteria_type_id, parameter, create_user, create_date, modify_user, modify_date)
VALUES ('237', '5', 'No', '132458', '2010-05-21 07:26:30.0', '132458', '2010-05-21 07:26:30.0');
INSERT INTO phase_criteria (project_phase_id, phase_criteria_type_id, parameter, create_user, create_date, modify_user, modify_date)
VALUES ('238', '5', 'No', '132458', '2010-05-21 07:26:30.0', '132458', '2010-05-21 07:26:30.0');
INSERT INTO phase_criteria (project_phase_id, phase_criteria_type_id, parameter, create_user, create_date, modify_user, modify_date)
VALUES ('239', '5', 'No', '132458', '2010-05-21 07:26:30.0', '132458', '2010-05-21 07:26:30.0');
INSERT INTO phase_criteria (project_phase_id, phase_criteria_type_id, parameter, create_user, create_date, modify_user, modify_date)
VALUES ('240', '5', 'No', '132458', '2010-05-21 07:26:30.0', '132458', '2010-05-21 07:26:30.0');
--  Data for phase_dependency
INSERT INTO phase_dependency (dependency_phase_id, dependent_phase_id, dependency_start, dependent_start, lag_time, create_user, create_date, modify_user, modify_date)
VALUES ('231', '232', '1', '1', '0', '132458', '2010-05-21 07:26:30.0', '132458', '2010-05-21 07:26:30.0');
INSERT INTO phase_dependency (dependency_phase_id, dependent_phase_id, dependency_start, dependent_start, lag_time, create_user, create_date, modify_user, modify_date)
VALUES ('232', '233', '0', '1', '0', '132458', '2010-05-21 07:26:30.0', '132458', '2010-05-21 07:26:30.0');
INSERT INTO phase_dependency (dependency_phase_id, dependent_phase_id, dependency_start, dependent_start, lag_time, create_user, create_date, modify_user, modify_date)
VALUES ('233', '234', '0', '1', '0', '132458', '2010-05-21 07:26:30.0', '132458', '2010-05-21 07:26:30.0');
INSERT INTO phase_dependency (dependency_phase_id, dependent_phase_id, dependency_start, dependent_start, lag_time, create_user, create_date, modify_user, modify_date)
VALUES ('234', '235', '0', '1', '0', '132458', '2010-05-21 07:26:30.0', '132458', '2010-05-21 07:26:30.0');
INSERT INTO phase_dependency (dependency_phase_id, dependent_phase_id, dependency_start, dependent_start, lag_time, create_user, create_date, modify_user, modify_date)
VALUES ('235', '236', '0', '1', '0', '132458', '2010-05-21 07:26:30.0', '132458', '2010-05-21 07:26:30.0');
INSERT INTO phase_dependency (dependency_phase_id, dependent_phase_id, dependency_start, dependent_start, lag_time, create_user, create_date, modify_user, modify_date)
VALUES ('236', '237', '0', '1', '0', '132458', '2010-05-21 07:26:30.0', '132458', '2010-05-21 07:26:30.0');
INSERT INTO phase_dependency (dependency_phase_id, dependent_phase_id, dependency_start, dependent_start, lag_time, create_user, create_date, modify_user, modify_date)
VALUES ('237', '238', '0', '1', '0', '132458', '2010-05-21 07:26:30.0', '132458', '2010-05-21 07:26:30.0');
INSERT INTO phase_dependency (dependency_phase_id, dependent_phase_id, dependency_start, dependent_start, lag_time, create_user, create_date, modify_user, modify_date)
VALUES ('238', '239', '0', '1', '0', '132458', '2010-05-21 07:26:30.0', '132458', '2010-05-21 07:26:30.0');
INSERT INTO phase_dependency (dependency_phase_id, dependent_phase_id, dependency_start, dependent_start, lag_time, create_user, create_date, modify_user, modify_date)
VALUES ('239', '240', '0', '1', '0', '132458', '2010-05-21 07:26:30.0', '132458', '2010-05-21 07:26:30.0');
--  Data for resource
INSERT INTO resource (resource_id, resource_role_id, project_id, project_phase_id, create_user, create_date, modify_user, modify_date)
VALUES ('231', '13', '231', NULL, '132458', '2010-05-21 07:26:30.0', '132458', '2010-05-21 07:26:30.0');
--  Data for resource_info
INSERT INTO resource_info (resource_id, resource_info_type_id, value, create_user, create_date, modify_user, modify_date)
VALUES ('231', '1', '132458', '132458', '2010-05-21 07:26:30.0', '132458', '2010-05-21 07:26:30.0');
INSERT INTO resource_info (resource_id, resource_info_type_id, value, create_user, create_date, modify_user, modify_date)
VALUES ('231', '2', 'user', '132458', '2010-05-21 07:26:30.0', '132458', '2010-05-21 07:26:30.0');
--  Data for user_role
INSERT INTO user_role (user_role_id, comp_vers_id, role_id, login_id, description)
VALUES ('464', '463', '1', '132458', '');
--  Data for word_search
INSERT INTO word_search (word_search_id, document_id, index_word, nbr_occurrences)
VALUES ('467', '461', 'ever                                                                                                ', '2');
INSERT INTO word_search (word_search_id, document_id, index_word, nbr_occurrences)
VALUES ('468', '461', 'component                                                                                           ', '4');
INSERT INTO word_search (word_search_id, document_id, index_word, nbr_occurrences)
VALUES ('469', '461', 'coolest                                                                                             ', '2');
INSERT INTO word_search (word_search_id, document_id, index_word, nbr_occurrences)
VALUES ('470', '461', 'development                                                    ', '2');
--  Data for word_search_ctgy
INSERT INTO word_search_ctgy (word_srch_ctgy_id, category_id, document_id)
VALUES ('466', 'DDECATALOG                                        ', '461');
--  Data for word_search_doc
INSERT INTO word_search_doc (document_id)
VALUES ('461');
-- Data for project
INSERT INTO project (project_id, project_status_id, project_category_id, create_user, create_date, modify_user, modify_date)
VALUES ('241', '2', '1', '132457', '2010-05-21 07:26:30.0', '132457', '2010-05-21 07:26:30.0');
--  Data for project_info
INSERT INTO project_info (project_id, project_info_type_id, value, create_user, create_date, modify_user, modify_date)
VALUES ('241', '1', '483', '132457', '2010-05-21 07:26:30.0', '132457', '2010-05-21 07:26:30.0');
INSERT INTO project_info (project_id, project_info_type_id, value, create_user, create_date, modify_user, modify_date)
VALUES ('241', '2', '481', '132457', '2010-05-21 07:26:30.0', '132457', '2010-05-21 07:26:30.0');
INSERT INTO project_info (project_id, project_info_type_id, value, create_user, create_date, modify_user, modify_date)
VALUES ('241', '3', '1', '132457', '2010-05-21 07:26:30.0', '132457', '2010-05-21 07:26:30.0');
INSERT INTO project_info (project_id, project_info_type_id, value, create_user, create_date, modify_user, modify_date)
VALUES ('241', '4', '0', '132457', '2010-05-21 07:26:30.0', '132457', '2010-05-21 07:26:30.0');
INSERT INTO project_info (project_id, project_info_type_id, value, create_user, create_date, modify_user, modify_date)
VALUES ('241', '5', '5801776', '132457', '2010-05-21 07:26:30.0', '132457', '2010-05-21 07:26:30.0');
INSERT INTO project_info (project_id, project_info_type_id, value, create_user, create_date, modify_user, modify_date)
VALUES ('241', '6', 'Component 25', '132457', '2010-05-21 07:26:30.0', '132457', '2010-05-21 07:26:30.0');
INSERT INTO project_info (project_id, project_info_type_id, value, create_user, create_date, modify_user, modify_date)
VALUES ('241', '7', '1.0                 ', '132457', '2010-05-21 07:26:30.0', '132457', '2010-05-21 07:26:30.0');
INSERT INTO project_info (project_id, project_info_type_id, value, create_user, create_date, modify_user, modify_date)
VALUES ('241', '9', 'Off', '132457', '2010-05-21 07:26:30.0', '132457', '2010-05-21 07:26:30.0');
INSERT INTO project_info (project_id, project_info_type_id, value, create_user, create_date, modify_user, modify_date)
VALUES ('241', '10', 'On', '132457', '2010-05-21 07:26:30.0', '132457', '2010-05-21 07:26:30.0');
INSERT INTO project_info (project_id, project_info_type_id, value, create_user, create_date, modify_user, modify_date)
VALUES ('241', '11', 'On', '132457', '2010-05-21 07:26:30.0', '132457', '2010-05-21 07:26:30.0');
INSERT INTO project_info (project_id, project_info_type_id, value, create_user, create_date, modify_user, modify_date)
VALUES ('241', '12', 'Yes', '132457', '2010-05-21 07:26:30.0', '132457', '2010-05-21 07:26:30.0');
INSERT INTO project_info (project_id, project_info_type_id, value, create_user, create_date, modify_user, modify_date)
VALUES ('241', '13', 'Yes', '132457', '2010-05-21 07:26:30.0', '132457', '2010-05-21 07:26:30.0');
INSERT INTO project_info (project_id, project_info_type_id, value, create_user, create_date, modify_user, modify_date)
VALUES ('241', '14', 'Open', '132457', '2010-05-21 07:26:30.0', '132457', '2010-05-21 07:26:30.0');
INSERT INTO project_info (project_id, project_info_type_id, value, create_user, create_date, modify_user, modify_date)
VALUES ('241', '16', '0.0', '132457', '2010-05-21 07:26:30.0', '132457', '2010-05-21 07:26:30.0');
INSERT INTO project_info (project_id, project_info_type_id, value, create_user, create_date, modify_user, modify_date)
VALUES ('241', '26', 'On', '132457', '2010-05-21 07:26:30.0', '132457', '2010-05-21 07:26:30.0');
INSERT INTO project_info (project_id, project_info_type_id, value, create_user, create_date, modify_user, modify_date)
VALUES ('241', '29', 'On', '132457', '2010-05-21 07:26:30.0', '132457', '2010-05-21 07:26:30.0');
INSERT INTO project_info (project_id, project_info_type_id, value, create_user, create_date, modify_user, modify_date)
VALUES ('241', '41', 'true', '132457', '2010-05-21 07:26:30.0', '132457', '2010-05-21 07:26:30.0');
INSERT INTO project_info (project_id, project_info_type_id, value, create_user, create_date, modify_user, modify_date)
VALUES ('241', '43', 'true', '132457', '2010-05-21 07:26:30.0', '132457', '2010-05-21 07:26:30.0');
--  Data for project_phase
INSERT INTO project_phase (project_phase_id, project_id, phase_type_id, phase_status_id, fixed_start_time, scheduled_start_time, scheduled_end_time, actual_start_time, actual_end_time, duration, create_user, create_date, modify_user, modify_date)
VALUES ('241', '241', '1', '1', '2010-05-27 09:00:00.0', '2010-05-27 09:00:00.0', '2010-06-01 09:00:00.0', NULL, NULL, '259200000', '132457', '2010-05-21 07:26:30.0', '132457', '2010-05-21 07:26:30.0');
INSERT INTO project_phase (project_phase_id, project_id, phase_type_id, phase_status_id, fixed_start_time, scheduled_start_time, scheduled_end_time, actual_start_time, actual_end_time, duration, create_user, create_date, modify_user, modify_date)
VALUES ('242', '241', '2', '1', '2010-05-27 09:00:00.0', '2010-05-27 09:00:00.0', '2010-06-07 09:00:00.0', NULL, NULL, '604800000', '132457', '2010-05-21 07:26:30.0', '132457', '2010-05-21 07:26:30.0');
INSERT INTO project_phase (project_phase_id, project_id, phase_type_id, phase_status_id, fixed_start_time, scheduled_start_time, scheduled_end_time, actual_start_time, actual_end_time, duration, create_user, create_date, modify_user, modify_date)
VALUES ('243', '241', '3', '1', '2010-06-07 09:00:00.0', '2010-06-07 09:00:00.0', '2010-06-08 09:00:00.0', NULL, NULL, '86400000', '132457', '2010-05-21 07:26:30.0', '132457', '2010-05-21 07:26:30.0');
INSERT INTO project_phase (project_phase_id, project_id, phase_type_id, phase_status_id, fixed_start_time, scheduled_start_time, scheduled_end_time, actual_start_time, actual_end_time, duration, create_user, create_date, modify_user, modify_date)
VALUES ('244', '241', '4', '1', '2010-06-08 09:00:00.0', '2010-06-08 09:00:00.0', '2010-06-14 09:00:00.0', NULL, NULL, '345600000', '132457', '2010-05-21 07:26:30.0', '132457', '2010-05-21 07:26:30.0');
INSERT INTO project_phase (project_phase_id, project_id, phase_type_id, phase_status_id, fixed_start_time, scheduled_start_time, scheduled_end_time, actual_start_time, actual_end_time, duration, create_user, create_date, modify_user, modify_date)
VALUES ('245', '241', '5', '1', '2010-06-14 09:00:00.0', '2010-06-14 09:00:00.0', '2010-06-15 09:00:00.0', NULL, NULL, '86400000', '132457', '2010-05-21 07:26:30.0', '132457', '2010-05-21 07:26:30.0');
INSERT INTO project_phase (project_phase_id, project_id, phase_type_id, phase_status_id, fixed_start_time, scheduled_start_time, scheduled_end_time, actual_start_time, actual_end_time, duration, create_user, create_date, modify_user, modify_date)
VALUES ('246', '241', '6', '1', '2010-06-15 09:00:00.0', '2010-06-15 09:00:00.0', '2010-06-16 09:00:00.0', NULL, NULL, '86400000', '132457', '2010-05-21 07:26:30.0', '132457', '2010-05-21 07:26:30.0');
INSERT INTO project_phase (project_phase_id, project_id, phase_type_id, phase_status_id, fixed_start_time, scheduled_start_time, scheduled_end_time, actual_start_time, actual_end_time, duration, create_user, create_date, modify_user, modify_date)
VALUES ('247', '241', '7', '1', '2010-06-16 09:00:00.0', '2010-06-16 09:00:00.0', '2010-06-16 21:00:00.0', NULL, NULL, '43200000', '132457', '2010-05-21 07:26:30.0', '132457', '2010-05-21 07:26:30.0');
INSERT INTO project_phase (project_phase_id, project_id, phase_type_id, phase_status_id, fixed_start_time, scheduled_start_time, scheduled_end_time, actual_start_time, actual_end_time, duration, create_user, create_date, modify_user, modify_date)
VALUES ('248', '241', '8', '1', '2010-06-16 21:00:00.0', '2010-06-16 21:00:00.0', '2010-06-17 09:00:00.0', NULL, NULL, '43200000', '132457', '2010-05-21 07:26:30.0', '132457', '2010-05-21 07:26:30.0');
INSERT INTO project_phase (project_phase_id, project_id, phase_type_id, phase_status_id, fixed_start_time, scheduled_start_time, scheduled_end_time, actual_start_time, actual_end_time, duration, create_user, create_date, modify_user, modify_date)
VALUES ('249', '241', '9', '1', '2010-06-17 09:00:00.0', '2010-06-17 09:00:00.0', '2010-06-22 09:00:00.0', NULL, NULL, '259200000', '132457', '2010-05-21 07:26:30.0', '132457', '2010-05-21 07:26:30.0');
INSERT INTO project_phase (project_phase_id, project_id, phase_type_id, phase_status_id, fixed_start_time, scheduled_start_time, scheduled_end_time, actual_start_time, actual_end_time, duration, create_user, create_date, modify_user, modify_date)
VALUES ('250', '241', '10', '1', '2010-06-22 09:00:00.0', '2010-06-22 09:00:00.0', '2010-06-23 09:00:00.0', NULL, NULL, '86400000', '132457', '2010-05-21 07:26:30.0', '132457', '2010-05-21 07:26:30.0');
--  Data for comp_catalog
INSERT INTO comp_catalog (component_id, current_version, short_desc, component_name, description, function_desc, create_time, status_id, root_category_id, modify_date, public_ind)
VALUES ('481', '1', 'Coolest component ever', 'Component 25', 'Coolest component ever', 'Component', '2010-05-21 07:20:14.48', '102', '5801776', '2010-05-21 07:23:44.0', '0');
--  Data for comp_versions
INSERT INTO comp_versions (comp_vers_id, component_id, version, version_text, create_time, phase_id, phase_time, price, comments, modify_date,
                           suspended_ind)
VALUES ('483', '481', '1', '1.0                 ', '2010-05-21 07:20:14.48', '112', '1976-05-04 00:00:00.0', '1000.00', 'Cool', '2010-05-21 07:27:01.0', '0');
--  Data for comp_categories
INSERT INTO comp_categories (comp_categories_id, component_id, category_id)
VALUES ('485', '481', '11');
--  Data for comp_keywords
INSERT INTO comp_keywords (comp_keywords_id, component_id, keyword)
VALUES ('491', '481', 'design');
--  Data for comp_technology
INSERT INTO comp_technology (comp_tech_id, comp_vers_id, technology_type_id)
VALUES ('492', '483', '1');
--  Data for comp_documentation
INSERT INTO comp_documentation (document_id, comp_vers_id, document_type_id, document_name, url)
VALUES ('493', '483', '0', 'Requirements Specification', '481/483/MQTTBroker_Requirements_Specification.pdf');
--  Data for comp_jive_category_xref
INSERT INTO comp_jive_category_xref (comp_vers_id, jive_category_id)
VALUES ('483', '0');
--  Data for comp_version_dates
INSERT INTO comp_version_dates (comp_version_dates_id, comp_vers_id, phase_id, posting_date, initial_submission_date, winner_announced_date, final_submission_date,
                                estimated_dev_date, price, total_submissions, status_id, create_time, level_id, screening_complete_date, review_complete_date,
                                aggregation_complete_date, phase_complete_date, production_date, aggregation_complete_date_comment, phase_complete_date_comment,
                                review_complete_date_comment, winner_announced_date_comment, initial_submission_date_comment, screening_complete_date_comment,
                                final_submission_date_comment, production_date_comment, modify_date)
VALUES ('494', '483', '112', '1976-05-05', '2000-01-01', '2000-01-01', 
        '2000-01-01', '2000-01-01', NULL, '0', '301', '2010-05-21 07:27:01.0', '100', '2000-01-01',
        '2000-01-01', '2000-01-01', '2000-01-01', '2010-12-01', 
        NULL, NULL, NULL, NULL, NULL, NULL, NULL, '', '2010-05-21 07:27:01.0');
--  Data for phase_criteria
INSERT INTO phase_criteria (project_phase_id, phase_criteria_type_id, parameter, create_user, create_date, modify_user, modify_date)
VALUES ('241', '2', '0', '132457', '2010-05-21 07:26:30.0', '132457', '2010-05-21 07:26:30.0');
INSERT INTO phase_criteria (project_phase_id, phase_criteria_type_id, parameter, create_user, create_date, modify_user, modify_date)
VALUES ('241', '5', 'No', '132457', '2010-05-21 07:26:30.0', '132457', '2010-05-21 07:26:30.0');
INSERT INTO phase_criteria (project_phase_id, phase_criteria_type_id, parameter, create_user, create_date, modify_user, modify_date)
VALUES ('242', '3', '0', '132457', '2010-05-21 07:26:30.0', '132457', '2010-05-21 07:26:30.0');
INSERT INTO phase_criteria (project_phase_id, phase_criteria_type_id, parameter, create_user, create_date, modify_user, modify_date)
VALUES ('242', '5', 'No', '132457', '2010-05-21 07:26:30.0', '132457', '2010-05-21 07:26:30.0');
INSERT INTO phase_criteria (project_phase_id, phase_criteria_type_id, parameter, create_user, create_date, modify_user, modify_date)
VALUES ('243', '5', 'No', '132457', '2010-05-21 07:26:30.0', '132457', '2010-05-21 07:26:30.0');
INSERT INTO phase_criteria (project_phase_id, phase_criteria_type_id, parameter, create_user, create_date, modify_user, modify_date)
VALUES ('243', '1', '30000410', '132457', '2010-05-21 07:26:30.0', '132457', '2010-05-21 07:26:30.0');
INSERT INTO phase_criteria (project_phase_id, phase_criteria_type_id, parameter, create_user, create_date, modify_user, modify_date)
VALUES ('244', '5', 'No', '132457', '2010-05-21 07:26:30.0', '132457', '2010-05-21 07:26:30.0');
INSERT INTO phase_criteria (project_phase_id, phase_criteria_type_id, parameter, create_user, create_date, modify_user, modify_date)
VALUES ('244', '1', '30000411', '132457', '2010-05-21 07:26:30.0', '132457', '2010-05-21 07:26:30.0');
INSERT INTO phase_criteria (project_phase_id, phase_criteria_type_id, parameter, create_user, create_date, modify_user, modify_date)
VALUES ('244', '6', '3', '132457', '2010-05-21 07:26:30.0', '132457', '2010-05-21 07:26:30.0');
INSERT INTO phase_criteria (project_phase_id, phase_criteria_type_id, parameter, create_user, create_date, modify_user, modify_date)
VALUES ('245', '5', 'No', '132457', '2010-05-21 07:26:30.0', '132457', '2010-05-21 07:26:30.0');
INSERT INTO phase_criteria (project_phase_id, phase_criteria_type_id, parameter, create_user, create_date, modify_user, modify_date)
VALUES ('245', '4', 'No', '132457', '2010-05-21 07:26:30.0', '132457', '2010-05-21 07:26:30.0');
INSERT INTO phase_criteria (project_phase_id, phase_criteria_type_id, parameter, create_user, create_date, modify_user, modify_date)
VALUES ('246', '5', 'No', '132457', '2010-05-21 07:26:30.0', '132457', '2010-05-21 07:26:30.0');
INSERT INTO phase_criteria (project_phase_id, phase_criteria_type_id, parameter, create_user, create_date, modify_user, modify_date)
VALUES ('247', '5', 'No', '132457', '2010-05-21 07:26:30.0', '132457', '2010-05-21 07:26:30.0');
INSERT INTO phase_criteria (project_phase_id, phase_criteria_type_id, parameter, create_user, create_date, modify_user, modify_date)
VALUES ('248', '5', 'No', '132457', '2010-05-21 07:26:30.0', '132457', '2010-05-21 07:26:30.0');
INSERT INTO phase_criteria (project_phase_id, phase_criteria_type_id, parameter, create_user, create_date, modify_user, modify_date)
VALUES ('249', '5', 'No', '132457', '2010-05-21 07:26:30.0', '132457', '2010-05-21 07:26:30.0');
INSERT INTO phase_criteria (project_phase_id, phase_criteria_type_id, parameter, create_user, create_date, modify_user, modify_date)
VALUES ('250', '5', 'No', '132457', '2010-05-21 07:26:30.0', '132457', '2010-05-21 07:26:30.0');
--  Data for phase_dependency
INSERT INTO phase_dependency (dependency_phase_id, dependent_phase_id, dependency_start, dependent_start, lag_time, create_user, create_date, modify_user, modify_date)
VALUES ('241', '242', '1', '1', '0', '132457', '2010-05-21 07:26:30.0', '132457', '2010-05-21 07:26:30.0');
INSERT INTO phase_dependency (dependency_phase_id, dependent_phase_id, dependency_start, dependent_start, lag_time, create_user, create_date, modify_user, modify_date)
VALUES ('242', '243', '0', '1', '0', '132457', '2010-05-21 07:26:30.0', '132457', '2010-05-21 07:26:30.0');
INSERT INTO phase_dependency (dependency_phase_id, dependent_phase_id, dependency_start, dependent_start, lag_time, create_user, create_date, modify_user, modify_date)
VALUES ('243', '244', '0', '1', '0', '132457', '2010-05-21 07:26:30.0', '132457', '2010-05-21 07:26:30.0');
INSERT INTO phase_dependency (dependency_phase_id, dependent_phase_id, dependency_start, dependent_start, lag_time, create_user, create_date, modify_user, modify_date)
VALUES ('244', '245', '0', '1', '0', '132457', '2010-05-21 07:26:30.0', '132457', '2010-05-21 07:26:30.0');
INSERT INTO phase_dependency (dependency_phase_id, dependent_phase_id, dependency_start, dependent_start, lag_time, create_user, create_date, modify_user, modify_date)
VALUES ('245', '246', '0', '1', '0', '132457', '2010-05-21 07:26:30.0', '132457', '2010-05-21 07:26:30.0');
INSERT INTO phase_dependency (dependency_phase_id, dependent_phase_id, dependency_start, dependent_start, lag_time, create_user, create_date, modify_user, modify_date)
VALUES ('246', '247', '0', '1', '0', '132457', '2010-05-21 07:26:30.0', '132457', '2010-05-21 07:26:30.0');
INSERT INTO phase_dependency (dependency_phase_id, dependent_phase_id, dependency_start, dependent_start, lag_time, create_user, create_date, modify_user, modify_date)
VALUES ('247', '248', '0', '1', '0', '132457', '2010-05-21 07:26:30.0', '132457', '2010-05-21 07:26:30.0');
INSERT INTO phase_dependency (dependency_phase_id, dependent_phase_id, dependency_start, dependent_start, lag_time, create_user, create_date, modify_user, modify_date)
VALUES ('248', '249', '0', '1', '0', '132457', '2010-05-21 07:26:30.0', '132457', '2010-05-21 07:26:30.0');
INSERT INTO phase_dependency (dependency_phase_id, dependent_phase_id, dependency_start, dependent_start, lag_time, create_user, create_date, modify_user, modify_date)
VALUES ('249', '250', '0', '1', '0', '132457', '2010-05-21 07:26:30.0', '132457', '2010-05-21 07:26:30.0');
--  Data for resource
INSERT INTO resource (resource_id, resource_role_id, project_id, project_phase_id, create_user, create_date, modify_user, modify_date)
VALUES ('241', '13', '241', NULL, '132457', '2010-05-21 07:26:30.0', '132457', '2010-05-21 07:26:30.0');
--  Data for resource_info
INSERT INTO resource_info (resource_id, resource_info_type_id, value, create_user, create_date, modify_user, modify_date)
VALUES ('241', '1', '132457', '132457', '2010-05-21 07:26:30.0', '132457', '2010-05-21 07:26:30.0');
INSERT INTO resource_info (resource_id, resource_info_type_id, value, create_user, create_date, modify_user, modify_date)
VALUES ('241', '2', 'super', '132457', '2010-05-21 07:26:30.0', '132457', '2010-05-21 07:26:30.0');
--  Data for user_role
INSERT INTO user_role (user_role_id, comp_vers_id, role_id, login_id, description)
VALUES ('484', '483', '1', '132457', '');
--  Data for word_search
INSERT INTO word_search (word_search_id, document_id, index_word, nbr_occurrences)
VALUES ('487', '481', 'ever                                                                                                ', '2');
INSERT INTO word_search (word_search_id, document_id, index_word, nbr_occurrences)
VALUES ('488', '481', 'component                                                                                           ', '4');
INSERT INTO word_search (word_search_id, document_id, index_word, nbr_occurrences)
VALUES ('489', '481', 'coolest                                                                                             ', '2');
INSERT INTO word_search (word_search_id, document_id, index_word, nbr_occurrences)
VALUES ('490', '481', 'design                                                    ', '2');
--  Data for word_search_ctgy
INSERT INTO word_search_ctgy (word_srch_ctgy_id, category_id, document_id)
VALUES ('486', 'DDECATALOG                                        ', '481');
--  Data for word_search_doc
INSERT INTO word_search_doc (document_id)
VALUES ('481');
-- Data for project
INSERT INTO project (project_id, project_status_id, project_category_id, create_user, create_date, modify_user, modify_date)
VALUES ('251', '1', '1', '132458', '2010-05-21 07:26:30.0', '132458', '2010-05-21 07:26:30.0');
--  Data for project_info
INSERT INTO project_info (project_id, project_info_type_id, value, create_user, create_date, modify_user, modify_date)
VALUES ('251', '1', '503', '132458', '2010-05-21 07:26:30.0', '132458', '2010-05-21 07:26:30.0');
INSERT INTO project_info (project_id, project_info_type_id, value, create_user, create_date, modify_user, modify_date)
VALUES ('251', '2', '501', '132458', '2010-05-21 07:26:30.0', '132458', '2010-05-21 07:26:30.0');
INSERT INTO project_info (project_id, project_info_type_id, value, create_user, create_date, modify_user, modify_date)
VALUES ('251', '3', '1', '132458', '2010-05-21 07:26:30.0', '132458', '2010-05-21 07:26:30.0');
INSERT INTO project_info (project_id, project_info_type_id, value, create_user, create_date, modify_user, modify_date)
VALUES ('251', '4', '0', '132458', '2010-05-21 07:26:30.0', '132458', '2010-05-21 07:26:30.0');
INSERT INTO project_info (project_id, project_info_type_id, value, create_user, create_date, modify_user, modify_date)
VALUES ('251', '5', '5801778', '132458', '2010-05-21 07:26:30.0', '132458', '2010-05-21 07:26:30.0');
INSERT INTO project_info (project_id, project_info_type_id, value, create_user, create_date, modify_user, modify_date)
VALUES ('251', '6', 'Component 26', '132458', '2010-05-21 07:26:30.0', '132458', '2010-05-21 07:26:30.0');
INSERT INTO project_info (project_id, project_info_type_id, value, create_user, create_date, modify_user, modify_date)
VALUES ('251', '7', '1.0                 ', '132458', '2010-05-21 07:26:30.0', '132458', '2010-05-21 07:26:30.0');
INSERT INTO project_info (project_id, project_info_type_id, value, create_user, create_date, modify_user, modify_date)
VALUES ('251', '9', 'Off', '132458', '2010-05-21 07:26:30.0', '132458', '2010-05-21 07:26:30.0');
INSERT INTO project_info (project_id, project_info_type_id, value, create_user, create_date, modify_user, modify_date)
VALUES ('251', '10', 'On', '132458', '2010-05-21 07:26:30.0', '132458', '2010-05-21 07:26:30.0');
INSERT INTO project_info (project_id, project_info_type_id, value, create_user, create_date, modify_user, modify_date)
VALUES ('251', '11', 'On', '132458', '2010-05-21 07:26:30.0', '132458', '2010-05-21 07:26:30.0');
INSERT INTO project_info (project_id, project_info_type_id, value, create_user, create_date, modify_user, modify_date)
VALUES ('251', '12', 'Yes', '132458', '2010-05-21 07:26:30.0', '132458', '2010-05-21 07:26:30.0');
INSERT INTO project_info (project_id, project_info_type_id, value, create_user, create_date, modify_user, modify_date)
VALUES ('251', '13', 'Yes', '132458', '2010-05-21 07:26:30.0', '132458', '2010-05-21 07:26:30.0');
INSERT INTO project_info (project_id, project_info_type_id, value, create_user, create_date, modify_user, modify_date)
VALUES ('251', '14', 'Open', '132458', '2010-05-21 07:26:30.0', '132458', '2010-05-21 07:26:30.0');
INSERT INTO project_info (project_id, project_info_type_id, value, create_user, create_date, modify_user, modify_date)
VALUES ('251', '16', '0.0', '132458', '2010-05-21 07:26:30.0', '132458', '2010-05-21 07:26:30.0');
INSERT INTO project_info (project_id, project_info_type_id, value, create_user, create_date, modify_user, modify_date)
VALUES ('251', '26', 'On', '132458', '2010-05-21 07:26:30.0', '132458', '2010-05-21 07:26:30.0');
INSERT INTO project_info (project_id, project_info_type_id, value, create_user, create_date, modify_user, modify_date)
VALUES ('251', '29', 'On', '132458', '2010-05-21 07:26:30.0', '132458', '2010-05-21 07:26:30.0');
INSERT INTO project_info (project_id, project_info_type_id, value, create_user, create_date, modify_user, modify_date)
VALUES ('251', '41', 'true', '132458', '2010-05-21 07:26:30.0', '132458', '2010-05-21 07:26:30.0');
INSERT INTO project_info (project_id, project_info_type_id, value, create_user, create_date, modify_user, modify_date)
VALUES ('251', '43', 'true', '132458', '2010-05-21 07:26:30.0', '132458', '2010-05-21 07:26:30.0');
--  Data for project_phase
INSERT INTO project_phase (project_phase_id, project_id, phase_type_id, phase_status_id, fixed_start_time, scheduled_start_time, scheduled_end_time, actual_start_time, actual_end_time, duration, create_user, create_date, modify_user, modify_date)
VALUES ('251', '251', '1', '1', '2010-05-27 09:00:00.0', '2010-05-27 09:00:00.0', '2010-06-01 09:00:00.0', NULL, NULL, '259200000', '132458', '2010-05-21 07:26:30.0', '132458', '2010-05-21 07:26:30.0');
INSERT INTO project_phase (project_phase_id, project_id, phase_type_id, phase_status_id, fixed_start_time, scheduled_start_time, scheduled_end_time, actual_start_time, actual_end_time, duration, create_user, create_date, modify_user, modify_date)
VALUES ('252', '251', '2', '1', '2010-05-27 09:00:00.0', '2010-05-27 09:00:00.0', '2010-06-07 09:00:00.0', NULL, NULL, '604800000', '132458', '2010-05-21 07:26:30.0', '132458', '2010-05-21 07:26:30.0');
INSERT INTO project_phase (project_phase_id, project_id, phase_type_id, phase_status_id, fixed_start_time, scheduled_start_time, scheduled_end_time, actual_start_time, actual_end_time, duration, create_user, create_date, modify_user, modify_date)
VALUES ('253', '251', '3', '1', '2010-06-07 09:00:00.0', '2010-06-07 09:00:00.0', '2010-06-08 09:00:00.0', NULL, NULL, '86400000', '132458', '2010-05-21 07:26:30.0', '132458', '2010-05-21 07:26:30.0');
INSERT INTO project_phase (project_phase_id, project_id, phase_type_id, phase_status_id, fixed_start_time, scheduled_start_time, scheduled_end_time, actual_start_time, actual_end_time, duration, create_user, create_date, modify_user, modify_date)
VALUES ('254', '251', '4', '1', '2010-06-08 09:00:00.0', '2010-06-08 09:00:00.0', '2010-06-14 09:00:00.0', NULL, NULL, '345600000', '132458', '2010-05-21 07:26:30.0', '132458', '2010-05-21 07:26:30.0');
INSERT INTO project_phase (project_phase_id, project_id, phase_type_id, phase_status_id, fixed_start_time, scheduled_start_time, scheduled_end_time, actual_start_time, actual_end_time, duration, create_user, create_date, modify_user, modify_date)
VALUES ('255', '251', '5', '1', '2010-06-14 09:00:00.0', '2010-06-14 09:00:00.0', '2010-06-15 09:00:00.0', NULL, NULL, '86400000', '132458', '2010-05-21 07:26:30.0', '132458', '2010-05-21 07:26:30.0');
INSERT INTO project_phase (project_phase_id, project_id, phase_type_id, phase_status_id, fixed_start_time, scheduled_start_time, scheduled_end_time, actual_start_time, actual_end_time, duration, create_user, create_date, modify_user, modify_date)
VALUES ('256', '251', '6', '1', '2010-06-15 09:00:00.0', '2010-06-15 09:00:00.0', '2010-06-16 09:00:00.0', NULL, NULL, '86400000', '132458', '2010-05-21 07:26:30.0', '132458', '2010-05-21 07:26:30.0');
INSERT INTO project_phase (project_phase_id, project_id, phase_type_id, phase_status_id, fixed_start_time, scheduled_start_time, scheduled_end_time, actual_start_time, actual_end_time, duration, create_user, create_date, modify_user, modify_date)
VALUES ('257', '251', '7', '1', '2010-06-16 09:00:00.0', '2010-06-16 09:00:00.0', '2010-06-16 21:00:00.0', NULL, NULL, '43200000', '132458', '2010-05-21 07:26:30.0', '132458', '2010-05-21 07:26:30.0');
INSERT INTO project_phase (project_phase_id, project_id, phase_type_id, phase_status_id, fixed_start_time, scheduled_start_time, scheduled_end_time, actual_start_time, actual_end_time, duration, create_user, create_date, modify_user, modify_date)
VALUES ('258', '251', '8', '1', '2010-06-16 21:00:00.0', '2010-06-16 21:00:00.0', '2010-06-17 09:00:00.0', NULL, NULL, '43200000', '132458', '2010-05-21 07:26:30.0', '132458', '2010-05-21 07:26:30.0');
INSERT INTO project_phase (project_phase_id, project_id, phase_type_id, phase_status_id, fixed_start_time, scheduled_start_time, scheduled_end_time, actual_start_time, actual_end_time, duration, create_user, create_date, modify_user, modify_date)
VALUES ('259', '251', '9', '1', '2010-06-17 09:00:00.0', '2010-06-17 09:00:00.0', '2010-06-22 09:00:00.0', NULL, NULL, '259200000', '132458', '2010-05-21 07:26:30.0', '132458', '2010-05-21 07:26:30.0');
INSERT INTO project_phase (project_phase_id, project_id, phase_type_id, phase_status_id, fixed_start_time, scheduled_start_time, scheduled_end_time, actual_start_time, actual_end_time, duration, create_user, create_date, modify_user, modify_date)
VALUES ('260', '251', '10', '1', '2010-06-22 09:00:00.0', '2010-06-22 09:00:00.0', '2010-06-23 09:00:00.0', NULL, NULL, '86400000', '132458', '2010-05-21 07:26:30.0', '132458', '2010-05-21 07:26:30.0');
--  Data for comp_catalog
INSERT INTO comp_catalog (component_id, current_version, short_desc, component_name, description, function_desc, create_time, status_id, root_category_id, modify_date, public_ind)
VALUES ('501', '1', 'Coolest component ever', 'Component 26', 'Coolest component ever', 'Component', '2010-05-21 07:20:14.48', '102', '5801778', '2010-05-21 07:23:44.0', '0');
--  Data for comp_versions
INSERT INTO comp_versions (comp_vers_id, component_id, version, version_text, create_time, phase_id, phase_time, price, comments, modify_date,
                           suspended_ind)
VALUES ('503', '501', '1', '1.0                 ', '2010-05-21 07:20:14.48', '112', '1976-05-04 00:00:00.0', '1000.00', 'Cool', '2010-05-21 07:27:01.0', '0');
--  Data for comp_categories
INSERT INTO comp_categories (comp_categories_id, component_id, category_id)
VALUES ('505', '501', '11');
--  Data for comp_keywords
INSERT INTO comp_keywords (comp_keywords_id, component_id, keyword)
VALUES ('511', '501', 'design');
--  Data for comp_technology
INSERT INTO comp_technology (comp_tech_id, comp_vers_id, technology_type_id)
VALUES ('512', '503', '1');
--  Data for comp_documentation
INSERT INTO comp_documentation (document_id, comp_vers_id, document_type_id, document_name, url)
VALUES ('513', '503', '0', 'Requirements Specification', '501/503/MQTTBroker_Requirements_Specification.pdf');
--  Data for comp_jive_category_xref
INSERT INTO comp_jive_category_xref (comp_vers_id, jive_category_id)
VALUES ('503', '0');
--  Data for comp_version_dates
INSERT INTO comp_version_dates (comp_version_dates_id, comp_vers_id, phase_id, posting_date, initial_submission_date, winner_announced_date, final_submission_date,
                                estimated_dev_date, price, total_submissions, status_id, create_time, level_id, screening_complete_date, review_complete_date,
                                aggregation_complete_date, phase_complete_date, production_date, aggregation_complete_date_comment, phase_complete_date_comment,
                                review_complete_date_comment, winner_announced_date_comment, initial_submission_date_comment, screening_complete_date_comment,
                                final_submission_date_comment, production_date_comment, modify_date)
VALUES ('514', '503', '112', '1976-05-05', '2000-01-01', '2000-01-01', 
        '2000-01-01', '2000-01-01', NULL, '0', '301', '2010-05-21 07:27:01.0', '100', '2000-01-01',
        '2000-01-01', '2000-01-01', '2000-01-01', '2010-12-01', 
        NULL, NULL, NULL, NULL, NULL, NULL, NULL, '', '2010-05-21 07:27:01.0');
--  Data for phase_criteria
INSERT INTO phase_criteria (project_phase_id, phase_criteria_type_id, parameter, create_user, create_date, modify_user, modify_date)
VALUES ('251', '2', '0', '132458', '2010-05-21 07:26:30.0', '132458', '2010-05-21 07:26:30.0');
INSERT INTO phase_criteria (project_phase_id, phase_criteria_type_id, parameter, create_user, create_date, modify_user, modify_date)
VALUES ('251', '5', 'No', '132458', '2010-05-21 07:26:30.0', '132458', '2010-05-21 07:26:30.0');
INSERT INTO phase_criteria (project_phase_id, phase_criteria_type_id, parameter, create_user, create_date, modify_user, modify_date)
VALUES ('252', '3', '0', '132458', '2010-05-21 07:26:30.0', '132458', '2010-05-21 07:26:30.0');
INSERT INTO phase_criteria (project_phase_id, phase_criteria_type_id, parameter, create_user, create_date, modify_user, modify_date)
VALUES ('252', '5', 'No', '132458', '2010-05-21 07:26:30.0', '132458', '2010-05-21 07:26:30.0');
INSERT INTO phase_criteria (project_phase_id, phase_criteria_type_id, parameter, create_user, create_date, modify_user, modify_date)
VALUES ('253', '5', 'No', '132458', '2010-05-21 07:26:30.0', '132458', '2010-05-21 07:26:30.0');
INSERT INTO phase_criteria (project_phase_id, phase_criteria_type_id, parameter, create_user, create_date, modify_user, modify_date)
VALUES ('253', '1', '30000410', '132458', '2010-05-21 07:26:30.0', '132458', '2010-05-21 07:26:30.0');
INSERT INTO phase_criteria (project_phase_id, phase_criteria_type_id, parameter, create_user, create_date, modify_user, modify_date)
VALUES ('254', '5', 'No', '132458', '2010-05-21 07:26:30.0', '132458', '2010-05-21 07:26:30.0');
INSERT INTO phase_criteria (project_phase_id, phase_criteria_type_id, parameter, create_user, create_date, modify_user, modify_date)
VALUES ('254', '1', '30000411', '132458', '2010-05-21 07:26:30.0', '132458', '2010-05-21 07:26:30.0');
INSERT INTO phase_criteria (project_phase_id, phase_criteria_type_id, parameter, create_user, create_date, modify_user, modify_date)
VALUES ('254', '6', '3', '132458', '2010-05-21 07:26:30.0', '132458', '2010-05-21 07:26:30.0');
INSERT INTO phase_criteria (project_phase_id, phase_criteria_type_id, parameter, create_user, create_date, modify_user, modify_date)
VALUES ('255', '5', 'No', '132458', '2010-05-21 07:26:30.0', '132458', '2010-05-21 07:26:30.0');
INSERT INTO phase_criteria (project_phase_id, phase_criteria_type_id, parameter, create_user, create_date, modify_user, modify_date)
VALUES ('255', '4', 'No', '132458', '2010-05-21 07:26:30.0', '132458', '2010-05-21 07:26:30.0');
INSERT INTO phase_criteria (project_phase_id, phase_criteria_type_id, parameter, create_user, create_date, modify_user, modify_date)
VALUES ('256', '5', 'No', '132458', '2010-05-21 07:26:30.0', '132458', '2010-05-21 07:26:30.0');
INSERT INTO phase_criteria (project_phase_id, phase_criteria_type_id, parameter, create_user, create_date, modify_user, modify_date)
VALUES ('257', '5', 'No', '132458', '2010-05-21 07:26:30.0', '132458', '2010-05-21 07:26:30.0');
INSERT INTO phase_criteria (project_phase_id, phase_criteria_type_id, parameter, create_user, create_date, modify_user, modify_date)
VALUES ('258', '5', 'No', '132458', '2010-05-21 07:26:30.0', '132458', '2010-05-21 07:26:30.0');
INSERT INTO phase_criteria (project_phase_id, phase_criteria_type_id, parameter, create_user, create_date, modify_user, modify_date)
VALUES ('259', '5', 'No', '132458', '2010-05-21 07:26:30.0', '132458', '2010-05-21 07:26:30.0');
INSERT INTO phase_criteria (project_phase_id, phase_criteria_type_id, parameter, create_user, create_date, modify_user, modify_date)
VALUES ('260', '5', 'No', '132458', '2010-05-21 07:26:30.0', '132458', '2010-05-21 07:26:30.0');
--  Data for phase_dependency
INSERT INTO phase_dependency (dependency_phase_id, dependent_phase_id, dependency_start, dependent_start, lag_time, create_user, create_date, modify_user, modify_date)
VALUES ('251', '252', '1', '1', '0', '132458', '2010-05-21 07:26:30.0', '132458', '2010-05-21 07:26:30.0');
INSERT INTO phase_dependency (dependency_phase_id, dependent_phase_id, dependency_start, dependent_start, lag_time, create_user, create_date, modify_user, modify_date)
VALUES ('252', '253', '0', '1', '0', '132458', '2010-05-21 07:26:30.0', '132458', '2010-05-21 07:26:30.0');
INSERT INTO phase_dependency (dependency_phase_id, dependent_phase_id, dependency_start, dependent_start, lag_time, create_user, create_date, modify_user, modify_date)
VALUES ('253', '254', '0', '1', '0', '132458', '2010-05-21 07:26:30.0', '132458', '2010-05-21 07:26:30.0');
INSERT INTO phase_dependency (dependency_phase_id, dependent_phase_id, dependency_start, dependent_start, lag_time, create_user, create_date, modify_user, modify_date)
VALUES ('254', '255', '0', '1', '0', '132458', '2010-05-21 07:26:30.0', '132458', '2010-05-21 07:26:30.0');
INSERT INTO phase_dependency (dependency_phase_id, dependent_phase_id, dependency_start, dependent_start, lag_time, create_user, create_date, modify_user, modify_date)
VALUES ('255', '256', '0', '1', '0', '132458', '2010-05-21 07:26:30.0', '132458', '2010-05-21 07:26:30.0');
INSERT INTO phase_dependency (dependency_phase_id, dependent_phase_id, dependency_start, dependent_start, lag_time, create_user, create_date, modify_user, modify_date)
VALUES ('256', '257', '0', '1', '0', '132458', '2010-05-21 07:26:30.0', '132458', '2010-05-21 07:26:30.0');
INSERT INTO phase_dependency (dependency_phase_id, dependent_phase_id, dependency_start, dependent_start, lag_time, create_user, create_date, modify_user, modify_date)
VALUES ('257', '258', '0', '1', '0', '132458', '2010-05-21 07:26:30.0', '132458', '2010-05-21 07:26:30.0');
INSERT INTO phase_dependency (dependency_phase_id, dependent_phase_id, dependency_start, dependent_start, lag_time, create_user, create_date, modify_user, modify_date)
VALUES ('258', '259', '0', '1', '0', '132458', '2010-05-21 07:26:30.0', '132458', '2010-05-21 07:26:30.0');
INSERT INTO phase_dependency (dependency_phase_id, dependent_phase_id, dependency_start, dependent_start, lag_time, create_user, create_date, modify_user, modify_date)
VALUES ('259', '260', '0', '1', '0', '132458', '2010-05-21 07:26:30.0', '132458', '2010-05-21 07:26:30.0');
--  Data for resource
INSERT INTO resource (resource_id, resource_role_id, project_id, project_phase_id, create_user, create_date, modify_user, modify_date)
VALUES ('251', '13', '251', NULL, '132458', '2010-05-21 07:26:30.0', '132458', '2010-05-21 07:26:30.0');
--  Data for resource_info
INSERT INTO resource_info (resource_id, resource_info_type_id, value, create_user, create_date, modify_user, modify_date)
VALUES ('251', '1', '132458', '132458', '2010-05-21 07:26:30.0', '132458', '2010-05-21 07:26:30.0');
INSERT INTO resource_info (resource_id, resource_info_type_id, value, create_user, create_date, modify_user, modify_date)
VALUES ('251', '2', 'user', '132458', '2010-05-21 07:26:30.0', '132458', '2010-05-21 07:26:30.0');
--  Data for user_role
INSERT INTO user_role (user_role_id, comp_vers_id, role_id, login_id, description)
VALUES ('504', '503', '1', '132458', '');
--  Data for word_search
INSERT INTO word_search (word_search_id, document_id, index_word, nbr_occurrences)
VALUES ('507', '501', 'ever                                                                                                ', '2');
INSERT INTO word_search (word_search_id, document_id, index_word, nbr_occurrences)
VALUES ('508', '501', 'component                                                                                           ', '4');
INSERT INTO word_search (word_search_id, document_id, index_word, nbr_occurrences)
VALUES ('509', '501', 'coolest                                                                                             ', '2');
INSERT INTO word_search (word_search_id, document_id, index_word, nbr_occurrences)
VALUES ('510', '501', 'design                                                    ', '2');
--  Data for word_search_ctgy
INSERT INTO word_search_ctgy (word_srch_ctgy_id, category_id, document_id)
VALUES ('506', 'DDECATALOG                                        ', '501');
--  Data for word_search_doc
INSERT INTO word_search_doc (document_id)
VALUES ('501');
-- Data for project
INSERT INTO project (project_id, project_status_id, project_category_id, create_user, create_date, modify_user, modify_date)
VALUES ('261', '1', '1', '132458', '2010-05-21 07:26:30.0', '132458', '2010-05-21 07:26:30.0');
--  Data for project_info
INSERT INTO project_info (project_id, project_info_type_id, value, create_user, create_date, modify_user, modify_date)
VALUES ('261', '1', '523', '132458', '2010-05-21 07:26:30.0', '132458', '2010-05-21 07:26:30.0');
INSERT INTO project_info (project_id, project_info_type_id, value, create_user, create_date, modify_user, modify_date)
VALUES ('261', '2', '521', '132458', '2010-05-21 07:26:30.0', '132458', '2010-05-21 07:26:30.0');
INSERT INTO project_info (project_id, project_info_type_id, value, create_user, create_date, modify_user, modify_date)
VALUES ('261', '3', '1', '132458', '2010-05-21 07:26:30.0', '132458', '2010-05-21 07:26:30.0');
INSERT INTO project_info (project_id, project_info_type_id, value, create_user, create_date, modify_user, modify_date)
VALUES ('261', '4', '0', '132458', '2010-05-21 07:26:30.0', '132458', '2010-05-21 07:26:30.0');
INSERT INTO project_info (project_id, project_info_type_id, value, create_user, create_date, modify_user, modify_date)
VALUES ('261', '5', '5801779', '132458', '2010-05-21 07:26:30.0', '132458', '2010-05-21 07:26:30.0');
INSERT INTO project_info (project_id, project_info_type_id, value, create_user, create_date, modify_user, modify_date)
VALUES ('261', '6', 'Component 27', '132458', '2010-05-21 07:26:30.0', '132458', '2010-05-21 07:26:30.0');
INSERT INTO project_info (project_id, project_info_type_id, value, create_user, create_date, modify_user, modify_date)
VALUES ('261', '7', '1.0                 ', '132458', '2010-05-21 07:26:30.0', '132458', '2010-05-21 07:26:30.0');
INSERT INTO project_info (project_id, project_info_type_id, value, create_user, create_date, modify_user, modify_date)
VALUES ('261', '9', 'Off', '132458', '2010-05-21 07:26:30.0', '132458', '2010-05-21 07:26:30.0');
INSERT INTO project_info (project_id, project_info_type_id, value, create_user, create_date, modify_user, modify_date)
VALUES ('261', '10', 'On', '132458', '2010-05-21 07:26:30.0', '132458', '2010-05-21 07:26:30.0');
INSERT INTO project_info (project_id, project_info_type_id, value, create_user, create_date, modify_user, modify_date)
VALUES ('261', '11', 'On', '132458', '2010-05-21 07:26:30.0', '132458', '2010-05-21 07:26:30.0');
INSERT INTO project_info (project_id, project_info_type_id, value, create_user, create_date, modify_user, modify_date)
VALUES ('261', '12', 'Yes', '132458', '2010-05-21 07:26:30.0', '132458', '2010-05-21 07:26:30.0');
INSERT INTO project_info (project_id, project_info_type_id, value, create_user, create_date, modify_user, modify_date)
VALUES ('261', '13', 'Yes', '132458', '2010-05-21 07:26:30.0', '132458', '2010-05-21 07:26:30.0');
INSERT INTO project_info (project_id, project_info_type_id, value, create_user, create_date, modify_user, modify_date)
VALUES ('261', '14', 'Open', '132458', '2010-05-21 07:26:30.0', '132458', '2010-05-21 07:26:30.0');
INSERT INTO project_info (project_id, project_info_type_id, value, create_user, create_date, modify_user, modify_date)
VALUES ('261', '16', '0.0', '132458', '2010-05-21 07:26:30.0', '132458', '2010-05-21 07:26:30.0');
INSERT INTO project_info (project_id, project_info_type_id, value, create_user, create_date, modify_user, modify_date)
VALUES ('261', '26', 'On', '132458', '2010-05-21 07:26:30.0', '132458', '2010-05-21 07:26:30.0');
INSERT INTO project_info (project_id, project_info_type_id, value, create_user, create_date, modify_user, modify_date)
VALUES ('261', '29', 'On', '132458', '2010-05-21 07:26:30.0', '132458', '2010-05-21 07:26:30.0');
INSERT INTO project_info (project_id, project_info_type_id, value, create_user, create_date, modify_user, modify_date)
VALUES ('261', '41', 'true', '132458', '2010-05-21 07:26:30.0', '132458', '2010-05-21 07:26:30.0');
INSERT INTO project_info (project_id, project_info_type_id, value, create_user, create_date, modify_user, modify_date)
VALUES ('261', '43', 'true', '132458', '2010-05-21 07:26:30.0', '132458', '2010-05-21 07:26:30.0');
--  Data for project_phase
INSERT INTO project_phase (project_phase_id, project_id, phase_type_id, phase_status_id, fixed_start_time, scheduled_start_time, scheduled_end_time, actual_start_time, actual_end_time, duration, create_user, create_date, modify_user, modify_date)
VALUES ('261', '261', '1', '1', '2010-05-27 09:00:00.0', '2010-05-27 09:00:00.0', '2010-06-01 09:00:00.0', NULL, NULL, '259200000', '132458', '2010-05-21 07:26:30.0', '132458', '2010-05-21 07:26:30.0');
INSERT INTO project_phase (project_phase_id, project_id, phase_type_id, phase_status_id, fixed_start_time, scheduled_start_time, scheduled_end_time, actual_start_time, actual_end_time, duration, create_user, create_date, modify_user, modify_date)
VALUES ('262', '261', '2', '1', '2010-05-27 09:00:00.0', '2010-05-27 09:00:00.0', '2010-06-07 09:00:00.0', NULL, NULL, '604800000', '132458', '2010-05-21 07:26:30.0', '132458', '2010-05-21 07:26:30.0');
INSERT INTO project_phase (project_phase_id, project_id, phase_type_id, phase_status_id, fixed_start_time, scheduled_start_time, scheduled_end_time, actual_start_time, actual_end_time, duration, create_user, create_date, modify_user, modify_date)
VALUES ('263', '261', '3', '1', '2010-06-07 09:00:00.0', '2010-06-07 09:00:00.0', '2010-06-08 09:00:00.0', NULL, NULL, '86400000', '132458', '2010-05-21 07:26:30.0', '132458', '2010-05-21 07:26:30.0');
INSERT INTO project_phase (project_phase_id, project_id, phase_type_id, phase_status_id, fixed_start_time, scheduled_start_time, scheduled_end_time, actual_start_time, actual_end_time, duration, create_user, create_date, modify_user, modify_date)
VALUES ('264', '261', '4', '1', '2010-06-08 09:00:00.0', '2010-06-08 09:00:00.0', '2010-06-14 09:00:00.0', NULL, NULL, '345600000', '132458', '2010-05-21 07:26:30.0', '132458', '2010-05-21 07:26:30.0');
INSERT INTO project_phase (project_phase_id, project_id, phase_type_id, phase_status_id, fixed_start_time, scheduled_start_time, scheduled_end_time, actual_start_time, actual_end_time, duration, create_user, create_date, modify_user, modify_date)
VALUES ('265', '261', '5', '1', '2010-06-14 09:00:00.0', '2010-06-14 09:00:00.0', '2010-06-15 09:00:00.0', NULL, NULL, '86400000', '132458', '2010-05-21 07:26:30.0', '132458', '2010-05-21 07:26:30.0');
INSERT INTO project_phase (project_phase_id, project_id, phase_type_id, phase_status_id, fixed_start_time, scheduled_start_time, scheduled_end_time, actual_start_time, actual_end_time, duration, create_user, create_date, modify_user, modify_date)
VALUES ('266', '261', '6', '1', '2010-06-15 09:00:00.0', '2010-06-15 09:00:00.0', '2010-06-16 09:00:00.0', NULL, NULL, '86400000', '132458', '2010-05-21 07:26:30.0', '132458', '2010-05-21 07:26:30.0');
INSERT INTO project_phase (project_phase_id, project_id, phase_type_id, phase_status_id, fixed_start_time, scheduled_start_time, scheduled_end_time, actual_start_time, actual_end_time, duration, create_user, create_date, modify_user, modify_date)
VALUES ('267', '261', '7', '1', '2010-06-16 09:00:00.0', '2010-06-16 09:00:00.0', '2010-06-16 21:00:00.0', NULL, NULL, '43200000', '132458', '2010-05-21 07:26:30.0', '132458', '2010-05-21 07:26:30.0');
INSERT INTO project_phase (project_phase_id, project_id, phase_type_id, phase_status_id, fixed_start_time, scheduled_start_time, scheduled_end_time, actual_start_time, actual_end_time, duration, create_user, create_date, modify_user, modify_date)
VALUES ('268', '261', '8', '1', '2010-06-16 21:00:00.0', '2010-06-16 21:00:00.0', '2010-06-17 09:00:00.0', NULL, NULL, '43200000', '132458', '2010-05-21 07:26:30.0', '132458', '2010-05-21 07:26:30.0');
INSERT INTO project_phase (project_phase_id, project_id, phase_type_id, phase_status_id, fixed_start_time, scheduled_start_time, scheduled_end_time, actual_start_time, actual_end_time, duration, create_user, create_date, modify_user, modify_date)
VALUES ('269', '261', '9', '1', '2010-06-17 09:00:00.0', '2010-06-17 09:00:00.0', '2010-06-22 09:00:00.0', NULL, NULL, '259200000', '132458', '2010-05-21 07:26:30.0', '132458', '2010-05-21 07:26:30.0');
INSERT INTO project_phase (project_phase_id, project_id, phase_type_id, phase_status_id, fixed_start_time, scheduled_start_time, scheduled_end_time, actual_start_time, actual_end_time, duration, create_user, create_date, modify_user, modify_date)
VALUES ('270', '261', '10', '1', '2010-06-22 09:00:00.0', '2010-06-22 09:00:00.0', '2010-06-23 09:00:00.0', NULL, NULL, '86400000', '132458', '2010-05-21 07:26:30.0', '132458', '2010-05-21 07:26:30.0');
--  Data for comp_catalog
INSERT INTO comp_catalog (component_id, current_version, short_desc, component_name, description, function_desc, create_time, status_id, root_category_id, modify_date, public_ind)
VALUES ('521', '1', 'Coolest component ever', 'Component 27', 'Coolest component ever', 'Component', '2010-05-21 07:20:14.48', '102', '5801779', '2010-05-21 07:23:44.0', '0');
--  Data for comp_versions
INSERT INTO comp_versions (comp_vers_id, component_id, version, version_text, create_time, phase_id, phase_time, price, comments, modify_date,
                           suspended_ind)
VALUES ('523', '521', '1', '1.0                 ', '2010-05-21 07:20:14.48', '112', '1976-05-04 00:00:00.0', '1000.00', 'Cool', '2010-05-21 07:27:01.0', '0');
--  Data for comp_categories
INSERT INTO comp_categories (comp_categories_id, component_id, category_id)
VALUES ('525', '521', '11');
--  Data for comp_keywords
INSERT INTO comp_keywords (comp_keywords_id, component_id, keyword)
VALUES ('531', '521', 'design');
--  Data for comp_technology
INSERT INTO comp_technology (comp_tech_id, comp_vers_id, technology_type_id)
VALUES ('532', '523', '1');
--  Data for comp_documentation
INSERT INTO comp_documentation (document_id, comp_vers_id, document_type_id, document_name, url)
VALUES ('533', '523', '0', 'Requirements Specification', '521/523/MQTTBroker_Requirements_Specification.pdf');
--  Data for comp_jive_category_xref
INSERT INTO comp_jive_category_xref (comp_vers_id, jive_category_id)
VALUES ('523', '0');
--  Data for comp_version_dates
INSERT INTO comp_version_dates (comp_version_dates_id, comp_vers_id, phase_id, posting_date, initial_submission_date, winner_announced_date, final_submission_date,
                                estimated_dev_date, price, total_submissions, status_id, create_time, level_id, screening_complete_date, review_complete_date,
                                aggregation_complete_date, phase_complete_date, production_date, aggregation_complete_date_comment, phase_complete_date_comment,
                                review_complete_date_comment, winner_announced_date_comment, initial_submission_date_comment, screening_complete_date_comment,
                                final_submission_date_comment, production_date_comment, modify_date)
VALUES ('534', '523', '112', '1976-05-05', '2000-01-01', '2000-01-01', 
        '2000-01-01', '2000-01-01', NULL, '0', '301', '2010-05-21 07:27:01.0', '100', '2000-01-01',
        '2000-01-01', '2000-01-01', '2000-01-01', '2010-12-01', 
        NULL, NULL, NULL, NULL, NULL, NULL, NULL, '', '2010-05-21 07:27:01.0');
--  Data for phase_criteria
INSERT INTO phase_criteria (project_phase_id, phase_criteria_type_id, parameter, create_user, create_date, modify_user, modify_date)
VALUES ('261', '2', '0', '132458', '2010-05-21 07:26:30.0', '132458', '2010-05-21 07:26:30.0');
INSERT INTO phase_criteria (project_phase_id, phase_criteria_type_id, parameter, create_user, create_date, modify_user, modify_date)
VALUES ('261', '5', 'No', '132458', '2010-05-21 07:26:30.0', '132458', '2010-05-21 07:26:30.0');
INSERT INTO phase_criteria (project_phase_id, phase_criteria_type_id, parameter, create_user, create_date, modify_user, modify_date)
VALUES ('262', '3', '0', '132458', '2010-05-21 07:26:30.0', '132458', '2010-05-21 07:26:30.0');
INSERT INTO phase_criteria (project_phase_id, phase_criteria_type_id, parameter, create_user, create_date, modify_user, modify_date)
VALUES ('262', '5', 'No', '132458', '2010-05-21 07:26:30.0', '132458', '2010-05-21 07:26:30.0');
INSERT INTO phase_criteria (project_phase_id, phase_criteria_type_id, parameter, create_user, create_date, modify_user, modify_date)
VALUES ('263', '5', 'No', '132458', '2010-05-21 07:26:30.0', '132458', '2010-05-21 07:26:30.0');
INSERT INTO phase_criteria (project_phase_id, phase_criteria_type_id, parameter, create_user, create_date, modify_user, modify_date)
VALUES ('263', '1', '30000410', '132458', '2010-05-21 07:26:30.0', '132458', '2010-05-21 07:26:30.0');
INSERT INTO phase_criteria (project_phase_id, phase_criteria_type_id, parameter, create_user, create_date, modify_user, modify_date)
VALUES ('264', '5', 'No', '132458', '2010-05-21 07:26:30.0', '132458', '2010-05-21 07:26:30.0');
INSERT INTO phase_criteria (project_phase_id, phase_criteria_type_id, parameter, create_user, create_date, modify_user, modify_date)
VALUES ('264', '1', '30000411', '132458', '2010-05-21 07:26:30.0', '132458', '2010-05-21 07:26:30.0');
INSERT INTO phase_criteria (project_phase_id, phase_criteria_type_id, parameter, create_user, create_date, modify_user, modify_date)
VALUES ('264', '6', '3', '132458', '2010-05-21 07:26:30.0', '132458', '2010-05-21 07:26:30.0');
INSERT INTO phase_criteria (project_phase_id, phase_criteria_type_id, parameter, create_user, create_date, modify_user, modify_date)
VALUES ('265', '5', 'No', '132458', '2010-05-21 07:26:30.0', '132458', '2010-05-21 07:26:30.0');
INSERT INTO phase_criteria (project_phase_id, phase_criteria_type_id, parameter, create_user, create_date, modify_user, modify_date)
VALUES ('265', '4', 'No', '132458', '2010-05-21 07:26:30.0', '132458', '2010-05-21 07:26:30.0');
INSERT INTO phase_criteria (project_phase_id, phase_criteria_type_id, parameter, create_user, create_date, modify_user, modify_date)
VALUES ('266', '5', 'No', '132458', '2010-05-21 07:26:30.0', '132458', '2010-05-21 07:26:30.0');
INSERT INTO phase_criteria (project_phase_id, phase_criteria_type_id, parameter, create_user, create_date, modify_user, modify_date)
VALUES ('267', '5', 'No', '132458', '2010-05-21 07:26:30.0', '132458', '2010-05-21 07:26:30.0');
INSERT INTO phase_criteria (project_phase_id, phase_criteria_type_id, parameter, create_user, create_date, modify_user, modify_date)
VALUES ('268', '5', 'No', '132458', '2010-05-21 07:26:30.0', '132458', '2010-05-21 07:26:30.0');
INSERT INTO phase_criteria (project_phase_id, phase_criteria_type_id, parameter, create_user, create_date, modify_user, modify_date)
VALUES ('269', '5', 'No', '132458', '2010-05-21 07:26:30.0', '132458', '2010-05-21 07:26:30.0');
INSERT INTO phase_criteria (project_phase_id, phase_criteria_type_id, parameter, create_user, create_date, modify_user, modify_date)
VALUES ('270', '5', 'No', '132458', '2010-05-21 07:26:30.0', '132458', '2010-05-21 07:26:30.0');
--  Data for phase_dependency
INSERT INTO phase_dependency (dependency_phase_id, dependent_phase_id, dependency_start, dependent_start, lag_time, create_user, create_date, modify_user, modify_date)
VALUES ('261', '262', '1', '1', '0', '132458', '2010-05-21 07:26:30.0', '132458', '2010-05-21 07:26:30.0');
INSERT INTO phase_dependency (dependency_phase_id, dependent_phase_id, dependency_start, dependent_start, lag_time, create_user, create_date, modify_user, modify_date)
VALUES ('262', '263', '0', '1', '0', '132458', '2010-05-21 07:26:30.0', '132458', '2010-05-21 07:26:30.0');
INSERT INTO phase_dependency (dependency_phase_id, dependent_phase_id, dependency_start, dependent_start, lag_time, create_user, create_date, modify_user, modify_date)
VALUES ('263', '264', '0', '1', '0', '132458', '2010-05-21 07:26:30.0', '132458', '2010-05-21 07:26:30.0');
INSERT INTO phase_dependency (dependency_phase_id, dependent_phase_id, dependency_start, dependent_start, lag_time, create_user, create_date, modify_user, modify_date)
VALUES ('264', '265', '0', '1', '0', '132458', '2010-05-21 07:26:30.0', '132458', '2010-05-21 07:26:30.0');
INSERT INTO phase_dependency (dependency_phase_id, dependent_phase_id, dependency_start, dependent_start, lag_time, create_user, create_date, modify_user, modify_date)
VALUES ('265', '266', '0', '1', '0', '132458', '2010-05-21 07:26:30.0', '132458', '2010-05-21 07:26:30.0');
INSERT INTO phase_dependency (dependency_phase_id, dependent_phase_id, dependency_start, dependent_start, lag_time, create_user, create_date, modify_user, modify_date)
VALUES ('266', '267', '0', '1', '0', '132458', '2010-05-21 07:26:30.0', '132458', '2010-05-21 07:26:30.0');
INSERT INTO phase_dependency (dependency_phase_id, dependent_phase_id, dependency_start, dependent_start, lag_time, create_user, create_date, modify_user, modify_date)
VALUES ('267', '268', '0', '1', '0', '132458', '2010-05-21 07:26:30.0', '132458', '2010-05-21 07:26:30.0');
INSERT INTO phase_dependency (dependency_phase_id, dependent_phase_id, dependency_start, dependent_start, lag_time, create_user, create_date, modify_user, modify_date)
VALUES ('268', '269', '0', '1', '0', '132458', '2010-05-21 07:26:30.0', '132458', '2010-05-21 07:26:30.0');
INSERT INTO phase_dependency (dependency_phase_id, dependent_phase_id, dependency_start, dependent_start, lag_time, create_user, create_date, modify_user, modify_date)
VALUES ('269', '270', '0', '1', '0', '132458', '2010-05-21 07:26:30.0', '132458', '2010-05-21 07:26:30.0');
--  Data for resource
INSERT INTO resource (resource_id, resource_role_id, project_id, project_phase_id, create_user, create_date, modify_user, modify_date)
VALUES ('261', '13', '261', NULL, '132458', '2010-05-21 07:26:30.0', '132458', '2010-05-21 07:26:30.0');
--  Data for resource_info
INSERT INTO resource_info (resource_id, resource_info_type_id, value, create_user, create_date, modify_user, modify_date)
VALUES ('261', '1', '132458', '132458', '2010-05-21 07:26:30.0', '132458', '2010-05-21 07:26:30.0');
INSERT INTO resource_info (resource_id, resource_info_type_id, value, create_user, create_date, modify_user, modify_date)
VALUES ('261', '2', 'user', '132458', '2010-05-21 07:26:30.0', '132458', '2010-05-21 07:26:30.0');
--  Data for user_role
INSERT INTO user_role (user_role_id, comp_vers_id, role_id, login_id, description)
VALUES ('524', '523', '1', '132458', '');
--  Data for word_search
INSERT INTO word_search (word_search_id, document_id, index_word, nbr_occurrences)
VALUES ('527', '521', 'ever                                                                                                ', '2');
INSERT INTO word_search (word_search_id, document_id, index_word, nbr_occurrences)
VALUES ('528', '521', 'component                                                                                           ', '4');
INSERT INTO word_search (word_search_id, document_id, index_word, nbr_occurrences)
VALUES ('529', '521', 'coolest                                                                                             ', '2');
INSERT INTO word_search (word_search_id, document_id, index_word, nbr_occurrences)
VALUES ('530', '521', 'design                                                    ', '2');
--  Data for word_search_ctgy
INSERT INTO word_search_ctgy (word_srch_ctgy_id, category_id, document_id)
VALUES ('526', 'DDECATALOG                                        ', '521');
--  Data for word_search_doc
INSERT INTO word_search_doc (document_id)
VALUES ('521');
-- Data for project
INSERT INTO project (project_id, project_status_id, project_category_id, create_user, create_date, modify_user, modify_date)
VALUES ('271', '2', '2', '132456', '2010-05-21 07:26:30.0', '132456', '2010-05-21 07:26:30.0');
--  Data for project_info
INSERT INTO project_info (project_id, project_info_type_id, value, create_user, create_date, modify_user, modify_date)
VALUES ('271', '1', '543', '132456', '2010-05-21 07:26:30.0', '132456', '2010-05-21 07:26:30.0');
INSERT INTO project_info (project_id, project_info_type_id, value, create_user, create_date, modify_user, modify_date)
VALUES ('271', '2', '541', '132456', '2010-05-21 07:26:30.0', '132456', '2010-05-21 07:26:30.0');
INSERT INTO project_info (project_id, project_info_type_id, value, create_user, create_date, modify_user, modify_date)
VALUES ('271', '3', '1', '132456', '2010-05-21 07:26:30.0', '132456', '2010-05-21 07:26:30.0');
INSERT INTO project_info (project_id, project_info_type_id, value, create_user, create_date, modify_user, modify_date)
VALUES ('271', '4', '0', '132456', '2010-05-21 07:26:30.0', '132456', '2010-05-21 07:26:30.0');
INSERT INTO project_info (project_id, project_info_type_id, value, create_user, create_date, modify_user, modify_date)
VALUES ('271', '5', '5801776', '132456', '2010-05-21 07:26:30.0', '132456', '2010-05-21 07:26:30.0');
INSERT INTO project_info (project_id, project_info_type_id, value, create_user, create_date, modify_user, modify_date)
VALUES ('271', '6', 'Component 28', '132456', '2010-05-21 07:26:30.0', '132456', '2010-05-21 07:26:30.0');
INSERT INTO project_info (project_id, project_info_type_id, value, create_user, create_date, modify_user, modify_date)
VALUES ('271', '7', '1.0                 ', '132456', '2010-05-21 07:26:30.0', '132456', '2010-05-21 07:26:30.0');
INSERT INTO project_info (project_id, project_info_type_id, value, create_user, create_date, modify_user, modify_date)
VALUES ('271', '9', 'Off', '132456', '2010-05-21 07:26:30.0', '132456', '2010-05-21 07:26:30.0');
INSERT INTO project_info (project_id, project_info_type_id, value, create_user, create_date, modify_user, modify_date)
VALUES ('271', '10', 'On', '132456', '2010-05-21 07:26:30.0', '132456', '2010-05-21 07:26:30.0');
INSERT INTO project_info (project_id, project_info_type_id, value, create_user, create_date, modify_user, modify_date)
VALUES ('271', '11', 'On', '132456', '2010-05-21 07:26:30.0', '132456', '2010-05-21 07:26:30.0');
INSERT INTO project_info (project_id, project_info_type_id, value, create_user, create_date, modify_user, modify_date)
VALUES ('271', '12', 'Yes', '132456', '2010-05-21 07:26:30.0', '132456', '2010-05-21 07:26:30.0');
INSERT INTO project_info (project_id, project_info_type_id, value, create_user, create_date, modify_user, modify_date)
VALUES ('271', '13', 'Yes', '132456', '2010-05-21 07:26:30.0', '132456', '2010-05-21 07:26:30.0');
INSERT INTO project_info (project_id, project_info_type_id, value, create_user, create_date, modify_user, modify_date)
VALUES ('271', '14', 'Open', '132456', '2010-05-21 07:26:30.0', '132456', '2010-05-21 07:26:30.0');
INSERT INTO project_info (project_id, project_info_type_id, value, create_user, create_date, modify_user, modify_date)
VALUES ('271', '16', '0.0', '132456', '2010-05-21 07:26:30.0', '132456', '2010-05-21 07:26:30.0');
INSERT INTO project_info (project_id, project_info_type_id, value, create_user, create_date, modify_user, modify_date)
VALUES ('271', '26', 'On', '132456', '2010-05-21 07:26:30.0', '132456', '2010-05-21 07:26:30.0');
INSERT INTO project_info (project_id, project_info_type_id, value, create_user, create_date, modify_user, modify_date)
VALUES ('271', '29', 'On', '132456', '2010-05-21 07:26:30.0', '132456', '2010-05-21 07:26:30.0');
INSERT INTO project_info (project_id, project_info_type_id, value, create_user, create_date, modify_user, modify_date)
VALUES ('271', '41', 'true', '132456', '2010-05-21 07:26:30.0', '132456', '2010-05-21 07:26:30.0');
INSERT INTO project_info (project_id, project_info_type_id, value, create_user, create_date, modify_user, modify_date)
VALUES ('271', '43', 'true', '132456', '2010-05-21 07:26:30.0', '132456', '2010-05-21 07:26:30.0');
--  Data for project_phase
INSERT INTO project_phase (project_phase_id, project_id, phase_type_id, phase_status_id, fixed_start_time, scheduled_start_time, scheduled_end_time, actual_start_time, actual_end_time, duration, create_user, create_date, modify_user, modify_date)
VALUES ('271', '271', '1', '1', '2010-05-27 09:00:00.0', '2010-05-27 09:00:00.0', '2010-06-01 09:00:00.0', NULL, NULL, '259200000', '132456', '2010-05-21 07:26:30.0', '132456', '2010-05-21 07:26:30.0');
INSERT INTO project_phase (project_phase_id, project_id, phase_type_id, phase_status_id, fixed_start_time, scheduled_start_time, scheduled_end_time, actual_start_time, actual_end_time, duration, create_user, create_date, modify_user, modify_date)
VALUES ('272', '271', '2', '1', '2010-05-27 09:00:00.0', '2010-05-27 09:00:00.0', '2010-06-07 09:00:00.0', NULL, NULL, '604800000', '132456', '2010-05-21 07:26:30.0', '132456', '2010-05-21 07:26:30.0');
INSERT INTO project_phase (project_phase_id, project_id, phase_type_id, phase_status_id, fixed_start_time, scheduled_start_time, scheduled_end_time, actual_start_time, actual_end_time, duration, create_user, create_date, modify_user, modify_date)
VALUES ('273', '271', '3', '1', '2010-06-07 09:00:00.0', '2010-06-07 09:00:00.0', '2010-06-08 09:00:00.0', NULL, NULL, '86400000', '132456', '2010-05-21 07:26:30.0', '132456', '2010-05-21 07:26:30.0');
INSERT INTO project_phase (project_phase_id, project_id, phase_type_id, phase_status_id, fixed_start_time, scheduled_start_time, scheduled_end_time, actual_start_time, actual_end_time, duration, create_user, create_date, modify_user, modify_date)
VALUES ('274', '271', '4', '1', '2010-06-08 09:00:00.0', '2010-06-08 09:00:00.0', '2010-06-14 09:00:00.0', NULL, NULL, '345600000', '132456', '2010-05-21 07:26:30.0', '132456', '2010-05-21 07:26:30.0');
INSERT INTO project_phase (project_phase_id, project_id, phase_type_id, phase_status_id, fixed_start_time, scheduled_start_time, scheduled_end_time, actual_start_time, actual_end_time, duration, create_user, create_date, modify_user, modify_date)
VALUES ('275', '271', '5', '1', '2010-06-14 09:00:00.0', '2010-06-14 09:00:00.0', '2010-06-15 09:00:00.0', NULL, NULL, '86400000', '132456', '2010-05-21 07:26:30.0', '132456', '2010-05-21 07:26:30.0');
INSERT INTO project_phase (project_phase_id, project_id, phase_type_id, phase_status_id, fixed_start_time, scheduled_start_time, scheduled_end_time, actual_start_time, actual_end_time, duration, create_user, create_date, modify_user, modify_date)
VALUES ('276', '271', '6', '1', '2010-06-15 09:00:00.0', '2010-06-15 09:00:00.0', '2010-06-16 09:00:00.0', NULL, NULL, '86400000', '132456', '2010-05-21 07:26:30.0', '132456', '2010-05-21 07:26:30.0');
INSERT INTO project_phase (project_phase_id, project_id, phase_type_id, phase_status_id, fixed_start_time, scheduled_start_time, scheduled_end_time, actual_start_time, actual_end_time, duration, create_user, create_date, modify_user, modify_date)
VALUES ('277', '271', '7', '1', '2010-06-16 09:00:00.0', '2010-06-16 09:00:00.0', '2010-06-16 21:00:00.0', NULL, NULL, '43200000', '132456', '2010-05-21 07:26:30.0', '132456', '2010-05-21 07:26:30.0');
INSERT INTO project_phase (project_phase_id, project_id, phase_type_id, phase_status_id, fixed_start_time, scheduled_start_time, scheduled_end_time, actual_start_time, actual_end_time, duration, create_user, create_date, modify_user, modify_date)
VALUES ('278', '271', '8', '1', '2010-06-16 21:00:00.0', '2010-06-16 21:00:00.0', '2010-06-17 09:00:00.0', NULL, NULL, '43200000', '132456', '2010-05-21 07:26:30.0', '132456', '2010-05-21 07:26:30.0');
INSERT INTO project_phase (project_phase_id, project_id, phase_type_id, phase_status_id, fixed_start_time, scheduled_start_time, scheduled_end_time, actual_start_time, actual_end_time, duration, create_user, create_date, modify_user, modify_date)
VALUES ('279', '271', '9', '1', '2010-06-17 09:00:00.0', '2010-06-17 09:00:00.0', '2010-06-22 09:00:00.0', NULL, NULL, '259200000', '132456', '2010-05-21 07:26:30.0', '132456', '2010-05-21 07:26:30.0');
INSERT INTO project_phase (project_phase_id, project_id, phase_type_id, phase_status_id, fixed_start_time, scheduled_start_time, scheduled_end_time, actual_start_time, actual_end_time, duration, create_user, create_date, modify_user, modify_date)
VALUES ('280', '271', '10', '1', '2010-06-22 09:00:00.0', '2010-06-22 09:00:00.0', '2010-06-23 09:00:00.0', NULL, NULL, '86400000', '132456', '2010-05-21 07:26:30.0', '132456', '2010-05-21 07:26:30.0');
--  Data for comp_catalog
INSERT INTO comp_catalog (component_id, current_version, short_desc, component_name, description, function_desc, create_time, status_id, root_category_id, modify_date, public_ind)
VALUES ('541', '1', 'Coolest component ever', 'Component 28', 'Coolest component ever', 'Component', '2010-05-21 07:20:14.48', '102', '5801776', '2010-05-21 07:23:44.0', '0');
--  Data for comp_versions
INSERT INTO comp_versions (comp_vers_id, component_id, version, version_text, create_time, phase_id, phase_time, price, comments, modify_date,
                           suspended_ind)
VALUES ('543', '541', '1', '1.0                 ', '2010-05-21 07:20:14.48', '112', '1976-05-04 00:00:00.0', '1000.00', 'Cool', '2010-05-21 07:27:01.0', '0');
--  Data for comp_categories
INSERT INTO comp_categories (comp_categories_id, component_id, category_id)
VALUES ('545', '541', '11');
--  Data for comp_keywords
INSERT INTO comp_keywords (comp_keywords_id, component_id, keyword)
VALUES ('551', '541', 'development');
--  Data for comp_technology
INSERT INTO comp_technology (comp_tech_id, comp_vers_id, technology_type_id)
VALUES ('552', '543', '1');
--  Data for comp_documentation
INSERT INTO comp_documentation (document_id, comp_vers_id, document_type_id, document_name, url)
VALUES ('553', '543', '0', 'Requirements Specification', '541/543/MQTTBroker_Requirements_Specification.pdf');
--  Data for comp_jive_category_xref
INSERT INTO comp_jive_category_xref (comp_vers_id, jive_category_id)
VALUES ('543', '0');
--  Data for comp_version_dates
INSERT INTO comp_version_dates (comp_version_dates_id, comp_vers_id, phase_id, posting_date, initial_submission_date, winner_announced_date, final_submission_date,
                                estimated_dev_date, price, total_submissions, status_id, create_time, level_id, screening_complete_date, review_complete_date,
                                aggregation_complete_date, phase_complete_date, production_date, aggregation_complete_date_comment, phase_complete_date_comment,
                                review_complete_date_comment, winner_announced_date_comment, initial_submission_date_comment, screening_complete_date_comment,
                                final_submission_date_comment, production_date_comment, modify_date)
VALUES ('554', '543', '112', '1976-05-05', '2000-01-01', '2000-01-01', 
        '2000-01-01', '2000-01-01', NULL, '0', '301', '2010-05-21 07:27:01.0', '100', '2000-01-01',
        '2000-01-01', '2000-01-01', '2000-01-01', '2010-12-01', 
        NULL, NULL, NULL, NULL, NULL, NULL, NULL, '', '2010-05-21 07:27:01.0');
--  Data for phase_criteria
INSERT INTO phase_criteria (project_phase_id, phase_criteria_type_id, parameter, create_user, create_date, modify_user, modify_date)
VALUES ('271', '2', '0', '132456', '2010-05-21 07:26:30.0', '132456', '2010-05-21 07:26:30.0');
INSERT INTO phase_criteria (project_phase_id, phase_criteria_type_id, parameter, create_user, create_date, modify_user, modify_date)
VALUES ('271', '5', 'No', '132456', '2010-05-21 07:26:30.0', '132456', '2010-05-21 07:26:30.0');
INSERT INTO phase_criteria (project_phase_id, phase_criteria_type_id, parameter, create_user, create_date, modify_user, modify_date)
VALUES ('272', '3', '0', '132456', '2010-05-21 07:26:30.0', '132456', '2010-05-21 07:26:30.0');
INSERT INTO phase_criteria (project_phase_id, phase_criteria_type_id, parameter, create_user, create_date, modify_user, modify_date)
VALUES ('272', '5', 'No', '132456', '2010-05-21 07:26:30.0', '132456', '2010-05-21 07:26:30.0');
INSERT INTO phase_criteria (project_phase_id, phase_criteria_type_id, parameter, create_user, create_date, modify_user, modify_date)
VALUES ('273', '5', 'No', '132456', '2010-05-21 07:26:30.0', '132456', '2010-05-21 07:26:30.0');
INSERT INTO phase_criteria (project_phase_id, phase_criteria_type_id, parameter, create_user, create_date, modify_user, modify_date)
VALUES ('273', '1', '30000410', '132456', '2010-05-21 07:26:30.0', '132456', '2010-05-21 07:26:30.0');
INSERT INTO phase_criteria (project_phase_id, phase_criteria_type_id, parameter, create_user, create_date, modify_user, modify_date)
VALUES ('274', '5', 'No', '132456', '2010-05-21 07:26:30.0', '132456', '2010-05-21 07:26:30.0');
INSERT INTO phase_criteria (project_phase_id, phase_criteria_type_id, parameter, create_user, create_date, modify_user, modify_date)
VALUES ('274', '1', '30000411', '132456', '2010-05-21 07:26:30.0', '132456', '2010-05-21 07:26:30.0');
INSERT INTO phase_criteria (project_phase_id, phase_criteria_type_id, parameter, create_user, create_date, modify_user, modify_date)
VALUES ('274', '6', '3', '132456', '2010-05-21 07:26:30.0', '132456', '2010-05-21 07:26:30.0');
INSERT INTO phase_criteria (project_phase_id, phase_criteria_type_id, parameter, create_user, create_date, modify_user, modify_date)
VALUES ('275', '5', 'No', '132456', '2010-05-21 07:26:30.0', '132456', '2010-05-21 07:26:30.0');
INSERT INTO phase_criteria (project_phase_id, phase_criteria_type_id, parameter, create_user, create_date, modify_user, modify_date)
VALUES ('275', '4', 'No', '132456', '2010-05-21 07:26:30.0', '132456', '2010-05-21 07:26:30.0');
INSERT INTO phase_criteria (project_phase_id, phase_criteria_type_id, parameter, create_user, create_date, modify_user, modify_date)
VALUES ('276', '5', 'No', '132456', '2010-05-21 07:26:30.0', '132456', '2010-05-21 07:26:30.0');
INSERT INTO phase_criteria (project_phase_id, phase_criteria_type_id, parameter, create_user, create_date, modify_user, modify_date)
VALUES ('277', '5', 'No', '132456', '2010-05-21 07:26:30.0', '132456', '2010-05-21 07:26:30.0');
INSERT INTO phase_criteria (project_phase_id, phase_criteria_type_id, parameter, create_user, create_date, modify_user, modify_date)
VALUES ('278', '5', 'No', '132456', '2010-05-21 07:26:30.0', '132456', '2010-05-21 07:26:30.0');
INSERT INTO phase_criteria (project_phase_id, phase_criteria_type_id, parameter, create_user, create_date, modify_user, modify_date)
VALUES ('279', '5', 'No', '132456', '2010-05-21 07:26:30.0', '132456', '2010-05-21 07:26:30.0');
INSERT INTO phase_criteria (project_phase_id, phase_criteria_type_id, parameter, create_user, create_date, modify_user, modify_date)
VALUES ('280', '5', 'No', '132456', '2010-05-21 07:26:30.0', '132456', '2010-05-21 07:26:30.0');
--  Data for phase_dependency
INSERT INTO phase_dependency (dependency_phase_id, dependent_phase_id, dependency_start, dependent_start, lag_time, create_user, create_date, modify_user, modify_date)
VALUES ('271', '272', '1', '1', '0', '132456', '2010-05-21 07:26:30.0', '132456', '2010-05-21 07:26:30.0');
INSERT INTO phase_dependency (dependency_phase_id, dependent_phase_id, dependency_start, dependent_start, lag_time, create_user, create_date, modify_user, modify_date)
VALUES ('272', '273', '0', '1', '0', '132456', '2010-05-21 07:26:30.0', '132456', '2010-05-21 07:26:30.0');
INSERT INTO phase_dependency (dependency_phase_id, dependent_phase_id, dependency_start, dependent_start, lag_time, create_user, create_date, modify_user, modify_date)
VALUES ('273', '274', '0', '1', '0', '132456', '2010-05-21 07:26:30.0', '132456', '2010-05-21 07:26:30.0');
INSERT INTO phase_dependency (dependency_phase_id, dependent_phase_id, dependency_start, dependent_start, lag_time, create_user, create_date, modify_user, modify_date)
VALUES ('274', '275', '0', '1', '0', '132456', '2010-05-21 07:26:30.0', '132456', '2010-05-21 07:26:30.0');
INSERT INTO phase_dependency (dependency_phase_id, dependent_phase_id, dependency_start, dependent_start, lag_time, create_user, create_date, modify_user, modify_date)
VALUES ('275', '276', '0', '1', '0', '132456', '2010-05-21 07:26:30.0', '132456', '2010-05-21 07:26:30.0');
INSERT INTO phase_dependency (dependency_phase_id, dependent_phase_id, dependency_start, dependent_start, lag_time, create_user, create_date, modify_user, modify_date)
VALUES ('276', '277', '0', '1', '0', '132456', '2010-05-21 07:26:30.0', '132456', '2010-05-21 07:26:30.0');
INSERT INTO phase_dependency (dependency_phase_id, dependent_phase_id, dependency_start, dependent_start, lag_time, create_user, create_date, modify_user, modify_date)
VALUES ('277', '278', '0', '1', '0', '132456', '2010-05-21 07:26:30.0', '132456', '2010-05-21 07:26:30.0');
INSERT INTO phase_dependency (dependency_phase_id, dependent_phase_id, dependency_start, dependent_start, lag_time, create_user, create_date, modify_user, modify_date)
VALUES ('278', '279', '0', '1', '0', '132456', '2010-05-21 07:26:30.0', '132456', '2010-05-21 07:26:30.0');
INSERT INTO phase_dependency (dependency_phase_id, dependent_phase_id, dependency_start, dependent_start, lag_time, create_user, create_date, modify_user, modify_date)
VALUES ('279', '280', '0', '1', '0', '132456', '2010-05-21 07:26:30.0', '132456', '2010-05-21 07:26:30.0');
--  Data for resource
INSERT INTO resource (resource_id, resource_role_id, project_id, project_phase_id, create_user, create_date, modify_user, modify_date)
VALUES ('271', '13', '271', NULL, '132456', '2010-05-21 07:26:30.0', '132456', '2010-05-21 07:26:30.0');
--  Data for resource_info
INSERT INTO resource_info (resource_id, resource_info_type_id, value, create_user, create_date, modify_user, modify_date)
VALUES ('271', '1', '132456', '132456', '2010-05-21 07:26:30.0', '132456', '2010-05-21 07:26:30.0');
INSERT INTO resource_info (resource_id, resource_info_type_id, value, create_user, create_date, modify_user, modify_date)
VALUES ('271', '2', 'heffan', '132456', '2010-05-21 07:26:30.0', '132456', '2010-05-21 07:26:30.0');
--  Data for user_role
INSERT INTO user_role (user_role_id, comp_vers_id, role_id, login_id, description)
VALUES ('544', '543', '1', '132456', '');
--  Data for word_search
INSERT INTO word_search (word_search_id, document_id, index_word, nbr_occurrences)
VALUES ('547', '541', 'ever                                                                                                ', '2');
INSERT INTO word_search (word_search_id, document_id, index_word, nbr_occurrences)
VALUES ('548', '541', 'component                                                                                           ', '4');
INSERT INTO word_search (word_search_id, document_id, index_word, nbr_occurrences)
VALUES ('549', '541', 'coolest                                                                                             ', '2');
INSERT INTO word_search (word_search_id, document_id, index_word, nbr_occurrences)
VALUES ('550', '541', 'development                                                    ', '2');
--  Data for word_search_ctgy
INSERT INTO word_search_ctgy (word_srch_ctgy_id, category_id, document_id)
VALUES ('546', 'DDECATALOG                                        ', '541');
--  Data for word_search_doc
INSERT INTO word_search_doc (document_id)
VALUES ('541');
-- Data for project
INSERT INTO project (project_id, project_status_id, project_category_id, create_user, create_date, modify_user, modify_date)
VALUES ('281', '2', '7', '132456', '2010-05-21 07:26:30.0', '132456', '2010-05-21 07:26:30.0');
--  Data for project_info
INSERT INTO project_info (project_id, project_info_type_id, value, create_user, create_date, modify_user, modify_date)
VALUES ('281', '1', '563', '132456', '2010-05-21 07:26:30.0', '132456', '2010-05-21 07:26:30.0');
INSERT INTO project_info (project_id, project_info_type_id, value, create_user, create_date, modify_user, modify_date)
VALUES ('281', '2', '561', '132456', '2010-05-21 07:26:30.0', '132456', '2010-05-21 07:26:30.0');
INSERT INTO project_info (project_id, project_info_type_id, value, create_user, create_date, modify_user, modify_date)
VALUES ('281', '3', '1', '132456', '2010-05-21 07:26:30.0', '132456', '2010-05-21 07:26:30.0');
INSERT INTO project_info (project_id, project_info_type_id, value, create_user, create_date, modify_user, modify_date)
VALUES ('281', '4', '0', '132456', '2010-05-21 07:26:30.0', '132456', '2010-05-21 07:26:30.0');
INSERT INTO project_info (project_id, project_info_type_id, value, create_user, create_date, modify_user, modify_date)
VALUES ('281', '5', '5801776', '132456', '2010-05-21 07:26:30.0', '132456', '2010-05-21 07:26:30.0');
INSERT INTO project_info (project_id, project_info_type_id, value, create_user, create_date, modify_user, modify_date)
VALUES ('281', '6', 'Component 29', '132456', '2010-05-21 07:26:30.0', '132456', '2010-05-21 07:26:30.0');
INSERT INTO project_info (project_id, project_info_type_id, value, create_user, create_date, modify_user, modify_date)
VALUES ('281', '7', '1.0                 ', '132456', '2010-05-21 07:26:30.0', '132456', '2010-05-21 07:26:30.0');
INSERT INTO project_info (project_id, project_info_type_id, value, create_user, create_date, modify_user, modify_date)
VALUES ('281', '9', 'Off', '132456', '2010-05-21 07:26:30.0', '132456', '2010-05-21 07:26:30.0');
INSERT INTO project_info (project_id, project_info_type_id, value, create_user, create_date, modify_user, modify_date)
VALUES ('281', '10', 'On', '132456', '2010-05-21 07:26:30.0', '132456', '2010-05-21 07:26:30.0');
INSERT INTO project_info (project_id, project_info_type_id, value, create_user, create_date, modify_user, modify_date)
VALUES ('281', '11', 'On', '132456', '2010-05-21 07:26:30.0', '132456', '2010-05-21 07:26:30.0');
INSERT INTO project_info (project_id, project_info_type_id, value, create_user, create_date, modify_user, modify_date)
VALUES ('281', '12', 'Yes', '132456', '2010-05-21 07:26:30.0', '132456', '2010-05-21 07:26:30.0');
INSERT INTO project_info (project_id, project_info_type_id, value, create_user, create_date, modify_user, modify_date)
VALUES ('281', '13', 'Yes', '132456', '2010-05-21 07:26:30.0', '132456', '2010-05-21 07:26:30.0');
INSERT INTO project_info (project_id, project_info_type_id, value, create_user, create_date, modify_user, modify_date)
VALUES ('281', '14', 'Open', '132456', '2010-05-21 07:26:30.0', '132456', '2010-05-21 07:26:30.0');
INSERT INTO project_info (project_id, project_info_type_id, value, create_user, create_date, modify_user, modify_date)
VALUES ('281', '16', '0.0', '132456', '2010-05-21 07:26:30.0', '132456', '2010-05-21 07:26:30.0');
INSERT INTO project_info (project_id, project_info_type_id, value, create_user, create_date, modify_user, modify_date)
VALUES ('281', '26', 'On', '132456', '2010-05-21 07:26:30.0', '132456', '2010-05-21 07:26:30.0');
INSERT INTO project_info (project_id, project_info_type_id, value, create_user, create_date, modify_user, modify_date)
VALUES ('281', '29', 'On', '132456', '2010-05-21 07:26:30.0', '132456', '2010-05-21 07:26:30.0');
INSERT INTO project_info (project_id, project_info_type_id, value, create_user, create_date, modify_user, modify_date)
VALUES ('281', '41', 'true', '132456', '2010-05-21 07:26:30.0', '132456', '2010-05-21 07:26:30.0');
INSERT INTO project_info (project_id, project_info_type_id, value, create_user, create_date, modify_user, modify_date)
VALUES ('281', '43', 'true', '132456', '2010-05-21 07:26:30.0', '132456', '2010-05-21 07:26:30.0');
--  Data for project_phase
INSERT INTO project_phase (project_phase_id, project_id, phase_type_id, phase_status_id, fixed_start_time, scheduled_start_time, scheduled_end_time, actual_start_time, actual_end_time, duration, create_user, create_date, modify_user, modify_date)
VALUES ('281', '281', '1', '1', '2010-05-27 09:00:00.0', '2010-05-27 09:00:00.0', '2010-06-01 09:00:00.0', NULL, NULL, '259200000', '132456', '2010-05-21 07:26:30.0', '132456', '2010-05-21 07:26:30.0');
INSERT INTO project_phase (project_phase_id, project_id, phase_type_id, phase_status_id, fixed_start_time, scheduled_start_time, scheduled_end_time, actual_start_time, actual_end_time, duration, create_user, create_date, modify_user, modify_date)
VALUES ('282', '281', '2', '1', '2010-05-27 09:00:00.0', '2010-05-27 09:00:00.0', '2010-06-07 09:00:00.0', NULL, NULL, '604800000', '132456', '2010-05-21 07:26:30.0', '132456', '2010-05-21 07:26:30.0');
INSERT INTO project_phase (project_phase_id, project_id, phase_type_id, phase_status_id, fixed_start_time, scheduled_start_time, scheduled_end_time, actual_start_time, actual_end_time, duration, create_user, create_date, modify_user, modify_date)
VALUES ('283', '281', '3', '1', '2010-06-07 09:00:00.0', '2010-06-07 09:00:00.0', '2010-06-08 09:00:00.0', NULL, NULL, '86400000', '132456', '2010-05-21 07:26:30.0', '132456', '2010-05-21 07:26:30.0');
INSERT INTO project_phase (project_phase_id, project_id, phase_type_id, phase_status_id, fixed_start_time, scheduled_start_time, scheduled_end_time, actual_start_time, actual_end_time, duration, create_user, create_date, modify_user, modify_date)
VALUES ('284', '281', '4', '1', '2010-06-08 09:00:00.0', '2010-06-08 09:00:00.0', '2010-06-14 09:00:00.0', NULL, NULL, '345600000', '132456', '2010-05-21 07:26:30.0', '132456', '2010-05-21 07:26:30.0');
INSERT INTO project_phase (project_phase_id, project_id, phase_type_id, phase_status_id, fixed_start_time, scheduled_start_time, scheduled_end_time, actual_start_time, actual_end_time, duration, create_user, create_date, modify_user, modify_date)
VALUES ('285', '281', '5', '1', '2010-06-14 09:00:00.0', '2010-06-14 09:00:00.0', '2010-06-15 09:00:00.0', NULL, NULL, '86400000', '132456', '2010-05-21 07:26:30.0', '132456', '2010-05-21 07:26:30.0');
INSERT INTO project_phase (project_phase_id, project_id, phase_type_id, phase_status_id, fixed_start_time, scheduled_start_time, scheduled_end_time, actual_start_time, actual_end_time, duration, create_user, create_date, modify_user, modify_date)
VALUES ('286', '281', '6', '1', '2010-06-15 09:00:00.0', '2010-06-15 09:00:00.0', '2010-06-16 09:00:00.0', NULL, NULL, '86400000', '132456', '2010-05-21 07:26:30.0', '132456', '2010-05-21 07:26:30.0');
INSERT INTO project_phase (project_phase_id, project_id, phase_type_id, phase_status_id, fixed_start_time, scheduled_start_time, scheduled_end_time, actual_start_time, actual_end_time, duration, create_user, create_date, modify_user, modify_date)
VALUES ('287', '281', '7', '1', '2010-06-16 09:00:00.0', '2010-06-16 09:00:00.0', '2010-06-16 21:00:00.0', NULL, NULL, '43200000', '132456', '2010-05-21 07:26:30.0', '132456', '2010-05-21 07:26:30.0');
INSERT INTO project_phase (project_phase_id, project_id, phase_type_id, phase_status_id, fixed_start_time, scheduled_start_time, scheduled_end_time, actual_start_time, actual_end_time, duration, create_user, create_date, modify_user, modify_date)
VALUES ('288', '281', '8', '1', '2010-06-16 21:00:00.0', '2010-06-16 21:00:00.0', '2010-06-17 09:00:00.0', NULL, NULL, '43200000', '132456', '2010-05-21 07:26:30.0', '132456', '2010-05-21 07:26:30.0');
INSERT INTO project_phase (project_phase_id, project_id, phase_type_id, phase_status_id, fixed_start_time, scheduled_start_time, scheduled_end_time, actual_start_time, actual_end_time, duration, create_user, create_date, modify_user, modify_date)
VALUES ('289', '281', '9', '1', '2010-06-17 09:00:00.0', '2010-06-17 09:00:00.0', '2010-06-22 09:00:00.0', NULL, NULL, '259200000', '132456', '2010-05-21 07:26:30.0', '132456', '2010-05-21 07:26:30.0');
INSERT INTO project_phase (project_phase_id, project_id, phase_type_id, phase_status_id, fixed_start_time, scheduled_start_time, scheduled_end_time, actual_start_time, actual_end_time, duration, create_user, create_date, modify_user, modify_date)
VALUES ('290', '281', '10', '1', '2010-06-22 09:00:00.0', '2010-06-22 09:00:00.0', '2010-06-23 09:00:00.0', NULL, NULL, '86400000', '132456', '2010-05-21 07:26:30.0', '132456', '2010-05-21 07:26:30.0');
--  Data for comp_catalog
INSERT INTO comp_catalog (component_id, current_version, short_desc, component_name, description, function_desc, create_time, status_id, root_category_id, modify_date, public_ind)
VALUES ('561', '1', 'Coolest component ever', 'Component 29', 'Coolest component ever', 'Component', '2010-05-21 07:20:14.48', '102', '5801776', '2010-05-21 07:23:44.0', '0');
--  Data for comp_versions
INSERT INTO comp_versions (comp_vers_id, component_id, version, version_text, create_time, phase_id, phase_time, price, comments, modify_date,
                           suspended_ind)
VALUES ('563', '561', '1', '1.0                 ', '2010-05-21 07:20:14.48', '112', '1976-05-04 00:00:00.0', '1000.00', 'Cool', '2010-05-21 07:27:01.0', '0');
--  Data for comp_categories
INSERT INTO comp_categories (comp_categories_id, component_id, category_id)
VALUES ('565', '561', '11');
--  Data for comp_keywords
INSERT INTO comp_keywords (comp_keywords_id, component_id, keyword)
VALUES ('571', '561', 'architecture');
--  Data for comp_technology
INSERT INTO comp_technology (comp_tech_id, comp_vers_id, technology_type_id)
VALUES ('572', '563', '1');
--  Data for comp_documentation
INSERT INTO comp_documentation (document_id, comp_vers_id, document_type_id, document_name, url)
VALUES ('573', '563', '0', 'Requirements Specification', '561/563/MQTTBroker_Requirements_Specification.pdf');
--  Data for comp_jive_category_xref
INSERT INTO comp_jive_category_xref (comp_vers_id, jive_category_id)
VALUES ('563', '0');
--  Data for comp_version_dates
INSERT INTO comp_version_dates (comp_version_dates_id, comp_vers_id, phase_id, posting_date, initial_submission_date, winner_announced_date, final_submission_date,
                                estimated_dev_date, price, total_submissions, status_id, create_time, level_id, screening_complete_date, review_complete_date,
                                aggregation_complete_date, phase_complete_date, production_date, aggregation_complete_date_comment, phase_complete_date_comment,
                                review_complete_date_comment, winner_announced_date_comment, initial_submission_date_comment, screening_complete_date_comment,
                                final_submission_date_comment, production_date_comment, modify_date)
VALUES ('574', '563', '112', '1976-05-05', '2000-01-01', '2000-01-01', 
        '2000-01-01', '2000-01-01', NULL, '0', '301', '2010-05-21 07:27:01.0', '100', '2000-01-01',
        '2000-01-01', '2000-01-01', '2000-01-01', '2010-12-01', 
        NULL, NULL, NULL, NULL, NULL, NULL, NULL, '', '2010-05-21 07:27:01.0');
--  Data for phase_criteria
INSERT INTO phase_criteria (project_phase_id, phase_criteria_type_id, parameter, create_user, create_date, modify_user, modify_date)
VALUES ('281', '2', '0', '132456', '2010-05-21 07:26:30.0', '132456', '2010-05-21 07:26:30.0');
INSERT INTO phase_criteria (project_phase_id, phase_criteria_type_id, parameter, create_user, create_date, modify_user, modify_date)
VALUES ('281', '5', 'No', '132456', '2010-05-21 07:26:30.0', '132456', '2010-05-21 07:26:30.0');
INSERT INTO phase_criteria (project_phase_id, phase_criteria_type_id, parameter, create_user, create_date, modify_user, modify_date)
VALUES ('282', '3', '0', '132456', '2010-05-21 07:26:30.0', '132456', '2010-05-21 07:26:30.0');
INSERT INTO phase_criteria (project_phase_id, phase_criteria_type_id, parameter, create_user, create_date, modify_user, modify_date)
VALUES ('282', '5', 'No', '132456', '2010-05-21 07:26:30.0', '132456', '2010-05-21 07:26:30.0');
INSERT INTO phase_criteria (project_phase_id, phase_criteria_type_id, parameter, create_user, create_date, modify_user, modify_date)
VALUES ('283', '5', 'No', '132456', '2010-05-21 07:26:30.0', '132456', '2010-05-21 07:26:30.0');
INSERT INTO phase_criteria (project_phase_id, phase_criteria_type_id, parameter, create_user, create_date, modify_user, modify_date)
VALUES ('283', '1', '30000410', '132456', '2010-05-21 07:26:30.0', '132456', '2010-05-21 07:26:30.0');
INSERT INTO phase_criteria (project_phase_id, phase_criteria_type_id, parameter, create_user, create_date, modify_user, modify_date)
VALUES ('284', '5', 'No', '132456', '2010-05-21 07:26:30.0', '132456', '2010-05-21 07:26:30.0');
INSERT INTO phase_criteria (project_phase_id, phase_criteria_type_id, parameter, create_user, create_date, modify_user, modify_date)
VALUES ('284', '1', '30000411', '132456', '2010-05-21 07:26:30.0', '132456', '2010-05-21 07:26:30.0');
INSERT INTO phase_criteria (project_phase_id, phase_criteria_type_id, parameter, create_user, create_date, modify_user, modify_date)
VALUES ('284', '6', '3', '132456', '2010-05-21 07:26:30.0', '132456', '2010-05-21 07:26:30.0');
INSERT INTO phase_criteria (project_phase_id, phase_criteria_type_id, parameter, create_user, create_date, modify_user, modify_date)
VALUES ('285', '5', 'No', '132456', '2010-05-21 07:26:30.0', '132456', '2010-05-21 07:26:30.0');
INSERT INTO phase_criteria (project_phase_id, phase_criteria_type_id, parameter, create_user, create_date, modify_user, modify_date)
VALUES ('285', '4', 'No', '132456', '2010-05-21 07:26:30.0', '132456', '2010-05-21 07:26:30.0');
INSERT INTO phase_criteria (project_phase_id, phase_criteria_type_id, parameter, create_user, create_date, modify_user, modify_date)
VALUES ('286', '5', 'No', '132456', '2010-05-21 07:26:30.0', '132456', '2010-05-21 07:26:30.0');
INSERT INTO phase_criteria (project_phase_id, phase_criteria_type_id, parameter, create_user, create_date, modify_user, modify_date)
VALUES ('287', '5', 'No', '132456', '2010-05-21 07:26:30.0', '132456', '2010-05-21 07:26:30.0');
INSERT INTO phase_criteria (project_phase_id, phase_criteria_type_id, parameter, create_user, create_date, modify_user, modify_date)
VALUES ('288', '5', 'No', '132456', '2010-05-21 07:26:30.0', '132456', '2010-05-21 07:26:30.0');
INSERT INTO phase_criteria (project_phase_id, phase_criteria_type_id, parameter, create_user, create_date, modify_user, modify_date)
VALUES ('289', '5', 'No', '132456', '2010-05-21 07:26:30.0', '132456', '2010-05-21 07:26:30.0');
INSERT INTO phase_criteria (project_phase_id, phase_criteria_type_id, parameter, create_user, create_date, modify_user, modify_date)
VALUES ('290', '5', 'No', '132456', '2010-05-21 07:26:30.0', '132456', '2010-05-21 07:26:30.0');
--  Data for phase_dependency
INSERT INTO phase_dependency (dependency_phase_id, dependent_phase_id, dependency_start, dependent_start, lag_time, create_user, create_date, modify_user, modify_date)
VALUES ('281', '282', '1', '1', '0', '132456', '2010-05-21 07:26:30.0', '132456', '2010-05-21 07:26:30.0');
INSERT INTO phase_dependency (dependency_phase_id, dependent_phase_id, dependency_start, dependent_start, lag_time, create_user, create_date, modify_user, modify_date)
VALUES ('282', '283', '0', '1', '0', '132456', '2010-05-21 07:26:30.0', '132456', '2010-05-21 07:26:30.0');
INSERT INTO phase_dependency (dependency_phase_id, dependent_phase_id, dependency_start, dependent_start, lag_time, create_user, create_date, modify_user, modify_date)
VALUES ('283', '284', '0', '1', '0', '132456', '2010-05-21 07:26:30.0', '132456', '2010-05-21 07:26:30.0');
INSERT INTO phase_dependency (dependency_phase_id, dependent_phase_id, dependency_start, dependent_start, lag_time, create_user, create_date, modify_user, modify_date)
VALUES ('284', '285', '0', '1', '0', '132456', '2010-05-21 07:26:30.0', '132456', '2010-05-21 07:26:30.0');
INSERT INTO phase_dependency (dependency_phase_id, dependent_phase_id, dependency_start, dependent_start, lag_time, create_user, create_date, modify_user, modify_date)
VALUES ('285', '286', '0', '1', '0', '132456', '2010-05-21 07:26:30.0', '132456', '2010-05-21 07:26:30.0');
INSERT INTO phase_dependency (dependency_phase_id, dependent_phase_id, dependency_start, dependent_start, lag_time, create_user, create_date, modify_user, modify_date)
VALUES ('286', '287', '0', '1', '0', '132456', '2010-05-21 07:26:30.0', '132456', '2010-05-21 07:26:30.0');
INSERT INTO phase_dependency (dependency_phase_id, dependent_phase_id, dependency_start, dependent_start, lag_time, create_user, create_date, modify_user, modify_date)
VALUES ('287', '288', '0', '1', '0', '132456', '2010-05-21 07:26:30.0', '132456', '2010-05-21 07:26:30.0');
INSERT INTO phase_dependency (dependency_phase_id, dependent_phase_id, dependency_start, dependent_start, lag_time, create_user, create_date, modify_user, modify_date)
VALUES ('288', '289', '0', '1', '0', '132456', '2010-05-21 07:26:30.0', '132456', '2010-05-21 07:26:30.0');
INSERT INTO phase_dependency (dependency_phase_id, dependent_phase_id, dependency_start, dependent_start, lag_time, create_user, create_date, modify_user, modify_date)
VALUES ('289', '290', '0', '1', '0', '132456', '2010-05-21 07:26:30.0', '132456', '2010-05-21 07:26:30.0');
--  Data for resource
INSERT INTO resource (resource_id, resource_role_id, project_id, project_phase_id, create_user, create_date, modify_user, modify_date)
VALUES ('281', '13', '281', NULL, '132456', '2010-05-21 07:26:30.0', '132456', '2010-05-21 07:26:30.0');
--  Data for resource_info
INSERT INTO resource_info (resource_id, resource_info_type_id, value, create_user, create_date, modify_user, modify_date)
VALUES ('281', '1', '132456', '132456', '2010-05-21 07:26:30.0', '132456', '2010-05-21 07:26:30.0');
INSERT INTO resource_info (resource_id, resource_info_type_id, value, create_user, create_date, modify_user, modify_date)
VALUES ('281', '2', 'heffan', '132456', '2010-05-21 07:26:30.0', '132456', '2010-05-21 07:26:30.0');
--  Data for user_role
INSERT INTO user_role (user_role_id, comp_vers_id, role_id, login_id, description)
VALUES ('564', '563', '1', '132456', '');
--  Data for word_search
INSERT INTO word_search (word_search_id, document_id, index_word, nbr_occurrences)
VALUES ('567', '561', 'ever                                                                                                ', '2');
INSERT INTO word_search (word_search_id, document_id, index_word, nbr_occurrences)
VALUES ('568', '561', 'component                                                                                           ', '4');
INSERT INTO word_search (word_search_id, document_id, index_word, nbr_occurrences)
VALUES ('569', '561', 'coolest                                                                                             ', '2');
INSERT INTO word_search (word_search_id, document_id, index_word, nbr_occurrences)
VALUES ('570', '561', 'architecture                                                    ', '2');
--  Data for word_search_ctgy
INSERT INTO word_search_ctgy (word_srch_ctgy_id, category_id, document_id)
VALUES ('566', 'DDECATALOG                                        ', '561');
--  Data for word_search_doc
INSERT INTO word_search_doc (document_id)
VALUES ('561');
-- Data for project
INSERT INTO project (project_id, project_status_id, project_category_id, create_user, create_date, modify_user, modify_date)
VALUES ('291', '1', '1', '132456', '2010-05-21 07:26:30.0', '132456', '2010-05-21 07:26:30.0');
--  Data for project_info
INSERT INTO project_info (project_id, project_info_type_id, value, create_user, create_date, modify_user, modify_date)
VALUES ('291', '1', '583', '132456', '2010-05-21 07:26:30.0', '132456', '2010-05-21 07:26:30.0');
INSERT INTO project_info (project_id, project_info_type_id, value, create_user, create_date, modify_user, modify_date)
VALUES ('291', '2', '581', '132456', '2010-05-21 07:26:30.0', '132456', '2010-05-21 07:26:30.0');
INSERT INTO project_info (project_id, project_info_type_id, value, create_user, create_date, modify_user, modify_date)
VALUES ('291', '3', '1', '132456', '2010-05-21 07:26:30.0', '132456', '2010-05-21 07:26:30.0');
INSERT INTO project_info (project_id, project_info_type_id, value, create_user, create_date, modify_user, modify_date)
VALUES ('291', '4', '0', '132456', '2010-05-21 07:26:30.0', '132456', '2010-05-21 07:26:30.0');
INSERT INTO project_info (project_id, project_info_type_id, value, create_user, create_date, modify_user, modify_date)
VALUES ('291', '5', '5801776', '132456', '2010-05-21 07:26:30.0', '132456', '2010-05-21 07:26:30.0');
INSERT INTO project_info (project_id, project_info_type_id, value, create_user, create_date, modify_user, modify_date)
VALUES ('291', '6', 'Component 30', '132456', '2010-05-21 07:26:30.0', '132456', '2010-05-21 07:26:30.0');
INSERT INTO project_info (project_id, project_info_type_id, value, create_user, create_date, modify_user, modify_date)
VALUES ('291', '7', '1.0                 ', '132456', '2010-05-21 07:26:30.0', '132456', '2010-05-21 07:26:30.0');
INSERT INTO project_info (project_id, project_info_type_id, value, create_user, create_date, modify_user, modify_date)
VALUES ('291', '9', 'Off', '132456', '2010-05-21 07:26:30.0', '132456', '2010-05-21 07:26:30.0');
INSERT INTO project_info (project_id, project_info_type_id, value, create_user, create_date, modify_user, modify_date)
VALUES ('291', '10', 'On', '132456', '2010-05-21 07:26:30.0', '132456', '2010-05-21 07:26:30.0');
INSERT INTO project_info (project_id, project_info_type_id, value, create_user, create_date, modify_user, modify_date)
VALUES ('291', '11', 'On', '132456', '2010-05-21 07:26:30.0', '132456', '2010-05-21 07:26:30.0');
INSERT INTO project_info (project_id, project_info_type_id, value, create_user, create_date, modify_user, modify_date)
VALUES ('291', '12', 'Yes', '132456', '2010-05-21 07:26:30.0', '132456', '2010-05-21 07:26:30.0');
INSERT INTO project_info (project_id, project_info_type_id, value, create_user, create_date, modify_user, modify_date)
VALUES ('291', '13', 'Yes', '132456', '2010-05-21 07:26:30.0', '132456', '2010-05-21 07:26:30.0');
INSERT INTO project_info (project_id, project_info_type_id, value, create_user, create_date, modify_user, modify_date)
VALUES ('291', '14', 'Open', '132456', '2010-05-21 07:26:30.0', '132456', '2010-05-21 07:26:30.0');
INSERT INTO project_info (project_id, project_info_type_id, value, create_user, create_date, modify_user, modify_date)
VALUES ('291', '16', '0.0', '132456', '2010-05-21 07:26:30.0', '132456', '2010-05-21 07:26:30.0');
INSERT INTO project_info (project_id, project_info_type_id, value, create_user, create_date, modify_user, modify_date)
VALUES ('291', '26', 'On', '132456', '2010-05-21 07:26:30.0', '132456', '2010-05-21 07:26:30.0');
INSERT INTO project_info (project_id, project_info_type_id, value, create_user, create_date, modify_user, modify_date)
VALUES ('291', '29', 'On', '132456', '2010-05-21 07:26:30.0', '132456', '2010-05-21 07:26:30.0');
INSERT INTO project_info (project_id, project_info_type_id, value, create_user, create_date, modify_user, modify_date)
VALUES ('291', '41', 'true', '132456', '2010-05-21 07:26:30.0', '132456', '2010-05-21 07:26:30.0');
INSERT INTO project_info (project_id, project_info_type_id, value, create_user, create_date, modify_user, modify_date)
VALUES ('291', '43', 'true', '132456', '2010-05-21 07:26:30.0', '132456', '2010-05-21 07:26:30.0');
--  Data for project_phase
INSERT INTO project_phase (project_phase_id, project_id, phase_type_id, phase_status_id, fixed_start_time, scheduled_start_time, scheduled_end_time, actual_start_time, actual_end_time, duration, create_user, create_date, modify_user, modify_date)
VALUES ('291', '291', '1', '1', '2010-05-27 09:00:00.0', '2010-05-27 09:00:00.0', '2010-06-01 09:00:00.0', NULL, NULL, '259200000', '132456', '2010-05-21 07:26:30.0', '132456', '2010-05-21 07:26:30.0');
INSERT INTO project_phase (project_phase_id, project_id, phase_type_id, phase_status_id, fixed_start_time, scheduled_start_time, scheduled_end_time, actual_start_time, actual_end_time, duration, create_user, create_date, modify_user, modify_date)
VALUES ('292', '291', '2', '1', '2010-05-27 09:00:00.0', '2010-05-27 09:00:00.0', '2010-06-07 09:00:00.0', NULL, NULL, '604800000', '132456', '2010-05-21 07:26:30.0', '132456', '2010-05-21 07:26:30.0');
INSERT INTO project_phase (project_phase_id, project_id, phase_type_id, phase_status_id, fixed_start_time, scheduled_start_time, scheduled_end_time, actual_start_time, actual_end_time, duration, create_user, create_date, modify_user, modify_date)
VALUES ('293', '291', '3', '1', '2010-06-07 09:00:00.0', '2010-06-07 09:00:00.0', '2010-06-08 09:00:00.0', NULL, NULL, '86400000', '132456', '2010-05-21 07:26:30.0', '132456', '2010-05-21 07:26:30.0');
INSERT INTO project_phase (project_phase_id, project_id, phase_type_id, phase_status_id, fixed_start_time, scheduled_start_time, scheduled_end_time, actual_start_time, actual_end_time, duration, create_user, create_date, modify_user, modify_date)
VALUES ('294', '291', '4', '1', '2010-06-08 09:00:00.0', '2010-06-08 09:00:00.0', '2010-06-14 09:00:00.0', NULL, NULL, '345600000', '132456', '2010-05-21 07:26:30.0', '132456', '2010-05-21 07:26:30.0');
INSERT INTO project_phase (project_phase_id, project_id, phase_type_id, phase_status_id, fixed_start_time, scheduled_start_time, scheduled_end_time, actual_start_time, actual_end_time, duration, create_user, create_date, modify_user, modify_date)
VALUES ('295', '291', '5', '1', '2010-06-14 09:00:00.0', '2010-06-14 09:00:00.0', '2010-06-15 09:00:00.0', NULL, NULL, '86400000', '132456', '2010-05-21 07:26:30.0', '132456', '2010-05-21 07:26:30.0');
INSERT INTO project_phase (project_phase_id, project_id, phase_type_id, phase_status_id, fixed_start_time, scheduled_start_time, scheduled_end_time, actual_start_time, actual_end_time, duration, create_user, create_date, modify_user, modify_date)
VALUES ('296', '291', '6', '1', '2010-06-15 09:00:00.0', '2010-06-15 09:00:00.0', '2010-06-16 09:00:00.0', NULL, NULL, '86400000', '132456', '2010-05-21 07:26:30.0', '132456', '2010-05-21 07:26:30.0');
INSERT INTO project_phase (project_phase_id, project_id, phase_type_id, phase_status_id, fixed_start_time, scheduled_start_time, scheduled_end_time, actual_start_time, actual_end_time, duration, create_user, create_date, modify_user, modify_date)
VALUES ('297', '291', '7', '1', '2010-06-16 09:00:00.0', '2010-06-16 09:00:00.0', '2010-06-16 21:00:00.0', NULL, NULL, '43200000', '132456', '2010-05-21 07:26:30.0', '132456', '2010-05-21 07:26:30.0');
INSERT INTO project_phase (project_phase_id, project_id, phase_type_id, phase_status_id, fixed_start_time, scheduled_start_time, scheduled_end_time, actual_start_time, actual_end_time, duration, create_user, create_date, modify_user, modify_date)
VALUES ('298', '291', '8', '1', '2010-06-16 21:00:00.0', '2010-06-16 21:00:00.0', '2010-06-17 09:00:00.0', NULL, NULL, '43200000', '132456', '2010-05-21 07:26:30.0', '132456', '2010-05-21 07:26:30.0');
INSERT INTO project_phase (project_phase_id, project_id, phase_type_id, phase_status_id, fixed_start_time, scheduled_start_time, scheduled_end_time, actual_start_time, actual_end_time, duration, create_user, create_date, modify_user, modify_date)
VALUES ('299', '291', '9', '1', '2010-06-17 09:00:00.0', '2010-06-17 09:00:00.0', '2010-06-22 09:00:00.0', NULL, NULL, '259200000', '132456', '2010-05-21 07:26:30.0', '132456', '2010-05-21 07:26:30.0');
INSERT INTO project_phase (project_phase_id, project_id, phase_type_id, phase_status_id, fixed_start_time, scheduled_start_time, scheduled_end_time, actual_start_time, actual_end_time, duration, create_user, create_date, modify_user, modify_date)
VALUES ('300', '291', '10', '1', '2010-06-22 09:00:00.0', '2010-06-22 09:00:00.0', '2010-06-23 09:00:00.0', NULL, NULL, '86400000', '132456', '2010-05-21 07:26:30.0', '132456', '2010-05-21 07:26:30.0');
--  Data for comp_catalog
INSERT INTO comp_catalog (component_id, current_version, short_desc, component_name, description, function_desc, create_time, status_id, root_category_id, modify_date, public_ind)
VALUES ('581', '1', 'Coolest component ever', 'Component 30', 'Coolest component ever', 'Component', '2010-05-21 07:20:14.48', '102', '5801776', '2010-05-21 07:23:44.0', '0');
--  Data for comp_versions
INSERT INTO comp_versions (comp_vers_id, component_id, version, version_text, create_time, phase_id, phase_time, price, comments, modify_date,
                           suspended_ind)
VALUES ('583', '581', '1', '1.0                 ', '2010-05-21 07:20:14.48', '112', '1976-05-04 00:00:00.0', '1000.00', 'Cool', '2010-05-21 07:27:01.0', '0');
--  Data for comp_categories
INSERT INTO comp_categories (comp_categories_id, component_id, category_id)
VALUES ('585', '581', '11');
--  Data for comp_keywords
INSERT INTO comp_keywords (comp_keywords_id, component_id, keyword)
VALUES ('591', '581', 'design');
--  Data for comp_technology
INSERT INTO comp_technology (comp_tech_id, comp_vers_id, technology_type_id)
VALUES ('592', '583', '1');
--  Data for comp_documentation
INSERT INTO comp_documentation (document_id, comp_vers_id, document_type_id, document_name, url)
VALUES ('593', '583', '0', 'Requirements Specification', '581/583/MQTTBroker_Requirements_Specification.pdf');
--  Data for comp_jive_category_xref
INSERT INTO comp_jive_category_xref (comp_vers_id, jive_category_id)
VALUES ('583', '0');
--  Data for comp_version_dates
INSERT INTO comp_version_dates (comp_version_dates_id, comp_vers_id, phase_id, posting_date, initial_submission_date, winner_announced_date, final_submission_date,
                                estimated_dev_date, price, total_submissions, status_id, create_time, level_id, screening_complete_date, review_complete_date,
                                aggregation_complete_date, phase_complete_date, production_date, aggregation_complete_date_comment, phase_complete_date_comment,
                                review_complete_date_comment, winner_announced_date_comment, initial_submission_date_comment, screening_complete_date_comment,
                                final_submission_date_comment, production_date_comment, modify_date)
VALUES ('594', '583', '112', '1976-05-05', '2000-01-01', '2000-01-01', 
        '2000-01-01', '2000-01-01', NULL, '0', '301', '2010-05-21 07:27:01.0', '100', '2000-01-01',
        '2000-01-01', '2000-01-01', '2000-01-01', '2010-12-01', 
        NULL, NULL, NULL, NULL, NULL, NULL, NULL, '', '2010-05-21 07:27:01.0');
--  Data for phase_criteria
INSERT INTO phase_criteria (project_phase_id, phase_criteria_type_id, parameter, create_user, create_date, modify_user, modify_date)
VALUES ('291', '2', '0', '132456', '2010-05-21 07:26:30.0', '132456', '2010-05-21 07:26:30.0');
INSERT INTO phase_criteria (project_phase_id, phase_criteria_type_id, parameter, create_user, create_date, modify_user, modify_date)
VALUES ('291', '5', 'No', '132456', '2010-05-21 07:26:30.0', '132456', '2010-05-21 07:26:30.0');
INSERT INTO phase_criteria (project_phase_id, phase_criteria_type_id, parameter, create_user, create_date, modify_user, modify_date)
VALUES ('292', '3', '0', '132456', '2010-05-21 07:26:30.0', '132456', '2010-05-21 07:26:30.0');
INSERT INTO phase_criteria (project_phase_id, phase_criteria_type_id, parameter, create_user, create_date, modify_user, modify_date)
VALUES ('292', '5', 'No', '132456', '2010-05-21 07:26:30.0', '132456', '2010-05-21 07:26:30.0');
INSERT INTO phase_criteria (project_phase_id, phase_criteria_type_id, parameter, create_user, create_date, modify_user, modify_date)
VALUES ('293', '5', 'No', '132456', '2010-05-21 07:26:30.0', '132456', '2010-05-21 07:26:30.0');
INSERT INTO phase_criteria (project_phase_id, phase_criteria_type_id, parameter, create_user, create_date, modify_user, modify_date)
VALUES ('293', '1', '30000410', '132456', '2010-05-21 07:26:30.0', '132456', '2010-05-21 07:26:30.0');
INSERT INTO phase_criteria (project_phase_id, phase_criteria_type_id, parameter, create_user, create_date, modify_user, modify_date)
VALUES ('294', '5', 'No', '132456', '2010-05-21 07:26:30.0', '132456', '2010-05-21 07:26:30.0');
INSERT INTO phase_criteria (project_phase_id, phase_criteria_type_id, parameter, create_user, create_date, modify_user, modify_date)
VALUES ('294', '1', '30000411', '132456', '2010-05-21 07:26:30.0', '132456', '2010-05-21 07:26:30.0');
INSERT INTO phase_criteria (project_phase_id, phase_criteria_type_id, parameter, create_user, create_date, modify_user, modify_date)
VALUES ('294', '6', '3', '132456', '2010-05-21 07:26:30.0', '132456', '2010-05-21 07:26:30.0');
INSERT INTO phase_criteria (project_phase_id, phase_criteria_type_id, parameter, create_user, create_date, modify_user, modify_date)
VALUES ('295', '5', 'No', '132456', '2010-05-21 07:26:30.0', '132456', '2010-05-21 07:26:30.0');
INSERT INTO phase_criteria (project_phase_id, phase_criteria_type_id, parameter, create_user, create_date, modify_user, modify_date)
VALUES ('295', '4', 'No', '132456', '2010-05-21 07:26:30.0', '132456', '2010-05-21 07:26:30.0');
INSERT INTO phase_criteria (project_phase_id, phase_criteria_type_id, parameter, create_user, create_date, modify_user, modify_date)
VALUES ('296', '5', 'No', '132456', '2010-05-21 07:26:30.0', '132456', '2010-05-21 07:26:30.0');
INSERT INTO phase_criteria (project_phase_id, phase_criteria_type_id, parameter, create_user, create_date, modify_user, modify_date)
VALUES ('297', '5', 'No', '132456', '2010-05-21 07:26:30.0', '132456', '2010-05-21 07:26:30.0');
INSERT INTO phase_criteria (project_phase_id, phase_criteria_type_id, parameter, create_user, create_date, modify_user, modify_date)
VALUES ('298', '5', 'No', '132456', '2010-05-21 07:26:30.0', '132456', '2010-05-21 07:26:30.0');
INSERT INTO phase_criteria (project_phase_id, phase_criteria_type_id, parameter, create_user, create_date, modify_user, modify_date)
VALUES ('299', '5', 'No', '132456', '2010-05-21 07:26:30.0', '132456', '2010-05-21 07:26:30.0');
INSERT INTO phase_criteria (project_phase_id, phase_criteria_type_id, parameter, create_user, create_date, modify_user, modify_date)
VALUES ('300', '5', 'No', '132456', '2010-05-21 07:26:30.0', '132456', '2010-05-21 07:26:30.0');
--  Data for phase_dependency
INSERT INTO phase_dependency (dependency_phase_id, dependent_phase_id, dependency_start, dependent_start, lag_time, create_user, create_date, modify_user, modify_date)
VALUES ('291', '292', '1', '1', '0', '132456', '2010-05-21 07:26:30.0', '132456', '2010-05-21 07:26:30.0');
INSERT INTO phase_dependency (dependency_phase_id, dependent_phase_id, dependency_start, dependent_start, lag_time, create_user, create_date, modify_user, modify_date)
VALUES ('292', '293', '0', '1', '0', '132456', '2010-05-21 07:26:30.0', '132456', '2010-05-21 07:26:30.0');
INSERT INTO phase_dependency (dependency_phase_id, dependent_phase_id, dependency_start, dependent_start, lag_time, create_user, create_date, modify_user, modify_date)
VALUES ('293', '294', '0', '1', '0', '132456', '2010-05-21 07:26:30.0', '132456', '2010-05-21 07:26:30.0');
INSERT INTO phase_dependency (dependency_phase_id, dependent_phase_id, dependency_start, dependent_start, lag_time, create_user, create_date, modify_user, modify_date)
VALUES ('294', '295', '0', '1', '0', '132456', '2010-05-21 07:26:30.0', '132456', '2010-05-21 07:26:30.0');
INSERT INTO phase_dependency (dependency_phase_id, dependent_phase_id, dependency_start, dependent_start, lag_time, create_user, create_date, modify_user, modify_date)
VALUES ('295', '296', '0', '1', '0', '132456', '2010-05-21 07:26:30.0', '132456', '2010-05-21 07:26:30.0');
INSERT INTO phase_dependency (dependency_phase_id, dependent_phase_id, dependency_start, dependent_start, lag_time, create_user, create_date, modify_user, modify_date)
VALUES ('296', '297', '0', '1', '0', '132456', '2010-05-21 07:26:30.0', '132456', '2010-05-21 07:26:30.0');
INSERT INTO phase_dependency (dependency_phase_id, dependent_phase_id, dependency_start, dependent_start, lag_time, create_user, create_date, modify_user, modify_date)
VALUES ('297', '298', '0', '1', '0', '132456', '2010-05-21 07:26:30.0', '132456', '2010-05-21 07:26:30.0');
INSERT INTO phase_dependency (dependency_phase_id, dependent_phase_id, dependency_start, dependent_start, lag_time, create_user, create_date, modify_user, modify_date)
VALUES ('298', '299', '0', '1', '0', '132456', '2010-05-21 07:26:30.0', '132456', '2010-05-21 07:26:30.0');
INSERT INTO phase_dependency (dependency_phase_id, dependent_phase_id, dependency_start, dependent_start, lag_time, create_user, create_date, modify_user, modify_date)
VALUES ('299', '300', '0', '1', '0', '132456', '2010-05-21 07:26:30.0', '132456', '2010-05-21 07:26:30.0');
--  Data for resource
INSERT INTO resource (resource_id, resource_role_id, project_id, project_phase_id, create_user, create_date, modify_user, modify_date)
VALUES ('291', '13', '291', NULL, '132456', '2010-05-21 07:26:30.0', '132456', '2010-05-21 07:26:30.0');
--  Data for resource_info
INSERT INTO resource_info (resource_id, resource_info_type_id, value, create_user, create_date, modify_user, modify_date)
VALUES ('291', '1', '132456', '132456', '2010-05-21 07:26:30.0', '132456', '2010-05-21 07:26:30.0');
INSERT INTO resource_info (resource_id, resource_info_type_id, value, create_user, create_date, modify_user, modify_date)
VALUES ('291', '2', 'heffan', '132456', '2010-05-21 07:26:30.0', '132456', '2010-05-21 07:26:30.0');
--  Data for user_role
INSERT INTO user_role (user_role_id, comp_vers_id, role_id, login_id, description)
VALUES ('584', '583', '1', '132456', '');
--  Data for word_search
INSERT INTO word_search (word_search_id, document_id, index_word, nbr_occurrences)
VALUES ('587', '581', 'ever                                                                                                ', '2');
INSERT INTO word_search (word_search_id, document_id, index_word, nbr_occurrences)
VALUES ('588', '581', 'component                                                                                           ', '4');
INSERT INTO word_search (word_search_id, document_id, index_word, nbr_occurrences)
VALUES ('589', '581', 'coolest                                                                                             ', '2');
INSERT INTO word_search (word_search_id, document_id, index_word, nbr_occurrences)
VALUES ('590', '581', 'design                                                    ', '2');
--  Data for word_search_ctgy
INSERT INTO word_search_ctgy (word_srch_ctgy_id, category_id, document_id)
VALUES ('586', 'DDECATALOG                                        ', '581');
--  Data for word_search_doc
INSERT INTO word_search_doc (document_id)
VALUES ('581');
-- Data for project
INSERT INTO project (project_id, project_status_id, project_category_id, create_user, create_date, modify_user, modify_date)
VALUES ('301', '1', '14', '132458', '2010-05-21 07:26:30.0', '132458', '2010-05-21 07:26:30.0');
--  Data for project_info
INSERT INTO project_info (project_id, project_info_type_id, value, create_user, create_date, modify_user, modify_date)
VALUES ('301', '1', '603', '132458', '2010-05-21 07:26:30.0', '132458', '2010-05-21 07:26:30.0');
INSERT INTO project_info (project_id, project_info_type_id, value, create_user, create_date, modify_user, modify_date)
VALUES ('301', '2', '601', '132458', '2010-05-21 07:26:30.0', '132458', '2010-05-21 07:26:30.0');
INSERT INTO project_info (project_id, project_info_type_id, value, create_user, create_date, modify_user, modify_date)
VALUES ('301', '3', '1', '132458', '2010-05-21 07:26:30.0', '132458', '2010-05-21 07:26:30.0');
INSERT INTO project_info (project_id, project_info_type_id, value, create_user, create_date, modify_user, modify_date)
VALUES ('301', '4', '0', '132458', '2010-05-21 07:26:30.0', '132458', '2010-05-21 07:26:30.0');
INSERT INTO project_info (project_id, project_info_type_id, value, create_user, create_date, modify_user, modify_date)
VALUES ('301', '5', '5801779', '132458', '2010-05-21 07:26:30.0', '132458', '2010-05-21 07:26:30.0');
INSERT INTO project_info (project_id, project_info_type_id, value, create_user, create_date, modify_user, modify_date)
VALUES ('301', '6', 'Component 31', '132458', '2010-05-21 07:26:30.0', '132458', '2010-05-21 07:26:30.0');
INSERT INTO project_info (project_id, project_info_type_id, value, create_user, create_date, modify_user, modify_date)
VALUES ('301', '7', '1.0                 ', '132458', '2010-05-21 07:26:30.0', '132458', '2010-05-21 07:26:30.0');
INSERT INTO project_info (project_id, project_info_type_id, value, create_user, create_date, modify_user, modify_date)
VALUES ('301', '9', 'Off', '132458', '2010-05-21 07:26:30.0', '132458', '2010-05-21 07:26:30.0');
INSERT INTO project_info (project_id, project_info_type_id, value, create_user, create_date, modify_user, modify_date)
VALUES ('301', '10', 'On', '132458', '2010-05-21 07:26:30.0', '132458', '2010-05-21 07:26:30.0');
INSERT INTO project_info (project_id, project_info_type_id, value, create_user, create_date, modify_user, modify_date)
VALUES ('301', '11', 'On', '132458', '2010-05-21 07:26:30.0', '132458', '2010-05-21 07:26:30.0');
INSERT INTO project_info (project_id, project_info_type_id, value, create_user, create_date, modify_user, modify_date)
VALUES ('301', '12', 'Yes', '132458', '2010-05-21 07:26:30.0', '132458', '2010-05-21 07:26:30.0');
INSERT INTO project_info (project_id, project_info_type_id, value, create_user, create_date, modify_user, modify_date)
VALUES ('301', '13', 'Yes', '132458', '2010-05-21 07:26:30.0', '132458', '2010-05-21 07:26:30.0');
INSERT INTO project_info (project_id, project_info_type_id, value, create_user, create_date, modify_user, modify_date)
VALUES ('301', '14', 'Open', '132458', '2010-05-21 07:26:30.0', '132458', '2010-05-21 07:26:30.0');
INSERT INTO project_info (project_id, project_info_type_id, value, create_user, create_date, modify_user, modify_date)
VALUES ('301', '16', '0.0', '132458', '2010-05-21 07:26:30.0', '132458', '2010-05-21 07:26:30.0');
INSERT INTO project_info (project_id, project_info_type_id, value, create_user, create_date, modify_user, modify_date)
VALUES ('301', '26', 'On', '132458', '2010-05-21 07:26:30.0', '132458', '2010-05-21 07:26:30.0');
INSERT INTO project_info (project_id, project_info_type_id, value, create_user, create_date, modify_user, modify_date)
VALUES ('301', '29', 'On', '132458', '2010-05-21 07:26:30.0', '132458', '2010-05-21 07:26:30.0');
INSERT INTO project_info (project_id, project_info_type_id, value, create_user, create_date, modify_user, modify_date)
VALUES ('301', '41', 'true', '132458', '2010-05-21 07:26:30.0', '132458', '2010-05-21 07:26:30.0');
INSERT INTO project_info (project_id, project_info_type_id, value, create_user, create_date, modify_user, modify_date)
VALUES ('301', '43', 'true', '132458', '2010-05-21 07:26:30.0', '132458', '2010-05-21 07:26:30.0');
--  Data for project_phase
INSERT INTO project_phase (project_phase_id, project_id, phase_type_id, phase_status_id, fixed_start_time, scheduled_start_time, scheduled_end_time, actual_start_time, actual_end_time, duration, create_user, create_date, modify_user, modify_date)
VALUES ('301', '301', '1', '1', '2010-05-27 09:00:00.0', '2010-05-27 09:00:00.0', '2010-06-01 09:00:00.0', NULL, NULL, '259200000', '132458', '2010-05-21 07:26:30.0', '132458', '2010-05-21 07:26:30.0');
INSERT INTO project_phase (project_phase_id, project_id, phase_type_id, phase_status_id, fixed_start_time, scheduled_start_time, scheduled_end_time, actual_start_time, actual_end_time, duration, create_user, create_date, modify_user, modify_date)
VALUES ('302', '301', '2', '1', '2010-05-27 09:00:00.0', '2010-05-27 09:00:00.0', '2010-06-07 09:00:00.0', NULL, NULL, '604800000', '132458', '2010-05-21 07:26:30.0', '132458', '2010-05-21 07:26:30.0');
INSERT INTO project_phase (project_phase_id, project_id, phase_type_id, phase_status_id, fixed_start_time, scheduled_start_time, scheduled_end_time, actual_start_time, actual_end_time, duration, create_user, create_date, modify_user, modify_date)
VALUES ('303', '301', '3', '1', '2010-06-07 09:00:00.0', '2010-06-07 09:00:00.0', '2010-06-08 09:00:00.0', NULL, NULL, '86400000', '132458', '2010-05-21 07:26:30.0', '132458', '2010-05-21 07:26:30.0');
INSERT INTO project_phase (project_phase_id, project_id, phase_type_id, phase_status_id, fixed_start_time, scheduled_start_time, scheduled_end_time, actual_start_time, actual_end_time, duration, create_user, create_date, modify_user, modify_date)
VALUES ('304', '301', '4', '1', '2010-06-08 09:00:00.0', '2010-06-08 09:00:00.0', '2010-06-14 09:00:00.0', NULL, NULL, '345600000', '132458', '2010-05-21 07:26:30.0', '132458', '2010-05-21 07:26:30.0');
INSERT INTO project_phase (project_phase_id, project_id, phase_type_id, phase_status_id, fixed_start_time, scheduled_start_time, scheduled_end_time, actual_start_time, actual_end_time, duration, create_user, create_date, modify_user, modify_date)
VALUES ('305', '301', '5', '1', '2010-06-14 09:00:00.0', '2010-06-14 09:00:00.0', '2010-06-15 09:00:00.0', NULL, NULL, '86400000', '132458', '2010-05-21 07:26:30.0', '132458', '2010-05-21 07:26:30.0');
INSERT INTO project_phase (project_phase_id, project_id, phase_type_id, phase_status_id, fixed_start_time, scheduled_start_time, scheduled_end_time, actual_start_time, actual_end_time, duration, create_user, create_date, modify_user, modify_date)
VALUES ('306', '301', '6', '1', '2010-06-15 09:00:00.0', '2010-06-15 09:00:00.0', '2010-06-16 09:00:00.0', NULL, NULL, '86400000', '132458', '2010-05-21 07:26:30.0', '132458', '2010-05-21 07:26:30.0');
INSERT INTO project_phase (project_phase_id, project_id, phase_type_id, phase_status_id, fixed_start_time, scheduled_start_time, scheduled_end_time, actual_start_time, actual_end_time, duration, create_user, create_date, modify_user, modify_date)
VALUES ('307', '301', '7', '1', '2010-06-16 09:00:00.0', '2010-06-16 09:00:00.0', '2010-06-16 21:00:00.0', NULL, NULL, '43200000', '132458', '2010-05-21 07:26:30.0', '132458', '2010-05-21 07:26:30.0');
INSERT INTO project_phase (project_phase_id, project_id, phase_type_id, phase_status_id, fixed_start_time, scheduled_start_time, scheduled_end_time, actual_start_time, actual_end_time, duration, create_user, create_date, modify_user, modify_date)
VALUES ('308', '301', '8', '1', '2010-06-16 21:00:00.0', '2010-06-16 21:00:00.0', '2010-06-17 09:00:00.0', NULL, NULL, '43200000', '132458', '2010-05-21 07:26:30.0', '132458', '2010-05-21 07:26:30.0');
INSERT INTO project_phase (project_phase_id, project_id, phase_type_id, phase_status_id, fixed_start_time, scheduled_start_time, scheduled_end_time, actual_start_time, actual_end_time, duration, create_user, create_date, modify_user, modify_date)
VALUES ('309', '301', '9', '1', '2010-06-17 09:00:00.0', '2010-06-17 09:00:00.0', '2010-06-22 09:00:00.0', NULL, NULL, '259200000', '132458', '2010-05-21 07:26:30.0', '132458', '2010-05-21 07:26:30.0');
INSERT INTO project_phase (project_phase_id, project_id, phase_type_id, phase_status_id, fixed_start_time, scheduled_start_time, scheduled_end_time, actual_start_time, actual_end_time, duration, create_user, create_date, modify_user, modify_date)
VALUES ('310', '301', '10', '1', '2010-06-22 09:00:00.0', '2010-06-22 09:00:00.0', '2010-06-23 09:00:00.0', NULL, NULL, '86400000', '132458', '2010-05-21 07:26:30.0', '132458', '2010-05-21 07:26:30.0');
--  Data for comp_catalog
INSERT INTO comp_catalog (component_id, current_version, short_desc, component_name, description, function_desc, create_time, status_id, root_category_id, modify_date, public_ind)
VALUES ('601', '1', 'Coolest component ever', 'Component 31', 'Coolest component ever', 'Component', '2010-05-21 07:20:14.48', '102', '5801779', '2010-05-21 07:23:44.0', '0');
--  Data for comp_versions
INSERT INTO comp_versions (comp_vers_id, component_id, version, version_text, create_time, phase_id, phase_time, price, comments, modify_date,
                           suspended_ind)
VALUES ('603', '601', '1', '1.0                 ', '2010-05-21 07:20:14.48', '112', '1976-05-04 00:00:00.0', '1000.00', 'Cool', '2010-05-21 07:27:01.0', '0');
--  Data for comp_categories
INSERT INTO comp_categories (comp_categories_id, component_id, category_id)
VALUES ('605', '601', '11');
--  Data for comp_keywords
INSERT INTO comp_keywords (comp_keywords_id, component_id, keyword)
VALUES ('611', '601', 'assembly');
--  Data for comp_technology
INSERT INTO comp_technology (comp_tech_id, comp_vers_id, technology_type_id)
VALUES ('612', '603', '1');
--  Data for comp_documentation
INSERT INTO comp_documentation (document_id, comp_vers_id, document_type_id, document_name, url)
VALUES ('613', '603', '0', 'Requirements Specification', '601/603/MQTTBroker_Requirements_Specification.pdf');
--  Data for comp_jive_category_xref
INSERT INTO comp_jive_category_xref (comp_vers_id, jive_category_id)
VALUES ('603', '0');
--  Data for comp_version_dates
INSERT INTO comp_version_dates (comp_version_dates_id, comp_vers_id, phase_id, posting_date, initial_submission_date, winner_announced_date, final_submission_date,
                                estimated_dev_date, price, total_submissions, status_id, create_time, level_id, screening_complete_date, review_complete_date,
                                aggregation_complete_date, phase_complete_date, production_date, aggregation_complete_date_comment, phase_complete_date_comment,
                                review_complete_date_comment, winner_announced_date_comment, initial_submission_date_comment, screening_complete_date_comment,
                                final_submission_date_comment, production_date_comment, modify_date)
VALUES ('614', '603', '112', '1976-05-05', '2000-01-01', '2000-01-01', 
        '2000-01-01', '2000-01-01', NULL, '0', '301', '2010-05-21 07:27:01.0', '100', '2000-01-01',
        '2000-01-01', '2000-01-01', '2000-01-01', '2010-12-01', 
        NULL, NULL, NULL, NULL, NULL, NULL, NULL, '', '2010-05-21 07:27:01.0');
--  Data for phase_criteria
INSERT INTO phase_criteria (project_phase_id, phase_criteria_type_id, parameter, create_user, create_date, modify_user, modify_date)
VALUES ('301', '2', '0', '132458', '2010-05-21 07:26:30.0', '132458', '2010-05-21 07:26:30.0');
INSERT INTO phase_criteria (project_phase_id, phase_criteria_type_id, parameter, create_user, create_date, modify_user, modify_date)
VALUES ('301', '5', 'No', '132458', '2010-05-21 07:26:30.0', '132458', '2010-05-21 07:26:30.0');
INSERT INTO phase_criteria (project_phase_id, phase_criteria_type_id, parameter, create_user, create_date, modify_user, modify_date)
VALUES ('302', '3', '0', '132458', '2010-05-21 07:26:30.0', '132458', '2010-05-21 07:26:30.0');
INSERT INTO phase_criteria (project_phase_id, phase_criteria_type_id, parameter, create_user, create_date, modify_user, modify_date)
VALUES ('302', '5', 'No', '132458', '2010-05-21 07:26:30.0', '132458', '2010-05-21 07:26:30.0');
INSERT INTO phase_criteria (project_phase_id, phase_criteria_type_id, parameter, create_user, create_date, modify_user, modify_date)
VALUES ('303', '5', 'No', '132458', '2010-05-21 07:26:30.0', '132458', '2010-05-21 07:26:30.0');
INSERT INTO phase_criteria (project_phase_id, phase_criteria_type_id, parameter, create_user, create_date, modify_user, modify_date)
VALUES ('303', '1', '30000410', '132458', '2010-05-21 07:26:30.0', '132458', '2010-05-21 07:26:30.0');
INSERT INTO phase_criteria (project_phase_id, phase_criteria_type_id, parameter, create_user, create_date, modify_user, modify_date)
VALUES ('304', '5', 'No', '132458', '2010-05-21 07:26:30.0', '132458', '2010-05-21 07:26:30.0');
INSERT INTO phase_criteria (project_phase_id, phase_criteria_type_id, parameter, create_user, create_date, modify_user, modify_date)
VALUES ('304', '1', '30000411', '132458', '2010-05-21 07:26:30.0', '132458', '2010-05-21 07:26:30.0');
INSERT INTO phase_criteria (project_phase_id, phase_criteria_type_id, parameter, create_user, create_date, modify_user, modify_date)
VALUES ('304', '6', '3', '132458', '2010-05-21 07:26:30.0', '132458', '2010-05-21 07:26:30.0');
INSERT INTO phase_criteria (project_phase_id, phase_criteria_type_id, parameter, create_user, create_date, modify_user, modify_date)
VALUES ('305', '5', 'No', '132458', '2010-05-21 07:26:30.0', '132458', '2010-05-21 07:26:30.0');
INSERT INTO phase_criteria (project_phase_id, phase_criteria_type_id, parameter, create_user, create_date, modify_user, modify_date)
VALUES ('305', '4', 'No', '132458', '2010-05-21 07:26:30.0', '132458', '2010-05-21 07:26:30.0');
INSERT INTO phase_criteria (project_phase_id, phase_criteria_type_id, parameter, create_user, create_date, modify_user, modify_date)
VALUES ('306', '5', 'No', '132458', '2010-05-21 07:26:30.0', '132458', '2010-05-21 07:26:30.0');
INSERT INTO phase_criteria (project_phase_id, phase_criteria_type_id, parameter, create_user, create_date, modify_user, modify_date)
VALUES ('307', '5', 'No', '132458', '2010-05-21 07:26:30.0', '132458', '2010-05-21 07:26:30.0');
INSERT INTO phase_criteria (project_phase_id, phase_criteria_type_id, parameter, create_user, create_date, modify_user, modify_date)
VALUES ('308', '5', 'No', '132458', '2010-05-21 07:26:30.0', '132458', '2010-05-21 07:26:30.0');
INSERT INTO phase_criteria (project_phase_id, phase_criteria_type_id, parameter, create_user, create_date, modify_user, modify_date)
VALUES ('309', '5', 'No', '132458', '2010-05-21 07:26:30.0', '132458', '2010-05-21 07:26:30.0');
INSERT INTO phase_criteria (project_phase_id, phase_criteria_type_id, parameter, create_user, create_date, modify_user, modify_date)
VALUES ('310', '5', 'No', '132458', '2010-05-21 07:26:30.0', '132458', '2010-05-21 07:26:30.0');
--  Data for phase_dependency
INSERT INTO phase_dependency (dependency_phase_id, dependent_phase_id, dependency_start, dependent_start, lag_time, create_user, create_date, modify_user, modify_date)
VALUES ('301', '302', '1', '1', '0', '132458', '2010-05-21 07:26:30.0', '132458', '2010-05-21 07:26:30.0');
INSERT INTO phase_dependency (dependency_phase_id, dependent_phase_id, dependency_start, dependent_start, lag_time, create_user, create_date, modify_user, modify_date)
VALUES ('302', '303', '0', '1', '0', '132458', '2010-05-21 07:26:30.0', '132458', '2010-05-21 07:26:30.0');
INSERT INTO phase_dependency (dependency_phase_id, dependent_phase_id, dependency_start, dependent_start, lag_time, create_user, create_date, modify_user, modify_date)
VALUES ('303', '304', '0', '1', '0', '132458', '2010-05-21 07:26:30.0', '132458', '2010-05-21 07:26:30.0');
INSERT INTO phase_dependency (dependency_phase_id, dependent_phase_id, dependency_start, dependent_start, lag_time, create_user, create_date, modify_user, modify_date)
VALUES ('304', '305', '0', '1', '0', '132458', '2010-05-21 07:26:30.0', '132458', '2010-05-21 07:26:30.0');
INSERT INTO phase_dependency (dependency_phase_id, dependent_phase_id, dependency_start, dependent_start, lag_time, create_user, create_date, modify_user, modify_date)
VALUES ('305', '306', '0', '1', '0', '132458', '2010-05-21 07:26:30.0', '132458', '2010-05-21 07:26:30.0');
INSERT INTO phase_dependency (dependency_phase_id, dependent_phase_id, dependency_start, dependent_start, lag_time, create_user, create_date, modify_user, modify_date)
VALUES ('306', '307', '0', '1', '0', '132458', '2010-05-21 07:26:30.0', '132458', '2010-05-21 07:26:30.0');
INSERT INTO phase_dependency (dependency_phase_id, dependent_phase_id, dependency_start, dependent_start, lag_time, create_user, create_date, modify_user, modify_date)
VALUES ('307', '308', '0', '1', '0', '132458', '2010-05-21 07:26:30.0', '132458', '2010-05-21 07:26:30.0');
INSERT INTO phase_dependency (dependency_phase_id, dependent_phase_id, dependency_start, dependent_start, lag_time, create_user, create_date, modify_user, modify_date)
VALUES ('308', '309', '0', '1', '0', '132458', '2010-05-21 07:26:30.0', '132458', '2010-05-21 07:26:30.0');
INSERT INTO phase_dependency (dependency_phase_id, dependent_phase_id, dependency_start, dependent_start, lag_time, create_user, create_date, modify_user, modify_date)
VALUES ('309', '310', '0', '1', '0', '132458', '2010-05-21 07:26:30.0', '132458', '2010-05-21 07:26:30.0');
--  Data for resource
INSERT INTO resource (resource_id, resource_role_id, project_id, project_phase_id, create_user, create_date, modify_user, modify_date)
VALUES ('301', '13', '301', NULL, '132458', '2010-05-21 07:26:30.0', '132458', '2010-05-21 07:26:30.0');
--  Data for resource_info
INSERT INTO resource_info (resource_id, resource_info_type_id, value, create_user, create_date, modify_user, modify_date)
VALUES ('301', '1', '132458', '132458', '2010-05-21 07:26:30.0', '132458', '2010-05-21 07:26:30.0');
INSERT INTO resource_info (resource_id, resource_info_type_id, value, create_user, create_date, modify_user, modify_date)
VALUES ('301', '2', 'user', '132458', '2010-05-21 07:26:30.0', '132458', '2010-05-21 07:26:30.0');
--  Data for user_role
INSERT INTO user_role (user_role_id, comp_vers_id, role_id, login_id, description)
VALUES ('604', '603', '1', '132458', '');
--  Data for word_search
INSERT INTO word_search (word_search_id, document_id, index_word, nbr_occurrences)
VALUES ('607', '601', 'ever                                                                                                ', '2');
INSERT INTO word_search (word_search_id, document_id, index_word, nbr_occurrences)
VALUES ('608', '601', 'component                                                                                           ', '4');
INSERT INTO word_search (word_search_id, document_id, index_word, nbr_occurrences)
VALUES ('609', '601', 'coolest                                                                                             ', '2');
INSERT INTO word_search (word_search_id, document_id, index_word, nbr_occurrences)
VALUES ('610', '601', 'assembly                                                    ', '2');
--  Data for word_search_ctgy
INSERT INTO word_search_ctgy (word_srch_ctgy_id, category_id, document_id)
VALUES ('606', 'DDECATALOG                                        ', '601');
--  Data for word_search_doc
INSERT INTO word_search_doc (document_id)
VALUES ('601');
-- Data for project
INSERT INTO project (project_id, project_status_id, project_category_id, create_user, create_date, modify_user, modify_date)
VALUES ('311', '2', '2', '132456', '2010-05-21 07:26:30.0', '132456', '2010-05-21 07:26:30.0');
--  Data for project_info
INSERT INTO project_info (project_id, project_info_type_id, value, create_user, create_date, modify_user, modify_date)
VALUES ('311', '1', '623', '132456', '2010-05-21 07:26:30.0', '132456', '2010-05-21 07:26:30.0');
INSERT INTO project_info (project_id, project_info_type_id, value, create_user, create_date, modify_user, modify_date)
VALUES ('311', '2', '621', '132456', '2010-05-21 07:26:30.0', '132456', '2010-05-21 07:26:30.0');
INSERT INTO project_info (project_id, project_info_type_id, value, create_user, create_date, modify_user, modify_date)
VALUES ('311', '3', '1', '132456', '2010-05-21 07:26:30.0', '132456', '2010-05-21 07:26:30.0');
INSERT INTO project_info (project_id, project_info_type_id, value, create_user, create_date, modify_user, modify_date)
VALUES ('311', '4', '0', '132456', '2010-05-21 07:26:30.0', '132456', '2010-05-21 07:26:30.0');
INSERT INTO project_info (project_id, project_info_type_id, value, create_user, create_date, modify_user, modify_date)
VALUES ('311', '5', '5801776', '132456', '2010-05-21 07:26:30.0', '132456', '2010-05-21 07:26:30.0');
INSERT INTO project_info (project_id, project_info_type_id, value, create_user, create_date, modify_user, modify_date)
VALUES ('311', '6', 'Component 32', '132456', '2010-05-21 07:26:30.0', '132456', '2010-05-21 07:26:30.0');
INSERT INTO project_info (project_id, project_info_type_id, value, create_user, create_date, modify_user, modify_date)
VALUES ('311', '7', '1.0                 ', '132456', '2010-05-21 07:26:30.0', '132456', '2010-05-21 07:26:30.0');
INSERT INTO project_info (project_id, project_info_type_id, value, create_user, create_date, modify_user, modify_date)
VALUES ('311', '9', 'Off', '132456', '2010-05-21 07:26:30.0', '132456', '2010-05-21 07:26:30.0');
INSERT INTO project_info (project_id, project_info_type_id, value, create_user, create_date, modify_user, modify_date)
VALUES ('311', '10', 'On', '132456', '2010-05-21 07:26:30.0', '132456', '2010-05-21 07:26:30.0');
INSERT INTO project_info (project_id, project_info_type_id, value, create_user, create_date, modify_user, modify_date)
VALUES ('311', '11', 'On', '132456', '2010-05-21 07:26:30.0', '132456', '2010-05-21 07:26:30.0');
INSERT INTO project_info (project_id, project_info_type_id, value, create_user, create_date, modify_user, modify_date)
VALUES ('311', '12', 'Yes', '132456', '2010-05-21 07:26:30.0', '132456', '2010-05-21 07:26:30.0');
INSERT INTO project_info (project_id, project_info_type_id, value, create_user, create_date, modify_user, modify_date)
VALUES ('311', '13', 'Yes', '132456', '2010-05-21 07:26:30.0', '132456', '2010-05-21 07:26:30.0');
INSERT INTO project_info (project_id, project_info_type_id, value, create_user, create_date, modify_user, modify_date)
VALUES ('311', '14', 'Open', '132456', '2010-05-21 07:26:30.0', '132456', '2010-05-21 07:26:30.0');
INSERT INTO project_info (project_id, project_info_type_id, value, create_user, create_date, modify_user, modify_date)
VALUES ('311', '16', '0.0', '132456', '2010-05-21 07:26:30.0', '132456', '2010-05-21 07:26:30.0');
INSERT INTO project_info (project_id, project_info_type_id, value, create_user, create_date, modify_user, modify_date)
VALUES ('311', '26', 'On', '132456', '2010-05-21 07:26:30.0', '132456', '2010-05-21 07:26:30.0');
INSERT INTO project_info (project_id, project_info_type_id, value, create_user, create_date, modify_user, modify_date)
VALUES ('311', '29', 'On', '132456', '2010-05-21 07:26:30.0', '132456', '2010-05-21 07:26:30.0');
INSERT INTO project_info (project_id, project_info_type_id, value, create_user, create_date, modify_user, modify_date)
VALUES ('311', '41', 'true', '132456', '2010-05-21 07:26:30.0', '132456', '2010-05-21 07:26:30.0');
INSERT INTO project_info (project_id, project_info_type_id, value, create_user, create_date, modify_user, modify_date)
VALUES ('311', '43', 'true', '132456', '2010-05-21 07:26:30.0', '132456', '2010-05-21 07:26:30.0');
--  Data for project_phase
INSERT INTO project_phase (project_phase_id, project_id, phase_type_id, phase_status_id, fixed_start_time, scheduled_start_time, scheduled_end_time, actual_start_time, actual_end_time, duration, create_user, create_date, modify_user, modify_date)
VALUES ('311', '311', '1', '1', '2010-05-27 09:00:00.0', '2010-05-27 09:00:00.0', '2010-06-01 09:00:00.0', NULL, NULL, '259200000', '132456', '2010-05-21 07:26:30.0', '132456', '2010-05-21 07:26:30.0');
INSERT INTO project_phase (project_phase_id, project_id, phase_type_id, phase_status_id, fixed_start_time, scheduled_start_time, scheduled_end_time, actual_start_time, actual_end_time, duration, create_user, create_date, modify_user, modify_date)
VALUES ('312', '311', '2', '1', '2010-05-27 09:00:00.0', '2010-05-27 09:00:00.0', '2010-06-07 09:00:00.0', NULL, NULL, '604800000', '132456', '2010-05-21 07:26:30.0', '132456', '2010-05-21 07:26:30.0');
INSERT INTO project_phase (project_phase_id, project_id, phase_type_id, phase_status_id, fixed_start_time, scheduled_start_time, scheduled_end_time, actual_start_time, actual_end_time, duration, create_user, create_date, modify_user, modify_date)
VALUES ('313', '311', '3', '1', '2010-06-07 09:00:00.0', '2010-06-07 09:00:00.0', '2010-06-08 09:00:00.0', NULL, NULL, '86400000', '132456', '2010-05-21 07:26:30.0', '132456', '2010-05-21 07:26:30.0');
INSERT INTO project_phase (project_phase_id, project_id, phase_type_id, phase_status_id, fixed_start_time, scheduled_start_time, scheduled_end_time, actual_start_time, actual_end_time, duration, create_user, create_date, modify_user, modify_date)
VALUES ('314', '311', '4', '1', '2010-06-08 09:00:00.0', '2010-06-08 09:00:00.0', '2010-06-14 09:00:00.0', NULL, NULL, '345600000', '132456', '2010-05-21 07:26:30.0', '132456', '2010-05-21 07:26:30.0');
INSERT INTO project_phase (project_phase_id, project_id, phase_type_id, phase_status_id, fixed_start_time, scheduled_start_time, scheduled_end_time, actual_start_time, actual_end_time, duration, create_user, create_date, modify_user, modify_date)
VALUES ('315', '311', '5', '1', '2010-06-14 09:00:00.0', '2010-06-14 09:00:00.0', '2010-06-15 09:00:00.0', NULL, NULL, '86400000', '132456', '2010-05-21 07:26:30.0', '132456', '2010-05-21 07:26:30.0');
INSERT INTO project_phase (project_phase_id, project_id, phase_type_id, phase_status_id, fixed_start_time, scheduled_start_time, scheduled_end_time, actual_start_time, actual_end_time, duration, create_user, create_date, modify_user, modify_date)
VALUES ('316', '311', '6', '1', '2010-06-15 09:00:00.0', '2010-06-15 09:00:00.0', '2010-06-16 09:00:00.0', NULL, NULL, '86400000', '132456', '2010-05-21 07:26:30.0', '132456', '2010-05-21 07:26:30.0');
INSERT INTO project_phase (project_phase_id, project_id, phase_type_id, phase_status_id, fixed_start_time, scheduled_start_time, scheduled_end_time, actual_start_time, actual_end_time, duration, create_user, create_date, modify_user, modify_date)
VALUES ('317', '311', '7', '1', '2010-06-16 09:00:00.0', '2010-06-16 09:00:00.0', '2010-06-16 21:00:00.0', NULL, NULL, '43200000', '132456', '2010-05-21 07:26:30.0', '132456', '2010-05-21 07:26:30.0');
INSERT INTO project_phase (project_phase_id, project_id, phase_type_id, phase_status_id, fixed_start_time, scheduled_start_time, scheduled_end_time, actual_start_time, actual_end_time, duration, create_user, create_date, modify_user, modify_date)
VALUES ('318', '311', '8', '1', '2010-06-16 21:00:00.0', '2010-06-16 21:00:00.0', '2010-06-17 09:00:00.0', NULL, NULL, '43200000', '132456', '2010-05-21 07:26:30.0', '132456', '2010-05-21 07:26:30.0');
INSERT INTO project_phase (project_phase_id, project_id, phase_type_id, phase_status_id, fixed_start_time, scheduled_start_time, scheduled_end_time, actual_start_time, actual_end_time, duration, create_user, create_date, modify_user, modify_date)
VALUES ('319', '311', '9', '1', '2010-06-17 09:00:00.0', '2010-06-17 09:00:00.0', '2010-06-22 09:00:00.0', NULL, NULL, '259200000', '132456', '2010-05-21 07:26:30.0', '132456', '2010-05-21 07:26:30.0');
INSERT INTO project_phase (project_phase_id, project_id, phase_type_id, phase_status_id, fixed_start_time, scheduled_start_time, scheduled_end_time, actual_start_time, actual_end_time, duration, create_user, create_date, modify_user, modify_date)
VALUES ('320', '311', '10', '1', '2010-06-22 09:00:00.0', '2010-06-22 09:00:00.0', '2010-06-23 09:00:00.0', NULL, NULL, '86400000', '132456', '2010-05-21 07:26:30.0', '132456', '2010-05-21 07:26:30.0');
--  Data for comp_catalog
INSERT INTO comp_catalog (component_id, current_version, short_desc, component_name, description, function_desc, create_time, status_id, root_category_id, modify_date, public_ind)
VALUES ('621', '1', 'Coolest component ever', 'Component 32', 'Coolest component ever', 'Component', '2010-05-21 07:20:14.48', '102', '5801776', '2010-05-21 07:23:44.0', '0');
--  Data for comp_versions
INSERT INTO comp_versions (comp_vers_id, component_id, version, version_text, create_time, phase_id, phase_time, price, comments, modify_date,
                           suspended_ind)
VALUES ('623', '621', '1', '1.0                 ', '2010-05-21 07:20:14.48', '112', '1976-05-04 00:00:00.0', '1000.00', 'Cool', '2010-05-21 07:27:01.0', '0');
--  Data for comp_categories
INSERT INTO comp_categories (comp_categories_id, component_id, category_id)
VALUES ('625', '621', '11');
--  Data for comp_keywords
INSERT INTO comp_keywords (comp_keywords_id, component_id, keyword)
VALUES ('631', '621', 'development');
--  Data for comp_technology
INSERT INTO comp_technology (comp_tech_id, comp_vers_id, technology_type_id)
VALUES ('632', '623', '1');
--  Data for comp_documentation
INSERT INTO comp_documentation (document_id, comp_vers_id, document_type_id, document_name, url)
VALUES ('633', '623', '0', 'Requirements Specification', '621/623/MQTTBroker_Requirements_Specification.pdf');
--  Data for comp_jive_category_xref
INSERT INTO comp_jive_category_xref (comp_vers_id, jive_category_id)
VALUES ('623', '0');
--  Data for comp_version_dates
INSERT INTO comp_version_dates (comp_version_dates_id, comp_vers_id, phase_id, posting_date, initial_submission_date, winner_announced_date, final_submission_date,
                                estimated_dev_date, price, total_submissions, status_id, create_time, level_id, screening_complete_date, review_complete_date,
                                aggregation_complete_date, phase_complete_date, production_date, aggregation_complete_date_comment, phase_complete_date_comment,
                                review_complete_date_comment, winner_announced_date_comment, initial_submission_date_comment, screening_complete_date_comment,
                                final_submission_date_comment, production_date_comment, modify_date)
VALUES ('634', '623', '112', '1976-05-05', '2000-01-01', '2000-01-01', 
        '2000-01-01', '2000-01-01', NULL, '0', '301', '2010-05-21 07:27:01.0', '100', '2000-01-01',
        '2000-01-01', '2000-01-01', '2000-01-01', '2010-12-01', 
        NULL, NULL, NULL, NULL, NULL, NULL, NULL, '', '2010-05-21 07:27:01.0');
--  Data for phase_criteria
INSERT INTO phase_criteria (project_phase_id, phase_criteria_type_id, parameter, create_user, create_date, modify_user, modify_date)
VALUES ('311', '2', '0', '132456', '2010-05-21 07:26:30.0', '132456', '2010-05-21 07:26:30.0');
INSERT INTO phase_criteria (project_phase_id, phase_criteria_type_id, parameter, create_user, create_date, modify_user, modify_date)
VALUES ('311', '5', 'No', '132456', '2010-05-21 07:26:30.0', '132456', '2010-05-21 07:26:30.0');
INSERT INTO phase_criteria (project_phase_id, phase_criteria_type_id, parameter, create_user, create_date, modify_user, modify_date)
VALUES ('312', '3', '0', '132456', '2010-05-21 07:26:30.0', '132456', '2010-05-21 07:26:30.0');
INSERT INTO phase_criteria (project_phase_id, phase_criteria_type_id, parameter, create_user, create_date, modify_user, modify_date)
VALUES ('312', '5', 'No', '132456', '2010-05-21 07:26:30.0', '132456', '2010-05-21 07:26:30.0');
INSERT INTO phase_criteria (project_phase_id, phase_criteria_type_id, parameter, create_user, create_date, modify_user, modify_date)
VALUES ('313', '5', 'No', '132456', '2010-05-21 07:26:30.0', '132456', '2010-05-21 07:26:30.0');
INSERT INTO phase_criteria (project_phase_id, phase_criteria_type_id, parameter, create_user, create_date, modify_user, modify_date)
VALUES ('313', '1', '30000410', '132456', '2010-05-21 07:26:30.0', '132456', '2010-05-21 07:26:30.0');
INSERT INTO phase_criteria (project_phase_id, phase_criteria_type_id, parameter, create_user, create_date, modify_user, modify_date)
VALUES ('314', '5', 'No', '132456', '2010-05-21 07:26:30.0', '132456', '2010-05-21 07:26:30.0');
INSERT INTO phase_criteria (project_phase_id, phase_criteria_type_id, parameter, create_user, create_date, modify_user, modify_date)
VALUES ('314', '1', '30000411', '132456', '2010-05-21 07:26:30.0', '132456', '2010-05-21 07:26:30.0');
INSERT INTO phase_criteria (project_phase_id, phase_criteria_type_id, parameter, create_user, create_date, modify_user, modify_date)
VALUES ('314', '6', '3', '132456', '2010-05-21 07:26:30.0', '132456', '2010-05-21 07:26:30.0');
INSERT INTO phase_criteria (project_phase_id, phase_criteria_type_id, parameter, create_user, create_date, modify_user, modify_date)
VALUES ('315', '5', 'No', '132456', '2010-05-21 07:26:30.0', '132456', '2010-05-21 07:26:30.0');
INSERT INTO phase_criteria (project_phase_id, phase_criteria_type_id, parameter, create_user, create_date, modify_user, modify_date)
VALUES ('315', '4', 'No', '132456', '2010-05-21 07:26:30.0', '132456', '2010-05-21 07:26:30.0');
INSERT INTO phase_criteria (project_phase_id, phase_criteria_type_id, parameter, create_user, create_date, modify_user, modify_date)
VALUES ('316', '5', 'No', '132456', '2010-05-21 07:26:30.0', '132456', '2010-05-21 07:26:30.0');
INSERT INTO phase_criteria (project_phase_id, phase_criteria_type_id, parameter, create_user, create_date, modify_user, modify_date)
VALUES ('317', '5', 'No', '132456', '2010-05-21 07:26:30.0', '132456', '2010-05-21 07:26:30.0');
INSERT INTO phase_criteria (project_phase_id, phase_criteria_type_id, parameter, create_user, create_date, modify_user, modify_date)
VALUES ('318', '5', 'No', '132456', '2010-05-21 07:26:30.0', '132456', '2010-05-21 07:26:30.0');
INSERT INTO phase_criteria (project_phase_id, phase_criteria_type_id, parameter, create_user, create_date, modify_user, modify_date)
VALUES ('319', '5', 'No', '132456', '2010-05-21 07:26:30.0', '132456', '2010-05-21 07:26:30.0');
INSERT INTO phase_criteria (project_phase_id, phase_criteria_type_id, parameter, create_user, create_date, modify_user, modify_date)
VALUES ('320', '5', 'No', '132456', '2010-05-21 07:26:30.0', '132456', '2010-05-21 07:26:30.0');
--  Data for phase_dependency
INSERT INTO phase_dependency (dependency_phase_id, dependent_phase_id, dependency_start, dependent_start, lag_time, create_user, create_date, modify_user, modify_date)
VALUES ('311', '312', '1', '1', '0', '132456', '2010-05-21 07:26:30.0', '132456', '2010-05-21 07:26:30.0');
INSERT INTO phase_dependency (dependency_phase_id, dependent_phase_id, dependency_start, dependent_start, lag_time, create_user, create_date, modify_user, modify_date)
VALUES ('312', '313', '0', '1', '0', '132456', '2010-05-21 07:26:30.0', '132456', '2010-05-21 07:26:30.0');
INSERT INTO phase_dependency (dependency_phase_id, dependent_phase_id, dependency_start, dependent_start, lag_time, create_user, create_date, modify_user, modify_date)
VALUES ('313', '314', '0', '1', '0', '132456', '2010-05-21 07:26:30.0', '132456', '2010-05-21 07:26:30.0');
INSERT INTO phase_dependency (dependency_phase_id, dependent_phase_id, dependency_start, dependent_start, lag_time, create_user, create_date, modify_user, modify_date)
VALUES ('314', '315', '0', '1', '0', '132456', '2010-05-21 07:26:30.0', '132456', '2010-05-21 07:26:30.0');
INSERT INTO phase_dependency (dependency_phase_id, dependent_phase_id, dependency_start, dependent_start, lag_time, create_user, create_date, modify_user, modify_date)
VALUES ('315', '316', '0', '1', '0', '132456', '2010-05-21 07:26:30.0', '132456', '2010-05-21 07:26:30.0');
INSERT INTO phase_dependency (dependency_phase_id, dependent_phase_id, dependency_start, dependent_start, lag_time, create_user, create_date, modify_user, modify_date)
VALUES ('316', '317', '0', '1', '0', '132456', '2010-05-21 07:26:30.0', '132456', '2010-05-21 07:26:30.0');
INSERT INTO phase_dependency (dependency_phase_id, dependent_phase_id, dependency_start, dependent_start, lag_time, create_user, create_date, modify_user, modify_date)
VALUES ('317', '318', '0', '1', '0', '132456', '2010-05-21 07:26:30.0', '132456', '2010-05-21 07:26:30.0');
INSERT INTO phase_dependency (dependency_phase_id, dependent_phase_id, dependency_start, dependent_start, lag_time, create_user, create_date, modify_user, modify_date)
VALUES ('318', '319', '0', '1', '0', '132456', '2010-05-21 07:26:30.0', '132456', '2010-05-21 07:26:30.0');
INSERT INTO phase_dependency (dependency_phase_id, dependent_phase_id, dependency_start, dependent_start, lag_time, create_user, create_date, modify_user, modify_date)
VALUES ('319', '320', '0', '1', '0', '132456', '2010-05-21 07:26:30.0', '132456', '2010-05-21 07:26:30.0');
--  Data for resource
INSERT INTO resource (resource_id, resource_role_id, project_id, project_phase_id, create_user, create_date, modify_user, modify_date)
VALUES ('311', '13', '311', NULL, '132456', '2010-05-21 07:26:30.0', '132456', '2010-05-21 07:26:30.0');
--  Data for resource_info
INSERT INTO resource_info (resource_id, resource_info_type_id, value, create_user, create_date, modify_user, modify_date)
VALUES ('311', '1', '132456', '132456', '2010-05-21 07:26:30.0', '132456', '2010-05-21 07:26:30.0');
INSERT INTO resource_info (resource_id, resource_info_type_id, value, create_user, create_date, modify_user, modify_date)
VALUES ('311', '2', 'heffan', '132456', '2010-05-21 07:26:30.0', '132456', '2010-05-21 07:26:30.0');
--  Data for user_role
INSERT INTO user_role (user_role_id, comp_vers_id, role_id, login_id, description)
VALUES ('624', '623', '1', '132456', '');
--  Data for word_search
INSERT INTO word_search (word_search_id, document_id, index_word, nbr_occurrences)
VALUES ('627', '621', 'ever                                                                                                ', '2');
INSERT INTO word_search (word_search_id, document_id, index_word, nbr_occurrences)
VALUES ('628', '621', 'component                                                                                           ', '4');
INSERT INTO word_search (word_search_id, document_id, index_word, nbr_occurrences)
VALUES ('629', '621', 'coolest                                                                                             ', '2');
INSERT INTO word_search (word_search_id, document_id, index_word, nbr_occurrences)
VALUES ('630', '621', 'development                                                    ', '2');
--  Data for word_search_ctgy
INSERT INTO word_search_ctgy (word_srch_ctgy_id, category_id, document_id)
VALUES ('626', 'DDECATALOG                                        ', '621');
--  Data for word_search_doc
INSERT INTO word_search_doc (document_id)
VALUES ('621');
-- Data for project
INSERT INTO project (project_id, project_status_id, project_category_id, create_user, create_date, modify_user, modify_date)
VALUES ('321', '2', '14', '132458', '2010-05-21 07:26:30.0', '132458', '2010-05-21 07:26:30.0');
--  Data for project_info
INSERT INTO project_info (project_id, project_info_type_id, value, create_user, create_date, modify_user, modify_date)
VALUES ('321', '1', '643', '132458', '2010-05-21 07:26:30.0', '132458', '2010-05-21 07:26:30.0');
INSERT INTO project_info (project_id, project_info_type_id, value, create_user, create_date, modify_user, modify_date)
VALUES ('321', '2', '641', '132458', '2010-05-21 07:26:30.0', '132458', '2010-05-21 07:26:30.0');
INSERT INTO project_info (project_id, project_info_type_id, value, create_user, create_date, modify_user, modify_date)
VALUES ('321', '3', '1', '132458', '2010-05-21 07:26:30.0', '132458', '2010-05-21 07:26:30.0');
INSERT INTO project_info (project_id, project_info_type_id, value, create_user, create_date, modify_user, modify_date)
VALUES ('321', '4', '0', '132458', '2010-05-21 07:26:30.0', '132458', '2010-05-21 07:26:30.0');
INSERT INTO project_info (project_id, project_info_type_id, value, create_user, create_date, modify_user, modify_date)
VALUES ('321', '5', '5801777', '132458', '2010-05-21 07:26:30.0', '132458', '2010-05-21 07:26:30.0');
INSERT INTO project_info (project_id, project_info_type_id, value, create_user, create_date, modify_user, modify_date)
VALUES ('321', '6', 'Component 33', '132458', '2010-05-21 07:26:30.0', '132458', '2010-05-21 07:26:30.0');
INSERT INTO project_info (project_id, project_info_type_id, value, create_user, create_date, modify_user, modify_date)
VALUES ('321', '7', '1.0                 ', '132458', '2010-05-21 07:26:30.0', '132458', '2010-05-21 07:26:30.0');
INSERT INTO project_info (project_id, project_info_type_id, value, create_user, create_date, modify_user, modify_date)
VALUES ('321', '9', 'Off', '132458', '2010-05-21 07:26:30.0', '132458', '2010-05-21 07:26:30.0');
INSERT INTO project_info (project_id, project_info_type_id, value, create_user, create_date, modify_user, modify_date)
VALUES ('321', '10', 'On', '132458', '2010-05-21 07:26:30.0', '132458', '2010-05-21 07:26:30.0');
INSERT INTO project_info (project_id, project_info_type_id, value, create_user, create_date, modify_user, modify_date)
VALUES ('321', '11', 'On', '132458', '2010-05-21 07:26:30.0', '132458', '2010-05-21 07:26:30.0');
INSERT INTO project_info (project_id, project_info_type_id, value, create_user, create_date, modify_user, modify_date)
VALUES ('321', '12', 'Yes', '132458', '2010-05-21 07:26:30.0', '132458', '2010-05-21 07:26:30.0');
INSERT INTO project_info (project_id, project_info_type_id, value, create_user, create_date, modify_user, modify_date)
VALUES ('321', '13', 'Yes', '132458', '2010-05-21 07:26:30.0', '132458', '2010-05-21 07:26:30.0');
INSERT INTO project_info (project_id, project_info_type_id, value, create_user, create_date, modify_user, modify_date)
VALUES ('321', '14', 'Open', '132458', '2010-05-21 07:26:30.0', '132458', '2010-05-21 07:26:30.0');
INSERT INTO project_info (project_id, project_info_type_id, value, create_user, create_date, modify_user, modify_date)
VALUES ('321', '16', '0.0', '132458', '2010-05-21 07:26:30.0', '132458', '2010-05-21 07:26:30.0');
INSERT INTO project_info (project_id, project_info_type_id, value, create_user, create_date, modify_user, modify_date)
VALUES ('321', '26', 'On', '132458', '2010-05-21 07:26:30.0', '132458', '2010-05-21 07:26:30.0');
INSERT INTO project_info (project_id, project_info_type_id, value, create_user, create_date, modify_user, modify_date)
VALUES ('321', '29', 'On', '132458', '2010-05-21 07:26:30.0', '132458', '2010-05-21 07:26:30.0');
INSERT INTO project_info (project_id, project_info_type_id, value, create_user, create_date, modify_user, modify_date)
VALUES ('321', '41', 'true', '132458', '2010-05-21 07:26:30.0', '132458', '2010-05-21 07:26:30.0');
INSERT INTO project_info (project_id, project_info_type_id, value, create_user, create_date, modify_user, modify_date)
VALUES ('321', '43', 'true', '132458', '2010-05-21 07:26:30.0', '132458', '2010-05-21 07:26:30.0');
--  Data for project_phase
INSERT INTO project_phase (project_phase_id, project_id, phase_type_id, phase_status_id, fixed_start_time, scheduled_start_time, scheduled_end_time, actual_start_time, actual_end_time, duration, create_user, create_date, modify_user, modify_date)
VALUES ('321', '321', '1', '1', '2010-05-27 09:00:00.0', '2010-05-27 09:00:00.0', '2010-06-01 09:00:00.0', NULL, NULL, '259200000', '132458', '2010-05-21 07:26:30.0', '132458', '2010-05-21 07:26:30.0');
INSERT INTO project_phase (project_phase_id, project_id, phase_type_id, phase_status_id, fixed_start_time, scheduled_start_time, scheduled_end_time, actual_start_time, actual_end_time, duration, create_user, create_date, modify_user, modify_date)
VALUES ('322', '321', '2', '1', '2010-05-27 09:00:00.0', '2010-05-27 09:00:00.0', '2010-06-07 09:00:00.0', NULL, NULL, '604800000', '132458', '2010-05-21 07:26:30.0', '132458', '2010-05-21 07:26:30.0');
INSERT INTO project_phase (project_phase_id, project_id, phase_type_id, phase_status_id, fixed_start_time, scheduled_start_time, scheduled_end_time, actual_start_time, actual_end_time, duration, create_user, create_date, modify_user, modify_date)
VALUES ('323', '321', '3', '1', '2010-06-07 09:00:00.0', '2010-06-07 09:00:00.0', '2010-06-08 09:00:00.0', NULL, NULL, '86400000', '132458', '2010-05-21 07:26:30.0', '132458', '2010-05-21 07:26:30.0');
INSERT INTO project_phase (project_phase_id, project_id, phase_type_id, phase_status_id, fixed_start_time, scheduled_start_time, scheduled_end_time, actual_start_time, actual_end_time, duration, create_user, create_date, modify_user, modify_date)
VALUES ('324', '321', '4', '1', '2010-06-08 09:00:00.0', '2010-06-08 09:00:00.0', '2010-06-14 09:00:00.0', NULL, NULL, '345600000', '132458', '2010-05-21 07:26:30.0', '132458', '2010-05-21 07:26:30.0');
INSERT INTO project_phase (project_phase_id, project_id, phase_type_id, phase_status_id, fixed_start_time, scheduled_start_time, scheduled_end_time, actual_start_time, actual_end_time, duration, create_user, create_date, modify_user, modify_date)
VALUES ('325', '321', '5', '1', '2010-06-14 09:00:00.0', '2010-06-14 09:00:00.0', '2010-06-15 09:00:00.0', NULL, NULL, '86400000', '132458', '2010-05-21 07:26:30.0', '132458', '2010-05-21 07:26:30.0');
INSERT INTO project_phase (project_phase_id, project_id, phase_type_id, phase_status_id, fixed_start_time, scheduled_start_time, scheduled_end_time, actual_start_time, actual_end_time, duration, create_user, create_date, modify_user, modify_date)
VALUES ('326', '321', '6', '1', '2010-06-15 09:00:00.0', '2010-06-15 09:00:00.0', '2010-06-16 09:00:00.0', NULL, NULL, '86400000', '132458', '2010-05-21 07:26:30.0', '132458', '2010-05-21 07:26:30.0');
INSERT INTO project_phase (project_phase_id, project_id, phase_type_id, phase_status_id, fixed_start_time, scheduled_start_time, scheduled_end_time, actual_start_time, actual_end_time, duration, create_user, create_date, modify_user, modify_date)
VALUES ('327', '321', '7', '1', '2010-06-16 09:00:00.0', '2010-06-16 09:00:00.0', '2010-06-16 21:00:00.0', NULL, NULL, '43200000', '132458', '2010-05-21 07:26:30.0', '132458', '2010-05-21 07:26:30.0');
INSERT INTO project_phase (project_phase_id, project_id, phase_type_id, phase_status_id, fixed_start_time, scheduled_start_time, scheduled_end_time, actual_start_time, actual_end_time, duration, create_user, create_date, modify_user, modify_date)
VALUES ('328', '321', '8', '1', '2010-06-16 21:00:00.0', '2010-06-16 21:00:00.0', '2010-06-17 09:00:00.0', NULL, NULL, '43200000', '132458', '2010-05-21 07:26:30.0', '132458', '2010-05-21 07:26:30.0');
INSERT INTO project_phase (project_phase_id, project_id, phase_type_id, phase_status_id, fixed_start_time, scheduled_start_time, scheduled_end_time, actual_start_time, actual_end_time, duration, create_user, create_date, modify_user, modify_date)
VALUES ('329', '321', '9', '1', '2010-06-17 09:00:00.0', '2010-06-17 09:00:00.0', '2010-06-22 09:00:00.0', NULL, NULL, '259200000', '132458', '2010-05-21 07:26:30.0', '132458', '2010-05-21 07:26:30.0');
INSERT INTO project_phase (project_phase_id, project_id, phase_type_id, phase_status_id, fixed_start_time, scheduled_start_time, scheduled_end_time, actual_start_time, actual_end_time, duration, create_user, create_date, modify_user, modify_date)
VALUES ('330', '321', '10', '1', '2010-06-22 09:00:00.0', '2010-06-22 09:00:00.0', '2010-06-23 09:00:00.0', NULL, NULL, '86400000', '132458', '2010-05-21 07:26:30.0', '132458', '2010-05-21 07:26:30.0');
--  Data for comp_catalog
INSERT INTO comp_catalog (component_id, current_version, short_desc, component_name, description, function_desc, create_time, status_id, root_category_id, modify_date, public_ind)
VALUES ('641', '1', 'Coolest component ever', 'Component 33', 'Coolest component ever', 'Component', '2010-05-21 07:20:14.48', '102', '5801777', '2010-05-21 07:23:44.0', '0');
--  Data for comp_versions
INSERT INTO comp_versions (comp_vers_id, component_id, version, version_text, create_time, phase_id, phase_time, price, comments, modify_date,
                           suspended_ind)
VALUES ('643', '641', '1', '1.0                 ', '2010-05-21 07:20:14.48', '112', '1976-05-04 00:00:00.0', '1000.00', 'Cool', '2010-05-21 07:27:01.0', '0');
--  Data for comp_categories
INSERT INTO comp_categories (comp_categories_id, component_id, category_id)
VALUES ('645', '641', '11');
--  Data for comp_keywords
INSERT INTO comp_keywords (comp_keywords_id, component_id, keyword)
VALUES ('651', '641', 'assembly');
--  Data for comp_technology
INSERT INTO comp_technology (comp_tech_id, comp_vers_id, technology_type_id)
VALUES ('652', '643', '1');
--  Data for comp_documentation
INSERT INTO comp_documentation (document_id, comp_vers_id, document_type_id, document_name, url)
VALUES ('653', '643', '0', 'Requirements Specification', '641/643/MQTTBroker_Requirements_Specification.pdf');
--  Data for comp_jive_category_xref
INSERT INTO comp_jive_category_xref (comp_vers_id, jive_category_id)
VALUES ('643', '0');
--  Data for comp_version_dates
INSERT INTO comp_version_dates (comp_version_dates_id, comp_vers_id, phase_id, posting_date, initial_submission_date, winner_announced_date, final_submission_date,
                                estimated_dev_date, price, total_submissions, status_id, create_time, level_id, screening_complete_date, review_complete_date,
                                aggregation_complete_date, phase_complete_date, production_date, aggregation_complete_date_comment, phase_complete_date_comment,
                                review_complete_date_comment, winner_announced_date_comment, initial_submission_date_comment, screening_complete_date_comment,
                                final_submission_date_comment, production_date_comment, modify_date)
VALUES ('654', '643', '112', '1976-05-05', '2000-01-01', '2000-01-01', 
        '2000-01-01', '2000-01-01', NULL, '0', '301', '2010-05-21 07:27:01.0', '100', '2000-01-01',
        '2000-01-01', '2000-01-01', '2000-01-01', '2010-12-01', 
        NULL, NULL, NULL, NULL, NULL, NULL, NULL, '', '2010-05-21 07:27:01.0');
--  Data for phase_criteria
INSERT INTO phase_criteria (project_phase_id, phase_criteria_type_id, parameter, create_user, create_date, modify_user, modify_date)
VALUES ('321', '2', '0', '132458', '2010-05-21 07:26:30.0', '132458', '2010-05-21 07:26:30.0');
INSERT INTO phase_criteria (project_phase_id, phase_criteria_type_id, parameter, create_user, create_date, modify_user, modify_date)
VALUES ('321', '5', 'No', '132458', '2010-05-21 07:26:30.0', '132458', '2010-05-21 07:26:30.0');
INSERT INTO phase_criteria (project_phase_id, phase_criteria_type_id, parameter, create_user, create_date, modify_user, modify_date)
VALUES ('322', '3', '0', '132458', '2010-05-21 07:26:30.0', '132458', '2010-05-21 07:26:30.0');
INSERT INTO phase_criteria (project_phase_id, phase_criteria_type_id, parameter, create_user, create_date, modify_user, modify_date)
VALUES ('322', '5', 'No', '132458', '2010-05-21 07:26:30.0', '132458', '2010-05-21 07:26:30.0');
INSERT INTO phase_criteria (project_phase_id, phase_criteria_type_id, parameter, create_user, create_date, modify_user, modify_date)
VALUES ('323', '5', 'No', '132458', '2010-05-21 07:26:30.0', '132458', '2010-05-21 07:26:30.0');
INSERT INTO phase_criteria (project_phase_id, phase_criteria_type_id, parameter, create_user, create_date, modify_user, modify_date)
VALUES ('323', '1', '30000410', '132458', '2010-05-21 07:26:30.0', '132458', '2010-05-21 07:26:30.0');
INSERT INTO phase_criteria (project_phase_id, phase_criteria_type_id, parameter, create_user, create_date, modify_user, modify_date)
VALUES ('324', '5', 'No', '132458', '2010-05-21 07:26:30.0', '132458', '2010-05-21 07:26:30.0');
INSERT INTO phase_criteria (project_phase_id, phase_criteria_type_id, parameter, create_user, create_date, modify_user, modify_date)
VALUES ('324', '1', '30000411', '132458', '2010-05-21 07:26:30.0', '132458', '2010-05-21 07:26:30.0');
INSERT INTO phase_criteria (project_phase_id, phase_criteria_type_id, parameter, create_user, create_date, modify_user, modify_date)
VALUES ('324', '6', '3', '132458', '2010-05-21 07:26:30.0', '132458', '2010-05-21 07:26:30.0');
INSERT INTO phase_criteria (project_phase_id, phase_criteria_type_id, parameter, create_user, create_date, modify_user, modify_date)
VALUES ('325', '5', 'No', '132458', '2010-05-21 07:26:30.0', '132458', '2010-05-21 07:26:30.0');
INSERT INTO phase_criteria (project_phase_id, phase_criteria_type_id, parameter, create_user, create_date, modify_user, modify_date)
VALUES ('325', '4', 'No', '132458', '2010-05-21 07:26:30.0', '132458', '2010-05-21 07:26:30.0');
INSERT INTO phase_criteria (project_phase_id, phase_criteria_type_id, parameter, create_user, create_date, modify_user, modify_date)
VALUES ('326', '5', 'No', '132458', '2010-05-21 07:26:30.0', '132458', '2010-05-21 07:26:30.0');
INSERT INTO phase_criteria (project_phase_id, phase_criteria_type_id, parameter, create_user, create_date, modify_user, modify_date)
VALUES ('327', '5', 'No', '132458', '2010-05-21 07:26:30.0', '132458', '2010-05-21 07:26:30.0');
INSERT INTO phase_criteria (project_phase_id, phase_criteria_type_id, parameter, create_user, create_date, modify_user, modify_date)
VALUES ('328', '5', 'No', '132458', '2010-05-21 07:26:30.0', '132458', '2010-05-21 07:26:30.0');
INSERT INTO phase_criteria (project_phase_id, phase_criteria_type_id, parameter, create_user, create_date, modify_user, modify_date)
VALUES ('329', '5', 'No', '132458', '2010-05-21 07:26:30.0', '132458', '2010-05-21 07:26:30.0');
INSERT INTO phase_criteria (project_phase_id, phase_criteria_type_id, parameter, create_user, create_date, modify_user, modify_date)
VALUES ('330', '5', 'No', '132458', '2010-05-21 07:26:30.0', '132458', '2010-05-21 07:26:30.0');
--  Data for phase_dependency
INSERT INTO phase_dependency (dependency_phase_id, dependent_phase_id, dependency_start, dependent_start, lag_time, create_user, create_date, modify_user, modify_date)
VALUES ('321', '322', '1', '1', '0', '132458', '2010-05-21 07:26:30.0', '132458', '2010-05-21 07:26:30.0');
INSERT INTO phase_dependency (dependency_phase_id, dependent_phase_id, dependency_start, dependent_start, lag_time, create_user, create_date, modify_user, modify_date)
VALUES ('322', '323', '0', '1', '0', '132458', '2010-05-21 07:26:30.0', '132458', '2010-05-21 07:26:30.0');
INSERT INTO phase_dependency (dependency_phase_id, dependent_phase_id, dependency_start, dependent_start, lag_time, create_user, create_date, modify_user, modify_date)
VALUES ('323', '324', '0', '1', '0', '132458', '2010-05-21 07:26:30.0', '132458', '2010-05-21 07:26:30.0');
INSERT INTO phase_dependency (dependency_phase_id, dependent_phase_id, dependency_start, dependent_start, lag_time, create_user, create_date, modify_user, modify_date)
VALUES ('324', '325', '0', '1', '0', '132458', '2010-05-21 07:26:30.0', '132458', '2010-05-21 07:26:30.0');
INSERT INTO phase_dependency (dependency_phase_id, dependent_phase_id, dependency_start, dependent_start, lag_time, create_user, create_date, modify_user, modify_date)
VALUES ('325', '326', '0', '1', '0', '132458', '2010-05-21 07:26:30.0', '132458', '2010-05-21 07:26:30.0');
INSERT INTO phase_dependency (dependency_phase_id, dependent_phase_id, dependency_start, dependent_start, lag_time, create_user, create_date, modify_user, modify_date)
VALUES ('326', '327', '0', '1', '0', '132458', '2010-05-21 07:26:30.0', '132458', '2010-05-21 07:26:30.0');
INSERT INTO phase_dependency (dependency_phase_id, dependent_phase_id, dependency_start, dependent_start, lag_time, create_user, create_date, modify_user, modify_date)
VALUES ('327', '328', '0', '1', '0', '132458', '2010-05-21 07:26:30.0', '132458', '2010-05-21 07:26:30.0');
INSERT INTO phase_dependency (dependency_phase_id, dependent_phase_id, dependency_start, dependent_start, lag_time, create_user, create_date, modify_user, modify_date)
VALUES ('328', '329', '0', '1', '0', '132458', '2010-05-21 07:26:30.0', '132458', '2010-05-21 07:26:30.0');
INSERT INTO phase_dependency (dependency_phase_id, dependent_phase_id, dependency_start, dependent_start, lag_time, create_user, create_date, modify_user, modify_date)
VALUES ('329', '330', '0', '1', '0', '132458', '2010-05-21 07:26:30.0', '132458', '2010-05-21 07:26:30.0');
--  Data for resource
INSERT INTO resource (resource_id, resource_role_id, project_id, project_phase_id, create_user, create_date, modify_user, modify_date)
VALUES ('321', '13', '321', NULL, '132458', '2010-05-21 07:26:30.0', '132458', '2010-05-21 07:26:30.0');
--  Data for resource_info
INSERT INTO resource_info (resource_id, resource_info_type_id, value, create_user, create_date, modify_user, modify_date)
VALUES ('321', '1', '132458', '132458', '2010-05-21 07:26:30.0', '132458', '2010-05-21 07:26:30.0');
INSERT INTO resource_info (resource_id, resource_info_type_id, value, create_user, create_date, modify_user, modify_date)
VALUES ('321', '2', 'user', '132458', '2010-05-21 07:26:30.0', '132458', '2010-05-21 07:26:30.0');
--  Data for user_role
INSERT INTO user_role (user_role_id, comp_vers_id, role_id, login_id, description)
VALUES ('644', '643', '1', '132458', '');
--  Data for word_search
INSERT INTO word_search (word_search_id, document_id, index_word, nbr_occurrences)
VALUES ('647', '641', 'ever                                                                                                ', '2');
INSERT INTO word_search (word_search_id, document_id, index_word, nbr_occurrences)
VALUES ('648', '641', 'component                                                                                           ', '4');
INSERT INTO word_search (word_search_id, document_id, index_word, nbr_occurrences)
VALUES ('649', '641', 'coolest                                                                                             ', '2');
INSERT INTO word_search (word_search_id, document_id, index_word, nbr_occurrences)
VALUES ('650', '641', 'assembly                                                    ', '2');
--  Data for word_search_ctgy
INSERT INTO word_search_ctgy (word_srch_ctgy_id, category_id, document_id)
VALUES ('646', 'DDECATALOG                                        ', '641');
--  Data for word_search_doc
INSERT INTO word_search_doc (document_id)
VALUES ('641');
-- Data for project
INSERT INTO project (project_id, project_status_id, project_category_id, create_user, create_date, modify_user, modify_date)
VALUES ('331', '2', '1', '132456', '2010-05-21 07:26:30.0', '132456', '2010-05-21 07:26:30.0');
--  Data for project_info
INSERT INTO project_info (project_id, project_info_type_id, value, create_user, create_date, modify_user, modify_date)
VALUES ('331', '1', '663', '132456', '2010-05-21 07:26:30.0', '132456', '2010-05-21 07:26:30.0');
INSERT INTO project_info (project_id, project_info_type_id, value, create_user, create_date, modify_user, modify_date)
VALUES ('331', '2', '661', '132456', '2010-05-21 07:26:30.0', '132456', '2010-05-21 07:26:30.0');
INSERT INTO project_info (project_id, project_info_type_id, value, create_user, create_date, modify_user, modify_date)
VALUES ('331', '3', '1', '132456', '2010-05-21 07:26:30.0', '132456', '2010-05-21 07:26:30.0');
INSERT INTO project_info (project_id, project_info_type_id, value, create_user, create_date, modify_user, modify_date)
VALUES ('331', '4', '0', '132456', '2010-05-21 07:26:30.0', '132456', '2010-05-21 07:26:30.0');
INSERT INTO project_info (project_id, project_info_type_id, value, create_user, create_date, modify_user, modify_date)
VALUES ('331', '5', '5801778', '132456', '2010-05-21 07:26:30.0', '132456', '2010-05-21 07:26:30.0');
INSERT INTO project_info (project_id, project_info_type_id, value, create_user, create_date, modify_user, modify_date)
VALUES ('331', '6', 'Component 34', '132456', '2010-05-21 07:26:30.0', '132456', '2010-05-21 07:26:30.0');
INSERT INTO project_info (project_id, project_info_type_id, value, create_user, create_date, modify_user, modify_date)
VALUES ('331', '7', '1.0                 ', '132456', '2010-05-21 07:26:30.0', '132456', '2010-05-21 07:26:30.0');
INSERT INTO project_info (project_id, project_info_type_id, value, create_user, create_date, modify_user, modify_date)
VALUES ('331', '9', 'Off', '132456', '2010-05-21 07:26:30.0', '132456', '2010-05-21 07:26:30.0');
INSERT INTO project_info (project_id, project_info_type_id, value, create_user, create_date, modify_user, modify_date)
VALUES ('331', '10', 'On', '132456', '2010-05-21 07:26:30.0', '132456', '2010-05-21 07:26:30.0');
INSERT INTO project_info (project_id, project_info_type_id, value, create_user, create_date, modify_user, modify_date)
VALUES ('331', '11', 'On', '132456', '2010-05-21 07:26:30.0', '132456', '2010-05-21 07:26:30.0');
INSERT INTO project_info (project_id, project_info_type_id, value, create_user, create_date, modify_user, modify_date)
VALUES ('331', '12', 'Yes', '132456', '2010-05-21 07:26:30.0', '132456', '2010-05-21 07:26:30.0');
INSERT INTO project_info (project_id, project_info_type_id, value, create_user, create_date, modify_user, modify_date)
VALUES ('331', '13', 'Yes', '132456', '2010-05-21 07:26:30.0', '132456', '2010-05-21 07:26:30.0');
INSERT INTO project_info (project_id, project_info_type_id, value, create_user, create_date, modify_user, modify_date)
VALUES ('331', '14', 'Open', '132456', '2010-05-21 07:26:30.0', '132456', '2010-05-21 07:26:30.0');
INSERT INTO project_info (project_id, project_info_type_id, value, create_user, create_date, modify_user, modify_date)
VALUES ('331', '16', '0.0', '132456', '2010-05-21 07:26:30.0', '132456', '2010-05-21 07:26:30.0');
INSERT INTO project_info (project_id, project_info_type_id, value, create_user, create_date, modify_user, modify_date)
VALUES ('331', '26', 'On', '132456', '2010-05-21 07:26:30.0', '132456', '2010-05-21 07:26:30.0');
INSERT INTO project_info (project_id, project_info_type_id, value, create_user, create_date, modify_user, modify_date)
VALUES ('331', '29', 'On', '132456', '2010-05-21 07:26:30.0', '132456', '2010-05-21 07:26:30.0');
INSERT INTO project_info (project_id, project_info_type_id, value, create_user, create_date, modify_user, modify_date)
VALUES ('331', '41', 'true', '132456', '2010-05-21 07:26:30.0', '132456', '2010-05-21 07:26:30.0');
INSERT INTO project_info (project_id, project_info_type_id, value, create_user, create_date, modify_user, modify_date)
VALUES ('331', '43', 'true', '132456', '2010-05-21 07:26:30.0', '132456', '2010-05-21 07:26:30.0');
--  Data for project_phase
INSERT INTO project_phase (project_phase_id, project_id, phase_type_id, phase_status_id, fixed_start_time, scheduled_start_time, scheduled_end_time, actual_start_time, actual_end_time, duration, create_user, create_date, modify_user, modify_date)
VALUES ('331', '331', '1', '1', '2010-05-27 09:00:00.0', '2010-05-27 09:00:00.0', '2010-06-01 09:00:00.0', NULL, NULL, '259200000', '132456', '2010-05-21 07:26:30.0', '132456', '2010-05-21 07:26:30.0');
INSERT INTO project_phase (project_phase_id, project_id, phase_type_id, phase_status_id, fixed_start_time, scheduled_start_time, scheduled_end_time, actual_start_time, actual_end_time, duration, create_user, create_date, modify_user, modify_date)
VALUES ('332', '331', '2', '1', '2010-05-27 09:00:00.0', '2010-05-27 09:00:00.0', '2010-06-07 09:00:00.0', NULL, NULL, '604800000', '132456', '2010-05-21 07:26:30.0', '132456', '2010-05-21 07:26:30.0');
INSERT INTO project_phase (project_phase_id, project_id, phase_type_id, phase_status_id, fixed_start_time, scheduled_start_time, scheduled_end_time, actual_start_time, actual_end_time, duration, create_user, create_date, modify_user, modify_date)
VALUES ('333', '331', '3', '1', '2010-06-07 09:00:00.0', '2010-06-07 09:00:00.0', '2010-06-08 09:00:00.0', NULL, NULL, '86400000', '132456', '2010-05-21 07:26:30.0', '132456', '2010-05-21 07:26:30.0');
INSERT INTO project_phase (project_phase_id, project_id, phase_type_id, phase_status_id, fixed_start_time, scheduled_start_time, scheduled_end_time, actual_start_time, actual_end_time, duration, create_user, create_date, modify_user, modify_date)
VALUES ('334', '331', '4', '1', '2010-06-08 09:00:00.0', '2010-06-08 09:00:00.0', '2010-06-14 09:00:00.0', NULL, NULL, '345600000', '132456', '2010-05-21 07:26:30.0', '132456', '2010-05-21 07:26:30.0');
INSERT INTO project_phase (project_phase_id, project_id, phase_type_id, phase_status_id, fixed_start_time, scheduled_start_time, scheduled_end_time, actual_start_time, actual_end_time, duration, create_user, create_date, modify_user, modify_date)
VALUES ('335', '331', '5', '1', '2010-06-14 09:00:00.0', '2010-06-14 09:00:00.0', '2010-06-15 09:00:00.0', NULL, NULL, '86400000', '132456', '2010-05-21 07:26:30.0', '132456', '2010-05-21 07:26:30.0');
INSERT INTO project_phase (project_phase_id, project_id, phase_type_id, phase_status_id, fixed_start_time, scheduled_start_time, scheduled_end_time, actual_start_time, actual_end_time, duration, create_user, create_date, modify_user, modify_date)
VALUES ('336', '331', '6', '1', '2010-06-15 09:00:00.0', '2010-06-15 09:00:00.0', '2010-06-16 09:00:00.0', NULL, NULL, '86400000', '132456', '2010-05-21 07:26:30.0', '132456', '2010-05-21 07:26:30.0');
INSERT INTO project_phase (project_phase_id, project_id, phase_type_id, phase_status_id, fixed_start_time, scheduled_start_time, scheduled_end_time, actual_start_time, actual_end_time, duration, create_user, create_date, modify_user, modify_date)
VALUES ('337', '331', '7', '1', '2010-06-16 09:00:00.0', '2010-06-16 09:00:00.0', '2010-06-16 21:00:00.0', NULL, NULL, '43200000', '132456', '2010-05-21 07:26:30.0', '132456', '2010-05-21 07:26:30.0');
INSERT INTO project_phase (project_phase_id, project_id, phase_type_id, phase_status_id, fixed_start_time, scheduled_start_time, scheduled_end_time, actual_start_time, actual_end_time, duration, create_user, create_date, modify_user, modify_date)
VALUES ('338', '331', '8', '1', '2010-06-16 21:00:00.0', '2010-06-16 21:00:00.0', '2010-06-17 09:00:00.0', NULL, NULL, '43200000', '132456', '2010-05-21 07:26:30.0', '132456', '2010-05-21 07:26:30.0');
INSERT INTO project_phase (project_phase_id, project_id, phase_type_id, phase_status_id, fixed_start_time, scheduled_start_time, scheduled_end_time, actual_start_time, actual_end_time, duration, create_user, create_date, modify_user, modify_date)
VALUES ('339', '331', '9', '1', '2010-06-17 09:00:00.0', '2010-06-17 09:00:00.0', '2010-06-22 09:00:00.0', NULL, NULL, '259200000', '132456', '2010-05-21 07:26:30.0', '132456', '2010-05-21 07:26:30.0');
INSERT INTO project_phase (project_phase_id, project_id, phase_type_id, phase_status_id, fixed_start_time, scheduled_start_time, scheduled_end_time, actual_start_time, actual_end_time, duration, create_user, create_date, modify_user, modify_date)
VALUES ('340', '331', '10', '1', '2010-06-22 09:00:00.0', '2010-06-22 09:00:00.0', '2010-06-23 09:00:00.0', NULL, NULL, '86400000', '132456', '2010-05-21 07:26:30.0', '132456', '2010-05-21 07:26:30.0');
--  Data for comp_catalog
INSERT INTO comp_catalog (component_id, current_version, short_desc, component_name, description, function_desc, create_time, status_id, root_category_id, modify_date, public_ind)
VALUES ('661', '1', 'Coolest component ever', 'Component 34', 'Coolest component ever', 'Component', '2010-05-21 07:20:14.48', '102', '5801778', '2010-05-21 07:23:44.0', '0');
--  Data for comp_versions
INSERT INTO comp_versions (comp_vers_id, component_id, version, version_text, create_time, phase_id, phase_time, price, comments, modify_date,
                           suspended_ind)
VALUES ('663', '661', '1', '1.0                 ', '2010-05-21 07:20:14.48', '112', '1976-05-04 00:00:00.0', '1000.00', 'Cool', '2010-05-21 07:27:01.0', '0');
--  Data for comp_categories
INSERT INTO comp_categories (comp_categories_id, component_id, category_id)
VALUES ('665', '661', '11');
--  Data for comp_keywords
INSERT INTO comp_keywords (comp_keywords_id, component_id, keyword)
VALUES ('671', '661', 'design');
--  Data for comp_technology
INSERT INTO comp_technology (comp_tech_id, comp_vers_id, technology_type_id)
VALUES ('672', '663', '1');
--  Data for comp_documentation
INSERT INTO comp_documentation (document_id, comp_vers_id, document_type_id, document_name, url)
VALUES ('673', '663', '0', 'Requirements Specification', '661/663/MQTTBroker_Requirements_Specification.pdf');
--  Data for comp_jive_category_xref
INSERT INTO comp_jive_category_xref (comp_vers_id, jive_category_id)
VALUES ('663', '0');
--  Data for comp_version_dates
INSERT INTO comp_version_dates (comp_version_dates_id, comp_vers_id, phase_id, posting_date, initial_submission_date, winner_announced_date, final_submission_date,
                                estimated_dev_date, price, total_submissions, status_id, create_time, level_id, screening_complete_date, review_complete_date,
                                aggregation_complete_date, phase_complete_date, production_date, aggregation_complete_date_comment, phase_complete_date_comment,
                                review_complete_date_comment, winner_announced_date_comment, initial_submission_date_comment, screening_complete_date_comment,
                                final_submission_date_comment, production_date_comment, modify_date)
VALUES ('674', '663', '112', '1976-05-05', '2000-01-01', '2000-01-01', 
        '2000-01-01', '2000-01-01', NULL, '0', '301', '2010-05-21 07:27:01.0', '100', '2000-01-01',
        '2000-01-01', '2000-01-01', '2000-01-01', '2010-12-01', 
        NULL, NULL, NULL, NULL, NULL, NULL, NULL, '', '2010-05-21 07:27:01.0');
--  Data for phase_criteria
INSERT INTO phase_criteria (project_phase_id, phase_criteria_type_id, parameter, create_user, create_date, modify_user, modify_date)
VALUES ('331', '2', '0', '132456', '2010-05-21 07:26:30.0', '132456', '2010-05-21 07:26:30.0');
INSERT INTO phase_criteria (project_phase_id, phase_criteria_type_id, parameter, create_user, create_date, modify_user, modify_date)
VALUES ('331', '5', 'No', '132456', '2010-05-21 07:26:30.0', '132456', '2010-05-21 07:26:30.0');
INSERT INTO phase_criteria (project_phase_id, phase_criteria_type_id, parameter, create_user, create_date, modify_user, modify_date)
VALUES ('332', '3', '0', '132456', '2010-05-21 07:26:30.0', '132456', '2010-05-21 07:26:30.0');
INSERT INTO phase_criteria (project_phase_id, phase_criteria_type_id, parameter, create_user, create_date, modify_user, modify_date)
VALUES ('332', '5', 'No', '132456', '2010-05-21 07:26:30.0', '132456', '2010-05-21 07:26:30.0');
INSERT INTO phase_criteria (project_phase_id, phase_criteria_type_id, parameter, create_user, create_date, modify_user, modify_date)
VALUES ('333', '5', 'No', '132456', '2010-05-21 07:26:30.0', '132456', '2010-05-21 07:26:30.0');
INSERT INTO phase_criteria (project_phase_id, phase_criteria_type_id, parameter, create_user, create_date, modify_user, modify_date)
VALUES ('333', '1', '30000410', '132456', '2010-05-21 07:26:30.0', '132456', '2010-05-21 07:26:30.0');
INSERT INTO phase_criteria (project_phase_id, phase_criteria_type_id, parameter, create_user, create_date, modify_user, modify_date)
VALUES ('334', '5', 'No', '132456', '2010-05-21 07:26:30.0', '132456', '2010-05-21 07:26:30.0');
INSERT INTO phase_criteria (project_phase_id, phase_criteria_type_id, parameter, create_user, create_date, modify_user, modify_date)
VALUES ('334', '1', '30000411', '132456', '2010-05-21 07:26:30.0', '132456', '2010-05-21 07:26:30.0');
INSERT INTO phase_criteria (project_phase_id, phase_criteria_type_id, parameter, create_user, create_date, modify_user, modify_date)
VALUES ('334', '6', '3', '132456', '2010-05-21 07:26:30.0', '132456', '2010-05-21 07:26:30.0');
INSERT INTO phase_criteria (project_phase_id, phase_criteria_type_id, parameter, create_user, create_date, modify_user, modify_date)
VALUES ('335', '5', 'No', '132456', '2010-05-21 07:26:30.0', '132456', '2010-05-21 07:26:30.0');
INSERT INTO phase_criteria (project_phase_id, phase_criteria_type_id, parameter, create_user, create_date, modify_user, modify_date)
VALUES ('335', '4', 'No', '132456', '2010-05-21 07:26:30.0', '132456', '2010-05-21 07:26:30.0');
INSERT INTO phase_criteria (project_phase_id, phase_criteria_type_id, parameter, create_user, create_date, modify_user, modify_date)
VALUES ('336', '5', 'No', '132456', '2010-05-21 07:26:30.0', '132456', '2010-05-21 07:26:30.0');
INSERT INTO phase_criteria (project_phase_id, phase_criteria_type_id, parameter, create_user, create_date, modify_user, modify_date)
VALUES ('337', '5', 'No', '132456', '2010-05-21 07:26:30.0', '132456', '2010-05-21 07:26:30.0');
INSERT INTO phase_criteria (project_phase_id, phase_criteria_type_id, parameter, create_user, create_date, modify_user, modify_date)
VALUES ('338', '5', 'No', '132456', '2010-05-21 07:26:30.0', '132456', '2010-05-21 07:26:30.0');
INSERT INTO phase_criteria (project_phase_id, phase_criteria_type_id, parameter, create_user, create_date, modify_user, modify_date)
VALUES ('339', '5', 'No', '132456', '2010-05-21 07:26:30.0', '132456', '2010-05-21 07:26:30.0');
INSERT INTO phase_criteria (project_phase_id, phase_criteria_type_id, parameter, create_user, create_date, modify_user, modify_date)
VALUES ('340', '5', 'No', '132456', '2010-05-21 07:26:30.0', '132456', '2010-05-21 07:26:30.0');
--  Data for phase_dependency
INSERT INTO phase_dependency (dependency_phase_id, dependent_phase_id, dependency_start, dependent_start, lag_time, create_user, create_date, modify_user, modify_date)
VALUES ('331', '332', '1', '1', '0', '132456', '2010-05-21 07:26:30.0', '132456', '2010-05-21 07:26:30.0');
INSERT INTO phase_dependency (dependency_phase_id, dependent_phase_id, dependency_start, dependent_start, lag_time, create_user, create_date, modify_user, modify_date)
VALUES ('332', '333', '0', '1', '0', '132456', '2010-05-21 07:26:30.0', '132456', '2010-05-21 07:26:30.0');
INSERT INTO phase_dependency (dependency_phase_id, dependent_phase_id, dependency_start, dependent_start, lag_time, create_user, create_date, modify_user, modify_date)
VALUES ('333', '334', '0', '1', '0', '132456', '2010-05-21 07:26:30.0', '132456', '2010-05-21 07:26:30.0');
INSERT INTO phase_dependency (dependency_phase_id, dependent_phase_id, dependency_start, dependent_start, lag_time, create_user, create_date, modify_user, modify_date)
VALUES ('334', '335', '0', '1', '0', '132456', '2010-05-21 07:26:30.0', '132456', '2010-05-21 07:26:30.0');
INSERT INTO phase_dependency (dependency_phase_id, dependent_phase_id, dependency_start, dependent_start, lag_time, create_user, create_date, modify_user, modify_date)
VALUES ('335', '336', '0', '1', '0', '132456', '2010-05-21 07:26:30.0', '132456', '2010-05-21 07:26:30.0');
INSERT INTO phase_dependency (dependency_phase_id, dependent_phase_id, dependency_start, dependent_start, lag_time, create_user, create_date, modify_user, modify_date)
VALUES ('336', '337', '0', '1', '0', '132456', '2010-05-21 07:26:30.0', '132456', '2010-05-21 07:26:30.0');
INSERT INTO phase_dependency (dependency_phase_id, dependent_phase_id, dependency_start, dependent_start, lag_time, create_user, create_date, modify_user, modify_date)
VALUES ('337', '338', '0', '1', '0', '132456', '2010-05-21 07:26:30.0', '132456', '2010-05-21 07:26:30.0');
INSERT INTO phase_dependency (dependency_phase_id, dependent_phase_id, dependency_start, dependent_start, lag_time, create_user, create_date, modify_user, modify_date)
VALUES ('338', '339', '0', '1', '0', '132456', '2010-05-21 07:26:30.0', '132456', '2010-05-21 07:26:30.0');
INSERT INTO phase_dependency (dependency_phase_id, dependent_phase_id, dependency_start, dependent_start, lag_time, create_user, create_date, modify_user, modify_date)
VALUES ('339', '340', '0', '1', '0', '132456', '2010-05-21 07:26:30.0', '132456', '2010-05-21 07:26:30.0');
--  Data for resource
INSERT INTO resource (resource_id, resource_role_id, project_id, project_phase_id, create_user, create_date, modify_user, modify_date)
VALUES ('331', '13', '331', NULL, '132456', '2010-05-21 07:26:30.0', '132456', '2010-05-21 07:26:30.0');
--  Data for resource_info
INSERT INTO resource_info (resource_id, resource_info_type_id, value, create_user, create_date, modify_user, modify_date)
VALUES ('331', '1', '132456', '132456', '2010-05-21 07:26:30.0', '132456', '2010-05-21 07:26:30.0');
INSERT INTO resource_info (resource_id, resource_info_type_id, value, create_user, create_date, modify_user, modify_date)
VALUES ('331', '2', 'heffan', '132456', '2010-05-21 07:26:30.0', '132456', '2010-05-21 07:26:30.0');
--  Data for user_role
INSERT INTO user_role (user_role_id, comp_vers_id, role_id, login_id, description)
VALUES ('664', '663', '1', '132456', '');
--  Data for word_search
INSERT INTO word_search (word_search_id, document_id, index_word, nbr_occurrences)
VALUES ('667', '661', 'ever                                                                                                ', '2');
INSERT INTO word_search (word_search_id, document_id, index_word, nbr_occurrences)
VALUES ('668', '661', 'component                                                                                           ', '4');
INSERT INTO word_search (word_search_id, document_id, index_word, nbr_occurrences)
VALUES ('669', '661', 'coolest                                                                                             ', '2');
INSERT INTO word_search (word_search_id, document_id, index_word, nbr_occurrences)
VALUES ('670', '661', 'design                                                    ', '2');
--  Data for word_search_ctgy
INSERT INTO word_search_ctgy (word_srch_ctgy_id, category_id, document_id)
VALUES ('666', 'DDECATALOG                                        ', '661');
--  Data for word_search_doc
INSERT INTO word_search_doc (document_id)
VALUES ('661');
-- Data for project
INSERT INTO project (project_id, project_status_id, project_category_id, create_user, create_date, modify_user, modify_date)
VALUES ('341', '2', '2', '132457', '2010-05-21 07:26:30.0', '132457', '2010-05-21 07:26:30.0');
--  Data for project_info
INSERT INTO project_info (project_id, project_info_type_id, value, create_user, create_date, modify_user, modify_date)
VALUES ('341', '1', '683', '132457', '2010-05-21 07:26:30.0', '132457', '2010-05-21 07:26:30.0');
INSERT INTO project_info (project_id, project_info_type_id, value, create_user, create_date, modify_user, modify_date)
VALUES ('341', '2', '681', '132457', '2010-05-21 07:26:30.0', '132457', '2010-05-21 07:26:30.0');
INSERT INTO project_info (project_id, project_info_type_id, value, create_user, create_date, modify_user, modify_date)
VALUES ('341', '3', '1', '132457', '2010-05-21 07:26:30.0', '132457', '2010-05-21 07:26:30.0');
INSERT INTO project_info (project_id, project_info_type_id, value, create_user, create_date, modify_user, modify_date)
VALUES ('341', '4', '0', '132457', '2010-05-21 07:26:30.0', '132457', '2010-05-21 07:26:30.0');
INSERT INTO project_info (project_id, project_info_type_id, value, create_user, create_date, modify_user, modify_date)
VALUES ('341', '5', '5801777', '132457', '2010-05-21 07:26:30.0', '132457', '2010-05-21 07:26:30.0');
INSERT INTO project_info (project_id, project_info_type_id, value, create_user, create_date, modify_user, modify_date)
VALUES ('341', '6', 'Component 35', '132457', '2010-05-21 07:26:30.0', '132457', '2010-05-21 07:26:30.0');
INSERT INTO project_info (project_id, project_info_type_id, value, create_user, create_date, modify_user, modify_date)
VALUES ('341', '7', '1.0                 ', '132457', '2010-05-21 07:26:30.0', '132457', '2010-05-21 07:26:30.0');
INSERT INTO project_info (project_id, project_info_type_id, value, create_user, create_date, modify_user, modify_date)
VALUES ('341', '9', 'Off', '132457', '2010-05-21 07:26:30.0', '132457', '2010-05-21 07:26:30.0');
INSERT INTO project_info (project_id, project_info_type_id, value, create_user, create_date, modify_user, modify_date)
VALUES ('341', '10', 'On', '132457', '2010-05-21 07:26:30.0', '132457', '2010-05-21 07:26:30.0');
INSERT INTO project_info (project_id, project_info_type_id, value, create_user, create_date, modify_user, modify_date)
VALUES ('341', '11', 'On', '132457', '2010-05-21 07:26:30.0', '132457', '2010-05-21 07:26:30.0');
INSERT INTO project_info (project_id, project_info_type_id, value, create_user, create_date, modify_user, modify_date)
VALUES ('341', '12', 'Yes', '132457', '2010-05-21 07:26:30.0', '132457', '2010-05-21 07:26:30.0');
INSERT INTO project_info (project_id, project_info_type_id, value, create_user, create_date, modify_user, modify_date)
VALUES ('341', '13', 'Yes', '132457', '2010-05-21 07:26:30.0', '132457', '2010-05-21 07:26:30.0');
INSERT INTO project_info (project_id, project_info_type_id, value, create_user, create_date, modify_user, modify_date)
VALUES ('341', '14', 'Open', '132457', '2010-05-21 07:26:30.0', '132457', '2010-05-21 07:26:30.0');
INSERT INTO project_info (project_id, project_info_type_id, value, create_user, create_date, modify_user, modify_date)
VALUES ('341', '16', '0.0', '132457', '2010-05-21 07:26:30.0', '132457', '2010-05-21 07:26:30.0');
INSERT INTO project_info (project_id, project_info_type_id, value, create_user, create_date, modify_user, modify_date)
VALUES ('341', '26', 'On', '132457', '2010-05-21 07:26:30.0', '132457', '2010-05-21 07:26:30.0');
INSERT INTO project_info (project_id, project_info_type_id, value, create_user, create_date, modify_user, modify_date)
VALUES ('341', '29', 'On', '132457', '2010-05-21 07:26:30.0', '132457', '2010-05-21 07:26:30.0');
INSERT INTO project_info (project_id, project_info_type_id, value, create_user, create_date, modify_user, modify_date)
VALUES ('341', '41', 'true', '132457', '2010-05-21 07:26:30.0', '132457', '2010-05-21 07:26:30.0');
INSERT INTO project_info (project_id, project_info_type_id, value, create_user, create_date, modify_user, modify_date)
VALUES ('341', '43', 'true', '132457', '2010-05-21 07:26:30.0', '132457', '2010-05-21 07:26:30.0');
--  Data for project_phase
INSERT INTO project_phase (project_phase_id, project_id, phase_type_id, phase_status_id, fixed_start_time, scheduled_start_time, scheduled_end_time, actual_start_time, actual_end_time, duration, create_user, create_date, modify_user, modify_date)
VALUES ('341', '341', '1', '1', '2010-05-27 09:00:00.0', '2010-05-27 09:00:00.0', '2010-06-01 09:00:00.0', NULL, NULL, '259200000', '132457', '2010-05-21 07:26:30.0', '132457', '2010-05-21 07:26:30.0');
INSERT INTO project_phase (project_phase_id, project_id, phase_type_id, phase_status_id, fixed_start_time, scheduled_start_time, scheduled_end_time, actual_start_time, actual_end_time, duration, create_user, create_date, modify_user, modify_date)
VALUES ('342', '341', '2', '1', '2010-05-27 09:00:00.0', '2010-05-27 09:00:00.0', '2010-06-07 09:00:00.0', NULL, NULL, '604800000', '132457', '2010-05-21 07:26:30.0', '132457', '2010-05-21 07:26:30.0');
INSERT INTO project_phase (project_phase_id, project_id, phase_type_id, phase_status_id, fixed_start_time, scheduled_start_time, scheduled_end_time, actual_start_time, actual_end_time, duration, create_user, create_date, modify_user, modify_date)
VALUES ('343', '341', '3', '1', '2010-06-07 09:00:00.0', '2010-06-07 09:00:00.0', '2010-06-08 09:00:00.0', NULL, NULL, '86400000', '132457', '2010-05-21 07:26:30.0', '132457', '2010-05-21 07:26:30.0');
INSERT INTO project_phase (project_phase_id, project_id, phase_type_id, phase_status_id, fixed_start_time, scheduled_start_time, scheduled_end_time, actual_start_time, actual_end_time, duration, create_user, create_date, modify_user, modify_date)
VALUES ('344', '341', '4', '1', '2010-06-08 09:00:00.0', '2010-06-08 09:00:00.0', '2010-06-14 09:00:00.0', NULL, NULL, '345600000', '132457', '2010-05-21 07:26:30.0', '132457', '2010-05-21 07:26:30.0');
INSERT INTO project_phase (project_phase_id, project_id, phase_type_id, phase_status_id, fixed_start_time, scheduled_start_time, scheduled_end_time, actual_start_time, actual_end_time, duration, create_user, create_date, modify_user, modify_date)
VALUES ('345', '341', '5', '1', '2010-06-14 09:00:00.0', '2010-06-14 09:00:00.0', '2010-06-15 09:00:00.0', NULL, NULL, '86400000', '132457', '2010-05-21 07:26:30.0', '132457', '2010-05-21 07:26:30.0');
INSERT INTO project_phase (project_phase_id, project_id, phase_type_id, phase_status_id, fixed_start_time, scheduled_start_time, scheduled_end_time, actual_start_time, actual_end_time, duration, create_user, create_date, modify_user, modify_date)
VALUES ('346', '341', '6', '1', '2010-06-15 09:00:00.0', '2010-06-15 09:00:00.0', '2010-06-16 09:00:00.0', NULL, NULL, '86400000', '132457', '2010-05-21 07:26:30.0', '132457', '2010-05-21 07:26:30.0');
INSERT INTO project_phase (project_phase_id, project_id, phase_type_id, phase_status_id, fixed_start_time, scheduled_start_time, scheduled_end_time, actual_start_time, actual_end_time, duration, create_user, create_date, modify_user, modify_date)
VALUES ('347', '341', '7', '1', '2010-06-16 09:00:00.0', '2010-06-16 09:00:00.0', '2010-06-16 21:00:00.0', NULL, NULL, '43200000', '132457', '2010-05-21 07:26:30.0', '132457', '2010-05-21 07:26:30.0');
INSERT INTO project_phase (project_phase_id, project_id, phase_type_id, phase_status_id, fixed_start_time, scheduled_start_time, scheduled_end_time, actual_start_time, actual_end_time, duration, create_user, create_date, modify_user, modify_date)
VALUES ('348', '341', '8', '1', '2010-06-16 21:00:00.0', '2010-06-16 21:00:00.0', '2010-06-17 09:00:00.0', NULL, NULL, '43200000', '132457', '2010-05-21 07:26:30.0', '132457', '2010-05-21 07:26:30.0');
INSERT INTO project_phase (project_phase_id, project_id, phase_type_id, phase_status_id, fixed_start_time, scheduled_start_time, scheduled_end_time, actual_start_time, actual_end_time, duration, create_user, create_date, modify_user, modify_date)
VALUES ('349', '341', '9', '1', '2010-06-17 09:00:00.0', '2010-06-17 09:00:00.0', '2010-06-22 09:00:00.0', NULL, NULL, '259200000', '132457', '2010-05-21 07:26:30.0', '132457', '2010-05-21 07:26:30.0');
INSERT INTO project_phase (project_phase_id, project_id, phase_type_id, phase_status_id, fixed_start_time, scheduled_start_time, scheduled_end_time, actual_start_time, actual_end_time, duration, create_user, create_date, modify_user, modify_date)
VALUES ('350', '341', '10', '1', '2010-06-22 09:00:00.0', '2010-06-22 09:00:00.0', '2010-06-23 09:00:00.0', NULL, NULL, '86400000', '132457', '2010-05-21 07:26:30.0', '132457', '2010-05-21 07:26:30.0');
--  Data for comp_catalog
INSERT INTO comp_catalog (component_id, current_version, short_desc, component_name, description, function_desc, create_time, status_id, root_category_id, modify_date, public_ind)
VALUES ('681', '1', 'Coolest component ever', 'Component 35', 'Coolest component ever', 'Component', '2010-05-21 07:20:14.48', '102', '5801777', '2010-05-21 07:23:44.0', '0');
--  Data for comp_versions
INSERT INTO comp_versions (comp_vers_id, component_id, version, version_text, create_time, phase_id, phase_time, price, comments, modify_date,
                           suspended_ind)
VALUES ('683', '681', '1', '1.0                 ', '2010-05-21 07:20:14.48', '112', '1976-05-04 00:00:00.0', '1000.00', 'Cool', '2010-05-21 07:27:01.0', '0');
--  Data for comp_categories
INSERT INTO comp_categories (comp_categories_id, component_id, category_id)
VALUES ('685', '681', '11');
--  Data for comp_keywords
INSERT INTO comp_keywords (comp_keywords_id, component_id, keyword)
VALUES ('691', '681', 'development');
--  Data for comp_technology
INSERT INTO comp_technology (comp_tech_id, comp_vers_id, technology_type_id)
VALUES ('692', '683', '1');
--  Data for comp_documentation
INSERT INTO comp_documentation (document_id, comp_vers_id, document_type_id, document_name, url)
VALUES ('693', '683', '0', 'Requirements Specification', '681/683/MQTTBroker_Requirements_Specification.pdf');
--  Data for comp_jive_category_xref
INSERT INTO comp_jive_category_xref (comp_vers_id, jive_category_id)
VALUES ('683', '0');
--  Data for comp_version_dates
INSERT INTO comp_version_dates (comp_version_dates_id, comp_vers_id, phase_id, posting_date, initial_submission_date, winner_announced_date, final_submission_date,
                                estimated_dev_date, price, total_submissions, status_id, create_time, level_id, screening_complete_date, review_complete_date,
                                aggregation_complete_date, phase_complete_date, production_date, aggregation_complete_date_comment, phase_complete_date_comment,
                                review_complete_date_comment, winner_announced_date_comment, initial_submission_date_comment, screening_complete_date_comment,
                                final_submission_date_comment, production_date_comment, modify_date)
VALUES ('694', '683', '112', '1976-05-05', '2000-01-01', '2000-01-01', 
        '2000-01-01', '2000-01-01', NULL, '0', '301', '2010-05-21 07:27:01.0', '100', '2000-01-01',
        '2000-01-01', '2000-01-01', '2000-01-01', '2010-12-01', 
        NULL, NULL, NULL, NULL, NULL, NULL, NULL, '', '2010-05-21 07:27:01.0');
--  Data for phase_criteria
INSERT INTO phase_criteria (project_phase_id, phase_criteria_type_id, parameter, create_user, create_date, modify_user, modify_date)
VALUES ('341', '2', '0', '132457', '2010-05-21 07:26:30.0', '132457', '2010-05-21 07:26:30.0');
INSERT INTO phase_criteria (project_phase_id, phase_criteria_type_id, parameter, create_user, create_date, modify_user, modify_date)
VALUES ('341', '5', 'No', '132457', '2010-05-21 07:26:30.0', '132457', '2010-05-21 07:26:30.0');
INSERT INTO phase_criteria (project_phase_id, phase_criteria_type_id, parameter, create_user, create_date, modify_user, modify_date)
VALUES ('342', '3', '0', '132457', '2010-05-21 07:26:30.0', '132457', '2010-05-21 07:26:30.0');
INSERT INTO phase_criteria (project_phase_id, phase_criteria_type_id, parameter, create_user, create_date, modify_user, modify_date)
VALUES ('342', '5', 'No', '132457', '2010-05-21 07:26:30.0', '132457', '2010-05-21 07:26:30.0');
INSERT INTO phase_criteria (project_phase_id, phase_criteria_type_id, parameter, create_user, create_date, modify_user, modify_date)
VALUES ('343', '5', 'No', '132457', '2010-05-21 07:26:30.0', '132457', '2010-05-21 07:26:30.0');
INSERT INTO phase_criteria (project_phase_id, phase_criteria_type_id, parameter, create_user, create_date, modify_user, modify_date)
VALUES ('343', '1', '30000410', '132457', '2010-05-21 07:26:30.0', '132457', '2010-05-21 07:26:30.0');
INSERT INTO phase_criteria (project_phase_id, phase_criteria_type_id, parameter, create_user, create_date, modify_user, modify_date)
VALUES ('344', '5', 'No', '132457', '2010-05-21 07:26:30.0', '132457', '2010-05-21 07:26:30.0');
INSERT INTO phase_criteria (project_phase_id, phase_criteria_type_id, parameter, create_user, create_date, modify_user, modify_date)
VALUES ('344', '1', '30000411', '132457', '2010-05-21 07:26:30.0', '132457', '2010-05-21 07:26:30.0');
INSERT INTO phase_criteria (project_phase_id, phase_criteria_type_id, parameter, create_user, create_date, modify_user, modify_date)
VALUES ('344', '6', '3', '132457', '2010-05-21 07:26:30.0', '132457', '2010-05-21 07:26:30.0');
INSERT INTO phase_criteria (project_phase_id, phase_criteria_type_id, parameter, create_user, create_date, modify_user, modify_date)
VALUES ('345', '5', 'No', '132457', '2010-05-21 07:26:30.0', '132457', '2010-05-21 07:26:30.0');
INSERT INTO phase_criteria (project_phase_id, phase_criteria_type_id, parameter, create_user, create_date, modify_user, modify_date)
VALUES ('345', '4', 'No', '132457', '2010-05-21 07:26:30.0', '132457', '2010-05-21 07:26:30.0');
INSERT INTO phase_criteria (project_phase_id, phase_criteria_type_id, parameter, create_user, create_date, modify_user, modify_date)
VALUES ('346', '5', 'No', '132457', '2010-05-21 07:26:30.0', '132457', '2010-05-21 07:26:30.0');
INSERT INTO phase_criteria (project_phase_id, phase_criteria_type_id, parameter, create_user, create_date, modify_user, modify_date)
VALUES ('347', '5', 'No', '132457', '2010-05-21 07:26:30.0', '132457', '2010-05-21 07:26:30.0');
INSERT INTO phase_criteria (project_phase_id, phase_criteria_type_id, parameter, create_user, create_date, modify_user, modify_date)
VALUES ('348', '5', 'No', '132457', '2010-05-21 07:26:30.0', '132457', '2010-05-21 07:26:30.0');
INSERT INTO phase_criteria (project_phase_id, phase_criteria_type_id, parameter, create_user, create_date, modify_user, modify_date)
VALUES ('349', '5', 'No', '132457', '2010-05-21 07:26:30.0', '132457', '2010-05-21 07:26:30.0');
INSERT INTO phase_criteria (project_phase_id, phase_criteria_type_id, parameter, create_user, create_date, modify_user, modify_date)
VALUES ('350', '5', 'No', '132457', '2010-05-21 07:26:30.0', '132457', '2010-05-21 07:26:30.0');
--  Data for phase_dependency
INSERT INTO phase_dependency (dependency_phase_id, dependent_phase_id, dependency_start, dependent_start, lag_time, create_user, create_date, modify_user, modify_date)
VALUES ('341', '342', '1', '1', '0', '132457', '2010-05-21 07:26:30.0', '132457', '2010-05-21 07:26:30.0');
INSERT INTO phase_dependency (dependency_phase_id, dependent_phase_id, dependency_start, dependent_start, lag_time, create_user, create_date, modify_user, modify_date)
VALUES ('342', '343', '0', '1', '0', '132457', '2010-05-21 07:26:30.0', '132457', '2010-05-21 07:26:30.0');
INSERT INTO phase_dependency (dependency_phase_id, dependent_phase_id, dependency_start, dependent_start, lag_time, create_user, create_date, modify_user, modify_date)
VALUES ('343', '344', '0', '1', '0', '132457', '2010-05-21 07:26:30.0', '132457', '2010-05-21 07:26:30.0');
INSERT INTO phase_dependency (dependency_phase_id, dependent_phase_id, dependency_start, dependent_start, lag_time, create_user, create_date, modify_user, modify_date)
VALUES ('344', '345', '0', '1', '0', '132457', '2010-05-21 07:26:30.0', '132457', '2010-05-21 07:26:30.0');
INSERT INTO phase_dependency (dependency_phase_id, dependent_phase_id, dependency_start, dependent_start, lag_time, create_user, create_date, modify_user, modify_date)
VALUES ('345', '346', '0', '1', '0', '132457', '2010-05-21 07:26:30.0', '132457', '2010-05-21 07:26:30.0');
INSERT INTO phase_dependency (dependency_phase_id, dependent_phase_id, dependency_start, dependent_start, lag_time, create_user, create_date, modify_user, modify_date)
VALUES ('346', '347', '0', '1', '0', '132457', '2010-05-21 07:26:30.0', '132457', '2010-05-21 07:26:30.0');
INSERT INTO phase_dependency (dependency_phase_id, dependent_phase_id, dependency_start, dependent_start, lag_time, create_user, create_date, modify_user, modify_date)
VALUES ('347', '348', '0', '1', '0', '132457', '2010-05-21 07:26:30.0', '132457', '2010-05-21 07:26:30.0');
INSERT INTO phase_dependency (dependency_phase_id, dependent_phase_id, dependency_start, dependent_start, lag_time, create_user, create_date, modify_user, modify_date)
VALUES ('348', '349', '0', '1', '0', '132457', '2010-05-21 07:26:30.0', '132457', '2010-05-21 07:26:30.0');
INSERT INTO phase_dependency (dependency_phase_id, dependent_phase_id, dependency_start, dependent_start, lag_time, create_user, create_date, modify_user, modify_date)
VALUES ('349', '350', '0', '1', '0', '132457', '2010-05-21 07:26:30.0', '132457', '2010-05-21 07:26:30.0');
--  Data for resource
INSERT INTO resource (resource_id, resource_role_id, project_id, project_phase_id, create_user, create_date, modify_user, modify_date)
VALUES ('341', '13', '341', NULL, '132457', '2010-05-21 07:26:30.0', '132457', '2010-05-21 07:26:30.0');
--  Data for resource_info
INSERT INTO resource_info (resource_id, resource_info_type_id, value, create_user, create_date, modify_user, modify_date)
VALUES ('341', '1', '132457', '132457', '2010-05-21 07:26:30.0', '132457', '2010-05-21 07:26:30.0');
INSERT INTO resource_info (resource_id, resource_info_type_id, value, create_user, create_date, modify_user, modify_date)
VALUES ('341', '2', 'super', '132457', '2010-05-21 07:26:30.0', '132457', '2010-05-21 07:26:30.0');
--  Data for user_role
INSERT INTO user_role (user_role_id, comp_vers_id, role_id, login_id, description)
VALUES ('684', '683', '1', '132457', '');
--  Data for word_search
INSERT INTO word_search (word_search_id, document_id, index_word, nbr_occurrences)
VALUES ('687', '681', 'ever                                                                                                ', '2');
INSERT INTO word_search (word_search_id, document_id, index_word, nbr_occurrences)
VALUES ('688', '681', 'component                                                                                           ', '4');
INSERT INTO word_search (word_search_id, document_id, index_word, nbr_occurrences)
VALUES ('689', '681', 'coolest                                                                                             ', '2');
INSERT INTO word_search (word_search_id, document_id, index_word, nbr_occurrences)
VALUES ('690', '681', 'development                                                    ', '2');
--  Data for word_search_ctgy
INSERT INTO word_search_ctgy (word_srch_ctgy_id, category_id, document_id)
VALUES ('686', 'DDECATALOG                                        ', '681');
--  Data for word_search_doc
INSERT INTO word_search_doc (document_id)
VALUES ('681');
-- Data for project
INSERT INTO project (project_id, project_status_id, project_category_id, create_user, create_date, modify_user, modify_date)
VALUES ('351', '1', '2', '132456', '2010-05-21 07:26:30.0', '132456', '2010-05-21 07:26:30.0');
--  Data for project_info
INSERT INTO project_info (project_id, project_info_type_id, value, create_user, create_date, modify_user, modify_date)
VALUES ('351', '1', '703', '132456', '2010-05-21 07:26:30.0', '132456', '2010-05-21 07:26:30.0');
INSERT INTO project_info (project_id, project_info_type_id, value, create_user, create_date, modify_user, modify_date)
VALUES ('351', '2', '701', '132456', '2010-05-21 07:26:30.0', '132456', '2010-05-21 07:26:30.0');
INSERT INTO project_info (project_id, project_info_type_id, value, create_user, create_date, modify_user, modify_date)
VALUES ('351', '3', '1', '132456', '2010-05-21 07:26:30.0', '132456', '2010-05-21 07:26:30.0');
INSERT INTO project_info (project_id, project_info_type_id, value, create_user, create_date, modify_user, modify_date)
VALUES ('351', '4', '0', '132456', '2010-05-21 07:26:30.0', '132456', '2010-05-21 07:26:30.0');
INSERT INTO project_info (project_id, project_info_type_id, value, create_user, create_date, modify_user, modify_date)
VALUES ('351', '5', '5801776', '132456', '2010-05-21 07:26:30.0', '132456', '2010-05-21 07:26:30.0');
INSERT INTO project_info (project_id, project_info_type_id, value, create_user, create_date, modify_user, modify_date)
VALUES ('351', '6', 'Component 36', '132456', '2010-05-21 07:26:30.0', '132456', '2010-05-21 07:26:30.0');
INSERT INTO project_info (project_id, project_info_type_id, value, create_user, create_date, modify_user, modify_date)
VALUES ('351', '7', '1.0                 ', '132456', '2010-05-21 07:26:30.0', '132456', '2010-05-21 07:26:30.0');
INSERT INTO project_info (project_id, project_info_type_id, value, create_user, create_date, modify_user, modify_date)
VALUES ('351', '9', 'Off', '132456', '2010-05-21 07:26:30.0', '132456', '2010-05-21 07:26:30.0');
INSERT INTO project_info (project_id, project_info_type_id, value, create_user, create_date, modify_user, modify_date)
VALUES ('351', '10', 'On', '132456', '2010-05-21 07:26:30.0', '132456', '2010-05-21 07:26:30.0');
INSERT INTO project_info (project_id, project_info_type_id, value, create_user, create_date, modify_user, modify_date)
VALUES ('351', '11', 'On', '132456', '2010-05-21 07:26:30.0', '132456', '2010-05-21 07:26:30.0');
INSERT INTO project_info (project_id, project_info_type_id, value, create_user, create_date, modify_user, modify_date)
VALUES ('351', '12', 'Yes', '132456', '2010-05-21 07:26:30.0', '132456', '2010-05-21 07:26:30.0');
INSERT INTO project_info (project_id, project_info_type_id, value, create_user, create_date, modify_user, modify_date)
VALUES ('351', '13', 'Yes', '132456', '2010-05-21 07:26:30.0', '132456', '2010-05-21 07:26:30.0');
INSERT INTO project_info (project_id, project_info_type_id, value, create_user, create_date, modify_user, modify_date)
VALUES ('351', '14', 'Open', '132456', '2010-05-21 07:26:30.0', '132456', '2010-05-21 07:26:30.0');
INSERT INTO project_info (project_id, project_info_type_id, value, create_user, create_date, modify_user, modify_date)
VALUES ('351', '16', '0.0', '132456', '2010-05-21 07:26:30.0', '132456', '2010-05-21 07:26:30.0');
INSERT INTO project_info (project_id, project_info_type_id, value, create_user, create_date, modify_user, modify_date)
VALUES ('351', '26', 'On', '132456', '2010-05-21 07:26:30.0', '132456', '2010-05-21 07:26:30.0');
INSERT INTO project_info (project_id, project_info_type_id, value, create_user, create_date, modify_user, modify_date)
VALUES ('351', '29', 'On', '132456', '2010-05-21 07:26:30.0', '132456', '2010-05-21 07:26:30.0');
INSERT INTO project_info (project_id, project_info_type_id, value, create_user, create_date, modify_user, modify_date)
VALUES ('351', '41', 'true', '132456', '2010-05-21 07:26:30.0', '132456', '2010-05-21 07:26:30.0');
INSERT INTO project_info (project_id, project_info_type_id, value, create_user, create_date, modify_user, modify_date)
VALUES ('351', '43', 'true', '132456', '2010-05-21 07:26:30.0', '132456', '2010-05-21 07:26:30.0');
--  Data for project_phase
INSERT INTO project_phase (project_phase_id, project_id, phase_type_id, phase_status_id, fixed_start_time, scheduled_start_time, scheduled_end_time, actual_start_time, actual_end_time, duration, create_user, create_date, modify_user, modify_date)
VALUES ('351', '351', '1', '1', '2010-05-27 09:00:00.0', '2010-05-27 09:00:00.0', '2010-06-01 09:00:00.0', NULL, NULL, '259200000', '132456', '2010-05-21 07:26:30.0', '132456', '2010-05-21 07:26:30.0');
INSERT INTO project_phase (project_phase_id, project_id, phase_type_id, phase_status_id, fixed_start_time, scheduled_start_time, scheduled_end_time, actual_start_time, actual_end_time, duration, create_user, create_date, modify_user, modify_date)
VALUES ('352', '351', '2', '1', '2010-05-27 09:00:00.0', '2010-05-27 09:00:00.0', '2010-06-07 09:00:00.0', NULL, NULL, '604800000', '132456', '2010-05-21 07:26:30.0', '132456', '2010-05-21 07:26:30.0');
INSERT INTO project_phase (project_phase_id, project_id, phase_type_id, phase_status_id, fixed_start_time, scheduled_start_time, scheduled_end_time, actual_start_time, actual_end_time, duration, create_user, create_date, modify_user, modify_date)
VALUES ('353', '351', '3', '1', '2010-06-07 09:00:00.0', '2010-06-07 09:00:00.0', '2010-06-08 09:00:00.0', NULL, NULL, '86400000', '132456', '2010-05-21 07:26:30.0', '132456', '2010-05-21 07:26:30.0');
INSERT INTO project_phase (project_phase_id, project_id, phase_type_id, phase_status_id, fixed_start_time, scheduled_start_time, scheduled_end_time, actual_start_time, actual_end_time, duration, create_user, create_date, modify_user, modify_date)
VALUES ('354', '351', '4', '1', '2010-06-08 09:00:00.0', '2010-06-08 09:00:00.0', '2010-06-14 09:00:00.0', NULL, NULL, '345600000', '132456', '2010-05-21 07:26:30.0', '132456', '2010-05-21 07:26:30.0');
INSERT INTO project_phase (project_phase_id, project_id, phase_type_id, phase_status_id, fixed_start_time, scheduled_start_time, scheduled_end_time, actual_start_time, actual_end_time, duration, create_user, create_date, modify_user, modify_date)
VALUES ('355', '351', '5', '1', '2010-06-14 09:00:00.0', '2010-06-14 09:00:00.0', '2010-06-15 09:00:00.0', NULL, NULL, '86400000', '132456', '2010-05-21 07:26:30.0', '132456', '2010-05-21 07:26:30.0');
INSERT INTO project_phase (project_phase_id, project_id, phase_type_id, phase_status_id, fixed_start_time, scheduled_start_time, scheduled_end_time, actual_start_time, actual_end_time, duration, create_user, create_date, modify_user, modify_date)
VALUES ('356', '351', '6', '1', '2010-06-15 09:00:00.0', '2010-06-15 09:00:00.0', '2010-06-16 09:00:00.0', NULL, NULL, '86400000', '132456', '2010-05-21 07:26:30.0', '132456', '2010-05-21 07:26:30.0');
INSERT INTO project_phase (project_phase_id, project_id, phase_type_id, phase_status_id, fixed_start_time, scheduled_start_time, scheduled_end_time, actual_start_time, actual_end_time, duration, create_user, create_date, modify_user, modify_date)
VALUES ('357', '351', '7', '1', '2010-06-16 09:00:00.0', '2010-06-16 09:00:00.0', '2010-06-16 21:00:00.0', NULL, NULL, '43200000', '132456', '2010-05-21 07:26:30.0', '132456', '2010-05-21 07:26:30.0');
INSERT INTO project_phase (project_phase_id, project_id, phase_type_id, phase_status_id, fixed_start_time, scheduled_start_time, scheduled_end_time, actual_start_time, actual_end_time, duration, create_user, create_date, modify_user, modify_date)
VALUES ('358', '351', '8', '1', '2010-06-16 21:00:00.0', '2010-06-16 21:00:00.0', '2010-06-17 09:00:00.0', NULL, NULL, '43200000', '132456', '2010-05-21 07:26:30.0', '132456', '2010-05-21 07:26:30.0');
INSERT INTO project_phase (project_phase_id, project_id, phase_type_id, phase_status_id, fixed_start_time, scheduled_start_time, scheduled_end_time, actual_start_time, actual_end_time, duration, create_user, create_date, modify_user, modify_date)
VALUES ('359', '351', '9', '1', '2010-06-17 09:00:00.0', '2010-06-17 09:00:00.0', '2010-06-22 09:00:00.0', NULL, NULL, '259200000', '132456', '2010-05-21 07:26:30.0', '132456', '2010-05-21 07:26:30.0');
INSERT INTO project_phase (project_phase_id, project_id, phase_type_id, phase_status_id, fixed_start_time, scheduled_start_time, scheduled_end_time, actual_start_time, actual_end_time, duration, create_user, create_date, modify_user, modify_date)
VALUES ('360', '351', '10', '1', '2010-06-22 09:00:00.0', '2010-06-22 09:00:00.0', '2010-06-23 09:00:00.0', NULL, NULL, '86400000', '132456', '2010-05-21 07:26:30.0', '132456', '2010-05-21 07:26:30.0');
--  Data for comp_catalog
INSERT INTO comp_catalog (component_id, current_version, short_desc, component_name, description, function_desc, create_time, status_id, root_category_id, modify_date, public_ind)
VALUES ('701', '1', 'Coolest component ever', 'Component 36', 'Coolest component ever', 'Component', '2010-05-21 07:20:14.48', '102', '5801776', '2010-05-21 07:23:44.0', '0');
--  Data for comp_versions
INSERT INTO comp_versions (comp_vers_id, component_id, version, version_text, create_time, phase_id, phase_time, price, comments, modify_date,
                           suspended_ind)
VALUES ('703', '701', '1', '1.0                 ', '2010-05-21 07:20:14.48', '112', '1976-05-04 00:00:00.0', '1000.00', 'Cool', '2010-05-21 07:27:01.0', '0');
--  Data for comp_categories
INSERT INTO comp_categories (comp_categories_id, component_id, category_id)
VALUES ('705', '701', '11');
--  Data for comp_keywords
INSERT INTO comp_keywords (comp_keywords_id, component_id, keyword)
VALUES ('711', '701', 'development');
--  Data for comp_technology
INSERT INTO comp_technology (comp_tech_id, comp_vers_id, technology_type_id)
VALUES ('712', '703', '1');
--  Data for comp_documentation
INSERT INTO comp_documentation (document_id, comp_vers_id, document_type_id, document_name, url)
VALUES ('713', '703', '0', 'Requirements Specification', '701/703/MQTTBroker_Requirements_Specification.pdf');
--  Data for comp_jive_category_xref
INSERT INTO comp_jive_category_xref (comp_vers_id, jive_category_id)
VALUES ('703', '0');
--  Data for comp_version_dates
INSERT INTO comp_version_dates (comp_version_dates_id, comp_vers_id, phase_id, posting_date, initial_submission_date, winner_announced_date, final_submission_date,
                                estimated_dev_date, price, total_submissions, status_id, create_time, level_id, screening_complete_date, review_complete_date,
                                aggregation_complete_date, phase_complete_date, production_date, aggregation_complete_date_comment, phase_complete_date_comment,
                                review_complete_date_comment, winner_announced_date_comment, initial_submission_date_comment, screening_complete_date_comment,
                                final_submission_date_comment, production_date_comment, modify_date)
VALUES ('714', '703', '112', '1976-05-05', '2000-01-01', '2000-01-01', 
        '2000-01-01', '2000-01-01', NULL, '0', '301', '2010-05-21 07:27:01.0', '100', '2000-01-01',
        '2000-01-01', '2000-01-01', '2000-01-01', '2010-12-01', 
        NULL, NULL, NULL, NULL, NULL, NULL, NULL, '', '2010-05-21 07:27:01.0');
--  Data for phase_criteria
INSERT INTO phase_criteria (project_phase_id, phase_criteria_type_id, parameter, create_user, create_date, modify_user, modify_date)
VALUES ('351', '2', '0', '132456', '2010-05-21 07:26:30.0', '132456', '2010-05-21 07:26:30.0');
INSERT INTO phase_criteria (project_phase_id, phase_criteria_type_id, parameter, create_user, create_date, modify_user, modify_date)
VALUES ('351', '5', 'No', '132456', '2010-05-21 07:26:30.0', '132456', '2010-05-21 07:26:30.0');
INSERT INTO phase_criteria (project_phase_id, phase_criteria_type_id, parameter, create_user, create_date, modify_user, modify_date)
VALUES ('352', '3', '0', '132456', '2010-05-21 07:26:30.0', '132456', '2010-05-21 07:26:30.0');
INSERT INTO phase_criteria (project_phase_id, phase_criteria_type_id, parameter, create_user, create_date, modify_user, modify_date)
VALUES ('352', '5', 'No', '132456', '2010-05-21 07:26:30.0', '132456', '2010-05-21 07:26:30.0');
INSERT INTO phase_criteria (project_phase_id, phase_criteria_type_id, parameter, create_user, create_date, modify_user, modify_date)
VALUES ('353', '5', 'No', '132456', '2010-05-21 07:26:30.0', '132456', '2010-05-21 07:26:30.0');
INSERT INTO phase_criteria (project_phase_id, phase_criteria_type_id, parameter, create_user, create_date, modify_user, modify_date)
VALUES ('353', '1', '30000410', '132456', '2010-05-21 07:26:30.0', '132456', '2010-05-21 07:26:30.0');
INSERT INTO phase_criteria (project_phase_id, phase_criteria_type_id, parameter, create_user, create_date, modify_user, modify_date)
VALUES ('354', '5', 'No', '132456', '2010-05-21 07:26:30.0', '132456', '2010-05-21 07:26:30.0');
INSERT INTO phase_criteria (project_phase_id, phase_criteria_type_id, parameter, create_user, create_date, modify_user, modify_date)
VALUES ('354', '1', '30000411', '132456', '2010-05-21 07:26:30.0', '132456', '2010-05-21 07:26:30.0');
INSERT INTO phase_criteria (project_phase_id, phase_criteria_type_id, parameter, create_user, create_date, modify_user, modify_date)
VALUES ('354', '6', '3', '132456', '2010-05-21 07:26:30.0', '132456', '2010-05-21 07:26:30.0');
INSERT INTO phase_criteria (project_phase_id, phase_criteria_type_id, parameter, create_user, create_date, modify_user, modify_date)
VALUES ('355', '5', 'No', '132456', '2010-05-21 07:26:30.0', '132456', '2010-05-21 07:26:30.0');
INSERT INTO phase_criteria (project_phase_id, phase_criteria_type_id, parameter, create_user, create_date, modify_user, modify_date)
VALUES ('355', '4', 'No', '132456', '2010-05-21 07:26:30.0', '132456', '2010-05-21 07:26:30.0');
INSERT INTO phase_criteria (project_phase_id, phase_criteria_type_id, parameter, create_user, create_date, modify_user, modify_date)
VALUES ('356', '5', 'No', '132456', '2010-05-21 07:26:30.0', '132456', '2010-05-21 07:26:30.0');
INSERT INTO phase_criteria (project_phase_id, phase_criteria_type_id, parameter, create_user, create_date, modify_user, modify_date)
VALUES ('357', '5', 'No', '132456', '2010-05-21 07:26:30.0', '132456', '2010-05-21 07:26:30.0');
INSERT INTO phase_criteria (project_phase_id, phase_criteria_type_id, parameter, create_user, create_date, modify_user, modify_date)
VALUES ('358', '5', 'No', '132456', '2010-05-21 07:26:30.0', '132456', '2010-05-21 07:26:30.0');
INSERT INTO phase_criteria (project_phase_id, phase_criteria_type_id, parameter, create_user, create_date, modify_user, modify_date)
VALUES ('359', '5', 'No', '132456', '2010-05-21 07:26:30.0', '132456', '2010-05-21 07:26:30.0');
INSERT INTO phase_criteria (project_phase_id, phase_criteria_type_id, parameter, create_user, create_date, modify_user, modify_date)
VALUES ('360', '5', 'No', '132456', '2010-05-21 07:26:30.0', '132456', '2010-05-21 07:26:30.0');
--  Data for phase_dependency
INSERT INTO phase_dependency (dependency_phase_id, dependent_phase_id, dependency_start, dependent_start, lag_time, create_user, create_date, modify_user, modify_date)
VALUES ('351', '352', '1', '1', '0', '132456', '2010-05-21 07:26:30.0', '132456', '2010-05-21 07:26:30.0');
INSERT INTO phase_dependency (dependency_phase_id, dependent_phase_id, dependency_start, dependent_start, lag_time, create_user, create_date, modify_user, modify_date)
VALUES ('352', '353', '0', '1', '0', '132456', '2010-05-21 07:26:30.0', '132456', '2010-05-21 07:26:30.0');
INSERT INTO phase_dependency (dependency_phase_id, dependent_phase_id, dependency_start, dependent_start, lag_time, create_user, create_date, modify_user, modify_date)
VALUES ('353', '354', '0', '1', '0', '132456', '2010-05-21 07:26:30.0', '132456', '2010-05-21 07:26:30.0');
INSERT INTO phase_dependency (dependency_phase_id, dependent_phase_id, dependency_start, dependent_start, lag_time, create_user, create_date, modify_user, modify_date)
VALUES ('354', '355', '0', '1', '0', '132456', '2010-05-21 07:26:30.0', '132456', '2010-05-21 07:26:30.0');
INSERT INTO phase_dependency (dependency_phase_id, dependent_phase_id, dependency_start, dependent_start, lag_time, create_user, create_date, modify_user, modify_date)
VALUES ('355', '356', '0', '1', '0', '132456', '2010-05-21 07:26:30.0', '132456', '2010-05-21 07:26:30.0');
INSERT INTO phase_dependency (dependency_phase_id, dependent_phase_id, dependency_start, dependent_start, lag_time, create_user, create_date, modify_user, modify_date)
VALUES ('356', '357', '0', '1', '0', '132456', '2010-05-21 07:26:30.0', '132456', '2010-05-21 07:26:30.0');
INSERT INTO phase_dependency (dependency_phase_id, dependent_phase_id, dependency_start, dependent_start, lag_time, create_user, create_date, modify_user, modify_date)
VALUES ('357', '358', '0', '1', '0', '132456', '2010-05-21 07:26:30.0', '132456', '2010-05-21 07:26:30.0');
INSERT INTO phase_dependency (dependency_phase_id, dependent_phase_id, dependency_start, dependent_start, lag_time, create_user, create_date, modify_user, modify_date)
VALUES ('358', '359', '0', '1', '0', '132456', '2010-05-21 07:26:30.0', '132456', '2010-05-21 07:26:30.0');
INSERT INTO phase_dependency (dependency_phase_id, dependent_phase_id, dependency_start, dependent_start, lag_time, create_user, create_date, modify_user, modify_date)
VALUES ('359', '360', '0', '1', '0', '132456', '2010-05-21 07:26:30.0', '132456', '2010-05-21 07:26:30.0');
--  Data for resource
INSERT INTO resource (resource_id, resource_role_id, project_id, project_phase_id, create_user, create_date, modify_user, modify_date)
VALUES ('351', '13', '351', NULL, '132456', '2010-05-21 07:26:30.0', '132456', '2010-05-21 07:26:30.0');
--  Data for resource_info
INSERT INTO resource_info (resource_id, resource_info_type_id, value, create_user, create_date, modify_user, modify_date)
VALUES ('351', '1', '132456', '132456', '2010-05-21 07:26:30.0', '132456', '2010-05-21 07:26:30.0');
INSERT INTO resource_info (resource_id, resource_info_type_id, value, create_user, create_date, modify_user, modify_date)
VALUES ('351', '2', 'heffan', '132456', '2010-05-21 07:26:30.0', '132456', '2010-05-21 07:26:30.0');
--  Data for user_role
INSERT INTO user_role (user_role_id, comp_vers_id, role_id, login_id, description)
VALUES ('704', '703', '1', '132456', '');
--  Data for word_search
INSERT INTO word_search (word_search_id, document_id, index_word, nbr_occurrences)
VALUES ('707', '701', 'ever                                                                                                ', '2');
INSERT INTO word_search (word_search_id, document_id, index_word, nbr_occurrences)
VALUES ('708', '701', 'component                                                                                           ', '4');
INSERT INTO word_search (word_search_id, document_id, index_word, nbr_occurrences)
VALUES ('709', '701', 'coolest                                                                                             ', '2');
INSERT INTO word_search (word_search_id, document_id, index_word, nbr_occurrences)
VALUES ('710', '701', 'development                                                    ', '2');
--  Data for word_search_ctgy
INSERT INTO word_search_ctgy (word_srch_ctgy_id, category_id, document_id)
VALUES ('706', 'DDECATALOG                                        ', '701');
--  Data for word_search_doc
INSERT INTO word_search_doc (document_id)
VALUES ('701');
-- Data for project
INSERT INTO project (project_id, project_status_id, project_category_id, create_user, create_date, modify_user, modify_date)
VALUES ('361', '2', '14', '132457', '2010-05-21 07:26:30.0', '132457', '2010-05-21 07:26:30.0');
--  Data for project_info
INSERT INTO project_info (project_id, project_info_type_id, value, create_user, create_date, modify_user, modify_date)
VALUES ('361', '1', '723', '132457', '2010-05-21 07:26:30.0', '132457', '2010-05-21 07:26:30.0');
INSERT INTO project_info (project_id, project_info_type_id, value, create_user, create_date, modify_user, modify_date)
VALUES ('361', '2', '721', '132457', '2010-05-21 07:26:30.0', '132457', '2010-05-21 07:26:30.0');
INSERT INTO project_info (project_id, project_info_type_id, value, create_user, create_date, modify_user, modify_date)
VALUES ('361', '3', '1', '132457', '2010-05-21 07:26:30.0', '132457', '2010-05-21 07:26:30.0');
INSERT INTO project_info (project_id, project_info_type_id, value, create_user, create_date, modify_user, modify_date)
VALUES ('361', '4', '0', '132457', '2010-05-21 07:26:30.0', '132457', '2010-05-21 07:26:30.0');
INSERT INTO project_info (project_id, project_info_type_id, value, create_user, create_date, modify_user, modify_date)
VALUES ('361', '5', '5801776', '132457', '2010-05-21 07:26:30.0', '132457', '2010-05-21 07:26:30.0');
INSERT INTO project_info (project_id, project_info_type_id, value, create_user, create_date, modify_user, modify_date)
VALUES ('361', '6', 'Component 37', '132457', '2010-05-21 07:26:30.0', '132457', '2010-05-21 07:26:30.0');
INSERT INTO project_info (project_id, project_info_type_id, value, create_user, create_date, modify_user, modify_date)
VALUES ('361', '7', '1.0                 ', '132457', '2010-05-21 07:26:30.0', '132457', '2010-05-21 07:26:30.0');
INSERT INTO project_info (project_id, project_info_type_id, value, create_user, create_date, modify_user, modify_date)
VALUES ('361', '9', 'Off', '132457', '2010-05-21 07:26:30.0', '132457', '2010-05-21 07:26:30.0');
INSERT INTO project_info (project_id, project_info_type_id, value, create_user, create_date, modify_user, modify_date)
VALUES ('361', '10', 'On', '132457', '2010-05-21 07:26:30.0', '132457', '2010-05-21 07:26:30.0');
INSERT INTO project_info (project_id, project_info_type_id, value, create_user, create_date, modify_user, modify_date)
VALUES ('361', '11', 'On', '132457', '2010-05-21 07:26:30.0', '132457', '2010-05-21 07:26:30.0');
INSERT INTO project_info (project_id, project_info_type_id, value, create_user, create_date, modify_user, modify_date)
VALUES ('361', '12', 'Yes', '132457', '2010-05-21 07:26:30.0', '132457', '2010-05-21 07:26:30.0');
INSERT INTO project_info (project_id, project_info_type_id, value, create_user, create_date, modify_user, modify_date)
VALUES ('361', '13', 'Yes', '132457', '2010-05-21 07:26:30.0', '132457', '2010-05-21 07:26:30.0');
INSERT INTO project_info (project_id, project_info_type_id, value, create_user, create_date, modify_user, modify_date)
VALUES ('361', '14', 'Open', '132457', '2010-05-21 07:26:30.0', '132457', '2010-05-21 07:26:30.0');
INSERT INTO project_info (project_id, project_info_type_id, value, create_user, create_date, modify_user, modify_date)
VALUES ('361', '16', '0.0', '132457', '2010-05-21 07:26:30.0', '132457', '2010-05-21 07:26:30.0');
INSERT INTO project_info (project_id, project_info_type_id, value, create_user, create_date, modify_user, modify_date)
VALUES ('361', '26', 'On', '132457', '2010-05-21 07:26:30.0', '132457', '2010-05-21 07:26:30.0');
INSERT INTO project_info (project_id, project_info_type_id, value, create_user, create_date, modify_user, modify_date)
VALUES ('361', '29', 'On', '132457', '2010-05-21 07:26:30.0', '132457', '2010-05-21 07:26:30.0');
INSERT INTO project_info (project_id, project_info_type_id, value, create_user, create_date, modify_user, modify_date)
VALUES ('361', '41', 'true', '132457', '2010-05-21 07:26:30.0', '132457', '2010-05-21 07:26:30.0');
INSERT INTO project_info (project_id, project_info_type_id, value, create_user, create_date, modify_user, modify_date)
VALUES ('361', '43', 'true', '132457', '2010-05-21 07:26:30.0', '132457', '2010-05-21 07:26:30.0');
--  Data for project_phase
INSERT INTO project_phase (project_phase_id, project_id, phase_type_id, phase_status_id, fixed_start_time, scheduled_start_time, scheduled_end_time, actual_start_time, actual_end_time, duration, create_user, create_date, modify_user, modify_date)
VALUES ('361', '361', '1', '1', '2010-05-27 09:00:00.0', '2010-05-27 09:00:00.0', '2010-06-01 09:00:00.0', NULL, NULL, '259200000', '132457', '2010-05-21 07:26:30.0', '132457', '2010-05-21 07:26:30.0');
INSERT INTO project_phase (project_phase_id, project_id, phase_type_id, phase_status_id, fixed_start_time, scheduled_start_time, scheduled_end_time, actual_start_time, actual_end_time, duration, create_user, create_date, modify_user, modify_date)
VALUES ('362', '361', '2', '1', '2010-05-27 09:00:00.0', '2010-05-27 09:00:00.0', '2010-06-07 09:00:00.0', NULL, NULL, '604800000', '132457', '2010-05-21 07:26:30.0', '132457', '2010-05-21 07:26:30.0');
INSERT INTO project_phase (project_phase_id, project_id, phase_type_id, phase_status_id, fixed_start_time, scheduled_start_time, scheduled_end_time, actual_start_time, actual_end_time, duration, create_user, create_date, modify_user, modify_date)
VALUES ('363', '361', '3', '1', '2010-06-07 09:00:00.0', '2010-06-07 09:00:00.0', '2010-06-08 09:00:00.0', NULL, NULL, '86400000', '132457', '2010-05-21 07:26:30.0', '132457', '2010-05-21 07:26:30.0');
INSERT INTO project_phase (project_phase_id, project_id, phase_type_id, phase_status_id, fixed_start_time, scheduled_start_time, scheduled_end_time, actual_start_time, actual_end_time, duration, create_user, create_date, modify_user, modify_date)
VALUES ('364', '361', '4', '1', '2010-06-08 09:00:00.0', '2010-06-08 09:00:00.0', '2010-06-14 09:00:00.0', NULL, NULL, '345600000', '132457', '2010-05-21 07:26:30.0', '132457', '2010-05-21 07:26:30.0');
INSERT INTO project_phase (project_phase_id, project_id, phase_type_id, phase_status_id, fixed_start_time, scheduled_start_time, scheduled_end_time, actual_start_time, actual_end_time, duration, create_user, create_date, modify_user, modify_date)
VALUES ('365', '361', '5', '1', '2010-06-14 09:00:00.0', '2010-06-14 09:00:00.0', '2010-06-15 09:00:00.0', NULL, NULL, '86400000', '132457', '2010-05-21 07:26:30.0', '132457', '2010-05-21 07:26:30.0');
INSERT INTO project_phase (project_phase_id, project_id, phase_type_id, phase_status_id, fixed_start_time, scheduled_start_time, scheduled_end_time, actual_start_time, actual_end_time, duration, create_user, create_date, modify_user, modify_date)
VALUES ('366', '361', '6', '1', '2010-06-15 09:00:00.0', '2010-06-15 09:00:00.0', '2010-06-16 09:00:00.0', NULL, NULL, '86400000', '132457', '2010-05-21 07:26:30.0', '132457', '2010-05-21 07:26:30.0');
INSERT INTO project_phase (project_phase_id, project_id, phase_type_id, phase_status_id, fixed_start_time, scheduled_start_time, scheduled_end_time, actual_start_time, actual_end_time, duration, create_user, create_date, modify_user, modify_date)
VALUES ('367', '361', '7', '1', '2010-06-16 09:00:00.0', '2010-06-16 09:00:00.0', '2010-06-16 21:00:00.0', NULL, NULL, '43200000', '132457', '2010-05-21 07:26:30.0', '132457', '2010-05-21 07:26:30.0');
INSERT INTO project_phase (project_phase_id, project_id, phase_type_id, phase_status_id, fixed_start_time, scheduled_start_time, scheduled_end_time, actual_start_time, actual_end_time, duration, create_user, create_date, modify_user, modify_date)
VALUES ('368', '361', '8', '1', '2010-06-16 21:00:00.0', '2010-06-16 21:00:00.0', '2010-06-17 09:00:00.0', NULL, NULL, '43200000', '132457', '2010-05-21 07:26:30.0', '132457', '2010-05-21 07:26:30.0');
INSERT INTO project_phase (project_phase_id, project_id, phase_type_id, phase_status_id, fixed_start_time, scheduled_start_time, scheduled_end_time, actual_start_time, actual_end_time, duration, create_user, create_date, modify_user, modify_date)
VALUES ('369', '361', '9', '1', '2010-06-17 09:00:00.0', '2010-06-17 09:00:00.0', '2010-06-22 09:00:00.0', NULL, NULL, '259200000', '132457', '2010-05-21 07:26:30.0', '132457', '2010-05-21 07:26:30.0');
INSERT INTO project_phase (project_phase_id, project_id, phase_type_id, phase_status_id, fixed_start_time, scheduled_start_time, scheduled_end_time, actual_start_time, actual_end_time, duration, create_user, create_date, modify_user, modify_date)
VALUES ('370', '361', '10', '1', '2010-06-22 09:00:00.0', '2010-06-22 09:00:00.0', '2010-06-23 09:00:00.0', NULL, NULL, '86400000', '132457', '2010-05-21 07:26:30.0', '132457', '2010-05-21 07:26:30.0');
--  Data for comp_catalog
INSERT INTO comp_catalog (component_id, current_version, short_desc, component_name, description, function_desc, create_time, status_id, root_category_id, modify_date, public_ind)
VALUES ('721', '1', 'Coolest component ever', 'Component 37', 'Coolest component ever', 'Component', '2010-05-21 07:20:14.48', '102', '5801776', '2010-05-21 07:23:44.0', '0');
--  Data for comp_versions
INSERT INTO comp_versions (comp_vers_id, component_id, version, version_text, create_time, phase_id, phase_time, price, comments, modify_date,
                           suspended_ind)
VALUES ('723', '721', '1', '1.0                 ', '2010-05-21 07:20:14.48', '112', '1976-05-04 00:00:00.0', '1000.00', 'Cool', '2010-05-21 07:27:01.0', '0');
--  Data for comp_categories
INSERT INTO comp_categories (comp_categories_id, component_id, category_id)
VALUES ('725', '721', '11');
--  Data for comp_keywords
INSERT INTO comp_keywords (comp_keywords_id, component_id, keyword)
VALUES ('731', '721', 'assembly');
--  Data for comp_technology
INSERT INTO comp_technology (comp_tech_id, comp_vers_id, technology_type_id)
VALUES ('732', '723', '1');
--  Data for comp_documentation
INSERT INTO comp_documentation (document_id, comp_vers_id, document_type_id, document_name, url)
VALUES ('733', '723', '0', 'Requirements Specification', '721/723/MQTTBroker_Requirements_Specification.pdf');
--  Data for comp_jive_category_xref
INSERT INTO comp_jive_category_xref (comp_vers_id, jive_category_id)
VALUES ('723', '0');
--  Data for comp_version_dates
INSERT INTO comp_version_dates (comp_version_dates_id, comp_vers_id, phase_id, posting_date, initial_submission_date, winner_announced_date, final_submission_date,
                                estimated_dev_date, price, total_submissions, status_id, create_time, level_id, screening_complete_date, review_complete_date,
                                aggregation_complete_date, phase_complete_date, production_date, aggregation_complete_date_comment, phase_complete_date_comment,
                                review_complete_date_comment, winner_announced_date_comment, initial_submission_date_comment, screening_complete_date_comment,
                                final_submission_date_comment, production_date_comment, modify_date)
VALUES ('734', '723', '112', '1976-05-05', '2000-01-01', '2000-01-01', 
        '2000-01-01', '2000-01-01', NULL, '0', '301', '2010-05-21 07:27:01.0', '100', '2000-01-01',
        '2000-01-01', '2000-01-01', '2000-01-01', '2010-12-01', 
        NULL, NULL, NULL, NULL, NULL, NULL, NULL, '', '2010-05-21 07:27:01.0');
--  Data for phase_criteria
INSERT INTO phase_criteria (project_phase_id, phase_criteria_type_id, parameter, create_user, create_date, modify_user, modify_date)
VALUES ('361', '2', '0', '132457', '2010-05-21 07:26:30.0', '132457', '2010-05-21 07:26:30.0');
INSERT INTO phase_criteria (project_phase_id, phase_criteria_type_id, parameter, create_user, create_date, modify_user, modify_date)
VALUES ('361', '5', 'No', '132457', '2010-05-21 07:26:30.0', '132457', '2010-05-21 07:26:30.0');
INSERT INTO phase_criteria (project_phase_id, phase_criteria_type_id, parameter, create_user, create_date, modify_user, modify_date)
VALUES ('362', '3', '0', '132457', '2010-05-21 07:26:30.0', '132457', '2010-05-21 07:26:30.0');
INSERT INTO phase_criteria (project_phase_id, phase_criteria_type_id, parameter, create_user, create_date, modify_user, modify_date)
VALUES ('362', '5', 'No', '132457', '2010-05-21 07:26:30.0', '132457', '2010-05-21 07:26:30.0');
INSERT INTO phase_criteria (project_phase_id, phase_criteria_type_id, parameter, create_user, create_date, modify_user, modify_date)
VALUES ('363', '5', 'No', '132457', '2010-05-21 07:26:30.0', '132457', '2010-05-21 07:26:30.0');
INSERT INTO phase_criteria (project_phase_id, phase_criteria_type_id, parameter, create_user, create_date, modify_user, modify_date)
VALUES ('363', '1', '30000410', '132457', '2010-05-21 07:26:30.0', '132457', '2010-05-21 07:26:30.0');
INSERT INTO phase_criteria (project_phase_id, phase_criteria_type_id, parameter, create_user, create_date, modify_user, modify_date)
VALUES ('364', '5', 'No', '132457', '2010-05-21 07:26:30.0', '132457', '2010-05-21 07:26:30.0');
INSERT INTO phase_criteria (project_phase_id, phase_criteria_type_id, parameter, create_user, create_date, modify_user, modify_date)
VALUES ('364', '1', '30000411', '132457', '2010-05-21 07:26:30.0', '132457', '2010-05-21 07:26:30.0');
INSERT INTO phase_criteria (project_phase_id, phase_criteria_type_id, parameter, create_user, create_date, modify_user, modify_date)
VALUES ('364', '6', '3', '132457', '2010-05-21 07:26:30.0', '132457', '2010-05-21 07:26:30.0');
INSERT INTO phase_criteria (project_phase_id, phase_criteria_type_id, parameter, create_user, create_date, modify_user, modify_date)
VALUES ('365', '5', 'No', '132457', '2010-05-21 07:26:30.0', '132457', '2010-05-21 07:26:30.0');
INSERT INTO phase_criteria (project_phase_id, phase_criteria_type_id, parameter, create_user, create_date, modify_user, modify_date)
VALUES ('365', '4', 'No', '132457', '2010-05-21 07:26:30.0', '132457', '2010-05-21 07:26:30.0');
INSERT INTO phase_criteria (project_phase_id, phase_criteria_type_id, parameter, create_user, create_date, modify_user, modify_date)
VALUES ('366', '5', 'No', '132457', '2010-05-21 07:26:30.0', '132457', '2010-05-21 07:26:30.0');
INSERT INTO phase_criteria (project_phase_id, phase_criteria_type_id, parameter, create_user, create_date, modify_user, modify_date)
VALUES ('367', '5', 'No', '132457', '2010-05-21 07:26:30.0', '132457', '2010-05-21 07:26:30.0');
INSERT INTO phase_criteria (project_phase_id, phase_criteria_type_id, parameter, create_user, create_date, modify_user, modify_date)
VALUES ('368', '5', 'No', '132457', '2010-05-21 07:26:30.0', '132457', '2010-05-21 07:26:30.0');
INSERT INTO phase_criteria (project_phase_id, phase_criteria_type_id, parameter, create_user, create_date, modify_user, modify_date)
VALUES ('369', '5', 'No', '132457', '2010-05-21 07:26:30.0', '132457', '2010-05-21 07:26:30.0');
INSERT INTO phase_criteria (project_phase_id, phase_criteria_type_id, parameter, create_user, create_date, modify_user, modify_date)
VALUES ('370', '5', 'No', '132457', '2010-05-21 07:26:30.0', '132457', '2010-05-21 07:26:30.0');
--  Data for phase_dependency
INSERT INTO phase_dependency (dependency_phase_id, dependent_phase_id, dependency_start, dependent_start, lag_time, create_user, create_date, modify_user, modify_date)
VALUES ('361', '362', '1', '1', '0', '132457', '2010-05-21 07:26:30.0', '132457', '2010-05-21 07:26:30.0');
INSERT INTO phase_dependency (dependency_phase_id, dependent_phase_id, dependency_start, dependent_start, lag_time, create_user, create_date, modify_user, modify_date)
VALUES ('362', '363', '0', '1', '0', '132457', '2010-05-21 07:26:30.0', '132457', '2010-05-21 07:26:30.0');
INSERT INTO phase_dependency (dependency_phase_id, dependent_phase_id, dependency_start, dependent_start, lag_time, create_user, create_date, modify_user, modify_date)
VALUES ('363', '364', '0', '1', '0', '132457', '2010-05-21 07:26:30.0', '132457', '2010-05-21 07:26:30.0');
INSERT INTO phase_dependency (dependency_phase_id, dependent_phase_id, dependency_start, dependent_start, lag_time, create_user, create_date, modify_user, modify_date)
VALUES ('364', '365', '0', '1', '0', '132457', '2010-05-21 07:26:30.0', '132457', '2010-05-21 07:26:30.0');
INSERT INTO phase_dependency (dependency_phase_id, dependent_phase_id, dependency_start, dependent_start, lag_time, create_user, create_date, modify_user, modify_date)
VALUES ('365', '366', '0', '1', '0', '132457', '2010-05-21 07:26:30.0', '132457', '2010-05-21 07:26:30.0');
INSERT INTO phase_dependency (dependency_phase_id, dependent_phase_id, dependency_start, dependent_start, lag_time, create_user, create_date, modify_user, modify_date)
VALUES ('366', '367', '0', '1', '0', '132457', '2010-05-21 07:26:30.0', '132457', '2010-05-21 07:26:30.0');
INSERT INTO phase_dependency (dependency_phase_id, dependent_phase_id, dependency_start, dependent_start, lag_time, create_user, create_date, modify_user, modify_date)
VALUES ('367', '368', '0', '1', '0', '132457', '2010-05-21 07:26:30.0', '132457', '2010-05-21 07:26:30.0');
INSERT INTO phase_dependency (dependency_phase_id, dependent_phase_id, dependency_start, dependent_start, lag_time, create_user, create_date, modify_user, modify_date)
VALUES ('368', '369', '0', '1', '0', '132457', '2010-05-21 07:26:30.0', '132457', '2010-05-21 07:26:30.0');
INSERT INTO phase_dependency (dependency_phase_id, dependent_phase_id, dependency_start, dependent_start, lag_time, create_user, create_date, modify_user, modify_date)
VALUES ('369', '370', '0', '1', '0', '132457', '2010-05-21 07:26:30.0', '132457', '2010-05-21 07:26:30.0');
--  Data for resource
INSERT INTO resource (resource_id, resource_role_id, project_id, project_phase_id, create_user, create_date, modify_user, modify_date)
VALUES ('361', '13', '361', NULL, '132457', '2010-05-21 07:26:30.0', '132457', '2010-05-21 07:26:30.0');
--  Data for resource_info
INSERT INTO resource_info (resource_id, resource_info_type_id, value, create_user, create_date, modify_user, modify_date)
VALUES ('361', '1', '132457', '132457', '2010-05-21 07:26:30.0', '132457', '2010-05-21 07:26:30.0');
INSERT INTO resource_info (resource_id, resource_info_type_id, value, create_user, create_date, modify_user, modify_date)
VALUES ('361', '2', 'super', '132457', '2010-05-21 07:26:30.0', '132457', '2010-05-21 07:26:30.0');
--  Data for user_role
INSERT INTO user_role (user_role_id, comp_vers_id, role_id, login_id, description)
VALUES ('724', '723', '1', '132457', '');
--  Data for word_search
INSERT INTO word_search (word_search_id, document_id, index_word, nbr_occurrences)
VALUES ('727', '721', 'ever                                                                                                ', '2');
INSERT INTO word_search (word_search_id, document_id, index_word, nbr_occurrences)
VALUES ('728', '721', 'component                                                                                           ', '4');
INSERT INTO word_search (word_search_id, document_id, index_word, nbr_occurrences)
VALUES ('729', '721', 'coolest                                                                                             ', '2');
INSERT INTO word_search (word_search_id, document_id, index_word, nbr_occurrences)
VALUES ('730', '721', 'assembly                                                    ', '2');
--  Data for word_search_ctgy
INSERT INTO word_search_ctgy (word_srch_ctgy_id, category_id, document_id)
VALUES ('726', 'DDECATALOG                                        ', '721');
--  Data for word_search_doc
INSERT INTO word_search_doc (document_id)
VALUES ('721');
-- Data for project
INSERT INTO project (project_id, project_status_id, project_category_id, create_user, create_date, modify_user, modify_date)
VALUES ('371', '2', '2', '132457', '2010-05-21 07:26:30.0', '132457', '2010-05-21 07:26:30.0');
--  Data for project_info
INSERT INTO project_info (project_id, project_info_type_id, value, create_user, create_date, modify_user, modify_date)
VALUES ('371', '1', '743', '132457', '2010-05-21 07:26:30.0', '132457', '2010-05-21 07:26:30.0');
INSERT INTO project_info (project_id, project_info_type_id, value, create_user, create_date, modify_user, modify_date)
VALUES ('371', '2', '741', '132457', '2010-05-21 07:26:30.0', '132457', '2010-05-21 07:26:30.0');
INSERT INTO project_info (project_id, project_info_type_id, value, create_user, create_date, modify_user, modify_date)
VALUES ('371', '3', '1', '132457', '2010-05-21 07:26:30.0', '132457', '2010-05-21 07:26:30.0');
INSERT INTO project_info (project_id, project_info_type_id, value, create_user, create_date, modify_user, modify_date)
VALUES ('371', '4', '0', '132457', '2010-05-21 07:26:30.0', '132457', '2010-05-21 07:26:30.0');
INSERT INTO project_info (project_id, project_info_type_id, value, create_user, create_date, modify_user, modify_date)
VALUES ('371', '5', '5801776', '132457', '2010-05-21 07:26:30.0', '132457', '2010-05-21 07:26:30.0');
INSERT INTO project_info (project_id, project_info_type_id, value, create_user, create_date, modify_user, modify_date)
VALUES ('371', '6', 'Component 38', '132457', '2010-05-21 07:26:30.0', '132457', '2010-05-21 07:26:30.0');
INSERT INTO project_info (project_id, project_info_type_id, value, create_user, create_date, modify_user, modify_date)
VALUES ('371', '7', '1.0                 ', '132457', '2010-05-21 07:26:30.0', '132457', '2010-05-21 07:26:30.0');
INSERT INTO project_info (project_id, project_info_type_id, value, create_user, create_date, modify_user, modify_date)
VALUES ('371', '9', 'Off', '132457', '2010-05-21 07:26:30.0', '132457', '2010-05-21 07:26:30.0');
INSERT INTO project_info (project_id, project_info_type_id, value, create_user, create_date, modify_user, modify_date)
VALUES ('371', '10', 'On', '132457', '2010-05-21 07:26:30.0', '132457', '2010-05-21 07:26:30.0');
INSERT INTO project_info (project_id, project_info_type_id, value, create_user, create_date, modify_user, modify_date)
VALUES ('371', '11', 'On', '132457', '2010-05-21 07:26:30.0', '132457', '2010-05-21 07:26:30.0');
INSERT INTO project_info (project_id, project_info_type_id, value, create_user, create_date, modify_user, modify_date)
VALUES ('371', '12', 'Yes', '132457', '2010-05-21 07:26:30.0', '132457', '2010-05-21 07:26:30.0');
INSERT INTO project_info (project_id, project_info_type_id, value, create_user, create_date, modify_user, modify_date)
VALUES ('371', '13', 'Yes', '132457', '2010-05-21 07:26:30.0', '132457', '2010-05-21 07:26:30.0');
INSERT INTO project_info (project_id, project_info_type_id, value, create_user, create_date, modify_user, modify_date)
VALUES ('371', '14', 'Open', '132457', '2010-05-21 07:26:30.0', '132457', '2010-05-21 07:26:30.0');
INSERT INTO project_info (project_id, project_info_type_id, value, create_user, create_date, modify_user, modify_date)
VALUES ('371', '16', '0.0', '132457', '2010-05-21 07:26:30.0', '132457', '2010-05-21 07:26:30.0');
INSERT INTO project_info (project_id, project_info_type_id, value, create_user, create_date, modify_user, modify_date)
VALUES ('371', '26', 'On', '132457', '2010-05-21 07:26:30.0', '132457', '2010-05-21 07:26:30.0');
INSERT INTO project_info (project_id, project_info_type_id, value, create_user, create_date, modify_user, modify_date)
VALUES ('371', '29', 'On', '132457', '2010-05-21 07:26:30.0', '132457', '2010-05-21 07:26:30.0');
INSERT INTO project_info (project_id, project_info_type_id, value, create_user, create_date, modify_user, modify_date)
VALUES ('371', '41', 'true', '132457', '2010-05-21 07:26:30.0', '132457', '2010-05-21 07:26:30.0');
INSERT INTO project_info (project_id, project_info_type_id, value, create_user, create_date, modify_user, modify_date)
VALUES ('371', '43', 'true', '132457', '2010-05-21 07:26:30.0', '132457', '2010-05-21 07:26:30.0');
--  Data for project_phase
INSERT INTO project_phase (project_phase_id, project_id, phase_type_id, phase_status_id, fixed_start_time, scheduled_start_time, scheduled_end_time, actual_start_time, actual_end_time, duration, create_user, create_date, modify_user, modify_date)
VALUES ('371', '371', '1', '1', '2010-05-27 09:00:00.0', '2010-05-27 09:00:00.0', '2010-06-01 09:00:00.0', NULL, NULL, '259200000', '132457', '2010-05-21 07:26:30.0', '132457', '2010-05-21 07:26:30.0');
INSERT INTO project_phase (project_phase_id, project_id, phase_type_id, phase_status_id, fixed_start_time, scheduled_start_time, scheduled_end_time, actual_start_time, actual_end_time, duration, create_user, create_date, modify_user, modify_date)
VALUES ('372', '371', '2', '1', '2010-05-27 09:00:00.0', '2010-05-27 09:00:00.0', '2010-06-07 09:00:00.0', NULL, NULL, '604800000', '132457', '2010-05-21 07:26:30.0', '132457', '2010-05-21 07:26:30.0');
INSERT INTO project_phase (project_phase_id, project_id, phase_type_id, phase_status_id, fixed_start_time, scheduled_start_time, scheduled_end_time, actual_start_time, actual_end_time, duration, create_user, create_date, modify_user, modify_date)
VALUES ('373', '371', '3', '1', '2010-06-07 09:00:00.0', '2010-06-07 09:00:00.0', '2010-06-08 09:00:00.0', NULL, NULL, '86400000', '132457', '2010-05-21 07:26:30.0', '132457', '2010-05-21 07:26:30.0');
INSERT INTO project_phase (project_phase_id, project_id, phase_type_id, phase_status_id, fixed_start_time, scheduled_start_time, scheduled_end_time, actual_start_time, actual_end_time, duration, create_user, create_date, modify_user, modify_date)
VALUES ('374', '371', '4', '1', '2010-06-08 09:00:00.0', '2010-06-08 09:00:00.0', '2010-06-14 09:00:00.0', NULL, NULL, '345600000', '132457', '2010-05-21 07:26:30.0', '132457', '2010-05-21 07:26:30.0');
INSERT INTO project_phase (project_phase_id, project_id, phase_type_id, phase_status_id, fixed_start_time, scheduled_start_time, scheduled_end_time, actual_start_time, actual_end_time, duration, create_user, create_date, modify_user, modify_date)
VALUES ('375', '371', '5', '1', '2010-06-14 09:00:00.0', '2010-06-14 09:00:00.0', '2010-06-15 09:00:00.0', NULL, NULL, '86400000', '132457', '2010-05-21 07:26:30.0', '132457', '2010-05-21 07:26:30.0');
INSERT INTO project_phase (project_phase_id, project_id, phase_type_id, phase_status_id, fixed_start_time, scheduled_start_time, scheduled_end_time, actual_start_time, actual_end_time, duration, create_user, create_date, modify_user, modify_date)
VALUES ('376', '371', '6', '1', '2010-06-15 09:00:00.0', '2010-06-15 09:00:00.0', '2010-06-16 09:00:00.0', NULL, NULL, '86400000', '132457', '2010-05-21 07:26:30.0', '132457', '2010-05-21 07:26:30.0');
INSERT INTO project_phase (project_phase_id, project_id, phase_type_id, phase_status_id, fixed_start_time, scheduled_start_time, scheduled_end_time, actual_start_time, actual_end_time, duration, create_user, create_date, modify_user, modify_date)
VALUES ('377', '371', '7', '1', '2010-06-16 09:00:00.0', '2010-06-16 09:00:00.0', '2010-06-16 21:00:00.0', NULL, NULL, '43200000', '132457', '2010-05-21 07:26:30.0', '132457', '2010-05-21 07:26:30.0');
INSERT INTO project_phase (project_phase_id, project_id, phase_type_id, phase_status_id, fixed_start_time, scheduled_start_time, scheduled_end_time, actual_start_time, actual_end_time, duration, create_user, create_date, modify_user, modify_date)
VALUES ('378', '371', '8', '1', '2010-06-16 21:00:00.0', '2010-06-16 21:00:00.0', '2010-06-17 09:00:00.0', NULL, NULL, '43200000', '132457', '2010-05-21 07:26:30.0', '132457', '2010-05-21 07:26:30.0');
INSERT INTO project_phase (project_phase_id, project_id, phase_type_id, phase_status_id, fixed_start_time, scheduled_start_time, scheduled_end_time, actual_start_time, actual_end_time, duration, create_user, create_date, modify_user, modify_date)
VALUES ('379', '371', '9', '1', '2010-06-17 09:00:00.0', '2010-06-17 09:00:00.0', '2010-06-22 09:00:00.0', NULL, NULL, '259200000', '132457', '2010-05-21 07:26:30.0', '132457', '2010-05-21 07:26:30.0');
INSERT INTO project_phase (project_phase_id, project_id, phase_type_id, phase_status_id, fixed_start_time, scheduled_start_time, scheduled_end_time, actual_start_time, actual_end_time, duration, create_user, create_date, modify_user, modify_date)
VALUES ('380', '371', '10', '1', '2010-06-22 09:00:00.0', '2010-06-22 09:00:00.0', '2010-06-23 09:00:00.0', NULL, NULL, '86400000', '132457', '2010-05-21 07:26:30.0', '132457', '2010-05-21 07:26:30.0');
--  Data for comp_catalog
INSERT INTO comp_catalog (component_id, current_version, short_desc, component_name, description, function_desc, create_time, status_id, root_category_id, modify_date, public_ind)
VALUES ('741', '1', 'Coolest component ever', 'Component 38', 'Coolest component ever', 'Component', '2010-05-21 07:20:14.48', '102', '5801776', '2010-05-21 07:23:44.0', '0');
--  Data for comp_versions
INSERT INTO comp_versions (comp_vers_id, component_id, version, version_text, create_time, phase_id, phase_time, price, comments, modify_date,
                           suspended_ind)
VALUES ('743', '741', '1', '1.0                 ', '2010-05-21 07:20:14.48', '112', '1976-05-04 00:00:00.0', '1000.00', 'Cool', '2010-05-21 07:27:01.0', '0');
--  Data for comp_categories
INSERT INTO comp_categories (comp_categories_id, component_id, category_id)
VALUES ('745', '741', '11');
--  Data for comp_keywords
INSERT INTO comp_keywords (comp_keywords_id, component_id, keyword)
VALUES ('751', '741', 'development');
--  Data for comp_technology
INSERT INTO comp_technology (comp_tech_id, comp_vers_id, technology_type_id)
VALUES ('752', '743', '1');
--  Data for comp_documentation
INSERT INTO comp_documentation (document_id, comp_vers_id, document_type_id, document_name, url)
VALUES ('753', '743', '0', 'Requirements Specification', '741/743/MQTTBroker_Requirements_Specification.pdf');
--  Data for comp_jive_category_xref
INSERT INTO comp_jive_category_xref (comp_vers_id, jive_category_id)
VALUES ('743', '0');
--  Data for comp_version_dates
INSERT INTO comp_version_dates (comp_version_dates_id, comp_vers_id, phase_id, posting_date, initial_submission_date, winner_announced_date, final_submission_date,
                                estimated_dev_date, price, total_submissions, status_id, create_time, level_id, screening_complete_date, review_complete_date,
                                aggregation_complete_date, phase_complete_date, production_date, aggregation_complete_date_comment, phase_complete_date_comment,
                                review_complete_date_comment, winner_announced_date_comment, initial_submission_date_comment, screening_complete_date_comment,
                                final_submission_date_comment, production_date_comment, modify_date)
VALUES ('754', '743', '112', '1976-05-05', '2000-01-01', '2000-01-01', 
        '2000-01-01', '2000-01-01', NULL, '0', '301', '2010-05-21 07:27:01.0', '100', '2000-01-01',
        '2000-01-01', '2000-01-01', '2000-01-01', '2010-12-01', 
        NULL, NULL, NULL, NULL, NULL, NULL, NULL, '', '2010-05-21 07:27:01.0');
--  Data for phase_criteria
INSERT INTO phase_criteria (project_phase_id, phase_criteria_type_id, parameter, create_user, create_date, modify_user, modify_date)
VALUES ('371', '2', '0', '132457', '2010-05-21 07:26:30.0', '132457', '2010-05-21 07:26:30.0');
INSERT INTO phase_criteria (project_phase_id, phase_criteria_type_id, parameter, create_user, create_date, modify_user, modify_date)
VALUES ('371', '5', 'No', '132457', '2010-05-21 07:26:30.0', '132457', '2010-05-21 07:26:30.0');
INSERT INTO phase_criteria (project_phase_id, phase_criteria_type_id, parameter, create_user, create_date, modify_user, modify_date)
VALUES ('372', '3', '0', '132457', '2010-05-21 07:26:30.0', '132457', '2010-05-21 07:26:30.0');
INSERT INTO phase_criteria (project_phase_id, phase_criteria_type_id, parameter, create_user, create_date, modify_user, modify_date)
VALUES ('372', '5', 'No', '132457', '2010-05-21 07:26:30.0', '132457', '2010-05-21 07:26:30.0');
INSERT INTO phase_criteria (project_phase_id, phase_criteria_type_id, parameter, create_user, create_date, modify_user, modify_date)
VALUES ('373', '5', 'No', '132457', '2010-05-21 07:26:30.0', '132457', '2010-05-21 07:26:30.0');
INSERT INTO phase_criteria (project_phase_id, phase_criteria_type_id, parameter, create_user, create_date, modify_user, modify_date)
VALUES ('373', '1', '30000410', '132457', '2010-05-21 07:26:30.0', '132457', '2010-05-21 07:26:30.0');
INSERT INTO phase_criteria (project_phase_id, phase_criteria_type_id, parameter, create_user, create_date, modify_user, modify_date)
VALUES ('374', '5', 'No', '132457', '2010-05-21 07:26:30.0', '132457', '2010-05-21 07:26:30.0');
INSERT INTO phase_criteria (project_phase_id, phase_criteria_type_id, parameter, create_user, create_date, modify_user, modify_date)
VALUES ('374', '1', '30000411', '132457', '2010-05-21 07:26:30.0', '132457', '2010-05-21 07:26:30.0');
INSERT INTO phase_criteria (project_phase_id, phase_criteria_type_id, parameter, create_user, create_date, modify_user, modify_date)
VALUES ('374', '6', '3', '132457', '2010-05-21 07:26:30.0', '132457', '2010-05-21 07:26:30.0');
INSERT INTO phase_criteria (project_phase_id, phase_criteria_type_id, parameter, create_user, create_date, modify_user, modify_date)
VALUES ('375', '5', 'No', '132457', '2010-05-21 07:26:30.0', '132457', '2010-05-21 07:26:30.0');
INSERT INTO phase_criteria (project_phase_id, phase_criteria_type_id, parameter, create_user, create_date, modify_user, modify_date)
VALUES ('375', '4', 'No', '132457', '2010-05-21 07:26:30.0', '132457', '2010-05-21 07:26:30.0');
INSERT INTO phase_criteria (project_phase_id, phase_criteria_type_id, parameter, create_user, create_date, modify_user, modify_date)
VALUES ('376', '5', 'No', '132457', '2010-05-21 07:26:30.0', '132457', '2010-05-21 07:26:30.0');
INSERT INTO phase_criteria (project_phase_id, phase_criteria_type_id, parameter, create_user, create_date, modify_user, modify_date)
VALUES ('377', '5', 'No', '132457', '2010-05-21 07:26:30.0', '132457', '2010-05-21 07:26:30.0');
INSERT INTO phase_criteria (project_phase_id, phase_criteria_type_id, parameter, create_user, create_date, modify_user, modify_date)
VALUES ('378', '5', 'No', '132457', '2010-05-21 07:26:30.0', '132457', '2010-05-21 07:26:30.0');
INSERT INTO phase_criteria (project_phase_id, phase_criteria_type_id, parameter, create_user, create_date, modify_user, modify_date)
VALUES ('379', '5', 'No', '132457', '2010-05-21 07:26:30.0', '132457', '2010-05-21 07:26:30.0');
INSERT INTO phase_criteria (project_phase_id, phase_criteria_type_id, parameter, create_user, create_date, modify_user, modify_date)
VALUES ('380', '5', 'No', '132457', '2010-05-21 07:26:30.0', '132457', '2010-05-21 07:26:30.0');
--  Data for phase_dependency
INSERT INTO phase_dependency (dependency_phase_id, dependent_phase_id, dependency_start, dependent_start, lag_time, create_user, create_date, modify_user, modify_date)
VALUES ('371', '372', '1', '1', '0', '132457', '2010-05-21 07:26:30.0', '132457', '2010-05-21 07:26:30.0');
INSERT INTO phase_dependency (dependency_phase_id, dependent_phase_id, dependency_start, dependent_start, lag_time, create_user, create_date, modify_user, modify_date)
VALUES ('372', '373', '0', '1', '0', '132457', '2010-05-21 07:26:30.0', '132457', '2010-05-21 07:26:30.0');
INSERT INTO phase_dependency (dependency_phase_id, dependent_phase_id, dependency_start, dependent_start, lag_time, create_user, create_date, modify_user, modify_date)
VALUES ('373', '374', '0', '1', '0', '132457', '2010-05-21 07:26:30.0', '132457', '2010-05-21 07:26:30.0');
INSERT INTO phase_dependency (dependency_phase_id, dependent_phase_id, dependency_start, dependent_start, lag_time, create_user, create_date, modify_user, modify_date)
VALUES ('374', '375', '0', '1', '0', '132457', '2010-05-21 07:26:30.0', '132457', '2010-05-21 07:26:30.0');
INSERT INTO phase_dependency (dependency_phase_id, dependent_phase_id, dependency_start, dependent_start, lag_time, create_user, create_date, modify_user, modify_date)
VALUES ('375', '376', '0', '1', '0', '132457', '2010-05-21 07:26:30.0', '132457', '2010-05-21 07:26:30.0');
INSERT INTO phase_dependency (dependency_phase_id, dependent_phase_id, dependency_start, dependent_start, lag_time, create_user, create_date, modify_user, modify_date)
VALUES ('376', '377', '0', '1', '0', '132457', '2010-05-21 07:26:30.0', '132457', '2010-05-21 07:26:30.0');
INSERT INTO phase_dependency (dependency_phase_id, dependent_phase_id, dependency_start, dependent_start, lag_time, create_user, create_date, modify_user, modify_date)
VALUES ('377', '378', '0', '1', '0', '132457', '2010-05-21 07:26:30.0', '132457', '2010-05-21 07:26:30.0');
INSERT INTO phase_dependency (dependency_phase_id, dependent_phase_id, dependency_start, dependent_start, lag_time, create_user, create_date, modify_user, modify_date)
VALUES ('378', '379', '0', '1', '0', '132457', '2010-05-21 07:26:30.0', '132457', '2010-05-21 07:26:30.0');
INSERT INTO phase_dependency (dependency_phase_id, dependent_phase_id, dependency_start, dependent_start, lag_time, create_user, create_date, modify_user, modify_date)
VALUES ('379', '380', '0', '1', '0', '132457', '2010-05-21 07:26:30.0', '132457', '2010-05-21 07:26:30.0');
--  Data for resource
INSERT INTO resource (resource_id, resource_role_id, project_id, project_phase_id, create_user, create_date, modify_user, modify_date)
VALUES ('371', '13', '371', NULL, '132457', '2010-05-21 07:26:30.0', '132457', '2010-05-21 07:26:30.0');
--  Data for resource_info
INSERT INTO resource_info (resource_id, resource_info_type_id, value, create_user, create_date, modify_user, modify_date)
VALUES ('371', '1', '132457', '132457', '2010-05-21 07:26:30.0', '132457', '2010-05-21 07:26:30.0');
INSERT INTO resource_info (resource_id, resource_info_type_id, value, create_user, create_date, modify_user, modify_date)
VALUES ('371', '2', 'super', '132457', '2010-05-21 07:26:30.0', '132457', '2010-05-21 07:26:30.0');
--  Data for user_role
INSERT INTO user_role (user_role_id, comp_vers_id, role_id, login_id, description)
VALUES ('744', '743', '1', '132457', '');
--  Data for word_search
INSERT INTO word_search (word_search_id, document_id, index_word, nbr_occurrences)
VALUES ('747', '741', 'ever                                                                                                ', '2');
INSERT INTO word_search (word_search_id, document_id, index_word, nbr_occurrences)
VALUES ('748', '741', 'component                                                                                           ', '4');
INSERT INTO word_search (word_search_id, document_id, index_word, nbr_occurrences)
VALUES ('749', '741', 'coolest                                                                                             ', '2');
INSERT INTO word_search (word_search_id, document_id, index_word, nbr_occurrences)
VALUES ('750', '741', 'development                                                    ', '2');
--  Data for word_search_ctgy
INSERT INTO word_search_ctgy (word_srch_ctgy_id, category_id, document_id)
VALUES ('746', 'DDECATALOG                                        ', '741');
--  Data for word_search_doc
INSERT INTO word_search_doc (document_id)
VALUES ('741');
-- Data for project
INSERT INTO project (project_id, project_status_id, project_category_id, create_user, create_date, modify_user, modify_date)
VALUES ('381', '2', '2', '132456', '2010-05-21 07:26:30.0', '132456', '2010-05-21 07:26:30.0');
--  Data for project_info
INSERT INTO project_info (project_id, project_info_type_id, value, create_user, create_date, modify_user, modify_date)
VALUES ('381', '1', '763', '132456', '2010-05-21 07:26:30.0', '132456', '2010-05-21 07:26:30.0');
INSERT INTO project_info (project_id, project_info_type_id, value, create_user, create_date, modify_user, modify_date)
VALUES ('381', '2', '761', '132456', '2010-05-21 07:26:30.0', '132456', '2010-05-21 07:26:30.0');
INSERT INTO project_info (project_id, project_info_type_id, value, create_user, create_date, modify_user, modify_date)
VALUES ('381', '3', '1', '132456', '2010-05-21 07:26:30.0', '132456', '2010-05-21 07:26:30.0');
INSERT INTO project_info (project_id, project_info_type_id, value, create_user, create_date, modify_user, modify_date)
VALUES ('381', '4', '0', '132456', '2010-05-21 07:26:30.0', '132456', '2010-05-21 07:26:30.0');
INSERT INTO project_info (project_id, project_info_type_id, value, create_user, create_date, modify_user, modify_date)
VALUES ('381', '5', '5801777', '132456', '2010-05-21 07:26:30.0', '132456', '2010-05-21 07:26:30.0');
INSERT INTO project_info (project_id, project_info_type_id, value, create_user, create_date, modify_user, modify_date)
VALUES ('381', '6', 'Component 39', '132456', '2010-05-21 07:26:30.0', '132456', '2010-05-21 07:26:30.0');
INSERT INTO project_info (project_id, project_info_type_id, value, create_user, create_date, modify_user, modify_date)
VALUES ('381', '7', '1.0                 ', '132456', '2010-05-21 07:26:30.0', '132456', '2010-05-21 07:26:30.0');
INSERT INTO project_info (project_id, project_info_type_id, value, create_user, create_date, modify_user, modify_date)
VALUES ('381', '9', 'Off', '132456', '2010-05-21 07:26:30.0', '132456', '2010-05-21 07:26:30.0');
INSERT INTO project_info (project_id, project_info_type_id, value, create_user, create_date, modify_user, modify_date)
VALUES ('381', '10', 'On', '132456', '2010-05-21 07:26:30.0', '132456', '2010-05-21 07:26:30.0');
INSERT INTO project_info (project_id, project_info_type_id, value, create_user, create_date, modify_user, modify_date)
VALUES ('381', '11', 'On', '132456', '2010-05-21 07:26:30.0', '132456', '2010-05-21 07:26:30.0');
INSERT INTO project_info (project_id, project_info_type_id, value, create_user, create_date, modify_user, modify_date)
VALUES ('381', '12', 'Yes', '132456', '2010-05-21 07:26:30.0', '132456', '2010-05-21 07:26:30.0');
INSERT INTO project_info (project_id, project_info_type_id, value, create_user, create_date, modify_user, modify_date)
VALUES ('381', '13', 'Yes', '132456', '2010-05-21 07:26:30.0', '132456', '2010-05-21 07:26:30.0');
INSERT INTO project_info (project_id, project_info_type_id, value, create_user, create_date, modify_user, modify_date)
VALUES ('381', '14', 'Open', '132456', '2010-05-21 07:26:30.0', '132456', '2010-05-21 07:26:30.0');
INSERT INTO project_info (project_id, project_info_type_id, value, create_user, create_date, modify_user, modify_date)
VALUES ('381', '16', '0.0', '132456', '2010-05-21 07:26:30.0', '132456', '2010-05-21 07:26:30.0');
INSERT INTO project_info (project_id, project_info_type_id, value, create_user, create_date, modify_user, modify_date)
VALUES ('381', '26', 'On', '132456', '2010-05-21 07:26:30.0', '132456', '2010-05-21 07:26:30.0');
INSERT INTO project_info (project_id, project_info_type_id, value, create_user, create_date, modify_user, modify_date)
VALUES ('381', '29', 'On', '132456', '2010-05-21 07:26:30.0', '132456', '2010-05-21 07:26:30.0');
INSERT INTO project_info (project_id, project_info_type_id, value, create_user, create_date, modify_user, modify_date)
VALUES ('381', '41', 'true', '132456', '2010-05-21 07:26:30.0', '132456', '2010-05-21 07:26:30.0');
INSERT INTO project_info (project_id, project_info_type_id, value, create_user, create_date, modify_user, modify_date)
VALUES ('381', '43', 'true', '132456', '2010-05-21 07:26:30.0', '132456', '2010-05-21 07:26:30.0');
--  Data for project_phase
INSERT INTO project_phase (project_phase_id, project_id, phase_type_id, phase_status_id, fixed_start_time, scheduled_start_time, scheduled_end_time, actual_start_time, actual_end_time, duration, create_user, create_date, modify_user, modify_date)
VALUES ('381', '381', '1', '1', '2010-05-27 09:00:00.0', '2010-05-27 09:00:00.0', '2010-06-01 09:00:00.0', NULL, NULL, '259200000', '132456', '2010-05-21 07:26:30.0', '132456', '2010-05-21 07:26:30.0');
INSERT INTO project_phase (project_phase_id, project_id, phase_type_id, phase_status_id, fixed_start_time, scheduled_start_time, scheduled_end_time, actual_start_time, actual_end_time, duration, create_user, create_date, modify_user, modify_date)
VALUES ('382', '381', '2', '1', '2010-05-27 09:00:00.0', '2010-05-27 09:00:00.0', '2010-06-07 09:00:00.0', NULL, NULL, '604800000', '132456', '2010-05-21 07:26:30.0', '132456', '2010-05-21 07:26:30.0');
INSERT INTO project_phase (project_phase_id, project_id, phase_type_id, phase_status_id, fixed_start_time, scheduled_start_time, scheduled_end_time, actual_start_time, actual_end_time, duration, create_user, create_date, modify_user, modify_date)
VALUES ('383', '381', '3', '1', '2010-06-07 09:00:00.0', '2010-06-07 09:00:00.0', '2010-06-08 09:00:00.0', NULL, NULL, '86400000', '132456', '2010-05-21 07:26:30.0', '132456', '2010-05-21 07:26:30.0');
INSERT INTO project_phase (project_phase_id, project_id, phase_type_id, phase_status_id, fixed_start_time, scheduled_start_time, scheduled_end_time, actual_start_time, actual_end_time, duration, create_user, create_date, modify_user, modify_date)
VALUES ('384', '381', '4', '1', '2010-06-08 09:00:00.0', '2010-06-08 09:00:00.0', '2010-06-14 09:00:00.0', NULL, NULL, '345600000', '132456', '2010-05-21 07:26:30.0', '132456', '2010-05-21 07:26:30.0');
INSERT INTO project_phase (project_phase_id, project_id, phase_type_id, phase_status_id, fixed_start_time, scheduled_start_time, scheduled_end_time, actual_start_time, actual_end_time, duration, create_user, create_date, modify_user, modify_date)
VALUES ('385', '381', '5', '1', '2010-06-14 09:00:00.0', '2010-06-14 09:00:00.0', '2010-06-15 09:00:00.0', NULL, NULL, '86400000', '132456', '2010-05-21 07:26:30.0', '132456', '2010-05-21 07:26:30.0');
INSERT INTO project_phase (project_phase_id, project_id, phase_type_id, phase_status_id, fixed_start_time, scheduled_start_time, scheduled_end_time, actual_start_time, actual_end_time, duration, create_user, create_date, modify_user, modify_date)
VALUES ('386', '381', '6', '1', '2010-06-15 09:00:00.0', '2010-06-15 09:00:00.0', '2010-06-16 09:00:00.0', NULL, NULL, '86400000', '132456', '2010-05-21 07:26:30.0', '132456', '2010-05-21 07:26:30.0');
INSERT INTO project_phase (project_phase_id, project_id, phase_type_id, phase_status_id, fixed_start_time, scheduled_start_time, scheduled_end_time, actual_start_time, actual_end_time, duration, create_user, create_date, modify_user, modify_date)
VALUES ('387', '381', '7', '1', '2010-06-16 09:00:00.0', '2010-06-16 09:00:00.0', '2010-06-16 21:00:00.0', NULL, NULL, '43200000', '132456', '2010-05-21 07:26:30.0', '132456', '2010-05-21 07:26:30.0');
INSERT INTO project_phase (project_phase_id, project_id, phase_type_id, phase_status_id, fixed_start_time, scheduled_start_time, scheduled_end_time, actual_start_time, actual_end_time, duration, create_user, create_date, modify_user, modify_date)
VALUES ('388', '381', '8', '1', '2010-06-16 21:00:00.0', '2010-06-16 21:00:00.0', '2010-06-17 09:00:00.0', NULL, NULL, '43200000', '132456', '2010-05-21 07:26:30.0', '132456', '2010-05-21 07:26:30.0');
INSERT INTO project_phase (project_phase_id, project_id, phase_type_id, phase_status_id, fixed_start_time, scheduled_start_time, scheduled_end_time, actual_start_time, actual_end_time, duration, create_user, create_date, modify_user, modify_date)
VALUES ('389', '381', '9', '1', '2010-06-17 09:00:00.0', '2010-06-17 09:00:00.0', '2010-06-22 09:00:00.0', NULL, NULL, '259200000', '132456', '2010-05-21 07:26:30.0', '132456', '2010-05-21 07:26:30.0');
INSERT INTO project_phase (project_phase_id, project_id, phase_type_id, phase_status_id, fixed_start_time, scheduled_start_time, scheduled_end_time, actual_start_time, actual_end_time, duration, create_user, create_date, modify_user, modify_date)
VALUES ('390', '381', '10', '1', '2010-06-22 09:00:00.0', '2010-06-22 09:00:00.0', '2010-06-23 09:00:00.0', NULL, NULL, '86400000', '132456', '2010-05-21 07:26:30.0', '132456', '2010-05-21 07:26:30.0');
--  Data for comp_catalog
INSERT INTO comp_catalog (component_id, current_version, short_desc, component_name, description, function_desc, create_time, status_id, root_category_id, modify_date, public_ind)
VALUES ('761', '1', 'Coolest component ever', 'Component 39', 'Coolest component ever', 'Component', '2010-05-21 07:20:14.48', '102', '5801777', '2010-05-21 07:23:44.0', '0');
--  Data for comp_versions
INSERT INTO comp_versions (comp_vers_id, component_id, version, version_text, create_time, phase_id, phase_time, price, comments, modify_date,
                           suspended_ind)
VALUES ('763', '761', '1', '1.0                 ', '2010-05-21 07:20:14.48', '112', '1976-05-04 00:00:00.0', '1000.00', 'Cool', '2010-05-21 07:27:01.0', '0');
--  Data for comp_categories
INSERT INTO comp_categories (comp_categories_id, component_id, category_id)
VALUES ('765', '761', '11');
--  Data for comp_keywords
INSERT INTO comp_keywords (comp_keywords_id, component_id, keyword)
VALUES ('771', '761', 'development');
--  Data for comp_technology
INSERT INTO comp_technology (comp_tech_id, comp_vers_id, technology_type_id)
VALUES ('772', '763', '1');
--  Data for comp_documentation
INSERT INTO comp_documentation (document_id, comp_vers_id, document_type_id, document_name, url)
VALUES ('773', '763', '0', 'Requirements Specification', '761/763/MQTTBroker_Requirements_Specification.pdf');
--  Data for comp_jive_category_xref
INSERT INTO comp_jive_category_xref (comp_vers_id, jive_category_id)
VALUES ('763', '0');
--  Data for comp_version_dates
INSERT INTO comp_version_dates (comp_version_dates_id, comp_vers_id, phase_id, posting_date, initial_submission_date, winner_announced_date, final_submission_date,
                                estimated_dev_date, price, total_submissions, status_id, create_time, level_id, screening_complete_date, review_complete_date,
                                aggregation_complete_date, phase_complete_date, production_date, aggregation_complete_date_comment, phase_complete_date_comment,
                                review_complete_date_comment, winner_announced_date_comment, initial_submission_date_comment, screening_complete_date_comment,
                                final_submission_date_comment, production_date_comment, modify_date)
VALUES ('774', '763', '112', '1976-05-05', '2000-01-01', '2000-01-01', 
        '2000-01-01', '2000-01-01', NULL, '0', '301', '2010-05-21 07:27:01.0', '100', '2000-01-01',
        '2000-01-01', '2000-01-01', '2000-01-01', '2010-12-01', 
        NULL, NULL, NULL, NULL, NULL, NULL, NULL, '', '2010-05-21 07:27:01.0');
--  Data for phase_criteria
INSERT INTO phase_criteria (project_phase_id, phase_criteria_type_id, parameter, create_user, create_date, modify_user, modify_date)
VALUES ('381', '2', '0', '132456', '2010-05-21 07:26:30.0', '132456', '2010-05-21 07:26:30.0');
INSERT INTO phase_criteria (project_phase_id, phase_criteria_type_id, parameter, create_user, create_date, modify_user, modify_date)
VALUES ('381', '5', 'No', '132456', '2010-05-21 07:26:30.0', '132456', '2010-05-21 07:26:30.0');
INSERT INTO phase_criteria (project_phase_id, phase_criteria_type_id, parameter, create_user, create_date, modify_user, modify_date)
VALUES ('382', '3', '0', '132456', '2010-05-21 07:26:30.0', '132456', '2010-05-21 07:26:30.0');
INSERT INTO phase_criteria (project_phase_id, phase_criteria_type_id, parameter, create_user, create_date, modify_user, modify_date)
VALUES ('382', '5', 'No', '132456', '2010-05-21 07:26:30.0', '132456', '2010-05-21 07:26:30.0');
INSERT INTO phase_criteria (project_phase_id, phase_criteria_type_id, parameter, create_user, create_date, modify_user, modify_date)
VALUES ('383', '5', 'No', '132456', '2010-05-21 07:26:30.0', '132456', '2010-05-21 07:26:30.0');
INSERT INTO phase_criteria (project_phase_id, phase_criteria_type_id, parameter, create_user, create_date, modify_user, modify_date)
VALUES ('383', '1', '30000410', '132456', '2010-05-21 07:26:30.0', '132456', '2010-05-21 07:26:30.0');
INSERT INTO phase_criteria (project_phase_id, phase_criteria_type_id, parameter, create_user, create_date, modify_user, modify_date)
VALUES ('384', '5', 'No', '132456', '2010-05-21 07:26:30.0', '132456', '2010-05-21 07:26:30.0');
INSERT INTO phase_criteria (project_phase_id, phase_criteria_type_id, parameter, create_user, create_date, modify_user, modify_date)
VALUES ('384', '1', '30000411', '132456', '2010-05-21 07:26:30.0', '132456', '2010-05-21 07:26:30.0');
INSERT INTO phase_criteria (project_phase_id, phase_criteria_type_id, parameter, create_user, create_date, modify_user, modify_date)
VALUES ('384', '6', '3', '132456', '2010-05-21 07:26:30.0', '132456', '2010-05-21 07:26:30.0');
INSERT INTO phase_criteria (project_phase_id, phase_criteria_type_id, parameter, create_user, create_date, modify_user, modify_date)
VALUES ('385', '5', 'No', '132456', '2010-05-21 07:26:30.0', '132456', '2010-05-21 07:26:30.0');
INSERT INTO phase_criteria (project_phase_id, phase_criteria_type_id, parameter, create_user, create_date, modify_user, modify_date)
VALUES ('385', '4', 'No', '132456', '2010-05-21 07:26:30.0', '132456', '2010-05-21 07:26:30.0');
INSERT INTO phase_criteria (project_phase_id, phase_criteria_type_id, parameter, create_user, create_date, modify_user, modify_date)
VALUES ('386', '5', 'No', '132456', '2010-05-21 07:26:30.0', '132456', '2010-05-21 07:26:30.0');
INSERT INTO phase_criteria (project_phase_id, phase_criteria_type_id, parameter, create_user, create_date, modify_user, modify_date)
VALUES ('387', '5', 'No', '132456', '2010-05-21 07:26:30.0', '132456', '2010-05-21 07:26:30.0');
INSERT INTO phase_criteria (project_phase_id, phase_criteria_type_id, parameter, create_user, create_date, modify_user, modify_date)
VALUES ('388', '5', 'No', '132456', '2010-05-21 07:26:30.0', '132456', '2010-05-21 07:26:30.0');
INSERT INTO phase_criteria (project_phase_id, phase_criteria_type_id, parameter, create_user, create_date, modify_user, modify_date)
VALUES ('389', '5', 'No', '132456', '2010-05-21 07:26:30.0', '132456', '2010-05-21 07:26:30.0');
INSERT INTO phase_criteria (project_phase_id, phase_criteria_type_id, parameter, create_user, create_date, modify_user, modify_date)
VALUES ('390', '5', 'No', '132456', '2010-05-21 07:26:30.0', '132456', '2010-05-21 07:26:30.0');
--  Data for phase_dependency
INSERT INTO phase_dependency (dependency_phase_id, dependent_phase_id, dependency_start, dependent_start, lag_time, create_user, create_date, modify_user, modify_date)
VALUES ('381', '382', '1', '1', '0', '132456', '2010-05-21 07:26:30.0', '132456', '2010-05-21 07:26:30.0');
INSERT INTO phase_dependency (dependency_phase_id, dependent_phase_id, dependency_start, dependent_start, lag_time, create_user, create_date, modify_user, modify_date)
VALUES ('382', '383', '0', '1', '0', '132456', '2010-05-21 07:26:30.0', '132456', '2010-05-21 07:26:30.0');
INSERT INTO phase_dependency (dependency_phase_id, dependent_phase_id, dependency_start, dependent_start, lag_time, create_user, create_date, modify_user, modify_date)
VALUES ('383', '384', '0', '1', '0', '132456', '2010-05-21 07:26:30.0', '132456', '2010-05-21 07:26:30.0');
INSERT INTO phase_dependency (dependency_phase_id, dependent_phase_id, dependency_start, dependent_start, lag_time, create_user, create_date, modify_user, modify_date)
VALUES ('384', '385', '0', '1', '0', '132456', '2010-05-21 07:26:30.0', '132456', '2010-05-21 07:26:30.0');
INSERT INTO phase_dependency (dependency_phase_id, dependent_phase_id, dependency_start, dependent_start, lag_time, create_user, create_date, modify_user, modify_date)
VALUES ('385', '386', '0', '1', '0', '132456', '2010-05-21 07:26:30.0', '132456', '2010-05-21 07:26:30.0');
INSERT INTO phase_dependency (dependency_phase_id, dependent_phase_id, dependency_start, dependent_start, lag_time, create_user, create_date, modify_user, modify_date)
VALUES ('386', '387', '0', '1', '0', '132456', '2010-05-21 07:26:30.0', '132456', '2010-05-21 07:26:30.0');
INSERT INTO phase_dependency (dependency_phase_id, dependent_phase_id, dependency_start, dependent_start, lag_time, create_user, create_date, modify_user, modify_date)
VALUES ('387', '388', '0', '1', '0', '132456', '2010-05-21 07:26:30.0', '132456', '2010-05-21 07:26:30.0');
INSERT INTO phase_dependency (dependency_phase_id, dependent_phase_id, dependency_start, dependent_start, lag_time, create_user, create_date, modify_user, modify_date)
VALUES ('388', '389', '0', '1', '0', '132456', '2010-05-21 07:26:30.0', '132456', '2010-05-21 07:26:30.0');
INSERT INTO phase_dependency (dependency_phase_id, dependent_phase_id, dependency_start, dependent_start, lag_time, create_user, create_date, modify_user, modify_date)
VALUES ('389', '390', '0', '1', '0', '132456', '2010-05-21 07:26:30.0', '132456', '2010-05-21 07:26:30.0');
--  Data for resource
INSERT INTO resource (resource_id, resource_role_id, project_id, project_phase_id, create_user, create_date, modify_user, modify_date)
VALUES ('381', '13', '381', NULL, '132456', '2010-05-21 07:26:30.0', '132456', '2010-05-21 07:26:30.0');
--  Data for resource_info
INSERT INTO resource_info (resource_id, resource_info_type_id, value, create_user, create_date, modify_user, modify_date)
VALUES ('381', '1', '132456', '132456', '2010-05-21 07:26:30.0', '132456', '2010-05-21 07:26:30.0');
INSERT INTO resource_info (resource_id, resource_info_type_id, value, create_user, create_date, modify_user, modify_date)
VALUES ('381', '2', 'heffan', '132456', '2010-05-21 07:26:30.0', '132456', '2010-05-21 07:26:30.0');
--  Data for user_role
INSERT INTO user_role (user_role_id, comp_vers_id, role_id, login_id, description)
VALUES ('764', '763', '1', '132456', '');
--  Data for word_search
INSERT INTO word_search (word_search_id, document_id, index_word, nbr_occurrences)
VALUES ('767', '761', 'ever                                                                                                ', '2');
INSERT INTO word_search (word_search_id, document_id, index_word, nbr_occurrences)
VALUES ('768', '761', 'component                                                                                           ', '4');
INSERT INTO word_search (word_search_id, document_id, index_word, nbr_occurrences)
VALUES ('769', '761', 'coolest                                                                                             ', '2');
INSERT INTO word_search (word_search_id, document_id, index_word, nbr_occurrences)
VALUES ('770', '761', 'development                                                    ', '2');
--  Data for word_search_ctgy
INSERT INTO word_search_ctgy (word_srch_ctgy_id, category_id, document_id)
VALUES ('766', 'DDECATALOG                                        ', '761');
--  Data for word_search_doc
INSERT INTO word_search_doc (document_id)
VALUES ('761');
-- Data for project
INSERT INTO project (project_id, project_status_id, project_category_id, create_user, create_date, modify_user, modify_date)
VALUES ('391', '1', '7', '132458', '2010-05-21 07:26:30.0', '132458', '2010-05-21 07:26:30.0');
--  Data for project_info
INSERT INTO project_info (project_id, project_info_type_id, value, create_user, create_date, modify_user, modify_date)
VALUES ('391', '1', '783', '132458', '2010-05-21 07:26:30.0', '132458', '2010-05-21 07:26:30.0');
INSERT INTO project_info (project_id, project_info_type_id, value, create_user, create_date, modify_user, modify_date)
VALUES ('391', '2', '781', '132458', '2010-05-21 07:26:30.0', '132458', '2010-05-21 07:26:30.0');
INSERT INTO project_info (project_id, project_info_type_id, value, create_user, create_date, modify_user, modify_date)
VALUES ('391', '3', '1', '132458', '2010-05-21 07:26:30.0', '132458', '2010-05-21 07:26:30.0');
INSERT INTO project_info (project_id, project_info_type_id, value, create_user, create_date, modify_user, modify_date)
VALUES ('391', '4', '0', '132458', '2010-05-21 07:26:30.0', '132458', '2010-05-21 07:26:30.0');
INSERT INTO project_info (project_id, project_info_type_id, value, create_user, create_date, modify_user, modify_date)
VALUES ('391', '5', '5801779', '132458', '2010-05-21 07:26:30.0', '132458', '2010-05-21 07:26:30.0');
INSERT INTO project_info (project_id, project_info_type_id, value, create_user, create_date, modify_user, modify_date)
VALUES ('391', '6', 'Component 40', '132458', '2010-05-21 07:26:30.0', '132458', '2010-05-21 07:26:30.0');
INSERT INTO project_info (project_id, project_info_type_id, value, create_user, create_date, modify_user, modify_date)
VALUES ('391', '7', '1.0                 ', '132458', '2010-05-21 07:26:30.0', '132458', '2010-05-21 07:26:30.0');
INSERT INTO project_info (project_id, project_info_type_id, value, create_user, create_date, modify_user, modify_date)
VALUES ('391', '9', 'Off', '132458', '2010-05-21 07:26:30.0', '132458', '2010-05-21 07:26:30.0');
INSERT INTO project_info (project_id, project_info_type_id, value, create_user, create_date, modify_user, modify_date)
VALUES ('391', '10', 'On', '132458', '2010-05-21 07:26:30.0', '132458', '2010-05-21 07:26:30.0');
INSERT INTO project_info (project_id, project_info_type_id, value, create_user, create_date, modify_user, modify_date)
VALUES ('391', '11', 'On', '132458', '2010-05-21 07:26:30.0', '132458', '2010-05-21 07:26:30.0');
INSERT INTO project_info (project_id, project_info_type_id, value, create_user, create_date, modify_user, modify_date)
VALUES ('391', '12', 'Yes', '132458', '2010-05-21 07:26:30.0', '132458', '2010-05-21 07:26:30.0');
INSERT INTO project_info (project_id, project_info_type_id, value, create_user, create_date, modify_user, modify_date)
VALUES ('391', '13', 'Yes', '132458', '2010-05-21 07:26:30.0', '132458', '2010-05-21 07:26:30.0');
INSERT INTO project_info (project_id, project_info_type_id, value, create_user, create_date, modify_user, modify_date)
VALUES ('391', '14', 'Open', '132458', '2010-05-21 07:26:30.0', '132458', '2010-05-21 07:26:30.0');
INSERT INTO project_info (project_id, project_info_type_id, value, create_user, create_date, modify_user, modify_date)
VALUES ('391', '16', '0.0', '132458', '2010-05-21 07:26:30.0', '132458', '2010-05-21 07:26:30.0');
INSERT INTO project_info (project_id, project_info_type_id, value, create_user, create_date, modify_user, modify_date)
VALUES ('391', '26', 'On', '132458', '2010-05-21 07:26:30.0', '132458', '2010-05-21 07:26:30.0');
INSERT INTO project_info (project_id, project_info_type_id, value, create_user, create_date, modify_user, modify_date)
VALUES ('391', '29', 'On', '132458', '2010-05-21 07:26:30.0', '132458', '2010-05-21 07:26:30.0');
INSERT INTO project_info (project_id, project_info_type_id, value, create_user, create_date, modify_user, modify_date)
VALUES ('391', '41', 'true', '132458', '2010-05-21 07:26:30.0', '132458', '2010-05-21 07:26:30.0');
INSERT INTO project_info (project_id, project_info_type_id, value, create_user, create_date, modify_user, modify_date)
VALUES ('391', '43', 'true', '132458', '2010-05-21 07:26:30.0', '132458', '2010-05-21 07:26:30.0');
--  Data for project_phase
INSERT INTO project_phase (project_phase_id, project_id, phase_type_id, phase_status_id, fixed_start_time, scheduled_start_time, scheduled_end_time, actual_start_time, actual_end_time, duration, create_user, create_date, modify_user, modify_date)
VALUES ('391', '391', '1', '1', '2010-05-27 09:00:00.0', '2010-05-27 09:00:00.0', '2010-06-01 09:00:00.0', NULL, NULL, '259200000', '132458', '2010-05-21 07:26:30.0', '132458', '2010-05-21 07:26:30.0');
INSERT INTO project_phase (project_phase_id, project_id, phase_type_id, phase_status_id, fixed_start_time, scheduled_start_time, scheduled_end_time, actual_start_time, actual_end_time, duration, create_user, create_date, modify_user, modify_date)
VALUES ('392', '391', '2', '1', '2010-05-27 09:00:00.0', '2010-05-27 09:00:00.0', '2010-06-07 09:00:00.0', NULL, NULL, '604800000', '132458', '2010-05-21 07:26:30.0', '132458', '2010-05-21 07:26:30.0');
INSERT INTO project_phase (project_phase_id, project_id, phase_type_id, phase_status_id, fixed_start_time, scheduled_start_time, scheduled_end_time, actual_start_time, actual_end_time, duration, create_user, create_date, modify_user, modify_date)
VALUES ('393', '391', '3', '1', '2010-06-07 09:00:00.0', '2010-06-07 09:00:00.0', '2010-06-08 09:00:00.0', NULL, NULL, '86400000', '132458', '2010-05-21 07:26:30.0', '132458', '2010-05-21 07:26:30.0');
INSERT INTO project_phase (project_phase_id, project_id, phase_type_id, phase_status_id, fixed_start_time, scheduled_start_time, scheduled_end_time, actual_start_time, actual_end_time, duration, create_user, create_date, modify_user, modify_date)
VALUES ('394', '391', '4', '1', '2010-06-08 09:00:00.0', '2010-06-08 09:00:00.0', '2010-06-14 09:00:00.0', NULL, NULL, '345600000', '132458', '2010-05-21 07:26:30.0', '132458', '2010-05-21 07:26:30.0');
INSERT INTO project_phase (project_phase_id, project_id, phase_type_id, phase_status_id, fixed_start_time, scheduled_start_time, scheduled_end_time, actual_start_time, actual_end_time, duration, create_user, create_date, modify_user, modify_date)
VALUES ('395', '391', '5', '1', '2010-06-14 09:00:00.0', '2010-06-14 09:00:00.0', '2010-06-15 09:00:00.0', NULL, NULL, '86400000', '132458', '2010-05-21 07:26:30.0', '132458', '2010-05-21 07:26:30.0');
INSERT INTO project_phase (project_phase_id, project_id, phase_type_id, phase_status_id, fixed_start_time, scheduled_start_time, scheduled_end_time, actual_start_time, actual_end_time, duration, create_user, create_date, modify_user, modify_date)
VALUES ('396', '391', '6', '1', '2010-06-15 09:00:00.0', '2010-06-15 09:00:00.0', '2010-06-16 09:00:00.0', NULL, NULL, '86400000', '132458', '2010-05-21 07:26:30.0', '132458', '2010-05-21 07:26:30.0');
INSERT INTO project_phase (project_phase_id, project_id, phase_type_id, phase_status_id, fixed_start_time, scheduled_start_time, scheduled_end_time, actual_start_time, actual_end_time, duration, create_user, create_date, modify_user, modify_date)
VALUES ('397', '391', '7', '1', '2010-06-16 09:00:00.0', '2010-06-16 09:00:00.0', '2010-06-16 21:00:00.0', NULL, NULL, '43200000', '132458', '2010-05-21 07:26:30.0', '132458', '2010-05-21 07:26:30.0');
INSERT INTO project_phase (project_phase_id, project_id, phase_type_id, phase_status_id, fixed_start_time, scheduled_start_time, scheduled_end_time, actual_start_time, actual_end_time, duration, create_user, create_date, modify_user, modify_date)
VALUES ('398', '391', '8', '1', '2010-06-16 21:00:00.0', '2010-06-16 21:00:00.0', '2010-06-17 09:00:00.0', NULL, NULL, '43200000', '132458', '2010-05-21 07:26:30.0', '132458', '2010-05-21 07:26:30.0');
INSERT INTO project_phase (project_phase_id, project_id, phase_type_id, phase_status_id, fixed_start_time, scheduled_start_time, scheduled_end_time, actual_start_time, actual_end_time, duration, create_user, create_date, modify_user, modify_date)
VALUES ('399', '391', '9', '1', '2010-06-17 09:00:00.0', '2010-06-17 09:00:00.0', '2010-06-22 09:00:00.0', NULL, NULL, '259200000', '132458', '2010-05-21 07:26:30.0', '132458', '2010-05-21 07:26:30.0');
INSERT INTO project_phase (project_phase_id, project_id, phase_type_id, phase_status_id, fixed_start_time, scheduled_start_time, scheduled_end_time, actual_start_time, actual_end_time, duration, create_user, create_date, modify_user, modify_date)
VALUES ('400', '391', '10', '1', '2010-06-22 09:00:00.0', '2010-06-22 09:00:00.0', '2010-06-23 09:00:00.0', NULL, NULL, '86400000', '132458', '2010-05-21 07:26:30.0', '132458', '2010-05-21 07:26:30.0');
--  Data for comp_catalog
INSERT INTO comp_catalog (component_id, current_version, short_desc, component_name, description, function_desc, create_time, status_id, root_category_id, modify_date, public_ind)
VALUES ('781', '1', 'Coolest component ever', 'Component 40', 'Coolest component ever', 'Component', '2010-05-21 07:20:14.48', '102', '5801779', '2010-05-21 07:23:44.0', '0');
--  Data for comp_versions
INSERT INTO comp_versions (comp_vers_id, component_id, version, version_text, create_time, phase_id, phase_time, price, comments, modify_date,
                           suspended_ind)
VALUES ('783', '781', '1', '1.0                 ', '2010-05-21 07:20:14.48', '112', '1976-05-04 00:00:00.0', '1000.00', 'Cool', '2010-05-21 07:27:01.0', '0');
--  Data for comp_categories
INSERT INTO comp_categories (comp_categories_id, component_id, category_id)
VALUES ('785', '781', '11');
--  Data for comp_keywords
INSERT INTO comp_keywords (comp_keywords_id, component_id, keyword)
VALUES ('791', '781', 'architecture');
--  Data for comp_technology
INSERT INTO comp_technology (comp_tech_id, comp_vers_id, technology_type_id)
VALUES ('792', '783', '1');
--  Data for comp_documentation
INSERT INTO comp_documentation (document_id, comp_vers_id, document_type_id, document_name, url)
VALUES ('793', '783', '0', 'Requirements Specification', '781/783/MQTTBroker_Requirements_Specification.pdf');
--  Data for comp_jive_category_xref
INSERT INTO comp_jive_category_xref (comp_vers_id, jive_category_id)
VALUES ('783', '0');
--  Data for comp_version_dates
INSERT INTO comp_version_dates (comp_version_dates_id, comp_vers_id, phase_id, posting_date, initial_submission_date, winner_announced_date, final_submission_date,
                                estimated_dev_date, price, total_submissions, status_id, create_time, level_id, screening_complete_date, review_complete_date,
                                aggregation_complete_date, phase_complete_date, production_date, aggregation_complete_date_comment, phase_complete_date_comment,
                                review_complete_date_comment, winner_announced_date_comment, initial_submission_date_comment, screening_complete_date_comment,
                                final_submission_date_comment, production_date_comment, modify_date)
VALUES ('794', '783', '112', '1976-05-05', '2000-01-01', '2000-01-01', 
        '2000-01-01', '2000-01-01', NULL, '0', '301', '2010-05-21 07:27:01.0', '100', '2000-01-01',
        '2000-01-01', '2000-01-01', '2000-01-01', '2010-12-01', 
        NULL, NULL, NULL, NULL, NULL, NULL, NULL, '', '2010-05-21 07:27:01.0');
--  Data for phase_criteria
INSERT INTO phase_criteria (project_phase_id, phase_criteria_type_id, parameter, create_user, create_date, modify_user, modify_date)
VALUES ('391', '2', '0', '132458', '2010-05-21 07:26:30.0', '132458', '2010-05-21 07:26:30.0');
INSERT INTO phase_criteria (project_phase_id, phase_criteria_type_id, parameter, create_user, create_date, modify_user, modify_date)
VALUES ('391', '5', 'No', '132458', '2010-05-21 07:26:30.0', '132458', '2010-05-21 07:26:30.0');
INSERT INTO phase_criteria (project_phase_id, phase_criteria_type_id, parameter, create_user, create_date, modify_user, modify_date)
VALUES ('392', '3', '0', '132458', '2010-05-21 07:26:30.0', '132458', '2010-05-21 07:26:30.0');
INSERT INTO phase_criteria (project_phase_id, phase_criteria_type_id, parameter, create_user, create_date, modify_user, modify_date)
VALUES ('392', '5', 'No', '132458', '2010-05-21 07:26:30.0', '132458', '2010-05-21 07:26:30.0');
INSERT INTO phase_criteria (project_phase_id, phase_criteria_type_id, parameter, create_user, create_date, modify_user, modify_date)
VALUES ('393', '5', 'No', '132458', '2010-05-21 07:26:30.0', '132458', '2010-05-21 07:26:30.0');
INSERT INTO phase_criteria (project_phase_id, phase_criteria_type_id, parameter, create_user, create_date, modify_user, modify_date)
VALUES ('393', '1', '30000410', '132458', '2010-05-21 07:26:30.0', '132458', '2010-05-21 07:26:30.0');
INSERT INTO phase_criteria (project_phase_id, phase_criteria_type_id, parameter, create_user, create_date, modify_user, modify_date)
VALUES ('394', '5', 'No', '132458', '2010-05-21 07:26:30.0', '132458', '2010-05-21 07:26:30.0');
INSERT INTO phase_criteria (project_phase_id, phase_criteria_type_id, parameter, create_user, create_date, modify_user, modify_date)
VALUES ('394', '1', '30000411', '132458', '2010-05-21 07:26:30.0', '132458', '2010-05-21 07:26:30.0');
INSERT INTO phase_criteria (project_phase_id, phase_criteria_type_id, parameter, create_user, create_date, modify_user, modify_date)
VALUES ('394', '6', '3', '132458', '2010-05-21 07:26:30.0', '132458', '2010-05-21 07:26:30.0');
INSERT INTO phase_criteria (project_phase_id, phase_criteria_type_id, parameter, create_user, create_date, modify_user, modify_date)
VALUES ('395', '5', 'No', '132458', '2010-05-21 07:26:30.0', '132458', '2010-05-21 07:26:30.0');
INSERT INTO phase_criteria (project_phase_id, phase_criteria_type_id, parameter, create_user, create_date, modify_user, modify_date)
VALUES ('395', '4', 'No', '132458', '2010-05-21 07:26:30.0', '132458', '2010-05-21 07:26:30.0');
INSERT INTO phase_criteria (project_phase_id, phase_criteria_type_id, parameter, create_user, create_date, modify_user, modify_date)
VALUES ('396', '5', 'No', '132458', '2010-05-21 07:26:30.0', '132458', '2010-05-21 07:26:30.0');
INSERT INTO phase_criteria (project_phase_id, phase_criteria_type_id, parameter, create_user, create_date, modify_user, modify_date)
VALUES ('397', '5', 'No', '132458', '2010-05-21 07:26:30.0', '132458', '2010-05-21 07:26:30.0');
INSERT INTO phase_criteria (project_phase_id, phase_criteria_type_id, parameter, create_user, create_date, modify_user, modify_date)
VALUES ('398', '5', 'No', '132458', '2010-05-21 07:26:30.0', '132458', '2010-05-21 07:26:30.0');
INSERT INTO phase_criteria (project_phase_id, phase_criteria_type_id, parameter, create_user, create_date, modify_user, modify_date)
VALUES ('399', '5', 'No', '132458', '2010-05-21 07:26:30.0', '132458', '2010-05-21 07:26:30.0');
INSERT INTO phase_criteria (project_phase_id, phase_criteria_type_id, parameter, create_user, create_date, modify_user, modify_date)
VALUES ('400', '5', 'No', '132458', '2010-05-21 07:26:30.0', '132458', '2010-05-21 07:26:30.0');
--  Data for phase_dependency
INSERT INTO phase_dependency (dependency_phase_id, dependent_phase_id, dependency_start, dependent_start, lag_time, create_user, create_date, modify_user, modify_date)
VALUES ('391', '392', '1', '1', '0', '132458', '2010-05-21 07:26:30.0', '132458', '2010-05-21 07:26:30.0');
INSERT INTO phase_dependency (dependency_phase_id, dependent_phase_id, dependency_start, dependent_start, lag_time, create_user, create_date, modify_user, modify_date)
VALUES ('392', '393', '0', '1', '0', '132458', '2010-05-21 07:26:30.0', '132458', '2010-05-21 07:26:30.0');
INSERT INTO phase_dependency (dependency_phase_id, dependent_phase_id, dependency_start, dependent_start, lag_time, create_user, create_date, modify_user, modify_date)
VALUES ('393', '394', '0', '1', '0', '132458', '2010-05-21 07:26:30.0', '132458', '2010-05-21 07:26:30.0');
INSERT INTO phase_dependency (dependency_phase_id, dependent_phase_id, dependency_start, dependent_start, lag_time, create_user, create_date, modify_user, modify_date)
VALUES ('394', '395', '0', '1', '0', '132458', '2010-05-21 07:26:30.0', '132458', '2010-05-21 07:26:30.0');
INSERT INTO phase_dependency (dependency_phase_id, dependent_phase_id, dependency_start, dependent_start, lag_time, create_user, create_date, modify_user, modify_date)
VALUES ('395', '396', '0', '1', '0', '132458', '2010-05-21 07:26:30.0', '132458', '2010-05-21 07:26:30.0');
INSERT INTO phase_dependency (dependency_phase_id, dependent_phase_id, dependency_start, dependent_start, lag_time, create_user, create_date, modify_user, modify_date)
VALUES ('396', '397', '0', '1', '0', '132458', '2010-05-21 07:26:30.0', '132458', '2010-05-21 07:26:30.0');
INSERT INTO phase_dependency (dependency_phase_id, dependent_phase_id, dependency_start, dependent_start, lag_time, create_user, create_date, modify_user, modify_date)
VALUES ('397', '398', '0', '1', '0', '132458', '2010-05-21 07:26:30.0', '132458', '2010-05-21 07:26:30.0');
INSERT INTO phase_dependency (dependency_phase_id, dependent_phase_id, dependency_start, dependent_start, lag_time, create_user, create_date, modify_user, modify_date)
VALUES ('398', '399', '0', '1', '0', '132458', '2010-05-21 07:26:30.0', '132458', '2010-05-21 07:26:30.0');
INSERT INTO phase_dependency (dependency_phase_id, dependent_phase_id, dependency_start, dependent_start, lag_time, create_user, create_date, modify_user, modify_date)
VALUES ('399', '400', '0', '1', '0', '132458', '2010-05-21 07:26:30.0', '132458', '2010-05-21 07:26:30.0');
--  Data for resource
INSERT INTO resource (resource_id, resource_role_id, project_id, project_phase_id, create_user, create_date, modify_user, modify_date)
VALUES ('391', '13', '391', NULL, '132458', '2010-05-21 07:26:30.0', '132458', '2010-05-21 07:26:30.0');
--  Data for resource_info
INSERT INTO resource_info (resource_id, resource_info_type_id, value, create_user, create_date, modify_user, modify_date)
VALUES ('391', '1', '132458', '132458', '2010-05-21 07:26:30.0', '132458', '2010-05-21 07:26:30.0');
INSERT INTO resource_info (resource_id, resource_info_type_id, value, create_user, create_date, modify_user, modify_date)
VALUES ('391', '2', 'user', '132458', '2010-05-21 07:26:30.0', '132458', '2010-05-21 07:26:30.0');
--  Data for user_role
INSERT INTO user_role (user_role_id, comp_vers_id, role_id, login_id, description)
VALUES ('784', '783', '1', '132458', '');
--  Data for word_search
INSERT INTO word_search (word_search_id, document_id, index_word, nbr_occurrences)
VALUES ('787', '781', 'ever                                                                                                ', '2');
INSERT INTO word_search (word_search_id, document_id, index_word, nbr_occurrences)
VALUES ('788', '781', 'component                                                                                           ', '4');
INSERT INTO word_search (word_search_id, document_id, index_word, nbr_occurrences)
VALUES ('789', '781', 'coolest                                                                                             ', '2');
INSERT INTO word_search (word_search_id, document_id, index_word, nbr_occurrences)
VALUES ('790', '781', 'architecture                                                    ', '2');
--  Data for word_search_ctgy
INSERT INTO word_search_ctgy (word_srch_ctgy_id, category_id, document_id)
VALUES ('786', 'DDECATALOG                                        ', '781');
--  Data for word_search_doc
INSERT INTO word_search_doc (document_id)
VALUES ('781');
-- Data for project
INSERT INTO project (project_id, project_status_id, project_category_id, create_user, create_date, modify_user, modify_date)
VALUES ('401', '2', '1', '132458', '2010-05-21 07:26:30.0', '132458', '2010-05-21 07:26:30.0');
--  Data for project_info
INSERT INTO project_info (project_id, project_info_type_id, value, create_user, create_date, modify_user, modify_date)
VALUES ('401', '1', '803', '132458', '2010-05-21 07:26:30.0', '132458', '2010-05-21 07:26:30.0');
INSERT INTO project_info (project_id, project_info_type_id, value, create_user, create_date, modify_user, modify_date)
VALUES ('401', '2', '801', '132458', '2010-05-21 07:26:30.0', '132458', '2010-05-21 07:26:30.0');
INSERT INTO project_info (project_id, project_info_type_id, value, create_user, create_date, modify_user, modify_date)
VALUES ('401', '3', '1', '132458', '2010-05-21 07:26:30.0', '132458', '2010-05-21 07:26:30.0');
INSERT INTO project_info (project_id, project_info_type_id, value, create_user, create_date, modify_user, modify_date)
VALUES ('401', '4', '0', '132458', '2010-05-21 07:26:30.0', '132458', '2010-05-21 07:26:30.0');
INSERT INTO project_info (project_id, project_info_type_id, value, create_user, create_date, modify_user, modify_date)
VALUES ('401', '5', '5801779', '132458', '2010-05-21 07:26:30.0', '132458', '2010-05-21 07:26:30.0');
INSERT INTO project_info (project_id, project_info_type_id, value, create_user, create_date, modify_user, modify_date)
VALUES ('401', '6', 'Component 41', '132458', '2010-05-21 07:26:30.0', '132458', '2010-05-21 07:26:30.0');
INSERT INTO project_info (project_id, project_info_type_id, value, create_user, create_date, modify_user, modify_date)
VALUES ('401', '7', '1.0                 ', '132458', '2010-05-21 07:26:30.0', '132458', '2010-05-21 07:26:30.0');
INSERT INTO project_info (project_id, project_info_type_id, value, create_user, create_date, modify_user, modify_date)
VALUES ('401', '9', 'Off', '132458', '2010-05-21 07:26:30.0', '132458', '2010-05-21 07:26:30.0');
INSERT INTO project_info (project_id, project_info_type_id, value, create_user, create_date, modify_user, modify_date)
VALUES ('401', '10', 'On', '132458', '2010-05-21 07:26:30.0', '132458', '2010-05-21 07:26:30.0');
INSERT INTO project_info (project_id, project_info_type_id, value, create_user, create_date, modify_user, modify_date)
VALUES ('401', '11', 'On', '132458', '2010-05-21 07:26:30.0', '132458', '2010-05-21 07:26:30.0');
INSERT INTO project_info (project_id, project_info_type_id, value, create_user, create_date, modify_user, modify_date)
VALUES ('401', '12', 'Yes', '132458', '2010-05-21 07:26:30.0', '132458', '2010-05-21 07:26:30.0');
INSERT INTO project_info (project_id, project_info_type_id, value, create_user, create_date, modify_user, modify_date)
VALUES ('401', '13', 'Yes', '132458', '2010-05-21 07:26:30.0', '132458', '2010-05-21 07:26:30.0');
INSERT INTO project_info (project_id, project_info_type_id, value, create_user, create_date, modify_user, modify_date)
VALUES ('401', '14', 'Open', '132458', '2010-05-21 07:26:30.0', '132458', '2010-05-21 07:26:30.0');
INSERT INTO project_info (project_id, project_info_type_id, value, create_user, create_date, modify_user, modify_date)
VALUES ('401', '16', '0.0', '132458', '2010-05-21 07:26:30.0', '132458', '2010-05-21 07:26:30.0');
INSERT INTO project_info (project_id, project_info_type_id, value, create_user, create_date, modify_user, modify_date)
VALUES ('401', '26', 'On', '132458', '2010-05-21 07:26:30.0', '132458', '2010-05-21 07:26:30.0');
INSERT INTO project_info (project_id, project_info_type_id, value, create_user, create_date, modify_user, modify_date)
VALUES ('401', '29', 'On', '132458', '2010-05-21 07:26:30.0', '132458', '2010-05-21 07:26:30.0');
INSERT INTO project_info (project_id, project_info_type_id, value, create_user, create_date, modify_user, modify_date)
VALUES ('401', '41', 'true', '132458', '2010-05-21 07:26:30.0', '132458', '2010-05-21 07:26:30.0');
INSERT INTO project_info (project_id, project_info_type_id, value, create_user, create_date, modify_user, modify_date)
VALUES ('401', '43', 'true', '132458', '2010-05-21 07:26:30.0', '132458', '2010-05-21 07:26:30.0');
--  Data for project_phase
INSERT INTO project_phase (project_phase_id, project_id, phase_type_id, phase_status_id, fixed_start_time, scheduled_start_time, scheduled_end_time, actual_start_time, actual_end_time, duration, create_user, create_date, modify_user, modify_date)
VALUES ('401', '401', '1', '1', '2010-05-27 09:00:00.0', '2010-05-27 09:00:00.0', '2010-06-01 09:00:00.0', NULL, NULL, '259200000', '132458', '2010-05-21 07:26:30.0', '132458', '2010-05-21 07:26:30.0');
INSERT INTO project_phase (project_phase_id, project_id, phase_type_id, phase_status_id, fixed_start_time, scheduled_start_time, scheduled_end_time, actual_start_time, actual_end_time, duration, create_user, create_date, modify_user, modify_date)
VALUES ('402', '401', '2', '1', '2010-05-27 09:00:00.0', '2010-05-27 09:00:00.0', '2010-06-07 09:00:00.0', NULL, NULL, '604800000', '132458', '2010-05-21 07:26:30.0', '132458', '2010-05-21 07:26:30.0');
INSERT INTO project_phase (project_phase_id, project_id, phase_type_id, phase_status_id, fixed_start_time, scheduled_start_time, scheduled_end_time, actual_start_time, actual_end_time, duration, create_user, create_date, modify_user, modify_date)
VALUES ('403', '401', '3', '1', '2010-06-07 09:00:00.0', '2010-06-07 09:00:00.0', '2010-06-08 09:00:00.0', NULL, NULL, '86400000', '132458', '2010-05-21 07:26:30.0', '132458', '2010-05-21 07:26:30.0');
INSERT INTO project_phase (project_phase_id, project_id, phase_type_id, phase_status_id, fixed_start_time, scheduled_start_time, scheduled_end_time, actual_start_time, actual_end_time, duration, create_user, create_date, modify_user, modify_date)
VALUES ('404', '401', '4', '1', '2010-06-08 09:00:00.0', '2010-06-08 09:00:00.0', '2010-06-14 09:00:00.0', NULL, NULL, '345600000', '132458', '2010-05-21 07:26:30.0', '132458', '2010-05-21 07:26:30.0');
INSERT INTO project_phase (project_phase_id, project_id, phase_type_id, phase_status_id, fixed_start_time, scheduled_start_time, scheduled_end_time, actual_start_time, actual_end_time, duration, create_user, create_date, modify_user, modify_date)
VALUES ('405', '401', '5', '1', '2010-06-14 09:00:00.0', '2010-06-14 09:00:00.0', '2010-06-15 09:00:00.0', NULL, NULL, '86400000', '132458', '2010-05-21 07:26:30.0', '132458', '2010-05-21 07:26:30.0');
INSERT INTO project_phase (project_phase_id, project_id, phase_type_id, phase_status_id, fixed_start_time, scheduled_start_time, scheduled_end_time, actual_start_time, actual_end_time, duration, create_user, create_date, modify_user, modify_date)
VALUES ('406', '401', '6', '1', '2010-06-15 09:00:00.0', '2010-06-15 09:00:00.0', '2010-06-16 09:00:00.0', NULL, NULL, '86400000', '132458', '2010-05-21 07:26:30.0', '132458', '2010-05-21 07:26:30.0');
INSERT INTO project_phase (project_phase_id, project_id, phase_type_id, phase_status_id, fixed_start_time, scheduled_start_time, scheduled_end_time, actual_start_time, actual_end_time, duration, create_user, create_date, modify_user, modify_date)
VALUES ('407', '401', '7', '1', '2010-06-16 09:00:00.0', '2010-06-16 09:00:00.0', '2010-06-16 21:00:00.0', NULL, NULL, '43200000', '132458', '2010-05-21 07:26:30.0', '132458', '2010-05-21 07:26:30.0');
INSERT INTO project_phase (project_phase_id, project_id, phase_type_id, phase_status_id, fixed_start_time, scheduled_start_time, scheduled_end_time, actual_start_time, actual_end_time, duration, create_user, create_date, modify_user, modify_date)
VALUES ('408', '401', '8', '1', '2010-06-16 21:00:00.0', '2010-06-16 21:00:00.0', '2010-06-17 09:00:00.0', NULL, NULL, '43200000', '132458', '2010-05-21 07:26:30.0', '132458', '2010-05-21 07:26:30.0');
INSERT INTO project_phase (project_phase_id, project_id, phase_type_id, phase_status_id, fixed_start_time, scheduled_start_time, scheduled_end_time, actual_start_time, actual_end_time, duration, create_user, create_date, modify_user, modify_date)
VALUES ('409', '401', '9', '1', '2010-06-17 09:00:00.0', '2010-06-17 09:00:00.0', '2010-06-22 09:00:00.0', NULL, NULL, '259200000', '132458', '2010-05-21 07:26:30.0', '132458', '2010-05-21 07:26:30.0');
INSERT INTO project_phase (project_phase_id, project_id, phase_type_id, phase_status_id, fixed_start_time, scheduled_start_time, scheduled_end_time, actual_start_time, actual_end_time, duration, create_user, create_date, modify_user, modify_date)
VALUES ('410', '401', '10', '1', '2010-06-22 09:00:00.0', '2010-06-22 09:00:00.0', '2010-06-23 09:00:00.0', NULL, NULL, '86400000', '132458', '2010-05-21 07:26:30.0', '132458', '2010-05-21 07:26:30.0');
--  Data for comp_catalog
INSERT INTO comp_catalog (component_id, current_version, short_desc, component_name, description, function_desc, create_time, status_id, root_category_id, modify_date, public_ind)
VALUES ('801', '1', 'Coolest component ever', 'Component 41', 'Coolest component ever', 'Component', '2010-05-21 07:20:14.48', '102', '5801779', '2010-05-21 07:23:44.0', '0');
--  Data for comp_versions
INSERT INTO comp_versions (comp_vers_id, component_id, version, version_text, create_time, phase_id, phase_time, price, comments, modify_date,
                           suspended_ind)
VALUES ('803', '801', '1', '1.0                 ', '2010-05-21 07:20:14.48', '112', '1976-05-04 00:00:00.0', '1000.00', 'Cool', '2010-05-21 07:27:01.0', '0');
--  Data for comp_categories
INSERT INTO comp_categories (comp_categories_id, component_id, category_id)
VALUES ('805', '801', '11');
--  Data for comp_keywords
INSERT INTO comp_keywords (comp_keywords_id, component_id, keyword)
VALUES ('811', '801', 'design');
--  Data for comp_technology
INSERT INTO comp_technology (comp_tech_id, comp_vers_id, technology_type_id)
VALUES ('812', '803', '1');
--  Data for comp_documentation
INSERT INTO comp_documentation (document_id, comp_vers_id, document_type_id, document_name, url)
VALUES ('813', '803', '0', 'Requirements Specification', '801/803/MQTTBroker_Requirements_Specification.pdf');
--  Data for comp_jive_category_xref
INSERT INTO comp_jive_category_xref (comp_vers_id, jive_category_id)
VALUES ('803', '0');
--  Data for comp_version_dates
INSERT INTO comp_version_dates (comp_version_dates_id, comp_vers_id, phase_id, posting_date, initial_submission_date, winner_announced_date, final_submission_date,
                                estimated_dev_date, price, total_submissions, status_id, create_time, level_id, screening_complete_date, review_complete_date,
                                aggregation_complete_date, phase_complete_date, production_date, aggregation_complete_date_comment, phase_complete_date_comment,
                                review_complete_date_comment, winner_announced_date_comment, initial_submission_date_comment, screening_complete_date_comment,
                                final_submission_date_comment, production_date_comment, modify_date)
VALUES ('814', '803', '112', '1976-05-05', '2000-01-01', '2000-01-01', 
        '2000-01-01', '2000-01-01', NULL, '0', '301', '2010-05-21 07:27:01.0', '100', '2000-01-01',
        '2000-01-01', '2000-01-01', '2000-01-01', '2010-12-01', 
        NULL, NULL, NULL, NULL, NULL, NULL, NULL, '', '2010-05-21 07:27:01.0');
--  Data for phase_criteria
INSERT INTO phase_criteria (project_phase_id, phase_criteria_type_id, parameter, create_user, create_date, modify_user, modify_date)
VALUES ('401', '2', '0', '132458', '2010-05-21 07:26:30.0', '132458', '2010-05-21 07:26:30.0');
INSERT INTO phase_criteria (project_phase_id, phase_criteria_type_id, parameter, create_user, create_date, modify_user, modify_date)
VALUES ('401', '5', 'No', '132458', '2010-05-21 07:26:30.0', '132458', '2010-05-21 07:26:30.0');
INSERT INTO phase_criteria (project_phase_id, phase_criteria_type_id, parameter, create_user, create_date, modify_user, modify_date)
VALUES ('402', '3', '0', '132458', '2010-05-21 07:26:30.0', '132458', '2010-05-21 07:26:30.0');
INSERT INTO phase_criteria (project_phase_id, phase_criteria_type_id, parameter, create_user, create_date, modify_user, modify_date)
VALUES ('402', '5', 'No', '132458', '2010-05-21 07:26:30.0', '132458', '2010-05-21 07:26:30.0');
INSERT INTO phase_criteria (project_phase_id, phase_criteria_type_id, parameter, create_user, create_date, modify_user, modify_date)
VALUES ('403', '5', 'No', '132458', '2010-05-21 07:26:30.0', '132458', '2010-05-21 07:26:30.0');
INSERT INTO phase_criteria (project_phase_id, phase_criteria_type_id, parameter, create_user, create_date, modify_user, modify_date)
VALUES ('403', '1', '30000410', '132458', '2010-05-21 07:26:30.0', '132458', '2010-05-21 07:26:30.0');
INSERT INTO phase_criteria (project_phase_id, phase_criteria_type_id, parameter, create_user, create_date, modify_user, modify_date)
VALUES ('404', '5', 'No', '132458', '2010-05-21 07:26:30.0', '132458', '2010-05-21 07:26:30.0');
INSERT INTO phase_criteria (project_phase_id, phase_criteria_type_id, parameter, create_user, create_date, modify_user, modify_date)
VALUES ('404', '1', '30000411', '132458', '2010-05-21 07:26:30.0', '132458', '2010-05-21 07:26:30.0');
INSERT INTO phase_criteria (project_phase_id, phase_criteria_type_id, parameter, create_user, create_date, modify_user, modify_date)
VALUES ('404', '6', '3', '132458', '2010-05-21 07:26:30.0', '132458', '2010-05-21 07:26:30.0');
INSERT INTO phase_criteria (project_phase_id, phase_criteria_type_id, parameter, create_user, create_date, modify_user, modify_date)
VALUES ('405', '5', 'No', '132458', '2010-05-21 07:26:30.0', '132458', '2010-05-21 07:26:30.0');
INSERT INTO phase_criteria (project_phase_id, phase_criteria_type_id, parameter, create_user, create_date, modify_user, modify_date)
VALUES ('405', '4', 'No', '132458', '2010-05-21 07:26:30.0', '132458', '2010-05-21 07:26:30.0');
INSERT INTO phase_criteria (project_phase_id, phase_criteria_type_id, parameter, create_user, create_date, modify_user, modify_date)
VALUES ('406', '5', 'No', '132458', '2010-05-21 07:26:30.0', '132458', '2010-05-21 07:26:30.0');
INSERT INTO phase_criteria (project_phase_id, phase_criteria_type_id, parameter, create_user, create_date, modify_user, modify_date)
VALUES ('407', '5', 'No', '132458', '2010-05-21 07:26:30.0', '132458', '2010-05-21 07:26:30.0');
INSERT INTO phase_criteria (project_phase_id, phase_criteria_type_id, parameter, create_user, create_date, modify_user, modify_date)
VALUES ('408', '5', 'No', '132458', '2010-05-21 07:26:30.0', '132458', '2010-05-21 07:26:30.0');
INSERT INTO phase_criteria (project_phase_id, phase_criteria_type_id, parameter, create_user, create_date, modify_user, modify_date)
VALUES ('409', '5', 'No', '132458', '2010-05-21 07:26:30.0', '132458', '2010-05-21 07:26:30.0');
INSERT INTO phase_criteria (project_phase_id, phase_criteria_type_id, parameter, create_user, create_date, modify_user, modify_date)
VALUES ('410', '5', 'No', '132458', '2010-05-21 07:26:30.0', '132458', '2010-05-21 07:26:30.0');
--  Data for phase_dependency
INSERT INTO phase_dependency (dependency_phase_id, dependent_phase_id, dependency_start, dependent_start, lag_time, create_user, create_date, modify_user, modify_date)
VALUES ('401', '402', '1', '1', '0', '132458', '2010-05-21 07:26:30.0', '132458', '2010-05-21 07:26:30.0');
INSERT INTO phase_dependency (dependency_phase_id, dependent_phase_id, dependency_start, dependent_start, lag_time, create_user, create_date, modify_user, modify_date)
VALUES ('402', '403', '0', '1', '0', '132458', '2010-05-21 07:26:30.0', '132458', '2010-05-21 07:26:30.0');
INSERT INTO phase_dependency (dependency_phase_id, dependent_phase_id, dependency_start, dependent_start, lag_time, create_user, create_date, modify_user, modify_date)
VALUES ('403', '404', '0', '1', '0', '132458', '2010-05-21 07:26:30.0', '132458', '2010-05-21 07:26:30.0');
INSERT INTO phase_dependency (dependency_phase_id, dependent_phase_id, dependency_start, dependent_start, lag_time, create_user, create_date, modify_user, modify_date)
VALUES ('404', '405', '0', '1', '0', '132458', '2010-05-21 07:26:30.0', '132458', '2010-05-21 07:26:30.0');
INSERT INTO phase_dependency (dependency_phase_id, dependent_phase_id, dependency_start, dependent_start, lag_time, create_user, create_date, modify_user, modify_date)
VALUES ('405', '406', '0', '1', '0', '132458', '2010-05-21 07:26:30.0', '132458', '2010-05-21 07:26:30.0');
INSERT INTO phase_dependency (dependency_phase_id, dependent_phase_id, dependency_start, dependent_start, lag_time, create_user, create_date, modify_user, modify_date)
VALUES ('406', '407', '0', '1', '0', '132458', '2010-05-21 07:26:30.0', '132458', '2010-05-21 07:26:30.0');
INSERT INTO phase_dependency (dependency_phase_id, dependent_phase_id, dependency_start, dependent_start, lag_time, create_user, create_date, modify_user, modify_date)
VALUES ('407', '408', '0', '1', '0', '132458', '2010-05-21 07:26:30.0', '132458', '2010-05-21 07:26:30.0');
INSERT INTO phase_dependency (dependency_phase_id, dependent_phase_id, dependency_start, dependent_start, lag_time, create_user, create_date, modify_user, modify_date)
VALUES ('408', '409', '0', '1', '0', '132458', '2010-05-21 07:26:30.0', '132458', '2010-05-21 07:26:30.0');
INSERT INTO phase_dependency (dependency_phase_id, dependent_phase_id, dependency_start, dependent_start, lag_time, create_user, create_date, modify_user, modify_date)
VALUES ('409', '410', '0', '1', '0', '132458', '2010-05-21 07:26:30.0', '132458', '2010-05-21 07:26:30.0');
--  Data for resource
INSERT INTO resource (resource_id, resource_role_id, project_id, project_phase_id, create_user, create_date, modify_user, modify_date)
VALUES ('401', '13', '401', NULL, '132458', '2010-05-21 07:26:30.0', '132458', '2010-05-21 07:26:30.0');
--  Data for resource_info
INSERT INTO resource_info (resource_id, resource_info_type_id, value, create_user, create_date, modify_user, modify_date)
VALUES ('401', '1', '132458', '132458', '2010-05-21 07:26:30.0', '132458', '2010-05-21 07:26:30.0');
INSERT INTO resource_info (resource_id, resource_info_type_id, value, create_user, create_date, modify_user, modify_date)
VALUES ('401', '2', 'user', '132458', '2010-05-21 07:26:30.0', '132458', '2010-05-21 07:26:30.0');
--  Data for user_role
INSERT INTO user_role (user_role_id, comp_vers_id, role_id, login_id, description)
VALUES ('804', '803', '1', '132458', '');
--  Data for word_search
INSERT INTO word_search (word_search_id, document_id, index_word, nbr_occurrences)
VALUES ('807', '801', 'ever                                                                                                ', '2');
INSERT INTO word_search (word_search_id, document_id, index_word, nbr_occurrences)
VALUES ('808', '801', 'component                                                                                           ', '4');
INSERT INTO word_search (word_search_id, document_id, index_word, nbr_occurrences)
VALUES ('809', '801', 'coolest                                                                                             ', '2');
INSERT INTO word_search (word_search_id, document_id, index_word, nbr_occurrences)
VALUES ('810', '801', 'design                                                    ', '2');
--  Data for word_search_ctgy
INSERT INTO word_search_ctgy (word_srch_ctgy_id, category_id, document_id)
VALUES ('806', 'DDECATALOG                                        ', '801');
--  Data for word_search_doc
INSERT INTO word_search_doc (document_id)
VALUES ('801');
-- Data for project
INSERT INTO project (project_id, project_status_id, project_category_id, create_user, create_date, modify_user, modify_date)
VALUES ('411', '2', '2', '132458', '2010-05-21 07:26:30.0', '132458', '2010-05-21 07:26:30.0');
--  Data for project_info
INSERT INTO project_info (project_id, project_info_type_id, value, create_user, create_date, modify_user, modify_date)
VALUES ('411', '1', '823', '132458', '2010-05-21 07:26:30.0', '132458', '2010-05-21 07:26:30.0');
INSERT INTO project_info (project_id, project_info_type_id, value, create_user, create_date, modify_user, modify_date)
VALUES ('411', '2', '821', '132458', '2010-05-21 07:26:30.0', '132458', '2010-05-21 07:26:30.0');
INSERT INTO project_info (project_id, project_info_type_id, value, create_user, create_date, modify_user, modify_date)
VALUES ('411', '3', '1', '132458', '2010-05-21 07:26:30.0', '132458', '2010-05-21 07:26:30.0');
INSERT INTO project_info (project_id, project_info_type_id, value, create_user, create_date, modify_user, modify_date)
VALUES ('411', '4', '0', '132458', '2010-05-21 07:26:30.0', '132458', '2010-05-21 07:26:30.0');
INSERT INTO project_info (project_id, project_info_type_id, value, create_user, create_date, modify_user, modify_date)
VALUES ('411', '5', '5801778', '132458', '2010-05-21 07:26:30.0', '132458', '2010-05-21 07:26:30.0');
INSERT INTO project_info (project_id, project_info_type_id, value, create_user, create_date, modify_user, modify_date)
VALUES ('411', '6', 'Component 42', '132458', '2010-05-21 07:26:30.0', '132458', '2010-05-21 07:26:30.0');
INSERT INTO project_info (project_id, project_info_type_id, value, create_user, create_date, modify_user, modify_date)
VALUES ('411', '7', '1.0                 ', '132458', '2010-05-21 07:26:30.0', '132458', '2010-05-21 07:26:30.0');
INSERT INTO project_info (project_id, project_info_type_id, value, create_user, create_date, modify_user, modify_date)
VALUES ('411', '9', 'Off', '132458', '2010-05-21 07:26:30.0', '132458', '2010-05-21 07:26:30.0');
INSERT INTO project_info (project_id, project_info_type_id, value, create_user, create_date, modify_user, modify_date)
VALUES ('411', '10', 'On', '132458', '2010-05-21 07:26:30.0', '132458', '2010-05-21 07:26:30.0');
INSERT INTO project_info (project_id, project_info_type_id, value, create_user, create_date, modify_user, modify_date)
VALUES ('411', '11', 'On', '132458', '2010-05-21 07:26:30.0', '132458', '2010-05-21 07:26:30.0');
INSERT INTO project_info (project_id, project_info_type_id, value, create_user, create_date, modify_user, modify_date)
VALUES ('411', '12', 'Yes', '132458', '2010-05-21 07:26:30.0', '132458', '2010-05-21 07:26:30.0');
INSERT INTO project_info (project_id, project_info_type_id, value, create_user, create_date, modify_user, modify_date)
VALUES ('411', '13', 'Yes', '132458', '2010-05-21 07:26:30.0', '132458', '2010-05-21 07:26:30.0');
INSERT INTO project_info (project_id, project_info_type_id, value, create_user, create_date, modify_user, modify_date)
VALUES ('411', '14', 'Open', '132458', '2010-05-21 07:26:30.0', '132458', '2010-05-21 07:26:30.0');
INSERT INTO project_info (project_id, project_info_type_id, value, create_user, create_date, modify_user, modify_date)
VALUES ('411', '16', '0.0', '132458', '2010-05-21 07:26:30.0', '132458', '2010-05-21 07:26:30.0');
INSERT INTO project_info (project_id, project_info_type_id, value, create_user, create_date, modify_user, modify_date)
VALUES ('411', '26', 'On', '132458', '2010-05-21 07:26:30.0', '132458', '2010-05-21 07:26:30.0');
INSERT INTO project_info (project_id, project_info_type_id, value, create_user, create_date, modify_user, modify_date)
VALUES ('411', '29', 'On', '132458', '2010-05-21 07:26:30.0', '132458', '2010-05-21 07:26:30.0');
INSERT INTO project_info (project_id, project_info_type_id, value, create_user, create_date, modify_user, modify_date)
VALUES ('411', '41', 'true', '132458', '2010-05-21 07:26:30.0', '132458', '2010-05-21 07:26:30.0');
INSERT INTO project_info (project_id, project_info_type_id, value, create_user, create_date, modify_user, modify_date)
VALUES ('411', '43', 'true', '132458', '2010-05-21 07:26:30.0', '132458', '2010-05-21 07:26:30.0');
--  Data for project_phase
INSERT INTO project_phase (project_phase_id, project_id, phase_type_id, phase_status_id, fixed_start_time, scheduled_start_time, scheduled_end_time, actual_start_time, actual_end_time, duration, create_user, create_date, modify_user, modify_date)
VALUES ('411', '411', '1', '1', '2010-05-27 09:00:00.0', '2010-05-27 09:00:00.0', '2010-06-01 09:00:00.0', NULL, NULL, '259200000', '132458', '2010-05-21 07:26:30.0', '132458', '2010-05-21 07:26:30.0');
INSERT INTO project_phase (project_phase_id, project_id, phase_type_id, phase_status_id, fixed_start_time, scheduled_start_time, scheduled_end_time, actual_start_time, actual_end_time, duration, create_user, create_date, modify_user, modify_date)
VALUES ('412', '411', '2', '1', '2010-05-27 09:00:00.0', '2010-05-27 09:00:00.0', '2010-06-07 09:00:00.0', NULL, NULL, '604800000', '132458', '2010-05-21 07:26:30.0', '132458', '2010-05-21 07:26:30.0');
INSERT INTO project_phase (project_phase_id, project_id, phase_type_id, phase_status_id, fixed_start_time, scheduled_start_time, scheduled_end_time, actual_start_time, actual_end_time, duration, create_user, create_date, modify_user, modify_date)
VALUES ('413', '411', '3', '1', '2010-06-07 09:00:00.0', '2010-06-07 09:00:00.0', '2010-06-08 09:00:00.0', NULL, NULL, '86400000', '132458', '2010-05-21 07:26:30.0', '132458', '2010-05-21 07:26:30.0');
INSERT INTO project_phase (project_phase_id, project_id, phase_type_id, phase_status_id, fixed_start_time, scheduled_start_time, scheduled_end_time, actual_start_time, actual_end_time, duration, create_user, create_date, modify_user, modify_date)
VALUES ('414', '411', '4', '1', '2010-06-08 09:00:00.0', '2010-06-08 09:00:00.0', '2010-06-14 09:00:00.0', NULL, NULL, '345600000', '132458', '2010-05-21 07:26:30.0', '132458', '2010-05-21 07:26:30.0');
INSERT INTO project_phase (project_phase_id, project_id, phase_type_id, phase_status_id, fixed_start_time, scheduled_start_time, scheduled_end_time, actual_start_time, actual_end_time, duration, create_user, create_date, modify_user, modify_date)
VALUES ('415', '411', '5', '1', '2010-06-14 09:00:00.0', '2010-06-14 09:00:00.0', '2010-06-15 09:00:00.0', NULL, NULL, '86400000', '132458', '2010-05-21 07:26:30.0', '132458', '2010-05-21 07:26:30.0');
INSERT INTO project_phase (project_phase_id, project_id, phase_type_id, phase_status_id, fixed_start_time, scheduled_start_time, scheduled_end_time, actual_start_time, actual_end_time, duration, create_user, create_date, modify_user, modify_date)
VALUES ('416', '411', '6', '1', '2010-06-15 09:00:00.0', '2010-06-15 09:00:00.0', '2010-06-16 09:00:00.0', NULL, NULL, '86400000', '132458', '2010-05-21 07:26:30.0', '132458', '2010-05-21 07:26:30.0');
INSERT INTO project_phase (project_phase_id, project_id, phase_type_id, phase_status_id, fixed_start_time, scheduled_start_time, scheduled_end_time, actual_start_time, actual_end_time, duration, create_user, create_date, modify_user, modify_date)
VALUES ('417', '411', '7', '1', '2010-06-16 09:00:00.0', '2010-06-16 09:00:00.0', '2010-06-16 21:00:00.0', NULL, NULL, '43200000', '132458', '2010-05-21 07:26:30.0', '132458', '2010-05-21 07:26:30.0');
INSERT INTO project_phase (project_phase_id, project_id, phase_type_id, phase_status_id, fixed_start_time, scheduled_start_time, scheduled_end_time, actual_start_time, actual_end_time, duration, create_user, create_date, modify_user, modify_date)
VALUES ('418', '411', '8', '1', '2010-06-16 21:00:00.0', '2010-06-16 21:00:00.0', '2010-06-17 09:00:00.0', NULL, NULL, '43200000', '132458', '2010-05-21 07:26:30.0', '132458', '2010-05-21 07:26:30.0');
INSERT INTO project_phase (project_phase_id, project_id, phase_type_id, phase_status_id, fixed_start_time, scheduled_start_time, scheduled_end_time, actual_start_time, actual_end_time, duration, create_user, create_date, modify_user, modify_date)
VALUES ('419', '411', '9', '1', '2010-06-17 09:00:00.0', '2010-06-17 09:00:00.0', '2010-06-22 09:00:00.0', NULL, NULL, '259200000', '132458', '2010-05-21 07:26:30.0', '132458', '2010-05-21 07:26:30.0');
INSERT INTO project_phase (project_phase_id, project_id, phase_type_id, phase_status_id, fixed_start_time, scheduled_start_time, scheduled_end_time, actual_start_time, actual_end_time, duration, create_user, create_date, modify_user, modify_date)
VALUES ('420', '411', '10', '1', '2010-06-22 09:00:00.0', '2010-06-22 09:00:00.0', '2010-06-23 09:00:00.0', NULL, NULL, '86400000', '132458', '2010-05-21 07:26:30.0', '132458', '2010-05-21 07:26:30.0');
--  Data for comp_catalog
INSERT INTO comp_catalog (component_id, current_version, short_desc, component_name, description, function_desc, create_time, status_id, root_category_id, modify_date, public_ind)
VALUES ('821', '1', 'Coolest component ever', 'Component 42', 'Coolest component ever', 'Component', '2010-05-21 07:20:14.48', '102', '5801778', '2010-05-21 07:23:44.0', '0');
--  Data for comp_versions
INSERT INTO comp_versions (comp_vers_id, component_id, version, version_text, create_time, phase_id, phase_time, price, comments, modify_date,
                           suspended_ind)
VALUES ('823', '821', '1', '1.0                 ', '2010-05-21 07:20:14.48', '112', '1976-05-04 00:00:00.0', '1000.00', 'Cool', '2010-05-21 07:27:01.0', '0');
--  Data for comp_categories
INSERT INTO comp_categories (comp_categories_id, component_id, category_id)
VALUES ('825', '821', '11');
--  Data for comp_keywords
INSERT INTO comp_keywords (comp_keywords_id, component_id, keyword)
VALUES ('831', '821', 'development');
--  Data for comp_technology
INSERT INTO comp_technology (comp_tech_id, comp_vers_id, technology_type_id)
VALUES ('832', '823', '1');
--  Data for comp_documentation
INSERT INTO comp_documentation (document_id, comp_vers_id, document_type_id, document_name, url)
VALUES ('833', '823', '0', 'Requirements Specification', '821/823/MQTTBroker_Requirements_Specification.pdf');
--  Data for comp_jive_category_xref
INSERT INTO comp_jive_category_xref (comp_vers_id, jive_category_id)
VALUES ('823', '0');
--  Data for comp_version_dates
INSERT INTO comp_version_dates (comp_version_dates_id, comp_vers_id, phase_id, posting_date, initial_submission_date, winner_announced_date, final_submission_date,
                                estimated_dev_date, price, total_submissions, status_id, create_time, level_id, screening_complete_date, review_complete_date,
                                aggregation_complete_date, phase_complete_date, production_date, aggregation_complete_date_comment, phase_complete_date_comment,
                                review_complete_date_comment, winner_announced_date_comment, initial_submission_date_comment, screening_complete_date_comment,
                                final_submission_date_comment, production_date_comment, modify_date)
VALUES ('834', '823', '112', '1976-05-05', '2000-01-01', '2000-01-01', 
        '2000-01-01', '2000-01-01', NULL, '0', '301', '2010-05-21 07:27:01.0', '100', '2000-01-01',
        '2000-01-01', '2000-01-01', '2000-01-01', '2010-12-01', 
        NULL, NULL, NULL, NULL, NULL, NULL, NULL, '', '2010-05-21 07:27:01.0');
--  Data for phase_criteria
INSERT INTO phase_criteria (project_phase_id, phase_criteria_type_id, parameter, create_user, create_date, modify_user, modify_date)
VALUES ('411', '2', '0', '132458', '2010-05-21 07:26:30.0', '132458', '2010-05-21 07:26:30.0');
INSERT INTO phase_criteria (project_phase_id, phase_criteria_type_id, parameter, create_user, create_date, modify_user, modify_date)
VALUES ('411', '5', 'No', '132458', '2010-05-21 07:26:30.0', '132458', '2010-05-21 07:26:30.0');
INSERT INTO phase_criteria (project_phase_id, phase_criteria_type_id, parameter, create_user, create_date, modify_user, modify_date)
VALUES ('412', '3', '0', '132458', '2010-05-21 07:26:30.0', '132458', '2010-05-21 07:26:30.0');
INSERT INTO phase_criteria (project_phase_id, phase_criteria_type_id, parameter, create_user, create_date, modify_user, modify_date)
VALUES ('412', '5', 'No', '132458', '2010-05-21 07:26:30.0', '132458', '2010-05-21 07:26:30.0');
INSERT INTO phase_criteria (project_phase_id, phase_criteria_type_id, parameter, create_user, create_date, modify_user, modify_date)
VALUES ('413', '5', 'No', '132458', '2010-05-21 07:26:30.0', '132458', '2010-05-21 07:26:30.0');
INSERT INTO phase_criteria (project_phase_id, phase_criteria_type_id, parameter, create_user, create_date, modify_user, modify_date)
VALUES ('413', '1', '30000410', '132458', '2010-05-21 07:26:30.0', '132458', '2010-05-21 07:26:30.0');
INSERT INTO phase_criteria (project_phase_id, phase_criteria_type_id, parameter, create_user, create_date, modify_user, modify_date)
VALUES ('414', '5', 'No', '132458', '2010-05-21 07:26:30.0', '132458', '2010-05-21 07:26:30.0');
INSERT INTO phase_criteria (project_phase_id, phase_criteria_type_id, parameter, create_user, create_date, modify_user, modify_date)
VALUES ('414', '1', '30000411', '132458', '2010-05-21 07:26:30.0', '132458', '2010-05-21 07:26:30.0');
INSERT INTO phase_criteria (project_phase_id, phase_criteria_type_id, parameter, create_user, create_date, modify_user, modify_date)
VALUES ('414', '6', '3', '132458', '2010-05-21 07:26:30.0', '132458', '2010-05-21 07:26:30.0');
INSERT INTO phase_criteria (project_phase_id, phase_criteria_type_id, parameter, create_user, create_date, modify_user, modify_date)
VALUES ('415', '5', 'No', '132458', '2010-05-21 07:26:30.0', '132458', '2010-05-21 07:26:30.0');
INSERT INTO phase_criteria (project_phase_id, phase_criteria_type_id, parameter, create_user, create_date, modify_user, modify_date)
VALUES ('415', '4', 'No', '132458', '2010-05-21 07:26:30.0', '132458', '2010-05-21 07:26:30.0');
INSERT INTO phase_criteria (project_phase_id, phase_criteria_type_id, parameter, create_user, create_date, modify_user, modify_date)
VALUES ('416', '5', 'No', '132458', '2010-05-21 07:26:30.0', '132458', '2010-05-21 07:26:30.0');
INSERT INTO phase_criteria (project_phase_id, phase_criteria_type_id, parameter, create_user, create_date, modify_user, modify_date)
VALUES ('417', '5', 'No', '132458', '2010-05-21 07:26:30.0', '132458', '2010-05-21 07:26:30.0');
INSERT INTO phase_criteria (project_phase_id, phase_criteria_type_id, parameter, create_user, create_date, modify_user, modify_date)
VALUES ('418', '5', 'No', '132458', '2010-05-21 07:26:30.0', '132458', '2010-05-21 07:26:30.0');
INSERT INTO phase_criteria (project_phase_id, phase_criteria_type_id, parameter, create_user, create_date, modify_user, modify_date)
VALUES ('419', '5', 'No', '132458', '2010-05-21 07:26:30.0', '132458', '2010-05-21 07:26:30.0');
INSERT INTO phase_criteria (project_phase_id, phase_criteria_type_id, parameter, create_user, create_date, modify_user, modify_date)
VALUES ('420', '5', 'No', '132458', '2010-05-21 07:26:30.0', '132458', '2010-05-21 07:26:30.0');
--  Data for phase_dependency
INSERT INTO phase_dependency (dependency_phase_id, dependent_phase_id, dependency_start, dependent_start, lag_time, create_user, create_date, modify_user, modify_date)
VALUES ('411', '412', '1', '1', '0', '132458', '2010-05-21 07:26:30.0', '132458', '2010-05-21 07:26:30.0');
INSERT INTO phase_dependency (dependency_phase_id, dependent_phase_id, dependency_start, dependent_start, lag_time, create_user, create_date, modify_user, modify_date)
VALUES ('412', '413', '0', '1', '0', '132458', '2010-05-21 07:26:30.0', '132458', '2010-05-21 07:26:30.0');
INSERT INTO phase_dependency (dependency_phase_id, dependent_phase_id, dependency_start, dependent_start, lag_time, create_user, create_date, modify_user, modify_date)
VALUES ('413', '414', '0', '1', '0', '132458', '2010-05-21 07:26:30.0', '132458', '2010-05-21 07:26:30.0');
INSERT INTO phase_dependency (dependency_phase_id, dependent_phase_id, dependency_start, dependent_start, lag_time, create_user, create_date, modify_user, modify_date)
VALUES ('414', '415', '0', '1', '0', '132458', '2010-05-21 07:26:30.0', '132458', '2010-05-21 07:26:30.0');
INSERT INTO phase_dependency (dependency_phase_id, dependent_phase_id, dependency_start, dependent_start, lag_time, create_user, create_date, modify_user, modify_date)
VALUES ('415', '416', '0', '1', '0', '132458', '2010-05-21 07:26:30.0', '132458', '2010-05-21 07:26:30.0');
INSERT INTO phase_dependency (dependency_phase_id, dependent_phase_id, dependency_start, dependent_start, lag_time, create_user, create_date, modify_user, modify_date)
VALUES ('416', '417', '0', '1', '0', '132458', '2010-05-21 07:26:30.0', '132458', '2010-05-21 07:26:30.0');
INSERT INTO phase_dependency (dependency_phase_id, dependent_phase_id, dependency_start, dependent_start, lag_time, create_user, create_date, modify_user, modify_date)
VALUES ('417', '418', '0', '1', '0', '132458', '2010-05-21 07:26:30.0', '132458', '2010-05-21 07:26:30.0');
INSERT INTO phase_dependency (dependency_phase_id, dependent_phase_id, dependency_start, dependent_start, lag_time, create_user, create_date, modify_user, modify_date)
VALUES ('418', '419', '0', '1', '0', '132458', '2010-05-21 07:26:30.0', '132458', '2010-05-21 07:26:30.0');
INSERT INTO phase_dependency (dependency_phase_id, dependent_phase_id, dependency_start, dependent_start, lag_time, create_user, create_date, modify_user, modify_date)
VALUES ('419', '420', '0', '1', '0', '132458', '2010-05-21 07:26:30.0', '132458', '2010-05-21 07:26:30.0');
--  Data for resource
INSERT INTO resource (resource_id, resource_role_id, project_id, project_phase_id, create_user, create_date, modify_user, modify_date)
VALUES ('411', '13', '411', NULL, '132458', '2010-05-21 07:26:30.0', '132458', '2010-05-21 07:26:30.0');
--  Data for resource_info
INSERT INTO resource_info (resource_id, resource_info_type_id, value, create_user, create_date, modify_user, modify_date)
VALUES ('411', '1', '132458', '132458', '2010-05-21 07:26:30.0', '132458', '2010-05-21 07:26:30.0');
INSERT INTO resource_info (resource_id, resource_info_type_id, value, create_user, create_date, modify_user, modify_date)
VALUES ('411', '2', 'user', '132458', '2010-05-21 07:26:30.0', '132458', '2010-05-21 07:26:30.0');
--  Data for user_role
INSERT INTO user_role (user_role_id, comp_vers_id, role_id, login_id, description)
VALUES ('824', '823', '1', '132458', '');
--  Data for word_search
INSERT INTO word_search (word_search_id, document_id, index_word, nbr_occurrences)
VALUES ('827', '821', 'ever                                                                                                ', '2');
INSERT INTO word_search (word_search_id, document_id, index_word, nbr_occurrences)
VALUES ('828', '821', 'component                                                                                           ', '4');
INSERT INTO word_search (word_search_id, document_id, index_word, nbr_occurrences)
VALUES ('829', '821', 'coolest                                                                                             ', '2');
INSERT INTO word_search (word_search_id, document_id, index_word, nbr_occurrences)
VALUES ('830', '821', 'development                                                    ', '2');
--  Data for word_search_ctgy
INSERT INTO word_search_ctgy (word_srch_ctgy_id, category_id, document_id)
VALUES ('826', 'DDECATALOG                                        ', '821');
--  Data for word_search_doc
INSERT INTO word_search_doc (document_id)
VALUES ('821');
-- Data for project
INSERT INTO project (project_id, project_status_id, project_category_id, create_user, create_date, modify_user, modify_date)
VALUES ('421', '2', '14', '132457', '2010-05-21 07:26:30.0', '132457', '2010-05-21 07:26:30.0');
--  Data for project_info
INSERT INTO project_info (project_id, project_info_type_id, value, create_user, create_date, modify_user, modify_date)
VALUES ('421', '1', '843', '132457', '2010-05-21 07:26:30.0', '132457', '2010-05-21 07:26:30.0');
INSERT INTO project_info (project_id, project_info_type_id, value, create_user, create_date, modify_user, modify_date)
VALUES ('421', '2', '841', '132457', '2010-05-21 07:26:30.0', '132457', '2010-05-21 07:26:30.0');
INSERT INTO project_info (project_id, project_info_type_id, value, create_user, create_date, modify_user, modify_date)
VALUES ('421', '3', '1', '132457', '2010-05-21 07:26:30.0', '132457', '2010-05-21 07:26:30.0');
INSERT INTO project_info (project_id, project_info_type_id, value, create_user, create_date, modify_user, modify_date)
VALUES ('421', '4', '0', '132457', '2010-05-21 07:26:30.0', '132457', '2010-05-21 07:26:30.0');
INSERT INTO project_info (project_id, project_info_type_id, value, create_user, create_date, modify_user, modify_date)
VALUES ('421', '5', '5801778', '132457', '2010-05-21 07:26:30.0', '132457', '2010-05-21 07:26:30.0');
INSERT INTO project_info (project_id, project_info_type_id, value, create_user, create_date, modify_user, modify_date)
VALUES ('421', '6', 'Component 43', '132457', '2010-05-21 07:26:30.0', '132457', '2010-05-21 07:26:30.0');
INSERT INTO project_info (project_id, project_info_type_id, value, create_user, create_date, modify_user, modify_date)
VALUES ('421', '7', '1.0                 ', '132457', '2010-05-21 07:26:30.0', '132457', '2010-05-21 07:26:30.0');
INSERT INTO project_info (project_id, project_info_type_id, value, create_user, create_date, modify_user, modify_date)
VALUES ('421', '9', 'Off', '132457', '2010-05-21 07:26:30.0', '132457', '2010-05-21 07:26:30.0');
INSERT INTO project_info (project_id, project_info_type_id, value, create_user, create_date, modify_user, modify_date)
VALUES ('421', '10', 'On', '132457', '2010-05-21 07:26:30.0', '132457', '2010-05-21 07:26:30.0');
INSERT INTO project_info (project_id, project_info_type_id, value, create_user, create_date, modify_user, modify_date)
VALUES ('421', '11', 'On', '132457', '2010-05-21 07:26:30.0', '132457', '2010-05-21 07:26:30.0');
INSERT INTO project_info (project_id, project_info_type_id, value, create_user, create_date, modify_user, modify_date)
VALUES ('421', '12', 'Yes', '132457', '2010-05-21 07:26:30.0', '132457', '2010-05-21 07:26:30.0');
INSERT INTO project_info (project_id, project_info_type_id, value, create_user, create_date, modify_user, modify_date)
VALUES ('421', '13', 'Yes', '132457', '2010-05-21 07:26:30.0', '132457', '2010-05-21 07:26:30.0');
INSERT INTO project_info (project_id, project_info_type_id, value, create_user, create_date, modify_user, modify_date)
VALUES ('421', '14', 'Open', '132457', '2010-05-21 07:26:30.0', '132457', '2010-05-21 07:26:30.0');
INSERT INTO project_info (project_id, project_info_type_id, value, create_user, create_date, modify_user, modify_date)
VALUES ('421', '16', '0.0', '132457', '2010-05-21 07:26:30.0', '132457', '2010-05-21 07:26:30.0');
INSERT INTO project_info (project_id, project_info_type_id, value, create_user, create_date, modify_user, modify_date)
VALUES ('421', '26', 'On', '132457', '2010-05-21 07:26:30.0', '132457', '2010-05-21 07:26:30.0');
INSERT INTO project_info (project_id, project_info_type_id, value, create_user, create_date, modify_user, modify_date)
VALUES ('421', '29', 'On', '132457', '2010-05-21 07:26:30.0', '132457', '2010-05-21 07:26:30.0');
INSERT INTO project_info (project_id, project_info_type_id, value, create_user, create_date, modify_user, modify_date)
VALUES ('421', '41', 'true', '132457', '2010-05-21 07:26:30.0', '132457', '2010-05-21 07:26:30.0');
INSERT INTO project_info (project_id, project_info_type_id, value, create_user, create_date, modify_user, modify_date)
VALUES ('421', '43', 'true', '132457', '2010-05-21 07:26:30.0', '132457', '2010-05-21 07:26:30.0');
--  Data for project_phase
INSERT INTO project_phase (project_phase_id, project_id, phase_type_id, phase_status_id, fixed_start_time, scheduled_start_time, scheduled_end_time, actual_start_time, actual_end_time, duration, create_user, create_date, modify_user, modify_date)
VALUES ('421', '421', '1', '1', '2010-05-27 09:00:00.0', '2010-05-27 09:00:00.0', '2010-06-01 09:00:00.0', NULL, NULL, '259200000', '132457', '2010-05-21 07:26:30.0', '132457', '2010-05-21 07:26:30.0');
INSERT INTO project_phase (project_phase_id, project_id, phase_type_id, phase_status_id, fixed_start_time, scheduled_start_time, scheduled_end_time, actual_start_time, actual_end_time, duration, create_user, create_date, modify_user, modify_date)
VALUES ('422', '421', '2', '1', '2010-05-27 09:00:00.0', '2010-05-27 09:00:00.0', '2010-06-07 09:00:00.0', NULL, NULL, '604800000', '132457', '2010-05-21 07:26:30.0', '132457', '2010-05-21 07:26:30.0');
INSERT INTO project_phase (project_phase_id, project_id, phase_type_id, phase_status_id, fixed_start_time, scheduled_start_time, scheduled_end_time, actual_start_time, actual_end_time, duration, create_user, create_date, modify_user, modify_date)
VALUES ('423', '421', '3', '1', '2010-06-07 09:00:00.0', '2010-06-07 09:00:00.0', '2010-06-08 09:00:00.0', NULL, NULL, '86400000', '132457', '2010-05-21 07:26:30.0', '132457', '2010-05-21 07:26:30.0');
INSERT INTO project_phase (project_phase_id, project_id, phase_type_id, phase_status_id, fixed_start_time, scheduled_start_time, scheduled_end_time, actual_start_time, actual_end_time, duration, create_user, create_date, modify_user, modify_date)
VALUES ('424', '421', '4', '1', '2010-06-08 09:00:00.0', '2010-06-08 09:00:00.0', '2010-06-14 09:00:00.0', NULL, NULL, '345600000', '132457', '2010-05-21 07:26:30.0', '132457', '2010-05-21 07:26:30.0');
INSERT INTO project_phase (project_phase_id, project_id, phase_type_id, phase_status_id, fixed_start_time, scheduled_start_time, scheduled_end_time, actual_start_time, actual_end_time, duration, create_user, create_date, modify_user, modify_date)
VALUES ('425', '421', '5', '1', '2010-06-14 09:00:00.0', '2010-06-14 09:00:00.0', '2010-06-15 09:00:00.0', NULL, NULL, '86400000', '132457', '2010-05-21 07:26:30.0', '132457', '2010-05-21 07:26:30.0');
INSERT INTO project_phase (project_phase_id, project_id, phase_type_id, phase_status_id, fixed_start_time, scheduled_start_time, scheduled_end_time, actual_start_time, actual_end_time, duration, create_user, create_date, modify_user, modify_date)
VALUES ('426', '421', '6', '1', '2010-06-15 09:00:00.0', '2010-06-15 09:00:00.0', '2010-06-16 09:00:00.0', NULL, NULL, '86400000', '132457', '2010-05-21 07:26:30.0', '132457', '2010-05-21 07:26:30.0');
INSERT INTO project_phase (project_phase_id, project_id, phase_type_id, phase_status_id, fixed_start_time, scheduled_start_time, scheduled_end_time, actual_start_time, actual_end_time, duration, create_user, create_date, modify_user, modify_date)
VALUES ('427', '421', '7', '1', '2010-06-16 09:00:00.0', '2010-06-16 09:00:00.0', '2010-06-16 21:00:00.0', NULL, NULL, '43200000', '132457', '2010-05-21 07:26:30.0', '132457', '2010-05-21 07:26:30.0');
INSERT INTO project_phase (project_phase_id, project_id, phase_type_id, phase_status_id, fixed_start_time, scheduled_start_time, scheduled_end_time, actual_start_time, actual_end_time, duration, create_user, create_date, modify_user, modify_date)
VALUES ('428', '421', '8', '1', '2010-06-16 21:00:00.0', '2010-06-16 21:00:00.0', '2010-06-17 09:00:00.0', NULL, NULL, '43200000', '132457', '2010-05-21 07:26:30.0', '132457', '2010-05-21 07:26:30.0');
INSERT INTO project_phase (project_phase_id, project_id, phase_type_id, phase_status_id, fixed_start_time, scheduled_start_time, scheduled_end_time, actual_start_time, actual_end_time, duration, create_user, create_date, modify_user, modify_date)
VALUES ('429', '421', '9', '1', '2010-06-17 09:00:00.0', '2010-06-17 09:00:00.0', '2010-06-22 09:00:00.0', NULL, NULL, '259200000', '132457', '2010-05-21 07:26:30.0', '132457', '2010-05-21 07:26:30.0');
INSERT INTO project_phase (project_phase_id, project_id, phase_type_id, phase_status_id, fixed_start_time, scheduled_start_time, scheduled_end_time, actual_start_time, actual_end_time, duration, create_user, create_date, modify_user, modify_date)
VALUES ('430', '421', '10', '1', '2010-06-22 09:00:00.0', '2010-06-22 09:00:00.0', '2010-06-23 09:00:00.0', NULL, NULL, '86400000', '132457', '2010-05-21 07:26:30.0', '132457', '2010-05-21 07:26:30.0');
--  Data for comp_catalog
INSERT INTO comp_catalog (component_id, current_version, short_desc, component_name, description, function_desc, create_time, status_id, root_category_id, modify_date, public_ind)
VALUES ('841', '1', 'Coolest component ever', 'Component 43', 'Coolest component ever', 'Component', '2010-05-21 07:20:14.48', '102', '5801778', '2010-05-21 07:23:44.0', '0');
--  Data for comp_versions
INSERT INTO comp_versions (comp_vers_id, component_id, version, version_text, create_time, phase_id, phase_time, price, comments, modify_date,
                           suspended_ind)
VALUES ('843', '841', '1', '1.0                 ', '2010-05-21 07:20:14.48', '112', '1976-05-04 00:00:00.0', '1000.00', 'Cool', '2010-05-21 07:27:01.0', '0');
--  Data for comp_categories
INSERT INTO comp_categories (comp_categories_id, component_id, category_id)
VALUES ('845', '841', '11');
--  Data for comp_keywords
INSERT INTO comp_keywords (comp_keywords_id, component_id, keyword)
VALUES ('851', '841', 'assembly');
--  Data for comp_technology
INSERT INTO comp_technology (comp_tech_id, comp_vers_id, technology_type_id)
VALUES ('852', '843', '1');
--  Data for comp_documentation
INSERT INTO comp_documentation (document_id, comp_vers_id, document_type_id, document_name, url)
VALUES ('853', '843', '0', 'Requirements Specification', '841/843/MQTTBroker_Requirements_Specification.pdf');
--  Data for comp_jive_category_xref
INSERT INTO comp_jive_category_xref (comp_vers_id, jive_category_id)
VALUES ('843', '0');
--  Data for comp_version_dates
INSERT INTO comp_version_dates (comp_version_dates_id, comp_vers_id, phase_id, posting_date, initial_submission_date, winner_announced_date, final_submission_date,
                                estimated_dev_date, price, total_submissions, status_id, create_time, level_id, screening_complete_date, review_complete_date,
                                aggregation_complete_date, phase_complete_date, production_date, aggregation_complete_date_comment, phase_complete_date_comment,
                                review_complete_date_comment, winner_announced_date_comment, initial_submission_date_comment, screening_complete_date_comment,
                                final_submission_date_comment, production_date_comment, modify_date)
VALUES ('854', '843', '112', '1976-05-05', '2000-01-01', '2000-01-01', 
        '2000-01-01', '2000-01-01', NULL, '0', '301', '2010-05-21 07:27:01.0', '100', '2000-01-01',
        '2000-01-01', '2000-01-01', '2000-01-01', '2010-12-01', 
        NULL, NULL, NULL, NULL, NULL, NULL, NULL, '', '2010-05-21 07:27:01.0');
--  Data for phase_criteria
INSERT INTO phase_criteria (project_phase_id, phase_criteria_type_id, parameter, create_user, create_date, modify_user, modify_date)
VALUES ('421', '2', '0', '132457', '2010-05-21 07:26:30.0', '132457', '2010-05-21 07:26:30.0');
INSERT INTO phase_criteria (project_phase_id, phase_criteria_type_id, parameter, create_user, create_date, modify_user, modify_date)
VALUES ('421', '5', 'No', '132457', '2010-05-21 07:26:30.0', '132457', '2010-05-21 07:26:30.0');
INSERT INTO phase_criteria (project_phase_id, phase_criteria_type_id, parameter, create_user, create_date, modify_user, modify_date)
VALUES ('422', '3', '0', '132457', '2010-05-21 07:26:30.0', '132457', '2010-05-21 07:26:30.0');
INSERT INTO phase_criteria (project_phase_id, phase_criteria_type_id, parameter, create_user, create_date, modify_user, modify_date)
VALUES ('422', '5', 'No', '132457', '2010-05-21 07:26:30.0', '132457', '2010-05-21 07:26:30.0');
INSERT INTO phase_criteria (project_phase_id, phase_criteria_type_id, parameter, create_user, create_date, modify_user, modify_date)
VALUES ('423', '5', 'No', '132457', '2010-05-21 07:26:30.0', '132457', '2010-05-21 07:26:30.0');
INSERT INTO phase_criteria (project_phase_id, phase_criteria_type_id, parameter, create_user, create_date, modify_user, modify_date)
VALUES ('423', '1', '30000410', '132457', '2010-05-21 07:26:30.0', '132457', '2010-05-21 07:26:30.0');
INSERT INTO phase_criteria (project_phase_id, phase_criteria_type_id, parameter, create_user, create_date, modify_user, modify_date)
VALUES ('424', '5', 'No', '132457', '2010-05-21 07:26:30.0', '132457', '2010-05-21 07:26:30.0');
INSERT INTO phase_criteria (project_phase_id, phase_criteria_type_id, parameter, create_user, create_date, modify_user, modify_date)
VALUES ('424', '1', '30000411', '132457', '2010-05-21 07:26:30.0', '132457', '2010-05-21 07:26:30.0');
INSERT INTO phase_criteria (project_phase_id, phase_criteria_type_id, parameter, create_user, create_date, modify_user, modify_date)
VALUES ('424', '6', '3', '132457', '2010-05-21 07:26:30.0', '132457', '2010-05-21 07:26:30.0');
INSERT INTO phase_criteria (project_phase_id, phase_criteria_type_id, parameter, create_user, create_date, modify_user, modify_date)
VALUES ('425', '5', 'No', '132457', '2010-05-21 07:26:30.0', '132457', '2010-05-21 07:26:30.0');
INSERT INTO phase_criteria (project_phase_id, phase_criteria_type_id, parameter, create_user, create_date, modify_user, modify_date)
VALUES ('425', '4', 'No', '132457', '2010-05-21 07:26:30.0', '132457', '2010-05-21 07:26:30.0');
INSERT INTO phase_criteria (project_phase_id, phase_criteria_type_id, parameter, create_user, create_date, modify_user, modify_date)
VALUES ('426', '5', 'No', '132457', '2010-05-21 07:26:30.0', '132457', '2010-05-21 07:26:30.0');
INSERT INTO phase_criteria (project_phase_id, phase_criteria_type_id, parameter, create_user, create_date, modify_user, modify_date)
VALUES ('427', '5', 'No', '132457', '2010-05-21 07:26:30.0', '132457', '2010-05-21 07:26:30.0');
INSERT INTO phase_criteria (project_phase_id, phase_criteria_type_id, parameter, create_user, create_date, modify_user, modify_date)
VALUES ('428', '5', 'No', '132457', '2010-05-21 07:26:30.0', '132457', '2010-05-21 07:26:30.0');
INSERT INTO phase_criteria (project_phase_id, phase_criteria_type_id, parameter, create_user, create_date, modify_user, modify_date)
VALUES ('429', '5', 'No', '132457', '2010-05-21 07:26:30.0', '132457', '2010-05-21 07:26:30.0');
INSERT INTO phase_criteria (project_phase_id, phase_criteria_type_id, parameter, create_user, create_date, modify_user, modify_date)
VALUES ('430', '5', 'No', '132457', '2010-05-21 07:26:30.0', '132457', '2010-05-21 07:26:30.0');
--  Data for phase_dependency
INSERT INTO phase_dependency (dependency_phase_id, dependent_phase_id, dependency_start, dependent_start, lag_time, create_user, create_date, modify_user, modify_date)
VALUES ('421', '422', '1', '1', '0', '132457', '2010-05-21 07:26:30.0', '132457', '2010-05-21 07:26:30.0');
INSERT INTO phase_dependency (dependency_phase_id, dependent_phase_id, dependency_start, dependent_start, lag_time, create_user, create_date, modify_user, modify_date)
VALUES ('422', '423', '0', '1', '0', '132457', '2010-05-21 07:26:30.0', '132457', '2010-05-21 07:26:30.0');
INSERT INTO phase_dependency (dependency_phase_id, dependent_phase_id, dependency_start, dependent_start, lag_time, create_user, create_date, modify_user, modify_date)
VALUES ('423', '424', '0', '1', '0', '132457', '2010-05-21 07:26:30.0', '132457', '2010-05-21 07:26:30.0');
INSERT INTO phase_dependency (dependency_phase_id, dependent_phase_id, dependency_start, dependent_start, lag_time, create_user, create_date, modify_user, modify_date)
VALUES ('424', '425', '0', '1', '0', '132457', '2010-05-21 07:26:30.0', '132457', '2010-05-21 07:26:30.0');
INSERT INTO phase_dependency (dependency_phase_id, dependent_phase_id, dependency_start, dependent_start, lag_time, create_user, create_date, modify_user, modify_date)
VALUES ('425', '426', '0', '1', '0', '132457', '2010-05-21 07:26:30.0', '132457', '2010-05-21 07:26:30.0');
INSERT INTO phase_dependency (dependency_phase_id, dependent_phase_id, dependency_start, dependent_start, lag_time, create_user, create_date, modify_user, modify_date)
VALUES ('426', '427', '0', '1', '0', '132457', '2010-05-21 07:26:30.0', '132457', '2010-05-21 07:26:30.0');
INSERT INTO phase_dependency (dependency_phase_id, dependent_phase_id, dependency_start, dependent_start, lag_time, create_user, create_date, modify_user, modify_date)
VALUES ('427', '428', '0', '1', '0', '132457', '2010-05-21 07:26:30.0', '132457', '2010-05-21 07:26:30.0');
INSERT INTO phase_dependency (dependency_phase_id, dependent_phase_id, dependency_start, dependent_start, lag_time, create_user, create_date, modify_user, modify_date)
VALUES ('428', '429', '0', '1', '0', '132457', '2010-05-21 07:26:30.0', '132457', '2010-05-21 07:26:30.0');
INSERT INTO phase_dependency (dependency_phase_id, dependent_phase_id, dependency_start, dependent_start, lag_time, create_user, create_date, modify_user, modify_date)
VALUES ('429', '430', '0', '1', '0', '132457', '2010-05-21 07:26:30.0', '132457', '2010-05-21 07:26:30.0');
--  Data for resource
INSERT INTO resource (resource_id, resource_role_id, project_id, project_phase_id, create_user, create_date, modify_user, modify_date)
VALUES ('421', '13', '421', NULL, '132457', '2010-05-21 07:26:30.0', '132457', '2010-05-21 07:26:30.0');
--  Data for resource_info
INSERT INTO resource_info (resource_id, resource_info_type_id, value, create_user, create_date, modify_user, modify_date)
VALUES ('421', '1', '132457', '132457', '2010-05-21 07:26:30.0', '132457', '2010-05-21 07:26:30.0');
INSERT INTO resource_info (resource_id, resource_info_type_id, value, create_user, create_date, modify_user, modify_date)
VALUES ('421', '2', 'super', '132457', '2010-05-21 07:26:30.0', '132457', '2010-05-21 07:26:30.0');
--  Data for user_role
INSERT INTO user_role (user_role_id, comp_vers_id, role_id, login_id, description)
VALUES ('844', '843', '1', '132457', '');
--  Data for word_search
INSERT INTO word_search (word_search_id, document_id, index_word, nbr_occurrences)
VALUES ('847', '841', 'ever                                                                                                ', '2');
INSERT INTO word_search (word_search_id, document_id, index_word, nbr_occurrences)
VALUES ('848', '841', 'component                                                                                           ', '4');
INSERT INTO word_search (word_search_id, document_id, index_word, nbr_occurrences)
VALUES ('849', '841', 'coolest                                                                                             ', '2');
INSERT INTO word_search (word_search_id, document_id, index_word, nbr_occurrences)
VALUES ('850', '841', 'assembly                                                    ', '2');
--  Data for word_search_ctgy
INSERT INTO word_search_ctgy (word_srch_ctgy_id, category_id, document_id)
VALUES ('846', 'DDECATALOG                                        ', '841');
--  Data for word_search_doc
INSERT INTO word_search_doc (document_id)
VALUES ('841');
-- Data for project
INSERT INTO project (project_id, project_status_id, project_category_id, create_user, create_date, modify_user, modify_date)
VALUES ('431', '1', '14', '132457', '2010-05-21 07:26:30.0', '132457', '2010-05-21 07:26:30.0');
--  Data for project_info
INSERT INTO project_info (project_id, project_info_type_id, value, create_user, create_date, modify_user, modify_date)
VALUES ('431', '1', '863', '132457', '2010-05-21 07:26:30.0', '132457', '2010-05-21 07:26:30.0');
INSERT INTO project_info (project_id, project_info_type_id, value, create_user, create_date, modify_user, modify_date)
VALUES ('431', '2', '861', '132457', '2010-05-21 07:26:30.0', '132457', '2010-05-21 07:26:30.0');
INSERT INTO project_info (project_id, project_info_type_id, value, create_user, create_date, modify_user, modify_date)
VALUES ('431', '3', '1', '132457', '2010-05-21 07:26:30.0', '132457', '2010-05-21 07:26:30.0');
INSERT INTO project_info (project_id, project_info_type_id, value, create_user, create_date, modify_user, modify_date)
VALUES ('431', '4', '0', '132457', '2010-05-21 07:26:30.0', '132457', '2010-05-21 07:26:30.0');
INSERT INTO project_info (project_id, project_info_type_id, value, create_user, create_date, modify_user, modify_date)
VALUES ('431', '5', '5801779', '132457', '2010-05-21 07:26:30.0', '132457', '2010-05-21 07:26:30.0');
INSERT INTO project_info (project_id, project_info_type_id, value, create_user, create_date, modify_user, modify_date)
VALUES ('431', '6', 'Component 44', '132457', '2010-05-21 07:26:30.0', '132457', '2010-05-21 07:26:30.0');
INSERT INTO project_info (project_id, project_info_type_id, value, create_user, create_date, modify_user, modify_date)
VALUES ('431', '7', '1.0                 ', '132457', '2010-05-21 07:26:30.0', '132457', '2010-05-21 07:26:30.0');
INSERT INTO project_info (project_id, project_info_type_id, value, create_user, create_date, modify_user, modify_date)
VALUES ('431', '9', 'Off', '132457', '2010-05-21 07:26:30.0', '132457', '2010-05-21 07:26:30.0');
INSERT INTO project_info (project_id, project_info_type_id, value, create_user, create_date, modify_user, modify_date)
VALUES ('431', '10', 'On', '132457', '2010-05-21 07:26:30.0', '132457', '2010-05-21 07:26:30.0');
INSERT INTO project_info (project_id, project_info_type_id, value, create_user, create_date, modify_user, modify_date)
VALUES ('431', '11', 'On', '132457', '2010-05-21 07:26:30.0', '132457', '2010-05-21 07:26:30.0');
INSERT INTO project_info (project_id, project_info_type_id, value, create_user, create_date, modify_user, modify_date)
VALUES ('431', '12', 'Yes', '132457', '2010-05-21 07:26:30.0', '132457', '2010-05-21 07:26:30.0');
INSERT INTO project_info (project_id, project_info_type_id, value, create_user, create_date, modify_user, modify_date)
VALUES ('431', '13', 'Yes', '132457', '2010-05-21 07:26:30.0', '132457', '2010-05-21 07:26:30.0');
INSERT INTO project_info (project_id, project_info_type_id, value, create_user, create_date, modify_user, modify_date)
VALUES ('431', '14', 'Open', '132457', '2010-05-21 07:26:30.0', '132457', '2010-05-21 07:26:30.0');
INSERT INTO project_info (project_id, project_info_type_id, value, create_user, create_date, modify_user, modify_date)
VALUES ('431', '16', '0.0', '132457', '2010-05-21 07:26:30.0', '132457', '2010-05-21 07:26:30.0');
INSERT INTO project_info (project_id, project_info_type_id, value, create_user, create_date, modify_user, modify_date)
VALUES ('431', '26', 'On', '132457', '2010-05-21 07:26:30.0', '132457', '2010-05-21 07:26:30.0');
INSERT INTO project_info (project_id, project_info_type_id, value, create_user, create_date, modify_user, modify_date)
VALUES ('431', '29', 'On', '132457', '2010-05-21 07:26:30.0', '132457', '2010-05-21 07:26:30.0');
INSERT INTO project_info (project_id, project_info_type_id, value, create_user, create_date, modify_user, modify_date)
VALUES ('431', '41', 'true', '132457', '2010-05-21 07:26:30.0', '132457', '2010-05-21 07:26:30.0');
INSERT INTO project_info (project_id, project_info_type_id, value, create_user, create_date, modify_user, modify_date)
VALUES ('431', '43', 'true', '132457', '2010-05-21 07:26:30.0', '132457', '2010-05-21 07:26:30.0');
--  Data for project_phase
INSERT INTO project_phase (project_phase_id, project_id, phase_type_id, phase_status_id, fixed_start_time, scheduled_start_time, scheduled_end_time, actual_start_time, actual_end_time, duration, create_user, create_date, modify_user, modify_date)
VALUES ('431', '431', '1', '1', '2010-05-27 09:00:00.0', '2010-05-27 09:00:00.0', '2010-06-01 09:00:00.0', NULL, NULL, '259200000', '132457', '2010-05-21 07:26:30.0', '132457', '2010-05-21 07:26:30.0');
INSERT INTO project_phase (project_phase_id, project_id, phase_type_id, phase_status_id, fixed_start_time, scheduled_start_time, scheduled_end_time, actual_start_time, actual_end_time, duration, create_user, create_date, modify_user, modify_date)
VALUES ('432', '431', '2', '1', '2010-05-27 09:00:00.0', '2010-05-27 09:00:00.0', '2010-06-07 09:00:00.0', NULL, NULL, '604800000', '132457', '2010-05-21 07:26:30.0', '132457', '2010-05-21 07:26:30.0');
INSERT INTO project_phase (project_phase_id, project_id, phase_type_id, phase_status_id, fixed_start_time, scheduled_start_time, scheduled_end_time, actual_start_time, actual_end_time, duration, create_user, create_date, modify_user, modify_date)
VALUES ('433', '431', '3', '1', '2010-06-07 09:00:00.0', '2010-06-07 09:00:00.0', '2010-06-08 09:00:00.0', NULL, NULL, '86400000', '132457', '2010-05-21 07:26:30.0', '132457', '2010-05-21 07:26:30.0');
INSERT INTO project_phase (project_phase_id, project_id, phase_type_id, phase_status_id, fixed_start_time, scheduled_start_time, scheduled_end_time, actual_start_time, actual_end_time, duration, create_user, create_date, modify_user, modify_date)
VALUES ('434', '431', '4', '1', '2010-06-08 09:00:00.0', '2010-06-08 09:00:00.0', '2010-06-14 09:00:00.0', NULL, NULL, '345600000', '132457', '2010-05-21 07:26:30.0', '132457', '2010-05-21 07:26:30.0');
INSERT INTO project_phase (project_phase_id, project_id, phase_type_id, phase_status_id, fixed_start_time, scheduled_start_time, scheduled_end_time, actual_start_time, actual_end_time, duration, create_user, create_date, modify_user, modify_date)
VALUES ('435', '431', '5', '1', '2010-06-14 09:00:00.0', '2010-06-14 09:00:00.0', '2010-06-15 09:00:00.0', NULL, NULL, '86400000', '132457', '2010-05-21 07:26:30.0', '132457', '2010-05-21 07:26:30.0');
INSERT INTO project_phase (project_phase_id, project_id, phase_type_id, phase_status_id, fixed_start_time, scheduled_start_time, scheduled_end_time, actual_start_time, actual_end_time, duration, create_user, create_date, modify_user, modify_date)
VALUES ('436', '431', '6', '1', '2010-06-15 09:00:00.0', '2010-06-15 09:00:00.0', '2010-06-16 09:00:00.0', NULL, NULL, '86400000', '132457', '2010-05-21 07:26:30.0', '132457', '2010-05-21 07:26:30.0');
INSERT INTO project_phase (project_phase_id, project_id, phase_type_id, phase_status_id, fixed_start_time, scheduled_start_time, scheduled_end_time, actual_start_time, actual_end_time, duration, create_user, create_date, modify_user, modify_date)
VALUES ('437', '431', '7', '1', '2010-06-16 09:00:00.0', '2010-06-16 09:00:00.0', '2010-06-16 21:00:00.0', NULL, NULL, '43200000', '132457', '2010-05-21 07:26:30.0', '132457', '2010-05-21 07:26:30.0');
INSERT INTO project_phase (project_phase_id, project_id, phase_type_id, phase_status_id, fixed_start_time, scheduled_start_time, scheduled_end_time, actual_start_time, actual_end_time, duration, create_user, create_date, modify_user, modify_date)
VALUES ('438', '431', '8', '1', '2010-06-16 21:00:00.0', '2010-06-16 21:00:00.0', '2010-06-17 09:00:00.0', NULL, NULL, '43200000', '132457', '2010-05-21 07:26:30.0', '132457', '2010-05-21 07:26:30.0');
INSERT INTO project_phase (project_phase_id, project_id, phase_type_id, phase_status_id, fixed_start_time, scheduled_start_time, scheduled_end_time, actual_start_time, actual_end_time, duration, create_user, create_date, modify_user, modify_date)
VALUES ('439', '431', '9', '1', '2010-06-17 09:00:00.0', '2010-06-17 09:00:00.0', '2010-06-22 09:00:00.0', NULL, NULL, '259200000', '132457', '2010-05-21 07:26:30.0', '132457', '2010-05-21 07:26:30.0');
INSERT INTO project_phase (project_phase_id, project_id, phase_type_id, phase_status_id, fixed_start_time, scheduled_start_time, scheduled_end_time, actual_start_time, actual_end_time, duration, create_user, create_date, modify_user, modify_date)
VALUES ('440', '431', '10', '1', '2010-06-22 09:00:00.0', '2010-06-22 09:00:00.0', '2010-06-23 09:00:00.0', NULL, NULL, '86400000', '132457', '2010-05-21 07:26:30.0', '132457', '2010-05-21 07:26:30.0');
--  Data for comp_catalog
INSERT INTO comp_catalog (component_id, current_version, short_desc, component_name, description, function_desc, create_time, status_id, root_category_id, modify_date, public_ind)
VALUES ('861', '1', 'Coolest component ever', 'Component 44', 'Coolest component ever', 'Component', '2010-05-21 07:20:14.48', '102', '5801779', '2010-05-21 07:23:44.0', '0');
--  Data for comp_versions
INSERT INTO comp_versions (comp_vers_id, component_id, version, version_text, create_time, phase_id, phase_time, price, comments, modify_date,
                           suspended_ind)
VALUES ('863', '861', '1', '1.0                 ', '2010-05-21 07:20:14.48', '112', '1976-05-04 00:00:00.0', '1000.00', 'Cool', '2010-05-21 07:27:01.0', '0');
--  Data for comp_categories
INSERT INTO comp_categories (comp_categories_id, component_id, category_id)
VALUES ('865', '861', '11');
--  Data for comp_keywords
INSERT INTO comp_keywords (comp_keywords_id, component_id, keyword)
VALUES ('871', '861', 'assembly');
--  Data for comp_technology
INSERT INTO comp_technology (comp_tech_id, comp_vers_id, technology_type_id)
VALUES ('872', '863', '1');
--  Data for comp_documentation
INSERT INTO comp_documentation (document_id, comp_vers_id, document_type_id, document_name, url)
VALUES ('873', '863', '0', 'Requirements Specification', '861/863/MQTTBroker_Requirements_Specification.pdf');
--  Data for comp_jive_category_xref
INSERT INTO comp_jive_category_xref (comp_vers_id, jive_category_id)
VALUES ('863', '0');
--  Data for comp_version_dates
INSERT INTO comp_version_dates (comp_version_dates_id, comp_vers_id, phase_id, posting_date, initial_submission_date, winner_announced_date, final_submission_date,
                                estimated_dev_date, price, total_submissions, status_id, create_time, level_id, screening_complete_date, review_complete_date,
                                aggregation_complete_date, phase_complete_date, production_date, aggregation_complete_date_comment, phase_complete_date_comment,
                                review_complete_date_comment, winner_announced_date_comment, initial_submission_date_comment, screening_complete_date_comment,
                                final_submission_date_comment, production_date_comment, modify_date)
VALUES ('874', '863', '112', '1976-05-05', '2000-01-01', '2000-01-01', 
        '2000-01-01', '2000-01-01', NULL, '0', '301', '2010-05-21 07:27:01.0', '100', '2000-01-01',
        '2000-01-01', '2000-01-01', '2000-01-01', '2010-12-01', 
        NULL, NULL, NULL, NULL, NULL, NULL, NULL, '', '2010-05-21 07:27:01.0');
--  Data for phase_criteria
INSERT INTO phase_criteria (project_phase_id, phase_criteria_type_id, parameter, create_user, create_date, modify_user, modify_date)
VALUES ('431', '2', '0', '132457', '2010-05-21 07:26:30.0', '132457', '2010-05-21 07:26:30.0');
INSERT INTO phase_criteria (project_phase_id, phase_criteria_type_id, parameter, create_user, create_date, modify_user, modify_date)
VALUES ('431', '5', 'No', '132457', '2010-05-21 07:26:30.0', '132457', '2010-05-21 07:26:30.0');
INSERT INTO phase_criteria (project_phase_id, phase_criteria_type_id, parameter, create_user, create_date, modify_user, modify_date)
VALUES ('432', '3', '0', '132457', '2010-05-21 07:26:30.0', '132457', '2010-05-21 07:26:30.0');
INSERT INTO phase_criteria (project_phase_id, phase_criteria_type_id, parameter, create_user, create_date, modify_user, modify_date)
VALUES ('432', '5', 'No', '132457', '2010-05-21 07:26:30.0', '132457', '2010-05-21 07:26:30.0');
INSERT INTO phase_criteria (project_phase_id, phase_criteria_type_id, parameter, create_user, create_date, modify_user, modify_date)
VALUES ('433', '5', 'No', '132457', '2010-05-21 07:26:30.0', '132457', '2010-05-21 07:26:30.0');
INSERT INTO phase_criteria (project_phase_id, phase_criteria_type_id, parameter, create_user, create_date, modify_user, modify_date)
VALUES ('433', '1', '30000410', '132457', '2010-05-21 07:26:30.0', '132457', '2010-05-21 07:26:30.0');
INSERT INTO phase_criteria (project_phase_id, phase_criteria_type_id, parameter, create_user, create_date, modify_user, modify_date)
VALUES ('434', '5', 'No', '132457', '2010-05-21 07:26:30.0', '132457', '2010-05-21 07:26:30.0');
INSERT INTO phase_criteria (project_phase_id, phase_criteria_type_id, parameter, create_user, create_date, modify_user, modify_date)
VALUES ('434', '1', '30000411', '132457', '2010-05-21 07:26:30.0', '132457', '2010-05-21 07:26:30.0');
INSERT INTO phase_criteria (project_phase_id, phase_criteria_type_id, parameter, create_user, create_date, modify_user, modify_date)
VALUES ('434', '6', '3', '132457', '2010-05-21 07:26:30.0', '132457', '2010-05-21 07:26:30.0');
INSERT INTO phase_criteria (project_phase_id, phase_criteria_type_id, parameter, create_user, create_date, modify_user, modify_date)
VALUES ('435', '5', 'No', '132457', '2010-05-21 07:26:30.0', '132457', '2010-05-21 07:26:30.0');
INSERT INTO phase_criteria (project_phase_id, phase_criteria_type_id, parameter, create_user, create_date, modify_user, modify_date)
VALUES ('435', '4', 'No', '132457', '2010-05-21 07:26:30.0', '132457', '2010-05-21 07:26:30.0');
INSERT INTO phase_criteria (project_phase_id, phase_criteria_type_id, parameter, create_user, create_date, modify_user, modify_date)
VALUES ('436', '5', 'No', '132457', '2010-05-21 07:26:30.0', '132457', '2010-05-21 07:26:30.0');
INSERT INTO phase_criteria (project_phase_id, phase_criteria_type_id, parameter, create_user, create_date, modify_user, modify_date)
VALUES ('437', '5', 'No', '132457', '2010-05-21 07:26:30.0', '132457', '2010-05-21 07:26:30.0');
INSERT INTO phase_criteria (project_phase_id, phase_criteria_type_id, parameter, create_user, create_date, modify_user, modify_date)
VALUES ('438', '5', 'No', '132457', '2010-05-21 07:26:30.0', '132457', '2010-05-21 07:26:30.0');
INSERT INTO phase_criteria (project_phase_id, phase_criteria_type_id, parameter, create_user, create_date, modify_user, modify_date)
VALUES ('439', '5', 'No', '132457', '2010-05-21 07:26:30.0', '132457', '2010-05-21 07:26:30.0');
INSERT INTO phase_criteria (project_phase_id, phase_criteria_type_id, parameter, create_user, create_date, modify_user, modify_date)
VALUES ('440', '5', 'No', '132457', '2010-05-21 07:26:30.0', '132457', '2010-05-21 07:26:30.0');
--  Data for phase_dependency
INSERT INTO phase_dependency (dependency_phase_id, dependent_phase_id, dependency_start, dependent_start, lag_time, create_user, create_date, modify_user, modify_date)
VALUES ('431', '432', '1', '1', '0', '132457', '2010-05-21 07:26:30.0', '132457', '2010-05-21 07:26:30.0');
INSERT INTO phase_dependency (dependency_phase_id, dependent_phase_id, dependency_start, dependent_start, lag_time, create_user, create_date, modify_user, modify_date)
VALUES ('432', '433', '0', '1', '0', '132457', '2010-05-21 07:26:30.0', '132457', '2010-05-21 07:26:30.0');
INSERT INTO phase_dependency (dependency_phase_id, dependent_phase_id, dependency_start, dependent_start, lag_time, create_user, create_date, modify_user, modify_date)
VALUES ('433', '434', '0', '1', '0', '132457', '2010-05-21 07:26:30.0', '132457', '2010-05-21 07:26:30.0');
INSERT INTO phase_dependency (dependency_phase_id, dependent_phase_id, dependency_start, dependent_start, lag_time, create_user, create_date, modify_user, modify_date)
VALUES ('434', '435', '0', '1', '0', '132457', '2010-05-21 07:26:30.0', '132457', '2010-05-21 07:26:30.0');
INSERT INTO phase_dependency (dependency_phase_id, dependent_phase_id, dependency_start, dependent_start, lag_time, create_user, create_date, modify_user, modify_date)
VALUES ('435', '436', '0', '1', '0', '132457', '2010-05-21 07:26:30.0', '132457', '2010-05-21 07:26:30.0');
INSERT INTO phase_dependency (dependency_phase_id, dependent_phase_id, dependency_start, dependent_start, lag_time, create_user, create_date, modify_user, modify_date)
VALUES ('436', '437', '0', '1', '0', '132457', '2010-05-21 07:26:30.0', '132457', '2010-05-21 07:26:30.0');
INSERT INTO phase_dependency (dependency_phase_id, dependent_phase_id, dependency_start, dependent_start, lag_time, create_user, create_date, modify_user, modify_date)
VALUES ('437', '438', '0', '1', '0', '132457', '2010-05-21 07:26:30.0', '132457', '2010-05-21 07:26:30.0');
INSERT INTO phase_dependency (dependency_phase_id, dependent_phase_id, dependency_start, dependent_start, lag_time, create_user, create_date, modify_user, modify_date)
VALUES ('438', '439', '0', '1', '0', '132457', '2010-05-21 07:26:30.0', '132457', '2010-05-21 07:26:30.0');
INSERT INTO phase_dependency (dependency_phase_id, dependent_phase_id, dependency_start, dependent_start, lag_time, create_user, create_date, modify_user, modify_date)
VALUES ('439', '440', '0', '1', '0', '132457', '2010-05-21 07:26:30.0', '132457', '2010-05-21 07:26:30.0');
--  Data for resource
INSERT INTO resource (resource_id, resource_role_id, project_id, project_phase_id, create_user, create_date, modify_user, modify_date)
VALUES ('431', '13', '431', NULL, '132457', '2010-05-21 07:26:30.0', '132457', '2010-05-21 07:26:30.0');
--  Data for resource_info
INSERT INTO resource_info (resource_id, resource_info_type_id, value, create_user, create_date, modify_user, modify_date)
VALUES ('431', '1', '132457', '132457', '2010-05-21 07:26:30.0', '132457', '2010-05-21 07:26:30.0');
INSERT INTO resource_info (resource_id, resource_info_type_id, value, create_user, create_date, modify_user, modify_date)
VALUES ('431', '2', 'super', '132457', '2010-05-21 07:26:30.0', '132457', '2010-05-21 07:26:30.0');
--  Data for user_role
INSERT INTO user_role (user_role_id, comp_vers_id, role_id, login_id, description)
VALUES ('864', '863', '1', '132457', '');
--  Data for word_search
INSERT INTO word_search (word_search_id, document_id, index_word, nbr_occurrences)
VALUES ('867', '861', 'ever                                                                                                ', '2');
INSERT INTO word_search (word_search_id, document_id, index_word, nbr_occurrences)
VALUES ('868', '861', 'component                                                                                           ', '4');
INSERT INTO word_search (word_search_id, document_id, index_word, nbr_occurrences)
VALUES ('869', '861', 'coolest                                                                                             ', '2');
INSERT INTO word_search (word_search_id, document_id, index_word, nbr_occurrences)
VALUES ('870', '861', 'assembly                                                    ', '2');
--  Data for word_search_ctgy
INSERT INTO word_search_ctgy (word_srch_ctgy_id, category_id, document_id)
VALUES ('866', 'DDECATALOG                                        ', '861');
--  Data for word_search_doc
INSERT INTO word_search_doc (document_id)
VALUES ('861');
-- Data for project
INSERT INTO project (project_id, project_status_id, project_category_id, create_user, create_date, modify_user, modify_date)
VALUES ('441', '2', '14', '132458', '2010-05-21 07:26:30.0', '132458', '2010-05-21 07:26:30.0');
--  Data for project_info
INSERT INTO project_info (project_id, project_info_type_id, value, create_user, create_date, modify_user, modify_date)
VALUES ('441', '1', '883', '132458', '2010-05-21 07:26:30.0', '132458', '2010-05-21 07:26:30.0');
INSERT INTO project_info (project_id, project_info_type_id, value, create_user, create_date, modify_user, modify_date)
VALUES ('441', '2', '881', '132458', '2010-05-21 07:26:30.0', '132458', '2010-05-21 07:26:30.0');
INSERT INTO project_info (project_id, project_info_type_id, value, create_user, create_date, modify_user, modify_date)
VALUES ('441', '3', '1', '132458', '2010-05-21 07:26:30.0', '132458', '2010-05-21 07:26:30.0');
INSERT INTO project_info (project_id, project_info_type_id, value, create_user, create_date, modify_user, modify_date)
VALUES ('441', '4', '0', '132458', '2010-05-21 07:26:30.0', '132458', '2010-05-21 07:26:30.0');
INSERT INTO project_info (project_id, project_info_type_id, value, create_user, create_date, modify_user, modify_date)
VALUES ('441', '5', '5801777', '132458', '2010-05-21 07:26:30.0', '132458', '2010-05-21 07:26:30.0');
INSERT INTO project_info (project_id, project_info_type_id, value, create_user, create_date, modify_user, modify_date)
VALUES ('441', '6', 'Component 45', '132458', '2010-05-21 07:26:30.0', '132458', '2010-05-21 07:26:30.0');
INSERT INTO project_info (project_id, project_info_type_id, value, create_user, create_date, modify_user, modify_date)
VALUES ('441', '7', '1.0                 ', '132458', '2010-05-21 07:26:30.0', '132458', '2010-05-21 07:26:30.0');
INSERT INTO project_info (project_id, project_info_type_id, value, create_user, create_date, modify_user, modify_date)
VALUES ('441', '9', 'Off', '132458', '2010-05-21 07:26:30.0', '132458', '2010-05-21 07:26:30.0');
INSERT INTO project_info (project_id, project_info_type_id, value, create_user, create_date, modify_user, modify_date)
VALUES ('441', '10', 'On', '132458', '2010-05-21 07:26:30.0', '132458', '2010-05-21 07:26:30.0');
INSERT INTO project_info (project_id, project_info_type_id, value, create_user, create_date, modify_user, modify_date)
VALUES ('441', '11', 'On', '132458', '2010-05-21 07:26:30.0', '132458', '2010-05-21 07:26:30.0');
INSERT INTO project_info (project_id, project_info_type_id, value, create_user, create_date, modify_user, modify_date)
VALUES ('441', '12', 'Yes', '132458', '2010-05-21 07:26:30.0', '132458', '2010-05-21 07:26:30.0');
INSERT INTO project_info (project_id, project_info_type_id, value, create_user, create_date, modify_user, modify_date)
VALUES ('441', '13', 'Yes', '132458', '2010-05-21 07:26:30.0', '132458', '2010-05-21 07:26:30.0');
INSERT INTO project_info (project_id, project_info_type_id, value, create_user, create_date, modify_user, modify_date)
VALUES ('441', '14', 'Open', '132458', '2010-05-21 07:26:30.0', '132458', '2010-05-21 07:26:30.0');
INSERT INTO project_info (project_id, project_info_type_id, value, create_user, create_date, modify_user, modify_date)
VALUES ('441', '16', '0.0', '132458', '2010-05-21 07:26:30.0', '132458', '2010-05-21 07:26:30.0');
INSERT INTO project_info (project_id, project_info_type_id, value, create_user, create_date, modify_user, modify_date)
VALUES ('441', '26', 'On', '132458', '2010-05-21 07:26:30.0', '132458', '2010-05-21 07:26:30.0');
INSERT INTO project_info (project_id, project_info_type_id, value, create_user, create_date, modify_user, modify_date)
VALUES ('441', '29', 'On', '132458', '2010-05-21 07:26:30.0', '132458', '2010-05-21 07:26:30.0');
INSERT INTO project_info (project_id, project_info_type_id, value, create_user, create_date, modify_user, modify_date)
VALUES ('441', '41', 'true', '132458', '2010-05-21 07:26:30.0', '132458', '2010-05-21 07:26:30.0');
INSERT INTO project_info (project_id, project_info_type_id, value, create_user, create_date, modify_user, modify_date)
VALUES ('441', '43', 'true', '132458', '2010-05-21 07:26:30.0', '132458', '2010-05-21 07:26:30.0');
--  Data for project_phase
INSERT INTO project_phase (project_phase_id, project_id, phase_type_id, phase_status_id, fixed_start_time, scheduled_start_time, scheduled_end_time, actual_start_time, actual_end_time, duration, create_user, create_date, modify_user, modify_date)
VALUES ('441', '441', '1', '1', '2010-05-27 09:00:00.0', '2010-05-27 09:00:00.0', '2010-06-01 09:00:00.0', NULL, NULL, '259200000', '132458', '2010-05-21 07:26:30.0', '132458', '2010-05-21 07:26:30.0');
INSERT INTO project_phase (project_phase_id, project_id, phase_type_id, phase_status_id, fixed_start_time, scheduled_start_time, scheduled_end_time, actual_start_time, actual_end_time, duration, create_user, create_date, modify_user, modify_date)
VALUES ('442', '441', '2', '1', '2010-05-27 09:00:00.0', '2010-05-27 09:00:00.0', '2010-06-07 09:00:00.0', NULL, NULL, '604800000', '132458', '2010-05-21 07:26:30.0', '132458', '2010-05-21 07:26:30.0');
INSERT INTO project_phase (project_phase_id, project_id, phase_type_id, phase_status_id, fixed_start_time, scheduled_start_time, scheduled_end_time, actual_start_time, actual_end_time, duration, create_user, create_date, modify_user, modify_date)
VALUES ('443', '441', '3', '1', '2010-06-07 09:00:00.0', '2010-06-07 09:00:00.0', '2010-06-08 09:00:00.0', NULL, NULL, '86400000', '132458', '2010-05-21 07:26:30.0', '132458', '2010-05-21 07:26:30.0');
INSERT INTO project_phase (project_phase_id, project_id, phase_type_id, phase_status_id, fixed_start_time, scheduled_start_time, scheduled_end_time, actual_start_time, actual_end_time, duration, create_user, create_date, modify_user, modify_date)
VALUES ('444', '441', '4', '1', '2010-06-08 09:00:00.0', '2010-06-08 09:00:00.0', '2010-06-14 09:00:00.0', NULL, NULL, '345600000', '132458', '2010-05-21 07:26:30.0', '132458', '2010-05-21 07:26:30.0');
INSERT INTO project_phase (project_phase_id, project_id, phase_type_id, phase_status_id, fixed_start_time, scheduled_start_time, scheduled_end_time, actual_start_time, actual_end_time, duration, create_user, create_date, modify_user, modify_date)
VALUES ('445', '441', '5', '1', '2010-06-14 09:00:00.0', '2010-06-14 09:00:00.0', '2010-06-15 09:00:00.0', NULL, NULL, '86400000', '132458', '2010-05-21 07:26:30.0', '132458', '2010-05-21 07:26:30.0');
INSERT INTO project_phase (project_phase_id, project_id, phase_type_id, phase_status_id, fixed_start_time, scheduled_start_time, scheduled_end_time, actual_start_time, actual_end_time, duration, create_user, create_date, modify_user, modify_date)
VALUES ('446', '441', '6', '1', '2010-06-15 09:00:00.0', '2010-06-15 09:00:00.0', '2010-06-16 09:00:00.0', NULL, NULL, '86400000', '132458', '2010-05-21 07:26:30.0', '132458', '2010-05-21 07:26:30.0');
INSERT INTO project_phase (project_phase_id, project_id, phase_type_id, phase_status_id, fixed_start_time, scheduled_start_time, scheduled_end_time, actual_start_time, actual_end_time, duration, create_user, create_date, modify_user, modify_date)
VALUES ('447', '441', '7', '1', '2010-06-16 09:00:00.0', '2010-06-16 09:00:00.0', '2010-06-16 21:00:00.0', NULL, NULL, '43200000', '132458', '2010-05-21 07:26:30.0', '132458', '2010-05-21 07:26:30.0');
INSERT INTO project_phase (project_phase_id, project_id, phase_type_id, phase_status_id, fixed_start_time, scheduled_start_time, scheduled_end_time, actual_start_time, actual_end_time, duration, create_user, create_date, modify_user, modify_date)
VALUES ('448', '441', '8', '1', '2010-06-16 21:00:00.0', '2010-06-16 21:00:00.0', '2010-06-17 09:00:00.0', NULL, NULL, '43200000', '132458', '2010-05-21 07:26:30.0', '132458', '2010-05-21 07:26:30.0');
INSERT INTO project_phase (project_phase_id, project_id, phase_type_id, phase_status_id, fixed_start_time, scheduled_start_time, scheduled_end_time, actual_start_time, actual_end_time, duration, create_user, create_date, modify_user, modify_date)
VALUES ('449', '441', '9', '1', '2010-06-17 09:00:00.0', '2010-06-17 09:00:00.0', '2010-06-22 09:00:00.0', NULL, NULL, '259200000', '132458', '2010-05-21 07:26:30.0', '132458', '2010-05-21 07:26:30.0');
INSERT INTO project_phase (project_phase_id, project_id, phase_type_id, phase_status_id, fixed_start_time, scheduled_start_time, scheduled_end_time, actual_start_time, actual_end_time, duration, create_user, create_date, modify_user, modify_date)
VALUES ('450', '441', '10', '1', '2010-06-22 09:00:00.0', '2010-06-22 09:00:00.0', '2010-06-23 09:00:00.0', NULL, NULL, '86400000', '132458', '2010-05-21 07:26:30.0', '132458', '2010-05-21 07:26:30.0');
--  Data for comp_catalog
INSERT INTO comp_catalog (component_id, current_version, short_desc, component_name, description, function_desc, create_time, status_id, root_category_id, modify_date, public_ind)
VALUES ('881', '1', 'Coolest component ever', 'Component 45', 'Coolest component ever', 'Component', '2010-05-21 07:20:14.48', '102', '5801777', '2010-05-21 07:23:44.0', '0');
--  Data for comp_versions
INSERT INTO comp_versions (comp_vers_id, component_id, version, version_text, create_time, phase_id, phase_time, price, comments, modify_date,
                           suspended_ind)
VALUES ('883', '881', '1', '1.0                 ', '2010-05-21 07:20:14.48', '112', '1976-05-04 00:00:00.0', '1000.00', 'Cool', '2010-05-21 07:27:01.0', '0');
--  Data for comp_categories
INSERT INTO comp_categories (comp_categories_id, component_id, category_id)
VALUES ('885', '881', '11');
--  Data for comp_keywords
INSERT INTO comp_keywords (comp_keywords_id, component_id, keyword)
VALUES ('891', '881', 'assembly');
--  Data for comp_technology
INSERT INTO comp_technology (comp_tech_id, comp_vers_id, technology_type_id)
VALUES ('892', '883', '1');
--  Data for comp_documentation
INSERT INTO comp_documentation (document_id, comp_vers_id, document_type_id, document_name, url)
VALUES ('893', '883', '0', 'Requirements Specification', '881/883/MQTTBroker_Requirements_Specification.pdf');
--  Data for comp_jive_category_xref
INSERT INTO comp_jive_category_xref (comp_vers_id, jive_category_id)
VALUES ('883', '0');
--  Data for comp_version_dates
INSERT INTO comp_version_dates (comp_version_dates_id, comp_vers_id, phase_id, posting_date, initial_submission_date, winner_announced_date, final_submission_date,
                                estimated_dev_date, price, total_submissions, status_id, create_time, level_id, screening_complete_date, review_complete_date,
                                aggregation_complete_date, phase_complete_date, production_date, aggregation_complete_date_comment, phase_complete_date_comment,
                                review_complete_date_comment, winner_announced_date_comment, initial_submission_date_comment, screening_complete_date_comment,
                                final_submission_date_comment, production_date_comment, modify_date)
VALUES ('894', '883', '112', '1976-05-05', '2000-01-01', '2000-01-01', 
        '2000-01-01', '2000-01-01', NULL, '0', '301', '2010-05-21 07:27:01.0', '100', '2000-01-01',
        '2000-01-01', '2000-01-01', '2000-01-01', '2010-12-01', 
        NULL, NULL, NULL, NULL, NULL, NULL, NULL, '', '2010-05-21 07:27:01.0');
--  Data for phase_criteria
INSERT INTO phase_criteria (project_phase_id, phase_criteria_type_id, parameter, create_user, create_date, modify_user, modify_date)
VALUES ('441', '2', '0', '132458', '2010-05-21 07:26:30.0', '132458', '2010-05-21 07:26:30.0');
INSERT INTO phase_criteria (project_phase_id, phase_criteria_type_id, parameter, create_user, create_date, modify_user, modify_date)
VALUES ('441', '5', 'No', '132458', '2010-05-21 07:26:30.0', '132458', '2010-05-21 07:26:30.0');
INSERT INTO phase_criteria (project_phase_id, phase_criteria_type_id, parameter, create_user, create_date, modify_user, modify_date)
VALUES ('442', '3', '0', '132458', '2010-05-21 07:26:30.0', '132458', '2010-05-21 07:26:30.0');
INSERT INTO phase_criteria (project_phase_id, phase_criteria_type_id, parameter, create_user, create_date, modify_user, modify_date)
VALUES ('442', '5', 'No', '132458', '2010-05-21 07:26:30.0', '132458', '2010-05-21 07:26:30.0');
INSERT INTO phase_criteria (project_phase_id, phase_criteria_type_id, parameter, create_user, create_date, modify_user, modify_date)
VALUES ('443', '5', 'No', '132458', '2010-05-21 07:26:30.0', '132458', '2010-05-21 07:26:30.0');
INSERT INTO phase_criteria (project_phase_id, phase_criteria_type_id, parameter, create_user, create_date, modify_user, modify_date)
VALUES ('443', '1', '30000410', '132458', '2010-05-21 07:26:30.0', '132458', '2010-05-21 07:26:30.0');
INSERT INTO phase_criteria (project_phase_id, phase_criteria_type_id, parameter, create_user, create_date, modify_user, modify_date)
VALUES ('444', '5', 'No', '132458', '2010-05-21 07:26:30.0', '132458', '2010-05-21 07:26:30.0');
INSERT INTO phase_criteria (project_phase_id, phase_criteria_type_id, parameter, create_user, create_date, modify_user, modify_date)
VALUES ('444', '1', '30000411', '132458', '2010-05-21 07:26:30.0', '132458', '2010-05-21 07:26:30.0');
INSERT INTO phase_criteria (project_phase_id, phase_criteria_type_id, parameter, create_user, create_date, modify_user, modify_date)
VALUES ('444', '6', '3', '132458', '2010-05-21 07:26:30.0', '132458', '2010-05-21 07:26:30.0');
INSERT INTO phase_criteria (project_phase_id, phase_criteria_type_id, parameter, create_user, create_date, modify_user, modify_date)
VALUES ('445', '5', 'No', '132458', '2010-05-21 07:26:30.0', '132458', '2010-05-21 07:26:30.0');
INSERT INTO phase_criteria (project_phase_id, phase_criteria_type_id, parameter, create_user, create_date, modify_user, modify_date)
VALUES ('445', '4', 'No', '132458', '2010-05-21 07:26:30.0', '132458', '2010-05-21 07:26:30.0');
INSERT INTO phase_criteria (project_phase_id, phase_criteria_type_id, parameter, create_user, create_date, modify_user, modify_date)
VALUES ('446', '5', 'No', '132458', '2010-05-21 07:26:30.0', '132458', '2010-05-21 07:26:30.0');
INSERT INTO phase_criteria (project_phase_id, phase_criteria_type_id, parameter, create_user, create_date, modify_user, modify_date)
VALUES ('447', '5', 'No', '132458', '2010-05-21 07:26:30.0', '132458', '2010-05-21 07:26:30.0');
INSERT INTO phase_criteria (project_phase_id, phase_criteria_type_id, parameter, create_user, create_date, modify_user, modify_date)
VALUES ('448', '5', 'No', '132458', '2010-05-21 07:26:30.0', '132458', '2010-05-21 07:26:30.0');
INSERT INTO phase_criteria (project_phase_id, phase_criteria_type_id, parameter, create_user, create_date, modify_user, modify_date)
VALUES ('449', '5', 'No', '132458', '2010-05-21 07:26:30.0', '132458', '2010-05-21 07:26:30.0');
INSERT INTO phase_criteria (project_phase_id, phase_criteria_type_id, parameter, create_user, create_date, modify_user, modify_date)
VALUES ('450', '5', 'No', '132458', '2010-05-21 07:26:30.0', '132458', '2010-05-21 07:26:30.0');
--  Data for phase_dependency
INSERT INTO phase_dependency (dependency_phase_id, dependent_phase_id, dependency_start, dependent_start, lag_time, create_user, create_date, modify_user, modify_date)
VALUES ('441', '442', '1', '1', '0', '132458', '2010-05-21 07:26:30.0', '132458', '2010-05-21 07:26:30.0');
INSERT INTO phase_dependency (dependency_phase_id, dependent_phase_id, dependency_start, dependent_start, lag_time, create_user, create_date, modify_user, modify_date)
VALUES ('442', '443', '0', '1', '0', '132458', '2010-05-21 07:26:30.0', '132458', '2010-05-21 07:26:30.0');
INSERT INTO phase_dependency (dependency_phase_id, dependent_phase_id, dependency_start, dependent_start, lag_time, create_user, create_date, modify_user, modify_date)
VALUES ('443', '444', '0', '1', '0', '132458', '2010-05-21 07:26:30.0', '132458', '2010-05-21 07:26:30.0');
INSERT INTO phase_dependency (dependency_phase_id, dependent_phase_id, dependency_start, dependent_start, lag_time, create_user, create_date, modify_user, modify_date)
VALUES ('444', '445', '0', '1', '0', '132458', '2010-05-21 07:26:30.0', '132458', '2010-05-21 07:26:30.0');
INSERT INTO phase_dependency (dependency_phase_id, dependent_phase_id, dependency_start, dependent_start, lag_time, create_user, create_date, modify_user, modify_date)
VALUES ('445', '446', '0', '1', '0', '132458', '2010-05-21 07:26:30.0', '132458', '2010-05-21 07:26:30.0');
INSERT INTO phase_dependency (dependency_phase_id, dependent_phase_id, dependency_start, dependent_start, lag_time, create_user, create_date, modify_user, modify_date)
VALUES ('446', '447', '0', '1', '0', '132458', '2010-05-21 07:26:30.0', '132458', '2010-05-21 07:26:30.0');
INSERT INTO phase_dependency (dependency_phase_id, dependent_phase_id, dependency_start, dependent_start, lag_time, create_user, create_date, modify_user, modify_date)
VALUES ('447', '448', '0', '1', '0', '132458', '2010-05-21 07:26:30.0', '132458', '2010-05-21 07:26:30.0');
INSERT INTO phase_dependency (dependency_phase_id, dependent_phase_id, dependency_start, dependent_start, lag_time, create_user, create_date, modify_user, modify_date)
VALUES ('448', '449', '0', '1', '0', '132458', '2010-05-21 07:26:30.0', '132458', '2010-05-21 07:26:30.0');
INSERT INTO phase_dependency (dependency_phase_id, dependent_phase_id, dependency_start, dependent_start, lag_time, create_user, create_date, modify_user, modify_date)
VALUES ('449', '450', '0', '1', '0', '132458', '2010-05-21 07:26:30.0', '132458', '2010-05-21 07:26:30.0');
--  Data for resource
INSERT INTO resource (resource_id, resource_role_id, project_id, project_phase_id, create_user, create_date, modify_user, modify_date)
VALUES ('441', '13', '441', NULL, '132458', '2010-05-21 07:26:30.0', '132458', '2010-05-21 07:26:30.0');
--  Data for resource_info
INSERT INTO resource_info (resource_id, resource_info_type_id, value, create_user, create_date, modify_user, modify_date)
VALUES ('441', '1', '132458', '132458', '2010-05-21 07:26:30.0', '132458', '2010-05-21 07:26:30.0');
INSERT INTO resource_info (resource_id, resource_info_type_id, value, create_user, create_date, modify_user, modify_date)
VALUES ('441', '2', 'user', '132458', '2010-05-21 07:26:30.0', '132458', '2010-05-21 07:26:30.0');
--  Data for user_role
INSERT INTO user_role (user_role_id, comp_vers_id, role_id, login_id, description)
VALUES ('884', '883', '1', '132458', '');
--  Data for word_search
INSERT INTO word_search (word_search_id, document_id, index_word, nbr_occurrences)
VALUES ('887', '881', 'ever                                                                                                ', '2');
INSERT INTO word_search (word_search_id, document_id, index_word, nbr_occurrences)
VALUES ('888', '881', 'component                                                                                           ', '4');
INSERT INTO word_search (word_search_id, document_id, index_word, nbr_occurrences)
VALUES ('889', '881', 'coolest                                                                                             ', '2');
INSERT INTO word_search (word_search_id, document_id, index_word, nbr_occurrences)
VALUES ('890', '881', 'assembly                                                    ', '2');
--  Data for word_search_ctgy
INSERT INTO word_search_ctgy (word_srch_ctgy_id, category_id, document_id)
VALUES ('886', 'DDECATALOG                                        ', '881');
--  Data for word_search_doc
INSERT INTO word_search_doc (document_id)
VALUES ('881');
-- Data for project
INSERT INTO project (project_id, project_status_id, project_category_id, create_user, create_date, modify_user, modify_date)
VALUES ('451', '2', '14', '132457', '2010-05-21 07:26:30.0', '132457', '2010-05-21 07:26:30.0');
--  Data for project_info
INSERT INTO project_info (project_id, project_info_type_id, value, create_user, create_date, modify_user, modify_date)
VALUES ('451', '1', '903', '132457', '2010-05-21 07:26:30.0', '132457', '2010-05-21 07:26:30.0');
INSERT INTO project_info (project_id, project_info_type_id, value, create_user, create_date, modify_user, modify_date)
VALUES ('451', '2', '901', '132457', '2010-05-21 07:26:30.0', '132457', '2010-05-21 07:26:30.0');
INSERT INTO project_info (project_id, project_info_type_id, value, create_user, create_date, modify_user, modify_date)
VALUES ('451', '3', '1', '132457', '2010-05-21 07:26:30.0', '132457', '2010-05-21 07:26:30.0');
INSERT INTO project_info (project_id, project_info_type_id, value, create_user, create_date, modify_user, modify_date)
VALUES ('451', '4', '0', '132457', '2010-05-21 07:26:30.0', '132457', '2010-05-21 07:26:30.0');
INSERT INTO project_info (project_id, project_info_type_id, value, create_user, create_date, modify_user, modify_date)
VALUES ('451', '5', '5801777', '132457', '2010-05-21 07:26:30.0', '132457', '2010-05-21 07:26:30.0');
INSERT INTO project_info (project_id, project_info_type_id, value, create_user, create_date, modify_user, modify_date)
VALUES ('451', '6', 'Component 46', '132457', '2010-05-21 07:26:30.0', '132457', '2010-05-21 07:26:30.0');
INSERT INTO project_info (project_id, project_info_type_id, value, create_user, create_date, modify_user, modify_date)
VALUES ('451', '7', '1.0                 ', '132457', '2010-05-21 07:26:30.0', '132457', '2010-05-21 07:26:30.0');
INSERT INTO project_info (project_id, project_info_type_id, value, create_user, create_date, modify_user, modify_date)
VALUES ('451', '9', 'Off', '132457', '2010-05-21 07:26:30.0', '132457', '2010-05-21 07:26:30.0');
INSERT INTO project_info (project_id, project_info_type_id, value, create_user, create_date, modify_user, modify_date)
VALUES ('451', '10', 'On', '132457', '2010-05-21 07:26:30.0', '132457', '2010-05-21 07:26:30.0');
INSERT INTO project_info (project_id, project_info_type_id, value, create_user, create_date, modify_user, modify_date)
VALUES ('451', '11', 'On', '132457', '2010-05-21 07:26:30.0', '132457', '2010-05-21 07:26:30.0');
INSERT INTO project_info (project_id, project_info_type_id, value, create_user, create_date, modify_user, modify_date)
VALUES ('451', '12', 'Yes', '132457', '2010-05-21 07:26:30.0', '132457', '2010-05-21 07:26:30.0');
INSERT INTO project_info (project_id, project_info_type_id, value, create_user, create_date, modify_user, modify_date)
VALUES ('451', '13', 'Yes', '132457', '2010-05-21 07:26:30.0', '132457', '2010-05-21 07:26:30.0');
INSERT INTO project_info (project_id, project_info_type_id, value, create_user, create_date, modify_user, modify_date)
VALUES ('451', '14', 'Open', '132457', '2010-05-21 07:26:30.0', '132457', '2010-05-21 07:26:30.0');
INSERT INTO project_info (project_id, project_info_type_id, value, create_user, create_date, modify_user, modify_date)
VALUES ('451', '16', '0.0', '132457', '2010-05-21 07:26:30.0', '132457', '2010-05-21 07:26:30.0');
INSERT INTO project_info (project_id, project_info_type_id, value, create_user, create_date, modify_user, modify_date)
VALUES ('451', '26', 'On', '132457', '2010-05-21 07:26:30.0', '132457', '2010-05-21 07:26:30.0');
INSERT INTO project_info (project_id, project_info_type_id, value, create_user, create_date, modify_user, modify_date)
VALUES ('451', '29', 'On', '132457', '2010-05-21 07:26:30.0', '132457', '2010-05-21 07:26:30.0');
INSERT INTO project_info (project_id, project_info_type_id, value, create_user, create_date, modify_user, modify_date)
VALUES ('451', '41', 'true', '132457', '2010-05-21 07:26:30.0', '132457', '2010-05-21 07:26:30.0');
INSERT INTO project_info (project_id, project_info_type_id, value, create_user, create_date, modify_user, modify_date)
VALUES ('451', '43', 'true', '132457', '2010-05-21 07:26:30.0', '132457', '2010-05-21 07:26:30.0');
--  Data for project_phase
INSERT INTO project_phase (project_phase_id, project_id, phase_type_id, phase_status_id, fixed_start_time, scheduled_start_time, scheduled_end_time, actual_start_time, actual_end_time, duration, create_user, create_date, modify_user, modify_date)
VALUES ('451', '451', '1', '1', '2010-05-27 09:00:00.0', '2010-05-27 09:00:00.0', '2010-06-01 09:00:00.0', NULL, NULL, '259200000', '132457', '2010-05-21 07:26:30.0', '132457', '2010-05-21 07:26:30.0');
INSERT INTO project_phase (project_phase_id, project_id, phase_type_id, phase_status_id, fixed_start_time, scheduled_start_time, scheduled_end_time, actual_start_time, actual_end_time, duration, create_user, create_date, modify_user, modify_date)
VALUES ('452', '451', '2', '1', '2010-05-27 09:00:00.0', '2010-05-27 09:00:00.0', '2010-06-07 09:00:00.0', NULL, NULL, '604800000', '132457', '2010-05-21 07:26:30.0', '132457', '2010-05-21 07:26:30.0');
INSERT INTO project_phase (project_phase_id, project_id, phase_type_id, phase_status_id, fixed_start_time, scheduled_start_time, scheduled_end_time, actual_start_time, actual_end_time, duration, create_user, create_date, modify_user, modify_date)
VALUES ('453', '451', '3', '1', '2010-06-07 09:00:00.0', '2010-06-07 09:00:00.0', '2010-06-08 09:00:00.0', NULL, NULL, '86400000', '132457', '2010-05-21 07:26:30.0', '132457', '2010-05-21 07:26:30.0');
INSERT INTO project_phase (project_phase_id, project_id, phase_type_id, phase_status_id, fixed_start_time, scheduled_start_time, scheduled_end_time, actual_start_time, actual_end_time, duration, create_user, create_date, modify_user, modify_date)
VALUES ('454', '451', '4', '1', '2010-06-08 09:00:00.0', '2010-06-08 09:00:00.0', '2010-06-14 09:00:00.0', NULL, NULL, '345600000', '132457', '2010-05-21 07:26:30.0', '132457', '2010-05-21 07:26:30.0');
INSERT INTO project_phase (project_phase_id, project_id, phase_type_id, phase_status_id, fixed_start_time, scheduled_start_time, scheduled_end_time, actual_start_time, actual_end_time, duration, create_user, create_date, modify_user, modify_date)
VALUES ('455', '451', '5', '1', '2010-06-14 09:00:00.0', '2010-06-14 09:00:00.0', '2010-06-15 09:00:00.0', NULL, NULL, '86400000', '132457', '2010-05-21 07:26:30.0', '132457', '2010-05-21 07:26:30.0');
INSERT INTO project_phase (project_phase_id, project_id, phase_type_id, phase_status_id, fixed_start_time, scheduled_start_time, scheduled_end_time, actual_start_time, actual_end_time, duration, create_user, create_date, modify_user, modify_date)
VALUES ('456', '451', '6', '1', '2010-06-15 09:00:00.0', '2010-06-15 09:00:00.0', '2010-06-16 09:00:00.0', NULL, NULL, '86400000', '132457', '2010-05-21 07:26:30.0', '132457', '2010-05-21 07:26:30.0');
INSERT INTO project_phase (project_phase_id, project_id, phase_type_id, phase_status_id, fixed_start_time, scheduled_start_time, scheduled_end_time, actual_start_time, actual_end_time, duration, create_user, create_date, modify_user, modify_date)
VALUES ('457', '451', '7', '1', '2010-06-16 09:00:00.0', '2010-06-16 09:00:00.0', '2010-06-16 21:00:00.0', NULL, NULL, '43200000', '132457', '2010-05-21 07:26:30.0', '132457', '2010-05-21 07:26:30.0');
INSERT INTO project_phase (project_phase_id, project_id, phase_type_id, phase_status_id, fixed_start_time, scheduled_start_time, scheduled_end_time, actual_start_time, actual_end_time, duration, create_user, create_date, modify_user, modify_date)
VALUES ('458', '451', '8', '1', '2010-06-16 21:00:00.0', '2010-06-16 21:00:00.0', '2010-06-17 09:00:00.0', NULL, NULL, '43200000', '132457', '2010-05-21 07:26:30.0', '132457', '2010-05-21 07:26:30.0');
INSERT INTO project_phase (project_phase_id, project_id, phase_type_id, phase_status_id, fixed_start_time, scheduled_start_time, scheduled_end_time, actual_start_time, actual_end_time, duration, create_user, create_date, modify_user, modify_date)
VALUES ('459', '451', '9', '1', '2010-06-17 09:00:00.0', '2010-06-17 09:00:00.0', '2010-06-22 09:00:00.0', NULL, NULL, '259200000', '132457', '2010-05-21 07:26:30.0', '132457', '2010-05-21 07:26:30.0');
INSERT INTO project_phase (project_phase_id, project_id, phase_type_id, phase_status_id, fixed_start_time, scheduled_start_time, scheduled_end_time, actual_start_time, actual_end_time, duration, create_user, create_date, modify_user, modify_date)
VALUES ('460', '451', '10', '1', '2010-06-22 09:00:00.0', '2010-06-22 09:00:00.0', '2010-06-23 09:00:00.0', NULL, NULL, '86400000', '132457', '2010-05-21 07:26:30.0', '132457', '2010-05-21 07:26:30.0');
--  Data for comp_catalog
INSERT INTO comp_catalog (component_id, current_version, short_desc, component_name, description, function_desc, create_time, status_id, root_category_id, modify_date, public_ind)
VALUES ('901', '1', 'Coolest component ever', 'Component 46', 'Coolest component ever', 'Component', '2010-05-21 07:20:14.48', '102', '5801777', '2010-05-21 07:23:44.0', '0');
--  Data for comp_versions
INSERT INTO comp_versions (comp_vers_id, component_id, version, version_text, create_time, phase_id, phase_time, price, comments, modify_date,
                           suspended_ind)
VALUES ('903', '901', '1', '1.0                 ', '2010-05-21 07:20:14.48', '112', '1976-05-04 00:00:00.0', '1000.00', 'Cool', '2010-05-21 07:27:01.0', '0');
--  Data for comp_categories
INSERT INTO comp_categories (comp_categories_id, component_id, category_id)
VALUES ('905', '901', '11');
--  Data for comp_keywords
INSERT INTO comp_keywords (comp_keywords_id, component_id, keyword)
VALUES ('911', '901', 'assembly');
--  Data for comp_technology
INSERT INTO comp_technology (comp_tech_id, comp_vers_id, technology_type_id)
VALUES ('912', '903', '1');
--  Data for comp_documentation
INSERT INTO comp_documentation (document_id, comp_vers_id, document_type_id, document_name, url)
VALUES ('913', '903', '0', 'Requirements Specification', '901/903/MQTTBroker_Requirements_Specification.pdf');
--  Data for comp_jive_category_xref
INSERT INTO comp_jive_category_xref (comp_vers_id, jive_category_id)
VALUES ('903', '0');
--  Data for comp_version_dates
INSERT INTO comp_version_dates (comp_version_dates_id, comp_vers_id, phase_id, posting_date, initial_submission_date, winner_announced_date, final_submission_date,
                                estimated_dev_date, price, total_submissions, status_id, create_time, level_id, screening_complete_date, review_complete_date,
                                aggregation_complete_date, phase_complete_date, production_date, aggregation_complete_date_comment, phase_complete_date_comment,
                                review_complete_date_comment, winner_announced_date_comment, initial_submission_date_comment, screening_complete_date_comment,
                                final_submission_date_comment, production_date_comment, modify_date)
VALUES ('914', '903', '112', '1976-05-05', '2000-01-01', '2000-01-01', 
        '2000-01-01', '2000-01-01', NULL, '0', '301', '2010-05-21 07:27:01.0', '100', '2000-01-01',
        '2000-01-01', '2000-01-01', '2000-01-01', '2010-12-01', 
        NULL, NULL, NULL, NULL, NULL, NULL, NULL, '', '2010-05-21 07:27:01.0');
--  Data for phase_criteria
INSERT INTO phase_criteria (project_phase_id, phase_criteria_type_id, parameter, create_user, create_date, modify_user, modify_date)
VALUES ('451', '2', '0', '132457', '2010-05-21 07:26:30.0', '132457', '2010-05-21 07:26:30.0');
INSERT INTO phase_criteria (project_phase_id, phase_criteria_type_id, parameter, create_user, create_date, modify_user, modify_date)
VALUES ('451', '5', 'No', '132457', '2010-05-21 07:26:30.0', '132457', '2010-05-21 07:26:30.0');
INSERT INTO phase_criteria (project_phase_id, phase_criteria_type_id, parameter, create_user, create_date, modify_user, modify_date)
VALUES ('452', '3', '0', '132457', '2010-05-21 07:26:30.0', '132457', '2010-05-21 07:26:30.0');
INSERT INTO phase_criteria (project_phase_id, phase_criteria_type_id, parameter, create_user, create_date, modify_user, modify_date)
VALUES ('452', '5', 'No', '132457', '2010-05-21 07:26:30.0', '132457', '2010-05-21 07:26:30.0');
INSERT INTO phase_criteria (project_phase_id, phase_criteria_type_id, parameter, create_user, create_date, modify_user, modify_date)
VALUES ('453', '5', 'No', '132457', '2010-05-21 07:26:30.0', '132457', '2010-05-21 07:26:30.0');
INSERT INTO phase_criteria (project_phase_id, phase_criteria_type_id, parameter, create_user, create_date, modify_user, modify_date)
VALUES ('453', '1', '30000410', '132457', '2010-05-21 07:26:30.0', '132457', '2010-05-21 07:26:30.0');
INSERT INTO phase_criteria (project_phase_id, phase_criteria_type_id, parameter, create_user, create_date, modify_user, modify_date)
VALUES ('454', '5', 'No', '132457', '2010-05-21 07:26:30.0', '132457', '2010-05-21 07:26:30.0');
INSERT INTO phase_criteria (project_phase_id, phase_criteria_type_id, parameter, create_user, create_date, modify_user, modify_date)
VALUES ('454', '1', '30000411', '132457', '2010-05-21 07:26:30.0', '132457', '2010-05-21 07:26:30.0');
INSERT INTO phase_criteria (project_phase_id, phase_criteria_type_id, parameter, create_user, create_date, modify_user, modify_date)
VALUES ('454', '6', '3', '132457', '2010-05-21 07:26:30.0', '132457', '2010-05-21 07:26:30.0');
INSERT INTO phase_criteria (project_phase_id, phase_criteria_type_id, parameter, create_user, create_date, modify_user, modify_date)
VALUES ('455', '5', 'No', '132457', '2010-05-21 07:26:30.0', '132457', '2010-05-21 07:26:30.0');
INSERT INTO phase_criteria (project_phase_id, phase_criteria_type_id, parameter, create_user, create_date, modify_user, modify_date)
VALUES ('455', '4', 'No', '132457', '2010-05-21 07:26:30.0', '132457', '2010-05-21 07:26:30.0');
INSERT INTO phase_criteria (project_phase_id, phase_criteria_type_id, parameter, create_user, create_date, modify_user, modify_date)
VALUES ('456', '5', 'No', '132457', '2010-05-21 07:26:30.0', '132457', '2010-05-21 07:26:30.0');
INSERT INTO phase_criteria (project_phase_id, phase_criteria_type_id, parameter, create_user, create_date, modify_user, modify_date)
VALUES ('457', '5', 'No', '132457', '2010-05-21 07:26:30.0', '132457', '2010-05-21 07:26:30.0');
INSERT INTO phase_criteria (project_phase_id, phase_criteria_type_id, parameter, create_user, create_date, modify_user, modify_date)
VALUES ('458', '5', 'No', '132457', '2010-05-21 07:26:30.0', '132457', '2010-05-21 07:26:30.0');
INSERT INTO phase_criteria (project_phase_id, phase_criteria_type_id, parameter, create_user, create_date, modify_user, modify_date)
VALUES ('459', '5', 'No', '132457', '2010-05-21 07:26:30.0', '132457', '2010-05-21 07:26:30.0');
INSERT INTO phase_criteria (project_phase_id, phase_criteria_type_id, parameter, create_user, create_date, modify_user, modify_date)
VALUES ('460', '5', 'No', '132457', '2010-05-21 07:26:30.0', '132457', '2010-05-21 07:26:30.0');
--  Data for phase_dependency
INSERT INTO phase_dependency (dependency_phase_id, dependent_phase_id, dependency_start, dependent_start, lag_time, create_user, create_date, modify_user, modify_date)
VALUES ('451', '452', '1', '1', '0', '132457', '2010-05-21 07:26:30.0', '132457', '2010-05-21 07:26:30.0');
INSERT INTO phase_dependency (dependency_phase_id, dependent_phase_id, dependency_start, dependent_start, lag_time, create_user, create_date, modify_user, modify_date)
VALUES ('452', '453', '0', '1', '0', '132457', '2010-05-21 07:26:30.0', '132457', '2010-05-21 07:26:30.0');
INSERT INTO phase_dependency (dependency_phase_id, dependent_phase_id, dependency_start, dependent_start, lag_time, create_user, create_date, modify_user, modify_date)
VALUES ('453', '454', '0', '1', '0', '132457', '2010-05-21 07:26:30.0', '132457', '2010-05-21 07:26:30.0');
INSERT INTO phase_dependency (dependency_phase_id, dependent_phase_id, dependency_start, dependent_start, lag_time, create_user, create_date, modify_user, modify_date)
VALUES ('454', '455', '0', '1', '0', '132457', '2010-05-21 07:26:30.0', '132457', '2010-05-21 07:26:30.0');
INSERT INTO phase_dependency (dependency_phase_id, dependent_phase_id, dependency_start, dependent_start, lag_time, create_user, create_date, modify_user, modify_date)
VALUES ('455', '456', '0', '1', '0', '132457', '2010-05-21 07:26:30.0', '132457', '2010-05-21 07:26:30.0');
INSERT INTO phase_dependency (dependency_phase_id, dependent_phase_id, dependency_start, dependent_start, lag_time, create_user, create_date, modify_user, modify_date)
VALUES ('456', '457', '0', '1', '0', '132457', '2010-05-21 07:26:30.0', '132457', '2010-05-21 07:26:30.0');
INSERT INTO phase_dependency (dependency_phase_id, dependent_phase_id, dependency_start, dependent_start, lag_time, create_user, create_date, modify_user, modify_date)
VALUES ('457', '458', '0', '1', '0', '132457', '2010-05-21 07:26:30.0', '132457', '2010-05-21 07:26:30.0');
INSERT INTO phase_dependency (dependency_phase_id, dependent_phase_id, dependency_start, dependent_start, lag_time, create_user, create_date, modify_user, modify_date)
VALUES ('458', '459', '0', '1', '0', '132457', '2010-05-21 07:26:30.0', '132457', '2010-05-21 07:26:30.0');
INSERT INTO phase_dependency (dependency_phase_id, dependent_phase_id, dependency_start, dependent_start, lag_time, create_user, create_date, modify_user, modify_date)
VALUES ('459', '460', '0', '1', '0', '132457', '2010-05-21 07:26:30.0', '132457', '2010-05-21 07:26:30.0');
--  Data for resource
INSERT INTO resource (resource_id, resource_role_id, project_id, project_phase_id, create_user, create_date, modify_user, modify_date)
VALUES ('451', '13', '451', NULL, '132457', '2010-05-21 07:26:30.0', '132457', '2010-05-21 07:26:30.0');
--  Data for resource_info
INSERT INTO resource_info (resource_id, resource_info_type_id, value, create_user, create_date, modify_user, modify_date)
VALUES ('451', '1', '132457', '132457', '2010-05-21 07:26:30.0', '132457', '2010-05-21 07:26:30.0');
INSERT INTO resource_info (resource_id, resource_info_type_id, value, create_user, create_date, modify_user, modify_date)
VALUES ('451', '2', 'super', '132457', '2010-05-21 07:26:30.0', '132457', '2010-05-21 07:26:30.0');
--  Data for user_role
INSERT INTO user_role (user_role_id, comp_vers_id, role_id, login_id, description)
VALUES ('904', '903', '1', '132457', '');
--  Data for word_search
INSERT INTO word_search (word_search_id, document_id, index_word, nbr_occurrences)
VALUES ('907', '901', 'ever                                                                                                ', '2');
INSERT INTO word_search (word_search_id, document_id, index_word, nbr_occurrences)
VALUES ('908', '901', 'component                                                                                           ', '4');
INSERT INTO word_search (word_search_id, document_id, index_word, nbr_occurrences)
VALUES ('909', '901', 'coolest                                                                                             ', '2');
INSERT INTO word_search (word_search_id, document_id, index_word, nbr_occurrences)
VALUES ('910', '901', 'assembly                                                    ', '2');
--  Data for word_search_ctgy
INSERT INTO word_search_ctgy (word_srch_ctgy_id, category_id, document_id)
VALUES ('906', 'DDECATALOG                                        ', '901');
--  Data for word_search_doc
INSERT INTO word_search_doc (document_id)
VALUES ('901');
-- Data for project
INSERT INTO project (project_id, project_status_id, project_category_id, create_user, create_date, modify_user, modify_date)
VALUES ('461', '2', '1', '132457', '2010-05-21 07:26:30.0', '132457', '2010-05-21 07:26:30.0');
--  Data for project_info
INSERT INTO project_info (project_id, project_info_type_id, value, create_user, create_date, modify_user, modify_date)
VALUES ('461', '1', '923', '132457', '2010-05-21 07:26:30.0', '132457', '2010-05-21 07:26:30.0');
INSERT INTO project_info (project_id, project_info_type_id, value, create_user, create_date, modify_user, modify_date)
VALUES ('461', '2', '921', '132457', '2010-05-21 07:26:30.0', '132457', '2010-05-21 07:26:30.0');
INSERT INTO project_info (project_id, project_info_type_id, value, create_user, create_date, modify_user, modify_date)
VALUES ('461', '3', '1', '132457', '2010-05-21 07:26:30.0', '132457', '2010-05-21 07:26:30.0');
INSERT INTO project_info (project_id, project_info_type_id, value, create_user, create_date, modify_user, modify_date)
VALUES ('461', '4', '0', '132457', '2010-05-21 07:26:30.0', '132457', '2010-05-21 07:26:30.0');
INSERT INTO project_info (project_id, project_info_type_id, value, create_user, create_date, modify_user, modify_date)
VALUES ('461', '5', '5801778', '132457', '2010-05-21 07:26:30.0', '132457', '2010-05-21 07:26:30.0');
INSERT INTO project_info (project_id, project_info_type_id, value, create_user, create_date, modify_user, modify_date)
VALUES ('461', '6', 'Component 47', '132457', '2010-05-21 07:26:30.0', '132457', '2010-05-21 07:26:30.0');
INSERT INTO project_info (project_id, project_info_type_id, value, create_user, create_date, modify_user, modify_date)
VALUES ('461', '7', '1.0                 ', '132457', '2010-05-21 07:26:30.0', '132457', '2010-05-21 07:26:30.0');
INSERT INTO project_info (project_id, project_info_type_id, value, create_user, create_date, modify_user, modify_date)
VALUES ('461', '9', 'Off', '132457', '2010-05-21 07:26:30.0', '132457', '2010-05-21 07:26:30.0');
INSERT INTO project_info (project_id, project_info_type_id, value, create_user, create_date, modify_user, modify_date)
VALUES ('461', '10', 'On', '132457', '2010-05-21 07:26:30.0', '132457', '2010-05-21 07:26:30.0');
INSERT INTO project_info (project_id, project_info_type_id, value, create_user, create_date, modify_user, modify_date)
VALUES ('461', '11', 'On', '132457', '2010-05-21 07:26:30.0', '132457', '2010-05-21 07:26:30.0');
INSERT INTO project_info (project_id, project_info_type_id, value, create_user, create_date, modify_user, modify_date)
VALUES ('461', '12', 'Yes', '132457', '2010-05-21 07:26:30.0', '132457', '2010-05-21 07:26:30.0');
INSERT INTO project_info (project_id, project_info_type_id, value, create_user, create_date, modify_user, modify_date)
VALUES ('461', '13', 'Yes', '132457', '2010-05-21 07:26:30.0', '132457', '2010-05-21 07:26:30.0');
INSERT INTO project_info (project_id, project_info_type_id, value, create_user, create_date, modify_user, modify_date)
VALUES ('461', '14', 'Open', '132457', '2010-05-21 07:26:30.0', '132457', '2010-05-21 07:26:30.0');
INSERT INTO project_info (project_id, project_info_type_id, value, create_user, create_date, modify_user, modify_date)
VALUES ('461', '16', '0.0', '132457', '2010-05-21 07:26:30.0', '132457', '2010-05-21 07:26:30.0');
INSERT INTO project_info (project_id, project_info_type_id, value, create_user, create_date, modify_user, modify_date)
VALUES ('461', '26', 'On', '132457', '2010-05-21 07:26:30.0', '132457', '2010-05-21 07:26:30.0');
INSERT INTO project_info (project_id, project_info_type_id, value, create_user, create_date, modify_user, modify_date)
VALUES ('461', '29', 'On', '132457', '2010-05-21 07:26:30.0', '132457', '2010-05-21 07:26:30.0');
INSERT INTO project_info (project_id, project_info_type_id, value, create_user, create_date, modify_user, modify_date)
VALUES ('461', '41', 'true', '132457', '2010-05-21 07:26:30.0', '132457', '2010-05-21 07:26:30.0');
INSERT INTO project_info (project_id, project_info_type_id, value, create_user, create_date, modify_user, modify_date)
VALUES ('461', '43', 'true', '132457', '2010-05-21 07:26:30.0', '132457', '2010-05-21 07:26:30.0');
--  Data for project_phase
INSERT INTO project_phase (project_phase_id, project_id, phase_type_id, phase_status_id, fixed_start_time, scheduled_start_time, scheduled_end_time, actual_start_time, actual_end_time, duration, create_user, create_date, modify_user, modify_date)
VALUES ('461', '461', '1', '1', '2010-05-27 09:00:00.0', '2010-05-27 09:00:00.0', '2010-06-01 09:00:00.0', NULL, NULL, '259200000', '132457', '2010-05-21 07:26:30.0', '132457', '2010-05-21 07:26:30.0');
INSERT INTO project_phase (project_phase_id, project_id, phase_type_id, phase_status_id, fixed_start_time, scheduled_start_time, scheduled_end_time, actual_start_time, actual_end_time, duration, create_user, create_date, modify_user, modify_date)
VALUES ('462', '461', '2', '1', '2010-05-27 09:00:00.0', '2010-05-27 09:00:00.0', '2010-06-07 09:00:00.0', NULL, NULL, '604800000', '132457', '2010-05-21 07:26:30.0', '132457', '2010-05-21 07:26:30.0');
INSERT INTO project_phase (project_phase_id, project_id, phase_type_id, phase_status_id, fixed_start_time, scheduled_start_time, scheduled_end_time, actual_start_time, actual_end_time, duration, create_user, create_date, modify_user, modify_date)
VALUES ('463', '461', '3', '1', '2010-06-07 09:00:00.0', '2010-06-07 09:00:00.0', '2010-06-08 09:00:00.0', NULL, NULL, '86400000', '132457', '2010-05-21 07:26:30.0', '132457', '2010-05-21 07:26:30.0');
INSERT INTO project_phase (project_phase_id, project_id, phase_type_id, phase_status_id, fixed_start_time, scheduled_start_time, scheduled_end_time, actual_start_time, actual_end_time, duration, create_user, create_date, modify_user, modify_date)
VALUES ('464', '461', '4', '1', '2010-06-08 09:00:00.0', '2010-06-08 09:00:00.0', '2010-06-14 09:00:00.0', NULL, NULL, '345600000', '132457', '2010-05-21 07:26:30.0', '132457', '2010-05-21 07:26:30.0');
INSERT INTO project_phase (project_phase_id, project_id, phase_type_id, phase_status_id, fixed_start_time, scheduled_start_time, scheduled_end_time, actual_start_time, actual_end_time, duration, create_user, create_date, modify_user, modify_date)
VALUES ('465', '461', '5', '1', '2010-06-14 09:00:00.0', '2010-06-14 09:00:00.0', '2010-06-15 09:00:00.0', NULL, NULL, '86400000', '132457', '2010-05-21 07:26:30.0', '132457', '2010-05-21 07:26:30.0');
INSERT INTO project_phase (project_phase_id, project_id, phase_type_id, phase_status_id, fixed_start_time, scheduled_start_time, scheduled_end_time, actual_start_time, actual_end_time, duration, create_user, create_date, modify_user, modify_date)
VALUES ('466', '461', '6', '1', '2010-06-15 09:00:00.0', '2010-06-15 09:00:00.0', '2010-06-16 09:00:00.0', NULL, NULL, '86400000', '132457', '2010-05-21 07:26:30.0', '132457', '2010-05-21 07:26:30.0');
INSERT INTO project_phase (project_phase_id, project_id, phase_type_id, phase_status_id, fixed_start_time, scheduled_start_time, scheduled_end_time, actual_start_time, actual_end_time, duration, create_user, create_date, modify_user, modify_date)
VALUES ('467', '461', '7', '1', '2010-06-16 09:00:00.0', '2010-06-16 09:00:00.0', '2010-06-16 21:00:00.0', NULL, NULL, '43200000', '132457', '2010-05-21 07:26:30.0', '132457', '2010-05-21 07:26:30.0');
INSERT INTO project_phase (project_phase_id, project_id, phase_type_id, phase_status_id, fixed_start_time, scheduled_start_time, scheduled_end_time, actual_start_time, actual_end_time, duration, create_user, create_date, modify_user, modify_date)
VALUES ('468', '461', '8', '1', '2010-06-16 21:00:00.0', '2010-06-16 21:00:00.0', '2010-06-17 09:00:00.0', NULL, NULL, '43200000', '132457', '2010-05-21 07:26:30.0', '132457', '2010-05-21 07:26:30.0');
INSERT INTO project_phase (project_phase_id, project_id, phase_type_id, phase_status_id, fixed_start_time, scheduled_start_time, scheduled_end_time, actual_start_time, actual_end_time, duration, create_user, create_date, modify_user, modify_date)
VALUES ('469', '461', '9', '1', '2010-06-17 09:00:00.0', '2010-06-17 09:00:00.0', '2010-06-22 09:00:00.0', NULL, NULL, '259200000', '132457', '2010-05-21 07:26:30.0', '132457', '2010-05-21 07:26:30.0');
INSERT INTO project_phase (project_phase_id, project_id, phase_type_id, phase_status_id, fixed_start_time, scheduled_start_time, scheduled_end_time, actual_start_time, actual_end_time, duration, create_user, create_date, modify_user, modify_date)
VALUES ('470', '461', '10', '1', '2010-06-22 09:00:00.0', '2010-06-22 09:00:00.0', '2010-06-23 09:00:00.0', NULL, NULL, '86400000', '132457', '2010-05-21 07:26:30.0', '132457', '2010-05-21 07:26:30.0');
--  Data for comp_catalog
INSERT INTO comp_catalog (component_id, current_version, short_desc, component_name, description, function_desc, create_time, status_id, root_category_id, modify_date, public_ind)
VALUES ('921', '1', 'Coolest component ever', 'Component 47', 'Coolest component ever', 'Component', '2010-05-21 07:20:14.48', '102', '5801778', '2010-05-21 07:23:44.0', '0');
--  Data for comp_versions
INSERT INTO comp_versions (comp_vers_id, component_id, version, version_text, create_time, phase_id, phase_time, price, comments, modify_date,
                           suspended_ind)
VALUES ('923', '921', '1', '1.0                 ', '2010-05-21 07:20:14.48', '112', '1976-05-04 00:00:00.0', '1000.00', 'Cool', '2010-05-21 07:27:01.0', '0');
--  Data for comp_categories
INSERT INTO comp_categories (comp_categories_id, component_id, category_id)
VALUES ('925', '921', '11');
--  Data for comp_keywords
INSERT INTO comp_keywords (comp_keywords_id, component_id, keyword)
VALUES ('931', '921', 'design');
--  Data for comp_technology
INSERT INTO comp_technology (comp_tech_id, comp_vers_id, technology_type_id)
VALUES ('932', '923', '1');
--  Data for comp_documentation
INSERT INTO comp_documentation (document_id, comp_vers_id, document_type_id, document_name, url)
VALUES ('933', '923', '0', 'Requirements Specification', '921/923/MQTTBroker_Requirements_Specification.pdf');
--  Data for comp_jive_category_xref
INSERT INTO comp_jive_category_xref (comp_vers_id, jive_category_id)
VALUES ('923', '0');
--  Data for comp_version_dates
INSERT INTO comp_version_dates (comp_version_dates_id, comp_vers_id, phase_id, posting_date, initial_submission_date, winner_announced_date, final_submission_date,
                                estimated_dev_date, price, total_submissions, status_id, create_time, level_id, screening_complete_date, review_complete_date,
                                aggregation_complete_date, phase_complete_date, production_date, aggregation_complete_date_comment, phase_complete_date_comment,
                                review_complete_date_comment, winner_announced_date_comment, initial_submission_date_comment, screening_complete_date_comment,
                                final_submission_date_comment, production_date_comment, modify_date)
VALUES ('934', '923', '112', '1976-05-05', '2000-01-01', '2000-01-01', 
        '2000-01-01', '2000-01-01', NULL, '0', '301', '2010-05-21 07:27:01.0', '100', '2000-01-01',
        '2000-01-01', '2000-01-01', '2000-01-01', '2010-12-01', 
        NULL, NULL, NULL, NULL, NULL, NULL, NULL, '', '2010-05-21 07:27:01.0');
--  Data for phase_criteria
INSERT INTO phase_criteria (project_phase_id, phase_criteria_type_id, parameter, create_user, create_date, modify_user, modify_date)
VALUES ('461', '2', '0', '132457', '2010-05-21 07:26:30.0', '132457', '2010-05-21 07:26:30.0');
INSERT INTO phase_criteria (project_phase_id, phase_criteria_type_id, parameter, create_user, create_date, modify_user, modify_date)
VALUES ('461', '5', 'No', '132457', '2010-05-21 07:26:30.0', '132457', '2010-05-21 07:26:30.0');
INSERT INTO phase_criteria (project_phase_id, phase_criteria_type_id, parameter, create_user, create_date, modify_user, modify_date)
VALUES ('462', '3', '0', '132457', '2010-05-21 07:26:30.0', '132457', '2010-05-21 07:26:30.0');
INSERT INTO phase_criteria (project_phase_id, phase_criteria_type_id, parameter, create_user, create_date, modify_user, modify_date)
VALUES ('462', '5', 'No', '132457', '2010-05-21 07:26:30.0', '132457', '2010-05-21 07:26:30.0');
INSERT INTO phase_criteria (project_phase_id, phase_criteria_type_id, parameter, create_user, create_date, modify_user, modify_date)
VALUES ('463', '5', 'No', '132457', '2010-05-21 07:26:30.0', '132457', '2010-05-21 07:26:30.0');
INSERT INTO phase_criteria (project_phase_id, phase_criteria_type_id, parameter, create_user, create_date, modify_user, modify_date)
VALUES ('463', '1', '30000410', '132457', '2010-05-21 07:26:30.0', '132457', '2010-05-21 07:26:30.0');
INSERT INTO phase_criteria (project_phase_id, phase_criteria_type_id, parameter, create_user, create_date, modify_user, modify_date)
VALUES ('464', '5', 'No', '132457', '2010-05-21 07:26:30.0', '132457', '2010-05-21 07:26:30.0');
INSERT INTO phase_criteria (project_phase_id, phase_criteria_type_id, parameter, create_user, create_date, modify_user, modify_date)
VALUES ('464', '1', '30000411', '132457', '2010-05-21 07:26:30.0', '132457', '2010-05-21 07:26:30.0');
INSERT INTO phase_criteria (project_phase_id, phase_criteria_type_id, parameter, create_user, create_date, modify_user, modify_date)
VALUES ('464', '6', '3', '132457', '2010-05-21 07:26:30.0', '132457', '2010-05-21 07:26:30.0');
INSERT INTO phase_criteria (project_phase_id, phase_criteria_type_id, parameter, create_user, create_date, modify_user, modify_date)
VALUES ('465', '5', 'No', '132457', '2010-05-21 07:26:30.0', '132457', '2010-05-21 07:26:30.0');
INSERT INTO phase_criteria (project_phase_id, phase_criteria_type_id, parameter, create_user, create_date, modify_user, modify_date)
VALUES ('465', '4', 'No', '132457', '2010-05-21 07:26:30.0', '132457', '2010-05-21 07:26:30.0');
INSERT INTO phase_criteria (project_phase_id, phase_criteria_type_id, parameter, create_user, create_date, modify_user, modify_date)
VALUES ('466', '5', 'No', '132457', '2010-05-21 07:26:30.0', '132457', '2010-05-21 07:26:30.0');
INSERT INTO phase_criteria (project_phase_id, phase_criteria_type_id, parameter, create_user, create_date, modify_user, modify_date)
VALUES ('467', '5', 'No', '132457', '2010-05-21 07:26:30.0', '132457', '2010-05-21 07:26:30.0');
INSERT INTO phase_criteria (project_phase_id, phase_criteria_type_id, parameter, create_user, create_date, modify_user, modify_date)
VALUES ('468', '5', 'No', '132457', '2010-05-21 07:26:30.0', '132457', '2010-05-21 07:26:30.0');
INSERT INTO phase_criteria (project_phase_id, phase_criteria_type_id, parameter, create_user, create_date, modify_user, modify_date)
VALUES ('469', '5', 'No', '132457', '2010-05-21 07:26:30.0', '132457', '2010-05-21 07:26:30.0');
INSERT INTO phase_criteria (project_phase_id, phase_criteria_type_id, parameter, create_user, create_date, modify_user, modify_date)
VALUES ('470', '5', 'No', '132457', '2010-05-21 07:26:30.0', '132457', '2010-05-21 07:26:30.0');
--  Data for phase_dependency
INSERT INTO phase_dependency (dependency_phase_id, dependent_phase_id, dependency_start, dependent_start, lag_time, create_user, create_date, modify_user, modify_date)
VALUES ('461', '462', '1', '1', '0', '132457', '2010-05-21 07:26:30.0', '132457', '2010-05-21 07:26:30.0');
INSERT INTO phase_dependency (dependency_phase_id, dependent_phase_id, dependency_start, dependent_start, lag_time, create_user, create_date, modify_user, modify_date)
VALUES ('462', '463', '0', '1', '0', '132457', '2010-05-21 07:26:30.0', '132457', '2010-05-21 07:26:30.0');
INSERT INTO phase_dependency (dependency_phase_id, dependent_phase_id, dependency_start, dependent_start, lag_time, create_user, create_date, modify_user, modify_date)
VALUES ('463', '464', '0', '1', '0', '132457', '2010-05-21 07:26:30.0', '132457', '2010-05-21 07:26:30.0');
INSERT INTO phase_dependency (dependency_phase_id, dependent_phase_id, dependency_start, dependent_start, lag_time, create_user, create_date, modify_user, modify_date)
VALUES ('464', '465', '0', '1', '0', '132457', '2010-05-21 07:26:30.0', '132457', '2010-05-21 07:26:30.0');
INSERT INTO phase_dependency (dependency_phase_id, dependent_phase_id, dependency_start, dependent_start, lag_time, create_user, create_date, modify_user, modify_date)
VALUES ('465', '466', '0', '1', '0', '132457', '2010-05-21 07:26:30.0', '132457', '2010-05-21 07:26:30.0');
INSERT INTO phase_dependency (dependency_phase_id, dependent_phase_id, dependency_start, dependent_start, lag_time, create_user, create_date, modify_user, modify_date)
VALUES ('466', '467', '0', '1', '0', '132457', '2010-05-21 07:26:30.0', '132457', '2010-05-21 07:26:30.0');
INSERT INTO phase_dependency (dependency_phase_id, dependent_phase_id, dependency_start, dependent_start, lag_time, create_user, create_date, modify_user, modify_date)
VALUES ('467', '468', '0', '1', '0', '132457', '2010-05-21 07:26:30.0', '132457', '2010-05-21 07:26:30.0');
INSERT INTO phase_dependency (dependency_phase_id, dependent_phase_id, dependency_start, dependent_start, lag_time, create_user, create_date, modify_user, modify_date)
VALUES ('468', '469', '0', '1', '0', '132457', '2010-05-21 07:26:30.0', '132457', '2010-05-21 07:26:30.0');
INSERT INTO phase_dependency (dependency_phase_id, dependent_phase_id, dependency_start, dependent_start, lag_time, create_user, create_date, modify_user, modify_date)
VALUES ('469', '470', '0', '1', '0', '132457', '2010-05-21 07:26:30.0', '132457', '2010-05-21 07:26:30.0');
--  Data for resource
INSERT INTO resource (resource_id, resource_role_id, project_id, project_phase_id, create_user, create_date, modify_user, modify_date)
VALUES ('461', '13', '461', NULL, '132457', '2010-05-21 07:26:30.0', '132457', '2010-05-21 07:26:30.0');
--  Data for resource_info
INSERT INTO resource_info (resource_id, resource_info_type_id, value, create_user, create_date, modify_user, modify_date)
VALUES ('461', '1', '132457', '132457', '2010-05-21 07:26:30.0', '132457', '2010-05-21 07:26:30.0');
INSERT INTO resource_info (resource_id, resource_info_type_id, value, create_user, create_date, modify_user, modify_date)
VALUES ('461', '2', 'super', '132457', '2010-05-21 07:26:30.0', '132457', '2010-05-21 07:26:30.0');
--  Data for user_role
INSERT INTO user_role (user_role_id, comp_vers_id, role_id, login_id, description)
VALUES ('924', '923', '1', '132457', '');
--  Data for word_search
INSERT INTO word_search (word_search_id, document_id, index_word, nbr_occurrences)
VALUES ('927', '921', 'ever                                                                                                ', '2');
INSERT INTO word_search (word_search_id, document_id, index_word, nbr_occurrences)
VALUES ('928', '921', 'component                                                                                           ', '4');
INSERT INTO word_search (word_search_id, document_id, index_word, nbr_occurrences)
VALUES ('929', '921', 'coolest                                                                                             ', '2');
INSERT INTO word_search (word_search_id, document_id, index_word, nbr_occurrences)
VALUES ('930', '921', 'design                                                    ', '2');
--  Data for word_search_ctgy
INSERT INTO word_search_ctgy (word_srch_ctgy_id, category_id, document_id)
VALUES ('926', 'DDECATALOG                                        ', '921');
--  Data for word_search_doc
INSERT INTO word_search_doc (document_id)
VALUES ('921');
-- Data for project
INSERT INTO project (project_id, project_status_id, project_category_id, create_user, create_date, modify_user, modify_date)
VALUES ('471', '1', '7', '132458', '2010-05-21 07:26:30.0', '132458', '2010-05-21 07:26:30.0');
--  Data for project_info
INSERT INTO project_info (project_id, project_info_type_id, value, create_user, create_date, modify_user, modify_date)
VALUES ('471', '1', '943', '132458', '2010-05-21 07:26:30.0', '132458', '2010-05-21 07:26:30.0');
INSERT INTO project_info (project_id, project_info_type_id, value, create_user, create_date, modify_user, modify_date)
VALUES ('471', '2', '941', '132458', '2010-05-21 07:26:30.0', '132458', '2010-05-21 07:26:30.0');
INSERT INTO project_info (project_id, project_info_type_id, value, create_user, create_date, modify_user, modify_date)
VALUES ('471', '3', '1', '132458', '2010-05-21 07:26:30.0', '132458', '2010-05-21 07:26:30.0');
INSERT INTO project_info (project_id, project_info_type_id, value, create_user, create_date, modify_user, modify_date)
VALUES ('471', '4', '0', '132458', '2010-05-21 07:26:30.0', '132458', '2010-05-21 07:26:30.0');
INSERT INTO project_info (project_id, project_info_type_id, value, create_user, create_date, modify_user, modify_date)
VALUES ('471', '5', '5801778', '132458', '2010-05-21 07:26:30.0', '132458', '2010-05-21 07:26:30.0');
INSERT INTO project_info (project_id, project_info_type_id, value, create_user, create_date, modify_user, modify_date)
VALUES ('471', '6', 'Component 48', '132458', '2010-05-21 07:26:30.0', '132458', '2010-05-21 07:26:30.0');
INSERT INTO project_info (project_id, project_info_type_id, value, create_user, create_date, modify_user, modify_date)
VALUES ('471', '7', '1.0                 ', '132458', '2010-05-21 07:26:30.0', '132458', '2010-05-21 07:26:30.0');
INSERT INTO project_info (project_id, project_info_type_id, value, create_user, create_date, modify_user, modify_date)
VALUES ('471', '9', 'Off', '132458', '2010-05-21 07:26:30.0', '132458', '2010-05-21 07:26:30.0');
INSERT INTO project_info (project_id, project_info_type_id, value, create_user, create_date, modify_user, modify_date)
VALUES ('471', '10', 'On', '132458', '2010-05-21 07:26:30.0', '132458', '2010-05-21 07:26:30.0');
INSERT INTO project_info (project_id, project_info_type_id, value, create_user, create_date, modify_user, modify_date)
VALUES ('471', '11', 'On', '132458', '2010-05-21 07:26:30.0', '132458', '2010-05-21 07:26:30.0');
INSERT INTO project_info (project_id, project_info_type_id, value, create_user, create_date, modify_user, modify_date)
VALUES ('471', '12', 'Yes', '132458', '2010-05-21 07:26:30.0', '132458', '2010-05-21 07:26:30.0');
INSERT INTO project_info (project_id, project_info_type_id, value, create_user, create_date, modify_user, modify_date)
VALUES ('471', '13', 'Yes', '132458', '2010-05-21 07:26:30.0', '132458', '2010-05-21 07:26:30.0');
INSERT INTO project_info (project_id, project_info_type_id, value, create_user, create_date, modify_user, modify_date)
VALUES ('471', '14', 'Open', '132458', '2010-05-21 07:26:30.0', '132458', '2010-05-21 07:26:30.0');
INSERT INTO project_info (project_id, project_info_type_id, value, create_user, create_date, modify_user, modify_date)
VALUES ('471', '16', '0.0', '132458', '2010-05-21 07:26:30.0', '132458', '2010-05-21 07:26:30.0');
INSERT INTO project_info (project_id, project_info_type_id, value, create_user, create_date, modify_user, modify_date)
VALUES ('471', '26', 'On', '132458', '2010-05-21 07:26:30.0', '132458', '2010-05-21 07:26:30.0');
INSERT INTO project_info (project_id, project_info_type_id, value, create_user, create_date, modify_user, modify_date)
VALUES ('471', '29', 'On', '132458', '2010-05-21 07:26:30.0', '132458', '2010-05-21 07:26:30.0');
INSERT INTO project_info (project_id, project_info_type_id, value, create_user, create_date, modify_user, modify_date)
VALUES ('471', '41', 'true', '132458', '2010-05-21 07:26:30.0', '132458', '2010-05-21 07:26:30.0');
INSERT INTO project_info (project_id, project_info_type_id, value, create_user, create_date, modify_user, modify_date)
VALUES ('471', '43', 'true', '132458', '2010-05-21 07:26:30.0', '132458', '2010-05-21 07:26:30.0');
--  Data for project_phase
INSERT INTO project_phase (project_phase_id, project_id, phase_type_id, phase_status_id, fixed_start_time, scheduled_start_time, scheduled_end_time, actual_start_time, actual_end_time, duration, create_user, create_date, modify_user, modify_date)
VALUES ('471', '471', '1', '1', '2010-05-27 09:00:00.0', '2010-05-27 09:00:00.0', '2010-06-01 09:00:00.0', NULL, NULL, '259200000', '132458', '2010-05-21 07:26:30.0', '132458', '2010-05-21 07:26:30.0');
INSERT INTO project_phase (project_phase_id, project_id, phase_type_id, phase_status_id, fixed_start_time, scheduled_start_time, scheduled_end_time, actual_start_time, actual_end_time, duration, create_user, create_date, modify_user, modify_date)
VALUES ('472', '471', '2', '1', '2010-05-27 09:00:00.0', '2010-05-27 09:00:00.0', '2010-06-07 09:00:00.0', NULL, NULL, '604800000', '132458', '2010-05-21 07:26:30.0', '132458', '2010-05-21 07:26:30.0');
INSERT INTO project_phase (project_phase_id, project_id, phase_type_id, phase_status_id, fixed_start_time, scheduled_start_time, scheduled_end_time, actual_start_time, actual_end_time, duration, create_user, create_date, modify_user, modify_date)
VALUES ('473', '471', '3', '1', '2010-06-07 09:00:00.0', '2010-06-07 09:00:00.0', '2010-06-08 09:00:00.0', NULL, NULL, '86400000', '132458', '2010-05-21 07:26:30.0', '132458', '2010-05-21 07:26:30.0');
INSERT INTO project_phase (project_phase_id, project_id, phase_type_id, phase_status_id, fixed_start_time, scheduled_start_time, scheduled_end_time, actual_start_time, actual_end_time, duration, create_user, create_date, modify_user, modify_date)
VALUES ('474', '471', '4', '1', '2010-06-08 09:00:00.0', '2010-06-08 09:00:00.0', '2010-06-14 09:00:00.0', NULL, NULL, '345600000', '132458', '2010-05-21 07:26:30.0', '132458', '2010-05-21 07:26:30.0');
INSERT INTO project_phase (project_phase_id, project_id, phase_type_id, phase_status_id, fixed_start_time, scheduled_start_time, scheduled_end_time, actual_start_time, actual_end_time, duration, create_user, create_date, modify_user, modify_date)
VALUES ('475', '471', '5', '1', '2010-06-14 09:00:00.0', '2010-06-14 09:00:00.0', '2010-06-15 09:00:00.0', NULL, NULL, '86400000', '132458', '2010-05-21 07:26:30.0', '132458', '2010-05-21 07:26:30.0');
INSERT INTO project_phase (project_phase_id, project_id, phase_type_id, phase_status_id, fixed_start_time, scheduled_start_time, scheduled_end_time, actual_start_time, actual_end_time, duration, create_user, create_date, modify_user, modify_date)
VALUES ('476', '471', '6', '1', '2010-06-15 09:00:00.0', '2010-06-15 09:00:00.0', '2010-06-16 09:00:00.0', NULL, NULL, '86400000', '132458', '2010-05-21 07:26:30.0', '132458', '2010-05-21 07:26:30.0');
INSERT INTO project_phase (project_phase_id, project_id, phase_type_id, phase_status_id, fixed_start_time, scheduled_start_time, scheduled_end_time, actual_start_time, actual_end_time, duration, create_user, create_date, modify_user, modify_date)
VALUES ('477', '471', '7', '1', '2010-06-16 09:00:00.0', '2010-06-16 09:00:00.0', '2010-06-16 21:00:00.0', NULL, NULL, '43200000', '132458', '2010-05-21 07:26:30.0', '132458', '2010-05-21 07:26:30.0');
INSERT INTO project_phase (project_phase_id, project_id, phase_type_id, phase_status_id, fixed_start_time, scheduled_start_time, scheduled_end_time, actual_start_time, actual_end_time, duration, create_user, create_date, modify_user, modify_date)
VALUES ('478', '471', '8', '1', '2010-06-16 21:00:00.0', '2010-06-16 21:00:00.0', '2010-06-17 09:00:00.0', NULL, NULL, '43200000', '132458', '2010-05-21 07:26:30.0', '132458', '2010-05-21 07:26:30.0');
INSERT INTO project_phase (project_phase_id, project_id, phase_type_id, phase_status_id, fixed_start_time, scheduled_start_time, scheduled_end_time, actual_start_time, actual_end_time, duration, create_user, create_date, modify_user, modify_date)
VALUES ('479', '471', '9', '1', '2010-06-17 09:00:00.0', '2010-06-17 09:00:00.0', '2010-06-22 09:00:00.0', NULL, NULL, '259200000', '132458', '2010-05-21 07:26:30.0', '132458', '2010-05-21 07:26:30.0');
INSERT INTO project_phase (project_phase_id, project_id, phase_type_id, phase_status_id, fixed_start_time, scheduled_start_time, scheduled_end_time, actual_start_time, actual_end_time, duration, create_user, create_date, modify_user, modify_date)
VALUES ('480', '471', '10', '1', '2010-06-22 09:00:00.0', '2010-06-22 09:00:00.0', '2010-06-23 09:00:00.0', NULL, NULL, '86400000', '132458', '2010-05-21 07:26:30.0', '132458', '2010-05-21 07:26:30.0');
--  Data for comp_catalog
INSERT INTO comp_catalog (component_id, current_version, short_desc, component_name, description, function_desc, create_time, status_id, root_category_id, modify_date, public_ind)
VALUES ('941', '1', 'Coolest component ever', 'Component 48', 'Coolest component ever', 'Component', '2010-05-21 07:20:14.48', '102', '5801778', '2010-05-21 07:23:44.0', '0');
--  Data for comp_versions
INSERT INTO comp_versions (comp_vers_id, component_id, version, version_text, create_time, phase_id, phase_time, price, comments, modify_date,
                           suspended_ind)
VALUES ('943', '941', '1', '1.0                 ', '2010-05-21 07:20:14.48', '112', '1976-05-04 00:00:00.0', '1000.00', 'Cool', '2010-05-21 07:27:01.0', '0');
--  Data for comp_categories
INSERT INTO comp_categories (comp_categories_id, component_id, category_id)
VALUES ('945', '941', '11');
--  Data for comp_keywords
INSERT INTO comp_keywords (comp_keywords_id, component_id, keyword)
VALUES ('951', '941', 'architecture');
--  Data for comp_technology
INSERT INTO comp_technology (comp_tech_id, comp_vers_id, technology_type_id)
VALUES ('952', '943', '1');
--  Data for comp_documentation
INSERT INTO comp_documentation (document_id, comp_vers_id, document_type_id, document_name, url)
VALUES ('953', '943', '0', 'Requirements Specification', '941/943/MQTTBroker_Requirements_Specification.pdf');
--  Data for comp_jive_category_xref
INSERT INTO comp_jive_category_xref (comp_vers_id, jive_category_id)
VALUES ('943', '0');
--  Data for comp_version_dates
INSERT INTO comp_version_dates (comp_version_dates_id, comp_vers_id, phase_id, posting_date, initial_submission_date, winner_announced_date, final_submission_date,
                                estimated_dev_date, price, total_submissions, status_id, create_time, level_id, screening_complete_date, review_complete_date,
                                aggregation_complete_date, phase_complete_date, production_date, aggregation_complete_date_comment, phase_complete_date_comment,
                                review_complete_date_comment, winner_announced_date_comment, initial_submission_date_comment, screening_complete_date_comment,
                                final_submission_date_comment, production_date_comment, modify_date)
VALUES ('954', '943', '112', '1976-05-05', '2000-01-01', '2000-01-01', 
        '2000-01-01', '2000-01-01', NULL, '0', '301', '2010-05-21 07:27:01.0', '100', '2000-01-01',
        '2000-01-01', '2000-01-01', '2000-01-01', '2010-12-01', 
        NULL, NULL, NULL, NULL, NULL, NULL, NULL, '', '2010-05-21 07:27:01.0');
--  Data for phase_criteria
INSERT INTO phase_criteria (project_phase_id, phase_criteria_type_id, parameter, create_user, create_date, modify_user, modify_date)
VALUES ('471', '2', '0', '132458', '2010-05-21 07:26:30.0', '132458', '2010-05-21 07:26:30.0');
INSERT INTO phase_criteria (project_phase_id, phase_criteria_type_id, parameter, create_user, create_date, modify_user, modify_date)
VALUES ('471', '5', 'No', '132458', '2010-05-21 07:26:30.0', '132458', '2010-05-21 07:26:30.0');
INSERT INTO phase_criteria (project_phase_id, phase_criteria_type_id, parameter, create_user, create_date, modify_user, modify_date)
VALUES ('472', '3', '0', '132458', '2010-05-21 07:26:30.0', '132458', '2010-05-21 07:26:30.0');
INSERT INTO phase_criteria (project_phase_id, phase_criteria_type_id, parameter, create_user, create_date, modify_user, modify_date)
VALUES ('472', '5', 'No', '132458', '2010-05-21 07:26:30.0', '132458', '2010-05-21 07:26:30.0');
INSERT INTO phase_criteria (project_phase_id, phase_criteria_type_id, parameter, create_user, create_date, modify_user, modify_date)
VALUES ('473', '5', 'No', '132458', '2010-05-21 07:26:30.0', '132458', '2010-05-21 07:26:30.0');
INSERT INTO phase_criteria (project_phase_id, phase_criteria_type_id, parameter, create_user, create_date, modify_user, modify_date)
VALUES ('473', '1', '30000410', '132458', '2010-05-21 07:26:30.0', '132458', '2010-05-21 07:26:30.0');
INSERT INTO phase_criteria (project_phase_id, phase_criteria_type_id, parameter, create_user, create_date, modify_user, modify_date)
VALUES ('474', '5', 'No', '132458', '2010-05-21 07:26:30.0', '132458', '2010-05-21 07:26:30.0');
INSERT INTO phase_criteria (project_phase_id, phase_criteria_type_id, parameter, create_user, create_date, modify_user, modify_date)
VALUES ('474', '1', '30000411', '132458', '2010-05-21 07:26:30.0', '132458', '2010-05-21 07:26:30.0');
INSERT INTO phase_criteria (project_phase_id, phase_criteria_type_id, parameter, create_user, create_date, modify_user, modify_date)
VALUES ('474', '6', '3', '132458', '2010-05-21 07:26:30.0', '132458', '2010-05-21 07:26:30.0');
INSERT INTO phase_criteria (project_phase_id, phase_criteria_type_id, parameter, create_user, create_date, modify_user, modify_date)
VALUES ('475', '5', 'No', '132458', '2010-05-21 07:26:30.0', '132458', '2010-05-21 07:26:30.0');
INSERT INTO phase_criteria (project_phase_id, phase_criteria_type_id, parameter, create_user, create_date, modify_user, modify_date)
VALUES ('475', '4', 'No', '132458', '2010-05-21 07:26:30.0', '132458', '2010-05-21 07:26:30.0');
INSERT INTO phase_criteria (project_phase_id, phase_criteria_type_id, parameter, create_user, create_date, modify_user, modify_date)
VALUES ('476', '5', 'No', '132458', '2010-05-21 07:26:30.0', '132458', '2010-05-21 07:26:30.0');
INSERT INTO phase_criteria (project_phase_id, phase_criteria_type_id, parameter, create_user, create_date, modify_user, modify_date)
VALUES ('477', '5', 'No', '132458', '2010-05-21 07:26:30.0', '132458', '2010-05-21 07:26:30.0');
INSERT INTO phase_criteria (project_phase_id, phase_criteria_type_id, parameter, create_user, create_date, modify_user, modify_date)
VALUES ('478', '5', 'No', '132458', '2010-05-21 07:26:30.0', '132458', '2010-05-21 07:26:30.0');
INSERT INTO phase_criteria (project_phase_id, phase_criteria_type_id, parameter, create_user, create_date, modify_user, modify_date)
VALUES ('479', '5', 'No', '132458', '2010-05-21 07:26:30.0', '132458', '2010-05-21 07:26:30.0');
INSERT INTO phase_criteria (project_phase_id, phase_criteria_type_id, parameter, create_user, create_date, modify_user, modify_date)
VALUES ('480', '5', 'No', '132458', '2010-05-21 07:26:30.0', '132458', '2010-05-21 07:26:30.0');
--  Data for phase_dependency
INSERT INTO phase_dependency (dependency_phase_id, dependent_phase_id, dependency_start, dependent_start, lag_time, create_user, create_date, modify_user, modify_date)
VALUES ('471', '472', '1', '1', '0', '132458', '2010-05-21 07:26:30.0', '132458', '2010-05-21 07:26:30.0');
INSERT INTO phase_dependency (dependency_phase_id, dependent_phase_id, dependency_start, dependent_start, lag_time, create_user, create_date, modify_user, modify_date)
VALUES ('472', '473', '0', '1', '0', '132458', '2010-05-21 07:26:30.0', '132458', '2010-05-21 07:26:30.0');
INSERT INTO phase_dependency (dependency_phase_id, dependent_phase_id, dependency_start, dependent_start, lag_time, create_user, create_date, modify_user, modify_date)
VALUES ('473', '474', '0', '1', '0', '132458', '2010-05-21 07:26:30.0', '132458', '2010-05-21 07:26:30.0');
INSERT INTO phase_dependency (dependency_phase_id, dependent_phase_id, dependency_start, dependent_start, lag_time, create_user, create_date, modify_user, modify_date)
VALUES ('474', '475', '0', '1', '0', '132458', '2010-05-21 07:26:30.0', '132458', '2010-05-21 07:26:30.0');
INSERT INTO phase_dependency (dependency_phase_id, dependent_phase_id, dependency_start, dependent_start, lag_time, create_user, create_date, modify_user, modify_date)
VALUES ('475', '476', '0', '1', '0', '132458', '2010-05-21 07:26:30.0', '132458', '2010-05-21 07:26:30.0');
INSERT INTO phase_dependency (dependency_phase_id, dependent_phase_id, dependency_start, dependent_start, lag_time, create_user, create_date, modify_user, modify_date)
VALUES ('476', '477', '0', '1', '0', '132458', '2010-05-21 07:26:30.0', '132458', '2010-05-21 07:26:30.0');
INSERT INTO phase_dependency (dependency_phase_id, dependent_phase_id, dependency_start, dependent_start, lag_time, create_user, create_date, modify_user, modify_date)
VALUES ('477', '478', '0', '1', '0', '132458', '2010-05-21 07:26:30.0', '132458', '2010-05-21 07:26:30.0');
INSERT INTO phase_dependency (dependency_phase_id, dependent_phase_id, dependency_start, dependent_start, lag_time, create_user, create_date, modify_user, modify_date)
VALUES ('478', '479', '0', '1', '0', '132458', '2010-05-21 07:26:30.0', '132458', '2010-05-21 07:26:30.0');
INSERT INTO phase_dependency (dependency_phase_id, dependent_phase_id, dependency_start, dependent_start, lag_time, create_user, create_date, modify_user, modify_date)
VALUES ('479', '480', '0', '1', '0', '132458', '2010-05-21 07:26:30.0', '132458', '2010-05-21 07:26:30.0');
--  Data for resource
INSERT INTO resource (resource_id, resource_role_id, project_id, project_phase_id, create_user, create_date, modify_user, modify_date)
VALUES ('471', '13', '471', NULL, '132458', '2010-05-21 07:26:30.0', '132458', '2010-05-21 07:26:30.0');
--  Data for resource_info
INSERT INTO resource_info (resource_id, resource_info_type_id, value, create_user, create_date, modify_user, modify_date)
VALUES ('471', '1', '132458', '132458', '2010-05-21 07:26:30.0', '132458', '2010-05-21 07:26:30.0');
INSERT INTO resource_info (resource_id, resource_info_type_id, value, create_user, create_date, modify_user, modify_date)
VALUES ('471', '2', 'user', '132458', '2010-05-21 07:26:30.0', '132458', '2010-05-21 07:26:30.0');
--  Data for user_role
INSERT INTO user_role (user_role_id, comp_vers_id, role_id, login_id, description)
VALUES ('944', '943', '1', '132458', '');
--  Data for word_search
INSERT INTO word_search (word_search_id, document_id, index_word, nbr_occurrences)
VALUES ('947', '941', 'ever                                                                                                ', '2');
INSERT INTO word_search (word_search_id, document_id, index_word, nbr_occurrences)
VALUES ('948', '941', 'component                                                                                           ', '4');
INSERT INTO word_search (word_search_id, document_id, index_word, nbr_occurrences)
VALUES ('949', '941', 'coolest                                                                                             ', '2');
INSERT INTO word_search (word_search_id, document_id, index_word, nbr_occurrences)
VALUES ('950', '941', 'architecture                                                    ', '2');
--  Data for word_search_ctgy
INSERT INTO word_search_ctgy (word_srch_ctgy_id, category_id, document_id)
VALUES ('946', 'DDECATALOG                                        ', '941');
--  Data for word_search_doc
INSERT INTO word_search_doc (document_id)
VALUES ('941');
-- Data for project
INSERT INTO project (project_id, project_status_id, project_category_id, create_user, create_date, modify_user, modify_date)
VALUES ('481', '2', '1', '132458', '2010-05-21 07:26:30.0', '132458', '2010-05-21 07:26:30.0');
--  Data for project_info
INSERT INTO project_info (project_id, project_info_type_id, value, create_user, create_date, modify_user, modify_date)
VALUES ('481', '1', '963', '132458', '2010-05-21 07:26:30.0', '132458', '2010-05-21 07:26:30.0');
INSERT INTO project_info (project_id, project_info_type_id, value, create_user, create_date, modify_user, modify_date)
VALUES ('481', '2', '961', '132458', '2010-05-21 07:26:30.0', '132458', '2010-05-21 07:26:30.0');
INSERT INTO project_info (project_id, project_info_type_id, value, create_user, create_date, modify_user, modify_date)
VALUES ('481', '3', '1', '132458', '2010-05-21 07:26:30.0', '132458', '2010-05-21 07:26:30.0');
INSERT INTO project_info (project_id, project_info_type_id, value, create_user, create_date, modify_user, modify_date)
VALUES ('481', '4', '0', '132458', '2010-05-21 07:26:30.0', '132458', '2010-05-21 07:26:30.0');
INSERT INTO project_info (project_id, project_info_type_id, value, create_user, create_date, modify_user, modify_date)
VALUES ('481', '5', '5801779', '132458', '2010-05-21 07:26:30.0', '132458', '2010-05-21 07:26:30.0');
INSERT INTO project_info (project_id, project_info_type_id, value, create_user, create_date, modify_user, modify_date)
VALUES ('481', '6', 'Component 49', '132458', '2010-05-21 07:26:30.0', '132458', '2010-05-21 07:26:30.0');
INSERT INTO project_info (project_id, project_info_type_id, value, create_user, create_date, modify_user, modify_date)
VALUES ('481', '7', '1.0                 ', '132458', '2010-05-21 07:26:30.0', '132458', '2010-05-21 07:26:30.0');
INSERT INTO project_info (project_id, project_info_type_id, value, create_user, create_date, modify_user, modify_date)
VALUES ('481', '9', 'Off', '132458', '2010-05-21 07:26:30.0', '132458', '2010-05-21 07:26:30.0');
INSERT INTO project_info (project_id, project_info_type_id, value, create_user, create_date, modify_user, modify_date)
VALUES ('481', '10', 'On', '132458', '2010-05-21 07:26:30.0', '132458', '2010-05-21 07:26:30.0');
INSERT INTO project_info (project_id, project_info_type_id, value, create_user, create_date, modify_user, modify_date)
VALUES ('481', '11', 'On', '132458', '2010-05-21 07:26:30.0', '132458', '2010-05-21 07:26:30.0');
INSERT INTO project_info (project_id, project_info_type_id, value, create_user, create_date, modify_user, modify_date)
VALUES ('481', '12', 'Yes', '132458', '2010-05-21 07:26:30.0', '132458', '2010-05-21 07:26:30.0');
INSERT INTO project_info (project_id, project_info_type_id, value, create_user, create_date, modify_user, modify_date)
VALUES ('481', '13', 'Yes', '132458', '2010-05-21 07:26:30.0', '132458', '2010-05-21 07:26:30.0');
INSERT INTO project_info (project_id, project_info_type_id, value, create_user, create_date, modify_user, modify_date)
VALUES ('481', '14', 'Open', '132458', '2010-05-21 07:26:30.0', '132458', '2010-05-21 07:26:30.0');
INSERT INTO project_info (project_id, project_info_type_id, value, create_user, create_date, modify_user, modify_date)
VALUES ('481', '16', '0.0', '132458', '2010-05-21 07:26:30.0', '132458', '2010-05-21 07:26:30.0');
INSERT INTO project_info (project_id, project_info_type_id, value, create_user, create_date, modify_user, modify_date)
VALUES ('481', '26', 'On', '132458', '2010-05-21 07:26:30.0', '132458', '2010-05-21 07:26:30.0');
INSERT INTO project_info (project_id, project_info_type_id, value, create_user, create_date, modify_user, modify_date)
VALUES ('481', '29', 'On', '132458', '2010-05-21 07:26:30.0', '132458', '2010-05-21 07:26:30.0');
INSERT INTO project_info (project_id, project_info_type_id, value, create_user, create_date, modify_user, modify_date)
VALUES ('481', '41', 'true', '132458', '2010-05-21 07:26:30.0', '132458', '2010-05-21 07:26:30.0');
INSERT INTO project_info (project_id, project_info_type_id, value, create_user, create_date, modify_user, modify_date)
VALUES ('481', '43', 'true', '132458', '2010-05-21 07:26:30.0', '132458', '2010-05-21 07:26:30.0');
--  Data for project_phase
INSERT INTO project_phase (project_phase_id, project_id, phase_type_id, phase_status_id, fixed_start_time, scheduled_start_time, scheduled_end_time, actual_start_time, actual_end_time, duration, create_user, create_date, modify_user, modify_date)
VALUES ('481', '481', '1', '1', '2010-05-27 09:00:00.0', '2010-05-27 09:00:00.0', '2010-06-01 09:00:00.0', NULL, NULL, '259200000', '132458', '2010-05-21 07:26:30.0', '132458', '2010-05-21 07:26:30.0');
INSERT INTO project_phase (project_phase_id, project_id, phase_type_id, phase_status_id, fixed_start_time, scheduled_start_time, scheduled_end_time, actual_start_time, actual_end_time, duration, create_user, create_date, modify_user, modify_date)
VALUES ('482', '481', '2', '1', '2010-05-27 09:00:00.0', '2010-05-27 09:00:00.0', '2010-06-07 09:00:00.0', NULL, NULL, '604800000', '132458', '2010-05-21 07:26:30.0', '132458', '2010-05-21 07:26:30.0');
INSERT INTO project_phase (project_phase_id, project_id, phase_type_id, phase_status_id, fixed_start_time, scheduled_start_time, scheduled_end_time, actual_start_time, actual_end_time, duration, create_user, create_date, modify_user, modify_date)
VALUES ('483', '481', '3', '1', '2010-06-07 09:00:00.0', '2010-06-07 09:00:00.0', '2010-06-08 09:00:00.0', NULL, NULL, '86400000', '132458', '2010-05-21 07:26:30.0', '132458', '2010-05-21 07:26:30.0');
INSERT INTO project_phase (project_phase_id, project_id, phase_type_id, phase_status_id, fixed_start_time, scheduled_start_time, scheduled_end_time, actual_start_time, actual_end_time, duration, create_user, create_date, modify_user, modify_date)
VALUES ('484', '481', '4', '1', '2010-06-08 09:00:00.0', '2010-06-08 09:00:00.0', '2010-06-14 09:00:00.0', NULL, NULL, '345600000', '132458', '2010-05-21 07:26:30.0', '132458', '2010-05-21 07:26:30.0');
INSERT INTO project_phase (project_phase_id, project_id, phase_type_id, phase_status_id, fixed_start_time, scheduled_start_time, scheduled_end_time, actual_start_time, actual_end_time, duration, create_user, create_date, modify_user, modify_date)
VALUES ('485', '481', '5', '1', '2010-06-14 09:00:00.0', '2010-06-14 09:00:00.0', '2010-06-15 09:00:00.0', NULL, NULL, '86400000', '132458', '2010-05-21 07:26:30.0', '132458', '2010-05-21 07:26:30.0');
INSERT INTO project_phase (project_phase_id, project_id, phase_type_id, phase_status_id, fixed_start_time, scheduled_start_time, scheduled_end_time, actual_start_time, actual_end_time, duration, create_user, create_date, modify_user, modify_date)
VALUES ('486', '481', '6', '1', '2010-06-15 09:00:00.0', '2010-06-15 09:00:00.0', '2010-06-16 09:00:00.0', NULL, NULL, '86400000', '132458', '2010-05-21 07:26:30.0', '132458', '2010-05-21 07:26:30.0');
INSERT INTO project_phase (project_phase_id, project_id, phase_type_id, phase_status_id, fixed_start_time, scheduled_start_time, scheduled_end_time, actual_start_time, actual_end_time, duration, create_user, create_date, modify_user, modify_date)
VALUES ('487', '481', '7', '1', '2010-06-16 09:00:00.0', '2010-06-16 09:00:00.0', '2010-06-16 21:00:00.0', NULL, NULL, '43200000', '132458', '2010-05-21 07:26:30.0', '132458', '2010-05-21 07:26:30.0');
INSERT INTO project_phase (project_phase_id, project_id, phase_type_id, phase_status_id, fixed_start_time, scheduled_start_time, scheduled_end_time, actual_start_time, actual_end_time, duration, create_user, create_date, modify_user, modify_date)
VALUES ('488', '481', '8', '1', '2010-06-16 21:00:00.0', '2010-06-16 21:00:00.0', '2010-06-17 09:00:00.0', NULL, NULL, '43200000', '132458', '2010-05-21 07:26:30.0', '132458', '2010-05-21 07:26:30.0');
INSERT INTO project_phase (project_phase_id, project_id, phase_type_id, phase_status_id, fixed_start_time, scheduled_start_time, scheduled_end_time, actual_start_time, actual_end_time, duration, create_user, create_date, modify_user, modify_date)
VALUES ('489', '481', '9', '1', '2010-06-17 09:00:00.0', '2010-06-17 09:00:00.0', '2010-06-22 09:00:00.0', NULL, NULL, '259200000', '132458', '2010-05-21 07:26:30.0', '132458', '2010-05-21 07:26:30.0');
INSERT INTO project_phase (project_phase_id, project_id, phase_type_id, phase_status_id, fixed_start_time, scheduled_start_time, scheduled_end_time, actual_start_time, actual_end_time, duration, create_user, create_date, modify_user, modify_date)
VALUES ('490', '481', '10', '1', '2010-06-22 09:00:00.0', '2010-06-22 09:00:00.0', '2010-06-23 09:00:00.0', NULL, NULL, '86400000', '132458', '2010-05-21 07:26:30.0', '132458', '2010-05-21 07:26:30.0');
--  Data for comp_catalog
INSERT INTO comp_catalog (component_id, current_version, short_desc, component_name, description, function_desc, create_time, status_id, root_category_id, modify_date, public_ind)
VALUES ('961', '1', 'Coolest component ever', 'Component 49', 'Coolest component ever', 'Component', '2010-05-21 07:20:14.48', '102', '5801779', '2010-05-21 07:23:44.0', '0');
--  Data for comp_versions
INSERT INTO comp_versions (comp_vers_id, component_id, version, version_text, create_time, phase_id, phase_time, price, comments, modify_date,
                           suspended_ind)
VALUES ('963', '961', '1', '1.0                 ', '2010-05-21 07:20:14.48', '112', '1976-05-04 00:00:00.0', '1000.00', 'Cool', '2010-05-21 07:27:01.0', '0');
--  Data for comp_categories
INSERT INTO comp_categories (comp_categories_id, component_id, category_id)
VALUES ('965', '961', '11');
--  Data for comp_keywords
INSERT INTO comp_keywords (comp_keywords_id, component_id, keyword)
VALUES ('971', '961', 'design');
--  Data for comp_technology
INSERT INTO comp_technology (comp_tech_id, comp_vers_id, technology_type_id)
VALUES ('972', '963', '1');
--  Data for comp_documentation
INSERT INTO comp_documentation (document_id, comp_vers_id, document_type_id, document_name, url)
VALUES ('973', '963', '0', 'Requirements Specification', '961/963/MQTTBroker_Requirements_Specification.pdf');
--  Data for comp_jive_category_xref
INSERT INTO comp_jive_category_xref (comp_vers_id, jive_category_id)
VALUES ('963', '0');
--  Data for comp_version_dates
INSERT INTO comp_version_dates (comp_version_dates_id, comp_vers_id, phase_id, posting_date, initial_submission_date, winner_announced_date, final_submission_date,
                                estimated_dev_date, price, total_submissions, status_id, create_time, level_id, screening_complete_date, review_complete_date,
                                aggregation_complete_date, phase_complete_date, production_date, aggregation_complete_date_comment, phase_complete_date_comment,
                                review_complete_date_comment, winner_announced_date_comment, initial_submission_date_comment, screening_complete_date_comment,
                                final_submission_date_comment, production_date_comment, modify_date)
VALUES ('974', '963', '112', '1976-05-05', '2000-01-01', '2000-01-01', 
        '2000-01-01', '2000-01-01', NULL, '0', '301', '2010-05-21 07:27:01.0', '100', '2000-01-01',
        '2000-01-01', '2000-01-01', '2000-01-01', '2010-12-01', 
        NULL, NULL, NULL, NULL, NULL, NULL, NULL, '', '2010-05-21 07:27:01.0');
--  Data for phase_criteria
INSERT INTO phase_criteria (project_phase_id, phase_criteria_type_id, parameter, create_user, create_date, modify_user, modify_date)
VALUES ('481', '2', '0', '132458', '2010-05-21 07:26:30.0', '132458', '2010-05-21 07:26:30.0');
INSERT INTO phase_criteria (project_phase_id, phase_criteria_type_id, parameter, create_user, create_date, modify_user, modify_date)
VALUES ('481', '5', 'No', '132458', '2010-05-21 07:26:30.0', '132458', '2010-05-21 07:26:30.0');
INSERT INTO phase_criteria (project_phase_id, phase_criteria_type_id, parameter, create_user, create_date, modify_user, modify_date)
VALUES ('482', '3', '0', '132458', '2010-05-21 07:26:30.0', '132458', '2010-05-21 07:26:30.0');
INSERT INTO phase_criteria (project_phase_id, phase_criteria_type_id, parameter, create_user, create_date, modify_user, modify_date)
VALUES ('482', '5', 'No', '132458', '2010-05-21 07:26:30.0', '132458', '2010-05-21 07:26:30.0');
INSERT INTO phase_criteria (project_phase_id, phase_criteria_type_id, parameter, create_user, create_date, modify_user, modify_date)
VALUES ('483', '5', 'No', '132458', '2010-05-21 07:26:30.0', '132458', '2010-05-21 07:26:30.0');
INSERT INTO phase_criteria (project_phase_id, phase_criteria_type_id, parameter, create_user, create_date, modify_user, modify_date)
VALUES ('483', '1', '30000410', '132458', '2010-05-21 07:26:30.0', '132458', '2010-05-21 07:26:30.0');
INSERT INTO phase_criteria (project_phase_id, phase_criteria_type_id, parameter, create_user, create_date, modify_user, modify_date)
VALUES ('484', '5', 'No', '132458', '2010-05-21 07:26:30.0', '132458', '2010-05-21 07:26:30.0');
INSERT INTO phase_criteria (project_phase_id, phase_criteria_type_id, parameter, create_user, create_date, modify_user, modify_date)
VALUES ('484', '1', '30000411', '132458', '2010-05-21 07:26:30.0', '132458', '2010-05-21 07:26:30.0');
INSERT INTO phase_criteria (project_phase_id, phase_criteria_type_id, parameter, create_user, create_date, modify_user, modify_date)
VALUES ('484', '6', '3', '132458', '2010-05-21 07:26:30.0', '132458', '2010-05-21 07:26:30.0');
INSERT INTO phase_criteria (project_phase_id, phase_criteria_type_id, parameter, create_user, create_date, modify_user, modify_date)
VALUES ('485', '5', 'No', '132458', '2010-05-21 07:26:30.0', '132458', '2010-05-21 07:26:30.0');
INSERT INTO phase_criteria (project_phase_id, phase_criteria_type_id, parameter, create_user, create_date, modify_user, modify_date)
VALUES ('485', '4', 'No', '132458', '2010-05-21 07:26:30.0', '132458', '2010-05-21 07:26:30.0');
INSERT INTO phase_criteria (project_phase_id, phase_criteria_type_id, parameter, create_user, create_date, modify_user, modify_date)
VALUES ('486', '5', 'No', '132458', '2010-05-21 07:26:30.0', '132458', '2010-05-21 07:26:30.0');
INSERT INTO phase_criteria (project_phase_id, phase_criteria_type_id, parameter, create_user, create_date, modify_user, modify_date)
VALUES ('487', '5', 'No', '132458', '2010-05-21 07:26:30.0', '132458', '2010-05-21 07:26:30.0');
INSERT INTO phase_criteria (project_phase_id, phase_criteria_type_id, parameter, create_user, create_date, modify_user, modify_date)
VALUES ('488', '5', 'No', '132458', '2010-05-21 07:26:30.0', '132458', '2010-05-21 07:26:30.0');
INSERT INTO phase_criteria (project_phase_id, phase_criteria_type_id, parameter, create_user, create_date, modify_user, modify_date)
VALUES ('489', '5', 'No', '132458', '2010-05-21 07:26:30.0', '132458', '2010-05-21 07:26:30.0');
INSERT INTO phase_criteria (project_phase_id, phase_criteria_type_id, parameter, create_user, create_date, modify_user, modify_date)
VALUES ('490', '5', 'No', '132458', '2010-05-21 07:26:30.0', '132458', '2010-05-21 07:26:30.0');
--  Data for phase_dependency
INSERT INTO phase_dependency (dependency_phase_id, dependent_phase_id, dependency_start, dependent_start, lag_time, create_user, create_date, modify_user, modify_date)
VALUES ('481', '482', '1', '1', '0', '132458', '2010-05-21 07:26:30.0', '132458', '2010-05-21 07:26:30.0');
INSERT INTO phase_dependency (dependency_phase_id, dependent_phase_id, dependency_start, dependent_start, lag_time, create_user, create_date, modify_user, modify_date)
VALUES ('482', '483', '0', '1', '0', '132458', '2010-05-21 07:26:30.0', '132458', '2010-05-21 07:26:30.0');
INSERT INTO phase_dependency (dependency_phase_id, dependent_phase_id, dependency_start, dependent_start, lag_time, create_user, create_date, modify_user, modify_date)
VALUES ('483', '484', '0', '1', '0', '132458', '2010-05-21 07:26:30.0', '132458', '2010-05-21 07:26:30.0');
INSERT INTO phase_dependency (dependency_phase_id, dependent_phase_id, dependency_start, dependent_start, lag_time, create_user, create_date, modify_user, modify_date)
VALUES ('484', '485', '0', '1', '0', '132458', '2010-05-21 07:26:30.0', '132458', '2010-05-21 07:26:30.0');
INSERT INTO phase_dependency (dependency_phase_id, dependent_phase_id, dependency_start, dependent_start, lag_time, create_user, create_date, modify_user, modify_date)
VALUES ('485', '486', '0', '1', '0', '132458', '2010-05-21 07:26:30.0', '132458', '2010-05-21 07:26:30.0');
INSERT INTO phase_dependency (dependency_phase_id, dependent_phase_id, dependency_start, dependent_start, lag_time, create_user, create_date, modify_user, modify_date)
VALUES ('486', '487', '0', '1', '0', '132458', '2010-05-21 07:26:30.0', '132458', '2010-05-21 07:26:30.0');
INSERT INTO phase_dependency (dependency_phase_id, dependent_phase_id, dependency_start, dependent_start, lag_time, create_user, create_date, modify_user, modify_date)
VALUES ('487', '488', '0', '1', '0', '132458', '2010-05-21 07:26:30.0', '132458', '2010-05-21 07:26:30.0');
INSERT INTO phase_dependency (dependency_phase_id, dependent_phase_id, dependency_start, dependent_start, lag_time, create_user, create_date, modify_user, modify_date)
VALUES ('488', '489', '0', '1', '0', '132458', '2010-05-21 07:26:30.0', '132458', '2010-05-21 07:26:30.0');
INSERT INTO phase_dependency (dependency_phase_id, dependent_phase_id, dependency_start, dependent_start, lag_time, create_user, create_date, modify_user, modify_date)
VALUES ('489', '490', '0', '1', '0', '132458', '2010-05-21 07:26:30.0', '132458', '2010-05-21 07:26:30.0');
--  Data for resource
INSERT INTO resource (resource_id, resource_role_id, project_id, project_phase_id, create_user, create_date, modify_user, modify_date)
VALUES ('481', '13', '481', NULL, '132458', '2010-05-21 07:26:30.0', '132458', '2010-05-21 07:26:30.0');
--  Data for resource_info
INSERT INTO resource_info (resource_id, resource_info_type_id, value, create_user, create_date, modify_user, modify_date)
VALUES ('481', '1', '132458', '132458', '2010-05-21 07:26:30.0', '132458', '2010-05-21 07:26:30.0');
INSERT INTO resource_info (resource_id, resource_info_type_id, value, create_user, create_date, modify_user, modify_date)
VALUES ('481', '2', 'user', '132458', '2010-05-21 07:26:30.0', '132458', '2010-05-21 07:26:30.0');
--  Data for user_role
INSERT INTO user_role (user_role_id, comp_vers_id, role_id, login_id, description)
VALUES ('964', '963', '1', '132458', '');
--  Data for word_search
INSERT INTO word_search (word_search_id, document_id, index_word, nbr_occurrences)
VALUES ('967', '961', 'ever                                                                                                ', '2');
INSERT INTO word_search (word_search_id, document_id, index_word, nbr_occurrences)
VALUES ('968', '961', 'component                                                                                           ', '4');
INSERT INTO word_search (word_search_id, document_id, index_word, nbr_occurrences)
VALUES ('969', '961', 'coolest                                                                                             ', '2');
INSERT INTO word_search (word_search_id, document_id, index_word, nbr_occurrences)
VALUES ('970', '961', 'design                                                    ', '2');
--  Data for word_search_ctgy
INSERT INTO word_search_ctgy (word_srch_ctgy_id, category_id, document_id)
VALUES ('966', 'DDECATALOG                                        ', '961');
--  Data for word_search_doc
INSERT INTO word_search_doc (document_id)
VALUES ('961');
-- Data for project
INSERT INTO project (project_id, project_status_id, project_category_id, create_user, create_date, modify_user, modify_date)
VALUES ('491', '2', '14', '132456', '2010-05-21 07:26:30.0', '132456', '2010-05-21 07:26:30.0');
--  Data for project_info
INSERT INTO project_info (project_id, project_info_type_id, value, create_user, create_date, modify_user, modify_date)
VALUES ('491', '1', '983', '132456', '2010-05-21 07:26:30.0', '132456', '2010-05-21 07:26:30.0');
INSERT INTO project_info (project_id, project_info_type_id, value, create_user, create_date, modify_user, modify_date)
VALUES ('491', '2', '981', '132456', '2010-05-21 07:26:30.0', '132456', '2010-05-21 07:26:30.0');
INSERT INTO project_info (project_id, project_info_type_id, value, create_user, create_date, modify_user, modify_date)
VALUES ('491', '3', '1', '132456', '2010-05-21 07:26:30.0', '132456', '2010-05-21 07:26:30.0');
INSERT INTO project_info (project_id, project_info_type_id, value, create_user, create_date, modify_user, modify_date)
VALUES ('491', '4', '0', '132456', '2010-05-21 07:26:30.0', '132456', '2010-05-21 07:26:30.0');
INSERT INTO project_info (project_id, project_info_type_id, value, create_user, create_date, modify_user, modify_date)
VALUES ('491', '5', '5801777', '132456', '2010-05-21 07:26:30.0', '132456', '2010-05-21 07:26:30.0');
INSERT INTO project_info (project_id, project_info_type_id, value, create_user, create_date, modify_user, modify_date)
VALUES ('491', '6', 'Component 50', '132456', '2010-05-21 07:26:30.0', '132456', '2010-05-21 07:26:30.0');
INSERT INTO project_info (project_id, project_info_type_id, value, create_user, create_date, modify_user, modify_date)
VALUES ('491', '7', '1.0                 ', '132456', '2010-05-21 07:26:30.0', '132456', '2010-05-21 07:26:30.0');
INSERT INTO project_info (project_id, project_info_type_id, value, create_user, create_date, modify_user, modify_date)
VALUES ('491', '9', 'Off', '132456', '2010-05-21 07:26:30.0', '132456', '2010-05-21 07:26:30.0');
INSERT INTO project_info (project_id, project_info_type_id, value, create_user, create_date, modify_user, modify_date)
VALUES ('491', '10', 'On', '132456', '2010-05-21 07:26:30.0', '132456', '2010-05-21 07:26:30.0');
INSERT INTO project_info (project_id, project_info_type_id, value, create_user, create_date, modify_user, modify_date)
VALUES ('491', '11', 'On', '132456', '2010-05-21 07:26:30.0', '132456', '2010-05-21 07:26:30.0');
INSERT INTO project_info (project_id, project_info_type_id, value, create_user, create_date, modify_user, modify_date)
VALUES ('491', '12', 'Yes', '132456', '2010-05-21 07:26:30.0', '132456', '2010-05-21 07:26:30.0');
INSERT INTO project_info (project_id, project_info_type_id, value, create_user, create_date, modify_user, modify_date)
VALUES ('491', '13', 'Yes', '132456', '2010-05-21 07:26:30.0', '132456', '2010-05-21 07:26:30.0');
INSERT INTO project_info (project_id, project_info_type_id, value, create_user, create_date, modify_user, modify_date)
VALUES ('491', '14', 'Open', '132456', '2010-05-21 07:26:30.0', '132456', '2010-05-21 07:26:30.0');
INSERT INTO project_info (project_id, project_info_type_id, value, create_user, create_date, modify_user, modify_date)
VALUES ('491', '16', '0.0', '132456', '2010-05-21 07:26:30.0', '132456', '2010-05-21 07:26:30.0');
INSERT INTO project_info (project_id, project_info_type_id, value, create_user, create_date, modify_user, modify_date)
VALUES ('491', '26', 'On', '132456', '2010-05-21 07:26:30.0', '132456', '2010-05-21 07:26:30.0');
INSERT INTO project_info (project_id, project_info_type_id, value, create_user, create_date, modify_user, modify_date)
VALUES ('491', '29', 'On', '132456', '2010-05-21 07:26:30.0', '132456', '2010-05-21 07:26:30.0');
INSERT INTO project_info (project_id, project_info_type_id, value, create_user, create_date, modify_user, modify_date)
VALUES ('491', '41', 'true', '132456', '2010-05-21 07:26:30.0', '132456', '2010-05-21 07:26:30.0');
INSERT INTO project_info (project_id, project_info_type_id, value, create_user, create_date, modify_user, modify_date)
VALUES ('491', '43', 'true', '132456', '2010-05-21 07:26:30.0', '132456', '2010-05-21 07:26:30.0');
--  Data for project_phase
INSERT INTO project_phase (project_phase_id, project_id, phase_type_id, phase_status_id, fixed_start_time, scheduled_start_time, scheduled_end_time, actual_start_time, actual_end_time, duration, create_user, create_date, modify_user, modify_date)
VALUES ('491', '491', '1', '1', '2010-05-27 09:00:00.0', '2010-05-27 09:00:00.0', '2010-06-01 09:00:00.0', NULL, NULL, '259200000', '132456', '2010-05-21 07:26:30.0', '132456', '2010-05-21 07:26:30.0');
INSERT INTO project_phase (project_phase_id, project_id, phase_type_id, phase_status_id, fixed_start_time, scheduled_start_time, scheduled_end_time, actual_start_time, actual_end_time, duration, create_user, create_date, modify_user, modify_date)
VALUES ('492', '491', '2', '1', '2010-05-27 09:00:00.0', '2010-05-27 09:00:00.0', '2010-06-07 09:00:00.0', NULL, NULL, '604800000', '132456', '2010-05-21 07:26:30.0', '132456', '2010-05-21 07:26:30.0');
INSERT INTO project_phase (project_phase_id, project_id, phase_type_id, phase_status_id, fixed_start_time, scheduled_start_time, scheduled_end_time, actual_start_time, actual_end_time, duration, create_user, create_date, modify_user, modify_date)
VALUES ('493', '491', '3', '1', '2010-06-07 09:00:00.0', '2010-06-07 09:00:00.0', '2010-06-08 09:00:00.0', NULL, NULL, '86400000', '132456', '2010-05-21 07:26:30.0', '132456', '2010-05-21 07:26:30.0');
INSERT INTO project_phase (project_phase_id, project_id, phase_type_id, phase_status_id, fixed_start_time, scheduled_start_time, scheduled_end_time, actual_start_time, actual_end_time, duration, create_user, create_date, modify_user, modify_date)
VALUES ('494', '491', '4', '1', '2010-06-08 09:00:00.0', '2010-06-08 09:00:00.0', '2010-06-14 09:00:00.0', NULL, NULL, '345600000', '132456', '2010-05-21 07:26:30.0', '132456', '2010-05-21 07:26:30.0');
INSERT INTO project_phase (project_phase_id, project_id, phase_type_id, phase_status_id, fixed_start_time, scheduled_start_time, scheduled_end_time, actual_start_time, actual_end_time, duration, create_user, create_date, modify_user, modify_date)
VALUES ('495', '491', '5', '1', '2010-06-14 09:00:00.0', '2010-06-14 09:00:00.0', '2010-06-15 09:00:00.0', NULL, NULL, '86400000', '132456', '2010-05-21 07:26:30.0', '132456', '2010-05-21 07:26:30.0');
INSERT INTO project_phase (project_phase_id, project_id, phase_type_id, phase_status_id, fixed_start_time, scheduled_start_time, scheduled_end_time, actual_start_time, actual_end_time, duration, create_user, create_date, modify_user, modify_date)
VALUES ('496', '491', '6', '1', '2010-06-15 09:00:00.0', '2010-06-15 09:00:00.0', '2010-06-16 09:00:00.0', NULL, NULL, '86400000', '132456', '2010-05-21 07:26:30.0', '132456', '2010-05-21 07:26:30.0');
INSERT INTO project_phase (project_phase_id, project_id, phase_type_id, phase_status_id, fixed_start_time, scheduled_start_time, scheduled_end_time, actual_start_time, actual_end_time, duration, create_user, create_date, modify_user, modify_date)
VALUES ('497', '491', '7', '1', '2010-06-16 09:00:00.0', '2010-06-16 09:00:00.0', '2010-06-16 21:00:00.0', NULL, NULL, '43200000', '132456', '2010-05-21 07:26:30.0', '132456', '2010-05-21 07:26:30.0');
INSERT INTO project_phase (project_phase_id, project_id, phase_type_id, phase_status_id, fixed_start_time, scheduled_start_time, scheduled_end_time, actual_start_time, actual_end_time, duration, create_user, create_date, modify_user, modify_date)
VALUES ('498', '491', '8', '1', '2010-06-16 21:00:00.0', '2010-06-16 21:00:00.0', '2010-06-17 09:00:00.0', NULL, NULL, '43200000', '132456', '2010-05-21 07:26:30.0', '132456', '2010-05-21 07:26:30.0');
INSERT INTO project_phase (project_phase_id, project_id, phase_type_id, phase_status_id, fixed_start_time, scheduled_start_time, scheduled_end_time, actual_start_time, actual_end_time, duration, create_user, create_date, modify_user, modify_date)
VALUES ('499', '491', '9', '1', '2010-06-17 09:00:00.0', '2010-06-17 09:00:00.0', '2010-06-22 09:00:00.0', NULL, NULL, '259200000', '132456', '2010-05-21 07:26:30.0', '132456', '2010-05-21 07:26:30.0');
INSERT INTO project_phase (project_phase_id, project_id, phase_type_id, phase_status_id, fixed_start_time, scheduled_start_time, scheduled_end_time, actual_start_time, actual_end_time, duration, create_user, create_date, modify_user, modify_date)
VALUES ('500', '491', '10', '1', '2010-06-22 09:00:00.0', '2010-06-22 09:00:00.0', '2010-06-23 09:00:00.0', NULL, NULL, '86400000', '132456', '2010-05-21 07:26:30.0', '132456', '2010-05-21 07:26:30.0');
--  Data for comp_catalog
INSERT INTO comp_catalog (component_id, current_version, short_desc, component_name, description, function_desc, create_time, status_id, root_category_id, modify_date, public_ind)
VALUES ('981', '1', 'Coolest component ever', 'Component 50', 'Coolest component ever', 'Component', '2010-05-21 07:20:14.48', '102', '5801777', '2010-05-21 07:23:44.0', '0');
--  Data for comp_versions
INSERT INTO comp_versions (comp_vers_id, component_id, version, version_text, create_time, phase_id, phase_time, price, comments, modify_date,
                           suspended_ind)
VALUES ('983', '981', '1', '1.0                 ', '2010-05-21 07:20:14.48', '112', '1976-05-04 00:00:00.0', '1000.00', 'Cool', '2010-05-21 07:27:01.0', '0');
--  Data for comp_categories
INSERT INTO comp_categories (comp_categories_id, component_id, category_id)
VALUES ('985', '981', '11');
--  Data for comp_keywords
INSERT INTO comp_keywords (comp_keywords_id, component_id, keyword)
VALUES ('991', '981', 'assembly');
--  Data for comp_technology
INSERT INTO comp_technology (comp_tech_id, comp_vers_id, technology_type_id)
VALUES ('992', '983', '1');
--  Data for comp_documentation
INSERT INTO comp_documentation (document_id, comp_vers_id, document_type_id, document_name, url)
VALUES ('993', '983', '0', 'Requirements Specification', '981/983/MQTTBroker_Requirements_Specification.pdf');
--  Data for comp_jive_category_xref
INSERT INTO comp_jive_category_xref (comp_vers_id, jive_category_id)
VALUES ('983', '0');
--  Data for comp_version_dates
INSERT INTO comp_version_dates (comp_version_dates_id, comp_vers_id, phase_id, posting_date, initial_submission_date, winner_announced_date, final_submission_date,
                                estimated_dev_date, price, total_submissions, status_id, create_time, level_id, screening_complete_date, review_complete_date,
                                aggregation_complete_date, phase_complete_date, production_date, aggregation_complete_date_comment, phase_complete_date_comment,
                                review_complete_date_comment, winner_announced_date_comment, initial_submission_date_comment, screening_complete_date_comment,
                                final_submission_date_comment, production_date_comment, modify_date)
VALUES ('994', '983', '112', '1976-05-05', '2000-01-01', '2000-01-01', 
        '2000-01-01', '2000-01-01', NULL, '0', '301', '2010-05-21 07:27:01.0', '100', '2000-01-01',
        '2000-01-01', '2000-01-01', '2000-01-01', '2010-12-01', 
        NULL, NULL, NULL, NULL, NULL, NULL, NULL, '', '2010-05-21 07:27:01.0');
--  Data for phase_criteria
INSERT INTO phase_criteria (project_phase_id, phase_criteria_type_id, parameter, create_user, create_date, modify_user, modify_date)
VALUES ('491', '2', '0', '132456', '2010-05-21 07:26:30.0', '132456', '2010-05-21 07:26:30.0');
INSERT INTO phase_criteria (project_phase_id, phase_criteria_type_id, parameter, create_user, create_date, modify_user, modify_date)
VALUES ('491', '5', 'No', '132456', '2010-05-21 07:26:30.0', '132456', '2010-05-21 07:26:30.0');
INSERT INTO phase_criteria (project_phase_id, phase_criteria_type_id, parameter, create_user, create_date, modify_user, modify_date)
VALUES ('492', '3', '0', '132456', '2010-05-21 07:26:30.0', '132456', '2010-05-21 07:26:30.0');
INSERT INTO phase_criteria (project_phase_id, phase_criteria_type_id, parameter, create_user, create_date, modify_user, modify_date)
VALUES ('492', '5', 'No', '132456', '2010-05-21 07:26:30.0', '132456', '2010-05-21 07:26:30.0');
INSERT INTO phase_criteria (project_phase_id, phase_criteria_type_id, parameter, create_user, create_date, modify_user, modify_date)
VALUES ('493', '5', 'No', '132456', '2010-05-21 07:26:30.0', '132456', '2010-05-21 07:26:30.0');
INSERT INTO phase_criteria (project_phase_id, phase_criteria_type_id, parameter, create_user, create_date, modify_user, modify_date)
VALUES ('493', '1', '30000410', '132456', '2010-05-21 07:26:30.0', '132456', '2010-05-21 07:26:30.0');
INSERT INTO phase_criteria (project_phase_id, phase_criteria_type_id, parameter, create_user, create_date, modify_user, modify_date)
VALUES ('494', '5', 'No', '132456', '2010-05-21 07:26:30.0', '132456', '2010-05-21 07:26:30.0');
INSERT INTO phase_criteria (project_phase_id, phase_criteria_type_id, parameter, create_user, create_date, modify_user, modify_date)
VALUES ('494', '1', '30000411', '132456', '2010-05-21 07:26:30.0', '132456', '2010-05-21 07:26:30.0');
INSERT INTO phase_criteria (project_phase_id, phase_criteria_type_id, parameter, create_user, create_date, modify_user, modify_date)
VALUES ('494', '6', '3', '132456', '2010-05-21 07:26:30.0', '132456', '2010-05-21 07:26:30.0');
INSERT INTO phase_criteria (project_phase_id, phase_criteria_type_id, parameter, create_user, create_date, modify_user, modify_date)
VALUES ('495', '5', 'No', '132456', '2010-05-21 07:26:30.0', '132456', '2010-05-21 07:26:30.0');
INSERT INTO phase_criteria (project_phase_id, phase_criteria_type_id, parameter, create_user, create_date, modify_user, modify_date)
VALUES ('495', '4', 'No', '132456', '2010-05-21 07:26:30.0', '132456', '2010-05-21 07:26:30.0');
INSERT INTO phase_criteria (project_phase_id, phase_criteria_type_id, parameter, create_user, create_date, modify_user, modify_date)
VALUES ('496', '5', 'No', '132456', '2010-05-21 07:26:30.0', '132456', '2010-05-21 07:26:30.0');
INSERT INTO phase_criteria (project_phase_id, phase_criteria_type_id, parameter, create_user, create_date, modify_user, modify_date)
VALUES ('497', '5', 'No', '132456', '2010-05-21 07:26:30.0', '132456', '2010-05-21 07:26:30.0');
INSERT INTO phase_criteria (project_phase_id, phase_criteria_type_id, parameter, create_user, create_date, modify_user, modify_date)
VALUES ('498', '5', 'No', '132456', '2010-05-21 07:26:30.0', '132456', '2010-05-21 07:26:30.0');
INSERT INTO phase_criteria (project_phase_id, phase_criteria_type_id, parameter, create_user, create_date, modify_user, modify_date)
VALUES ('499', '5', 'No', '132456', '2010-05-21 07:26:30.0', '132456', '2010-05-21 07:26:30.0');
INSERT INTO phase_criteria (project_phase_id, phase_criteria_type_id, parameter, create_user, create_date, modify_user, modify_date)
VALUES ('500', '5', 'No', '132456', '2010-05-21 07:26:30.0', '132456', '2010-05-21 07:26:30.0');
--  Data for phase_dependency
INSERT INTO phase_dependency (dependency_phase_id, dependent_phase_id, dependency_start, dependent_start, lag_time, create_user, create_date, modify_user, modify_date)
VALUES ('491', '492', '1', '1', '0', '132456', '2010-05-21 07:26:30.0', '132456', '2010-05-21 07:26:30.0');
INSERT INTO phase_dependency (dependency_phase_id, dependent_phase_id, dependency_start, dependent_start, lag_time, create_user, create_date, modify_user, modify_date)
VALUES ('492', '493', '0', '1', '0', '132456', '2010-05-21 07:26:30.0', '132456', '2010-05-21 07:26:30.0');
INSERT INTO phase_dependency (dependency_phase_id, dependent_phase_id, dependency_start, dependent_start, lag_time, create_user, create_date, modify_user, modify_date)
VALUES ('493', '494', '0', '1', '0', '132456', '2010-05-21 07:26:30.0', '132456', '2010-05-21 07:26:30.0');
INSERT INTO phase_dependency (dependency_phase_id, dependent_phase_id, dependency_start, dependent_start, lag_time, create_user, create_date, modify_user, modify_date)
VALUES ('494', '495', '0', '1', '0', '132456', '2010-05-21 07:26:30.0', '132456', '2010-05-21 07:26:30.0');
INSERT INTO phase_dependency (dependency_phase_id, dependent_phase_id, dependency_start, dependent_start, lag_time, create_user, create_date, modify_user, modify_date)
VALUES ('495', '496', '0', '1', '0', '132456', '2010-05-21 07:26:30.0', '132456', '2010-05-21 07:26:30.0');
INSERT INTO phase_dependency (dependency_phase_id, dependent_phase_id, dependency_start, dependent_start, lag_time, create_user, create_date, modify_user, modify_date)
VALUES ('496', '497', '0', '1', '0', '132456', '2010-05-21 07:26:30.0', '132456', '2010-05-21 07:26:30.0');
INSERT INTO phase_dependency (dependency_phase_id, dependent_phase_id, dependency_start, dependent_start, lag_time, create_user, create_date, modify_user, modify_date)
VALUES ('497', '498', '0', '1', '0', '132456', '2010-05-21 07:26:30.0', '132456', '2010-05-21 07:26:30.0');
INSERT INTO phase_dependency (dependency_phase_id, dependent_phase_id, dependency_start, dependent_start, lag_time, create_user, create_date, modify_user, modify_date)
VALUES ('498', '499', '0', '1', '0', '132456', '2010-05-21 07:26:30.0', '132456', '2010-05-21 07:26:30.0');
INSERT INTO phase_dependency (dependency_phase_id, dependent_phase_id, dependency_start, dependent_start, lag_time, create_user, create_date, modify_user, modify_date)
VALUES ('499', '500', '0', '1', '0', '132456', '2010-05-21 07:26:30.0', '132456', '2010-05-21 07:26:30.0');
--  Data for resource
INSERT INTO resource (resource_id, resource_role_id, project_id, project_phase_id, create_user, create_date, modify_user, modify_date)
VALUES ('491', '13', '491', NULL, '132456', '2010-05-21 07:26:30.0', '132456', '2010-05-21 07:26:30.0');
--  Data for resource_info
INSERT INTO resource_info (resource_id, resource_info_type_id, value, create_user, create_date, modify_user, modify_date)
VALUES ('491', '1', '132456', '132456', '2010-05-21 07:26:30.0', '132456', '2010-05-21 07:26:30.0');
INSERT INTO resource_info (resource_id, resource_info_type_id, value, create_user, create_date, modify_user, modify_date)
VALUES ('491', '2', 'heffan', '132456', '2010-05-21 07:26:30.0', '132456', '2010-05-21 07:26:30.0');
--  Data for user_role
INSERT INTO user_role (user_role_id, comp_vers_id, role_id, login_id, description)
VALUES ('984', '983', '1', '132456', '');
--  Data for word_search
INSERT INTO word_search (word_search_id, document_id, index_word, nbr_occurrences)
VALUES ('987', '981', 'ever                                                                                                ', '2');
INSERT INTO word_search (word_search_id, document_id, index_word, nbr_occurrences)
VALUES ('988', '981', 'component                                                                                           ', '4');
INSERT INTO word_search (word_search_id, document_id, index_word, nbr_occurrences)
VALUES ('989', '981', 'coolest                                                                                             ', '2');
INSERT INTO word_search (word_search_id, document_id, index_word, nbr_occurrences)
VALUES ('990', '981', 'assembly                                                    ', '2');
--  Data for word_search_ctgy
INSERT INTO word_search_ctgy (word_srch_ctgy_id, category_id, document_id)
VALUES ('986', 'DDECATALOG                                        ', '981');
--  Data for word_search_doc
INSERT INTO word_search_doc (document_id)
VALUES ('981');
-- Data for project
INSERT INTO project (project_id, project_status_id, project_category_id, create_user, create_date, modify_user, modify_date)
VALUES ('501', '2', '1', '132456', '2010-05-21 07:26:30.0', '132456', '2010-05-21 07:26:30.0');
--  Data for project_info
INSERT INTO project_info (project_id, project_info_type_id, value, create_user, create_date, modify_user, modify_date)
VALUES ('501', '1', '1003', '132456', '2010-05-21 07:26:30.0', '132456', '2010-05-21 07:26:30.0');
INSERT INTO project_info (project_id, project_info_type_id, value, create_user, create_date, modify_user, modify_date)
VALUES ('501', '2', '1001', '132456', '2010-05-21 07:26:30.0', '132456', '2010-05-21 07:26:30.0');
INSERT INTO project_info (project_id, project_info_type_id, value, create_user, create_date, modify_user, modify_date)
VALUES ('501', '3', '1', '132456', '2010-05-21 07:26:30.0', '132456', '2010-05-21 07:26:30.0');
INSERT INTO project_info (project_id, project_info_type_id, value, create_user, create_date, modify_user, modify_date)
VALUES ('501', '4', '0', '132456', '2010-05-21 07:26:30.0', '132456', '2010-05-21 07:26:30.0');
INSERT INTO project_info (project_id, project_info_type_id, value, create_user, create_date, modify_user, modify_date)
VALUES ('501', '5', '5801778', '132456', '2010-05-21 07:26:30.0', '132456', '2010-05-21 07:26:30.0');
INSERT INTO project_info (project_id, project_info_type_id, value, create_user, create_date, modify_user, modify_date)
VALUES ('501', '6', 'Component 51', '132456', '2010-05-21 07:26:30.0', '132456', '2010-05-21 07:26:30.0');
INSERT INTO project_info (project_id, project_info_type_id, value, create_user, create_date, modify_user, modify_date)
VALUES ('501', '7', '1.0                 ', '132456', '2010-05-21 07:26:30.0', '132456', '2010-05-21 07:26:30.0');
INSERT INTO project_info (project_id, project_info_type_id, value, create_user, create_date, modify_user, modify_date)
VALUES ('501', '9', 'Off', '132456', '2010-05-21 07:26:30.0', '132456', '2010-05-21 07:26:30.0');
INSERT INTO project_info (project_id, project_info_type_id, value, create_user, create_date, modify_user, modify_date)
VALUES ('501', '10', 'On', '132456', '2010-05-21 07:26:30.0', '132456', '2010-05-21 07:26:30.0');
INSERT INTO project_info (project_id, project_info_type_id, value, create_user, create_date, modify_user, modify_date)
VALUES ('501', '11', 'On', '132456', '2010-05-21 07:26:30.0', '132456', '2010-05-21 07:26:30.0');
INSERT INTO project_info (project_id, project_info_type_id, value, create_user, create_date, modify_user, modify_date)
VALUES ('501', '12', 'Yes', '132456', '2010-05-21 07:26:30.0', '132456', '2010-05-21 07:26:30.0');
INSERT INTO project_info (project_id, project_info_type_id, value, create_user, create_date, modify_user, modify_date)
VALUES ('501', '13', 'Yes', '132456', '2010-05-21 07:26:30.0', '132456', '2010-05-21 07:26:30.0');
INSERT INTO project_info (project_id, project_info_type_id, value, create_user, create_date, modify_user, modify_date)
VALUES ('501', '14', 'Open', '132456', '2010-05-21 07:26:30.0', '132456', '2010-05-21 07:26:30.0');
INSERT INTO project_info (project_id, project_info_type_id, value, create_user, create_date, modify_user, modify_date)
VALUES ('501', '16', '0.0', '132456', '2010-05-21 07:26:30.0', '132456', '2010-05-21 07:26:30.0');
INSERT INTO project_info (project_id, project_info_type_id, value, create_user, create_date, modify_user, modify_date)
VALUES ('501', '26', 'On', '132456', '2010-05-21 07:26:30.0', '132456', '2010-05-21 07:26:30.0');
INSERT INTO project_info (project_id, project_info_type_id, value, create_user, create_date, modify_user, modify_date)
VALUES ('501', '29', 'On', '132456', '2010-05-21 07:26:30.0', '132456', '2010-05-21 07:26:30.0');
INSERT INTO project_info (project_id, project_info_type_id, value, create_user, create_date, modify_user, modify_date)
VALUES ('501', '41', 'true', '132456', '2010-05-21 07:26:30.0', '132456', '2010-05-21 07:26:30.0');
INSERT INTO project_info (project_id, project_info_type_id, value, create_user, create_date, modify_user, modify_date)
VALUES ('501', '43', 'true', '132456', '2010-05-21 07:26:30.0', '132456', '2010-05-21 07:26:30.0');
--  Data for project_phase
INSERT INTO project_phase (project_phase_id, project_id, phase_type_id, phase_status_id, fixed_start_time, scheduled_start_time, scheduled_end_time, actual_start_time, actual_end_time, duration, create_user, create_date, modify_user, modify_date)
VALUES ('501', '501', '1', '1', '2010-05-27 09:00:00.0', '2010-05-27 09:00:00.0', '2010-06-01 09:00:00.0', NULL, NULL, '259200000', '132456', '2010-05-21 07:26:30.0', '132456', '2010-05-21 07:26:30.0');
INSERT INTO project_phase (project_phase_id, project_id, phase_type_id, phase_status_id, fixed_start_time, scheduled_start_time, scheduled_end_time, actual_start_time, actual_end_time, duration, create_user, create_date, modify_user, modify_date)
VALUES ('502', '501', '2', '1', '2010-05-27 09:00:00.0', '2010-05-27 09:00:00.0', '2010-06-07 09:00:00.0', NULL, NULL, '604800000', '132456', '2010-05-21 07:26:30.0', '132456', '2010-05-21 07:26:30.0');
INSERT INTO project_phase (project_phase_id, project_id, phase_type_id, phase_status_id, fixed_start_time, scheduled_start_time, scheduled_end_time, actual_start_time, actual_end_time, duration, create_user, create_date, modify_user, modify_date)
VALUES ('503', '501', '3', '1', '2010-06-07 09:00:00.0', '2010-06-07 09:00:00.0', '2010-06-08 09:00:00.0', NULL, NULL, '86400000', '132456', '2010-05-21 07:26:30.0', '132456', '2010-05-21 07:26:30.0');
INSERT INTO project_phase (project_phase_id, project_id, phase_type_id, phase_status_id, fixed_start_time, scheduled_start_time, scheduled_end_time, actual_start_time, actual_end_time, duration, create_user, create_date, modify_user, modify_date)
VALUES ('504', '501', '4', '1', '2010-06-08 09:00:00.0', '2010-06-08 09:00:00.0', '2010-06-14 09:00:00.0', NULL, NULL, '345600000', '132456', '2010-05-21 07:26:30.0', '132456', '2010-05-21 07:26:30.0');
INSERT INTO project_phase (project_phase_id, project_id, phase_type_id, phase_status_id, fixed_start_time, scheduled_start_time, scheduled_end_time, actual_start_time, actual_end_time, duration, create_user, create_date, modify_user, modify_date)
VALUES ('505', '501', '5', '1', '2010-06-14 09:00:00.0', '2010-06-14 09:00:00.0', '2010-06-15 09:00:00.0', NULL, NULL, '86400000', '132456', '2010-05-21 07:26:30.0', '132456', '2010-05-21 07:26:30.0');
INSERT INTO project_phase (project_phase_id, project_id, phase_type_id, phase_status_id, fixed_start_time, scheduled_start_time, scheduled_end_time, actual_start_time, actual_end_time, duration, create_user, create_date, modify_user, modify_date)
VALUES ('506', '501', '6', '1', '2010-06-15 09:00:00.0', '2010-06-15 09:00:00.0', '2010-06-16 09:00:00.0', NULL, NULL, '86400000', '132456', '2010-05-21 07:26:30.0', '132456', '2010-05-21 07:26:30.0');
INSERT INTO project_phase (project_phase_id, project_id, phase_type_id, phase_status_id, fixed_start_time, scheduled_start_time, scheduled_end_time, actual_start_time, actual_end_time, duration, create_user, create_date, modify_user, modify_date)
VALUES ('507', '501', '7', '1', '2010-06-16 09:00:00.0', '2010-06-16 09:00:00.0', '2010-06-16 21:00:00.0', NULL, NULL, '43200000', '132456', '2010-05-21 07:26:30.0', '132456', '2010-05-21 07:26:30.0');
INSERT INTO project_phase (project_phase_id, project_id, phase_type_id, phase_status_id, fixed_start_time, scheduled_start_time, scheduled_end_time, actual_start_time, actual_end_time, duration, create_user, create_date, modify_user, modify_date)
VALUES ('508', '501', '8', '1', '2010-06-16 21:00:00.0', '2010-06-16 21:00:00.0', '2010-06-17 09:00:00.0', NULL, NULL, '43200000', '132456', '2010-05-21 07:26:30.0', '132456', '2010-05-21 07:26:30.0');
INSERT INTO project_phase (project_phase_id, project_id, phase_type_id, phase_status_id, fixed_start_time, scheduled_start_time, scheduled_end_time, actual_start_time, actual_end_time, duration, create_user, create_date, modify_user, modify_date)
VALUES ('509', '501', '9', '1', '2010-06-17 09:00:00.0', '2010-06-17 09:00:00.0', '2010-06-22 09:00:00.0', NULL, NULL, '259200000', '132456', '2010-05-21 07:26:30.0', '132456', '2010-05-21 07:26:30.0');
INSERT INTO project_phase (project_phase_id, project_id, phase_type_id, phase_status_id, fixed_start_time, scheduled_start_time, scheduled_end_time, actual_start_time, actual_end_time, duration, create_user, create_date, modify_user, modify_date)
VALUES ('510', '501', '10', '1', '2010-06-22 09:00:00.0', '2010-06-22 09:00:00.0', '2010-06-23 09:00:00.0', NULL, NULL, '86400000', '132456', '2010-05-21 07:26:30.0', '132456', '2010-05-21 07:26:30.0');
--  Data for comp_catalog
INSERT INTO comp_catalog (component_id, current_version, short_desc, component_name, description, function_desc, create_time, status_id, root_category_id, modify_date, public_ind)
VALUES ('1001', '1', 'Coolest component ever', 'Component 51', 'Coolest component ever', 'Component', '2010-05-21 07:20:14.48', '102', '5801778', '2010-05-21 07:23:44.0', '0');
--  Data for comp_versions
INSERT INTO comp_versions (comp_vers_id, component_id, version, version_text, create_time, phase_id, phase_time, price, comments, modify_date,
                           suspended_ind)
VALUES ('1003', '1001', '1', '1.0                 ', '2010-05-21 07:20:14.48', '112', '1976-05-04 00:00:00.0', '1000.00', 'Cool', '2010-05-21 07:27:01.0', '0');
--  Data for comp_categories
INSERT INTO comp_categories (comp_categories_id, component_id, category_id)
VALUES ('1005', '1001', '11');
--  Data for comp_keywords
INSERT INTO comp_keywords (comp_keywords_id, component_id, keyword)
VALUES ('1011', '1001', 'design');
--  Data for comp_technology
INSERT INTO comp_technology (comp_tech_id, comp_vers_id, technology_type_id)
VALUES ('1012', '1003', '1');
--  Data for comp_documentation
INSERT INTO comp_documentation (document_id, comp_vers_id, document_type_id, document_name, url)
VALUES ('1013', '1003', '0', 'Requirements Specification', '1001/1003/MQTTBroker_Requirements_Specification.pdf');
--  Data for comp_jive_category_xref
INSERT INTO comp_jive_category_xref (comp_vers_id, jive_category_id)
VALUES ('1003', '0');
--  Data for comp_version_dates
INSERT INTO comp_version_dates (comp_version_dates_id, comp_vers_id, phase_id, posting_date, initial_submission_date, winner_announced_date, final_submission_date,
                                estimated_dev_date, price, total_submissions, status_id, create_time, level_id, screening_complete_date, review_complete_date,
                                aggregation_complete_date, phase_complete_date, production_date, aggregation_complete_date_comment, phase_complete_date_comment,
                                review_complete_date_comment, winner_announced_date_comment, initial_submission_date_comment, screening_complete_date_comment,
                                final_submission_date_comment, production_date_comment, modify_date)
VALUES ('1014', '1003', '112', '1976-05-05', '2000-01-01', '2000-01-01', 
        '2000-01-01', '2000-01-01', NULL, '0', '301', '2010-05-21 07:27:01.0', '100', '2000-01-01',
        '2000-01-01', '2000-01-01', '2000-01-01', '2010-12-01', 
        NULL, NULL, NULL, NULL, NULL, NULL, NULL, '', '2010-05-21 07:27:01.0');
--  Data for phase_criteria
INSERT INTO phase_criteria (project_phase_id, phase_criteria_type_id, parameter, create_user, create_date, modify_user, modify_date)
VALUES ('501', '2', '0', '132456', '2010-05-21 07:26:30.0', '132456', '2010-05-21 07:26:30.0');
INSERT INTO phase_criteria (project_phase_id, phase_criteria_type_id, parameter, create_user, create_date, modify_user, modify_date)
VALUES ('501', '5', 'No', '132456', '2010-05-21 07:26:30.0', '132456', '2010-05-21 07:26:30.0');
INSERT INTO phase_criteria (project_phase_id, phase_criteria_type_id, parameter, create_user, create_date, modify_user, modify_date)
VALUES ('502', '3', '0', '132456', '2010-05-21 07:26:30.0', '132456', '2010-05-21 07:26:30.0');
INSERT INTO phase_criteria (project_phase_id, phase_criteria_type_id, parameter, create_user, create_date, modify_user, modify_date)
VALUES ('502', '5', 'No', '132456', '2010-05-21 07:26:30.0', '132456', '2010-05-21 07:26:30.0');
INSERT INTO phase_criteria (project_phase_id, phase_criteria_type_id, parameter, create_user, create_date, modify_user, modify_date)
VALUES ('503', '5', 'No', '132456', '2010-05-21 07:26:30.0', '132456', '2010-05-21 07:26:30.0');
INSERT INTO phase_criteria (project_phase_id, phase_criteria_type_id, parameter, create_user, create_date, modify_user, modify_date)
VALUES ('503', '1', '30000410', '132456', '2010-05-21 07:26:30.0', '132456', '2010-05-21 07:26:30.0');
INSERT INTO phase_criteria (project_phase_id, phase_criteria_type_id, parameter, create_user, create_date, modify_user, modify_date)
VALUES ('504', '5', 'No', '132456', '2010-05-21 07:26:30.0', '132456', '2010-05-21 07:26:30.0');
INSERT INTO phase_criteria (project_phase_id, phase_criteria_type_id, parameter, create_user, create_date, modify_user, modify_date)
VALUES ('504', '1', '30000411', '132456', '2010-05-21 07:26:30.0', '132456', '2010-05-21 07:26:30.0');
INSERT INTO phase_criteria (project_phase_id, phase_criteria_type_id, parameter, create_user, create_date, modify_user, modify_date)
VALUES ('504', '6', '3', '132456', '2010-05-21 07:26:30.0', '132456', '2010-05-21 07:26:30.0');
INSERT INTO phase_criteria (project_phase_id, phase_criteria_type_id, parameter, create_user, create_date, modify_user, modify_date)
VALUES ('505', '5', 'No', '132456', '2010-05-21 07:26:30.0', '132456', '2010-05-21 07:26:30.0');
INSERT INTO phase_criteria (project_phase_id, phase_criteria_type_id, parameter, create_user, create_date, modify_user, modify_date)
VALUES ('505', '4', 'No', '132456', '2010-05-21 07:26:30.0', '132456', '2010-05-21 07:26:30.0');
INSERT INTO phase_criteria (project_phase_id, phase_criteria_type_id, parameter, create_user, create_date, modify_user, modify_date)
VALUES ('506', '5', 'No', '132456', '2010-05-21 07:26:30.0', '132456', '2010-05-21 07:26:30.0');
INSERT INTO phase_criteria (project_phase_id, phase_criteria_type_id, parameter, create_user, create_date, modify_user, modify_date)
VALUES ('507', '5', 'No', '132456', '2010-05-21 07:26:30.0', '132456', '2010-05-21 07:26:30.0');
INSERT INTO phase_criteria (project_phase_id, phase_criteria_type_id, parameter, create_user, create_date, modify_user, modify_date)
VALUES ('508', '5', 'No', '132456', '2010-05-21 07:26:30.0', '132456', '2010-05-21 07:26:30.0');
INSERT INTO phase_criteria (project_phase_id, phase_criteria_type_id, parameter, create_user, create_date, modify_user, modify_date)
VALUES ('509', '5', 'No', '132456', '2010-05-21 07:26:30.0', '132456', '2010-05-21 07:26:30.0');
INSERT INTO phase_criteria (project_phase_id, phase_criteria_type_id, parameter, create_user, create_date, modify_user, modify_date)
VALUES ('510', '5', 'No', '132456', '2010-05-21 07:26:30.0', '132456', '2010-05-21 07:26:30.0');
--  Data for phase_dependency
INSERT INTO phase_dependency (dependency_phase_id, dependent_phase_id, dependency_start, dependent_start, lag_time, create_user, create_date, modify_user, modify_date)
VALUES ('501', '502', '1', '1', '0', '132456', '2010-05-21 07:26:30.0', '132456', '2010-05-21 07:26:30.0');
INSERT INTO phase_dependency (dependency_phase_id, dependent_phase_id, dependency_start, dependent_start, lag_time, create_user, create_date, modify_user, modify_date)
VALUES ('502', '503', '0', '1', '0', '132456', '2010-05-21 07:26:30.0', '132456', '2010-05-21 07:26:30.0');
INSERT INTO phase_dependency (dependency_phase_id, dependent_phase_id, dependency_start, dependent_start, lag_time, create_user, create_date, modify_user, modify_date)
VALUES ('503', '504', '0', '1', '0', '132456', '2010-05-21 07:26:30.0', '132456', '2010-05-21 07:26:30.0');
INSERT INTO phase_dependency (dependency_phase_id, dependent_phase_id, dependency_start, dependent_start, lag_time, create_user, create_date, modify_user, modify_date)
VALUES ('504', '505', '0', '1', '0', '132456', '2010-05-21 07:26:30.0', '132456', '2010-05-21 07:26:30.0');
INSERT INTO phase_dependency (dependency_phase_id, dependent_phase_id, dependency_start, dependent_start, lag_time, create_user, create_date, modify_user, modify_date)
VALUES ('505', '506', '0', '1', '0', '132456', '2010-05-21 07:26:30.0', '132456', '2010-05-21 07:26:30.0');
INSERT INTO phase_dependency (dependency_phase_id, dependent_phase_id, dependency_start, dependent_start, lag_time, create_user, create_date, modify_user, modify_date)
VALUES ('506', '507', '0', '1', '0', '132456', '2010-05-21 07:26:30.0', '132456', '2010-05-21 07:26:30.0');
INSERT INTO phase_dependency (dependency_phase_id, dependent_phase_id, dependency_start, dependent_start, lag_time, create_user, create_date, modify_user, modify_date)
VALUES ('507', '508', '0', '1', '0', '132456', '2010-05-21 07:26:30.0', '132456', '2010-05-21 07:26:30.0');
INSERT INTO phase_dependency (dependency_phase_id, dependent_phase_id, dependency_start, dependent_start, lag_time, create_user, create_date, modify_user, modify_date)
VALUES ('508', '509', '0', '1', '0', '132456', '2010-05-21 07:26:30.0', '132456', '2010-05-21 07:26:30.0');
INSERT INTO phase_dependency (dependency_phase_id, dependent_phase_id, dependency_start, dependent_start, lag_time, create_user, create_date, modify_user, modify_date)
VALUES ('509', '510', '0', '1', '0', '132456', '2010-05-21 07:26:30.0', '132456', '2010-05-21 07:26:30.0');
--  Data for resource
INSERT INTO resource (resource_id, resource_role_id, project_id, project_phase_id, create_user, create_date, modify_user, modify_date)
VALUES ('501', '13', '501', NULL, '132456', '2010-05-21 07:26:30.0', '132456', '2010-05-21 07:26:30.0');
--  Data for resource_info
INSERT INTO resource_info (resource_id, resource_info_type_id, value, create_user, create_date, modify_user, modify_date)
VALUES ('501', '1', '132456', '132456', '2010-05-21 07:26:30.0', '132456', '2010-05-21 07:26:30.0');
INSERT INTO resource_info (resource_id, resource_info_type_id, value, create_user, create_date, modify_user, modify_date)
VALUES ('501', '2', 'heffan', '132456', '2010-05-21 07:26:30.0', '132456', '2010-05-21 07:26:30.0');
--  Data for user_role
INSERT INTO user_role (user_role_id, comp_vers_id, role_id, login_id, description)
VALUES ('1004', '1003', '1', '132456', '');
--  Data for word_search
INSERT INTO word_search (word_search_id, document_id, index_word, nbr_occurrences)
VALUES ('1007', '1001', 'ever                                                                                                ', '2');
INSERT INTO word_search (word_search_id, document_id, index_word, nbr_occurrences)
VALUES ('1008', '1001', 'component                                                                                           ', '4');
INSERT INTO word_search (word_search_id, document_id, index_word, nbr_occurrences)
VALUES ('1009', '1001', 'coolest                                                                                             ', '2');
INSERT INTO word_search (word_search_id, document_id, index_word, nbr_occurrences)
VALUES ('1010', '1001', 'design                                                    ', '2');
--  Data for word_search_ctgy
INSERT INTO word_search_ctgy (word_srch_ctgy_id, category_id, document_id)
VALUES ('1006', 'DDECATALOG                                        ', '1001');
--  Data for word_search_doc
INSERT INTO word_search_doc (document_id)
VALUES ('1001');
-- Data for project
INSERT INTO project (project_id, project_status_id, project_category_id, create_user, create_date, modify_user, modify_date)
VALUES ('511', '2', '14', '132458', '2010-05-21 07:26:30.0', '132458', '2010-05-21 07:26:30.0');
--  Data for project_info
INSERT INTO project_info (project_id, project_info_type_id, value, create_user, create_date, modify_user, modify_date)
VALUES ('511', '1', '1023', '132458', '2010-05-21 07:26:30.0', '132458', '2010-05-21 07:26:30.0');
INSERT INTO project_info (project_id, project_info_type_id, value, create_user, create_date, modify_user, modify_date)
VALUES ('511', '2', '1021', '132458', '2010-05-21 07:26:30.0', '132458', '2010-05-21 07:26:30.0');
INSERT INTO project_info (project_id, project_info_type_id, value, create_user, create_date, modify_user, modify_date)
VALUES ('511', '3', '1', '132458', '2010-05-21 07:26:30.0', '132458', '2010-05-21 07:26:30.0');
INSERT INTO project_info (project_id, project_info_type_id, value, create_user, create_date, modify_user, modify_date)
VALUES ('511', '4', '0', '132458', '2010-05-21 07:26:30.0', '132458', '2010-05-21 07:26:30.0');
INSERT INTO project_info (project_id, project_info_type_id, value, create_user, create_date, modify_user, modify_date)
VALUES ('511', '5', '5801778', '132458', '2010-05-21 07:26:30.0', '132458', '2010-05-21 07:26:30.0');
INSERT INTO project_info (project_id, project_info_type_id, value, create_user, create_date, modify_user, modify_date)
VALUES ('511', '6', 'Component 52', '132458', '2010-05-21 07:26:30.0', '132458', '2010-05-21 07:26:30.0');
INSERT INTO project_info (project_id, project_info_type_id, value, create_user, create_date, modify_user, modify_date)
VALUES ('511', '7', '1.0                 ', '132458', '2010-05-21 07:26:30.0', '132458', '2010-05-21 07:26:30.0');
INSERT INTO project_info (project_id, project_info_type_id, value, create_user, create_date, modify_user, modify_date)
VALUES ('511', '9', 'Off', '132458', '2010-05-21 07:26:30.0', '132458', '2010-05-21 07:26:30.0');
INSERT INTO project_info (project_id, project_info_type_id, value, create_user, create_date, modify_user, modify_date)
VALUES ('511', '10', 'On', '132458', '2010-05-21 07:26:30.0', '132458', '2010-05-21 07:26:30.0');
INSERT INTO project_info (project_id, project_info_type_id, value, create_user, create_date, modify_user, modify_date)
VALUES ('511', '11', 'On', '132458', '2010-05-21 07:26:30.0', '132458', '2010-05-21 07:26:30.0');
INSERT INTO project_info (project_id, project_info_type_id, value, create_user, create_date, modify_user, modify_date)
VALUES ('511', '12', 'Yes', '132458', '2010-05-21 07:26:30.0', '132458', '2010-05-21 07:26:30.0');
INSERT INTO project_info (project_id, project_info_type_id, value, create_user, create_date, modify_user, modify_date)
VALUES ('511', '13', 'Yes', '132458', '2010-05-21 07:26:30.0', '132458', '2010-05-21 07:26:30.0');
INSERT INTO project_info (project_id, project_info_type_id, value, create_user, create_date, modify_user, modify_date)
VALUES ('511', '14', 'Open', '132458', '2010-05-21 07:26:30.0', '132458', '2010-05-21 07:26:30.0');
INSERT INTO project_info (project_id, project_info_type_id, value, create_user, create_date, modify_user, modify_date)
VALUES ('511', '16', '0.0', '132458', '2010-05-21 07:26:30.0', '132458', '2010-05-21 07:26:30.0');
INSERT INTO project_info (project_id, project_info_type_id, value, create_user, create_date, modify_user, modify_date)
VALUES ('511', '26', 'On', '132458', '2010-05-21 07:26:30.0', '132458', '2010-05-21 07:26:30.0');
INSERT INTO project_info (project_id, project_info_type_id, value, create_user, create_date, modify_user, modify_date)
VALUES ('511', '29', 'On', '132458', '2010-05-21 07:26:30.0', '132458', '2010-05-21 07:26:30.0');
INSERT INTO project_info (project_id, project_info_type_id, value, create_user, create_date, modify_user, modify_date)
VALUES ('511', '41', 'true', '132458', '2010-05-21 07:26:30.0', '132458', '2010-05-21 07:26:30.0');
INSERT INTO project_info (project_id, project_info_type_id, value, create_user, create_date, modify_user, modify_date)
VALUES ('511', '43', 'true', '132458', '2010-05-21 07:26:30.0', '132458', '2010-05-21 07:26:30.0');
--  Data for project_phase
INSERT INTO project_phase (project_phase_id, project_id, phase_type_id, phase_status_id, fixed_start_time, scheduled_start_time, scheduled_end_time, actual_start_time, actual_end_time, duration, create_user, create_date, modify_user, modify_date)
VALUES ('511', '511', '1', '1', '2010-05-27 09:00:00.0', '2010-05-27 09:00:00.0', '2010-06-01 09:00:00.0', NULL, NULL, '259200000', '132458', '2010-05-21 07:26:30.0', '132458', '2010-05-21 07:26:30.0');
INSERT INTO project_phase (project_phase_id, project_id, phase_type_id, phase_status_id, fixed_start_time, scheduled_start_time, scheduled_end_time, actual_start_time, actual_end_time, duration, create_user, create_date, modify_user, modify_date)
VALUES ('512', '511', '2', '1', '2010-05-27 09:00:00.0', '2010-05-27 09:00:00.0', '2010-06-07 09:00:00.0', NULL, NULL, '604800000', '132458', '2010-05-21 07:26:30.0', '132458', '2010-05-21 07:26:30.0');
INSERT INTO project_phase (project_phase_id, project_id, phase_type_id, phase_status_id, fixed_start_time, scheduled_start_time, scheduled_end_time, actual_start_time, actual_end_time, duration, create_user, create_date, modify_user, modify_date)
VALUES ('513', '511', '3', '1', '2010-06-07 09:00:00.0', '2010-06-07 09:00:00.0', '2010-06-08 09:00:00.0', NULL, NULL, '86400000', '132458', '2010-05-21 07:26:30.0', '132458', '2010-05-21 07:26:30.0');
INSERT INTO project_phase (project_phase_id, project_id, phase_type_id, phase_status_id, fixed_start_time, scheduled_start_time, scheduled_end_time, actual_start_time, actual_end_time, duration, create_user, create_date, modify_user, modify_date)
VALUES ('514', '511', '4', '1', '2010-06-08 09:00:00.0', '2010-06-08 09:00:00.0', '2010-06-14 09:00:00.0', NULL, NULL, '345600000', '132458', '2010-05-21 07:26:30.0', '132458', '2010-05-21 07:26:30.0');
INSERT INTO project_phase (project_phase_id, project_id, phase_type_id, phase_status_id, fixed_start_time, scheduled_start_time, scheduled_end_time, actual_start_time, actual_end_time, duration, create_user, create_date, modify_user, modify_date)
VALUES ('515', '511', '5', '1', '2010-06-14 09:00:00.0', '2010-06-14 09:00:00.0', '2010-06-15 09:00:00.0', NULL, NULL, '86400000', '132458', '2010-05-21 07:26:30.0', '132458', '2010-05-21 07:26:30.0');
INSERT INTO project_phase (project_phase_id, project_id, phase_type_id, phase_status_id, fixed_start_time, scheduled_start_time, scheduled_end_time, actual_start_time, actual_end_time, duration, create_user, create_date, modify_user, modify_date)
VALUES ('516', '511', '6', '1', '2010-06-15 09:00:00.0', '2010-06-15 09:00:00.0', '2010-06-16 09:00:00.0', NULL, NULL, '86400000', '132458', '2010-05-21 07:26:30.0', '132458', '2010-05-21 07:26:30.0');
INSERT INTO project_phase (project_phase_id, project_id, phase_type_id, phase_status_id, fixed_start_time, scheduled_start_time, scheduled_end_time, actual_start_time, actual_end_time, duration, create_user, create_date, modify_user, modify_date)
VALUES ('517', '511', '7', '1', '2010-06-16 09:00:00.0', '2010-06-16 09:00:00.0', '2010-06-16 21:00:00.0', NULL, NULL, '43200000', '132458', '2010-05-21 07:26:30.0', '132458', '2010-05-21 07:26:30.0');
INSERT INTO project_phase (project_phase_id, project_id, phase_type_id, phase_status_id, fixed_start_time, scheduled_start_time, scheduled_end_time, actual_start_time, actual_end_time, duration, create_user, create_date, modify_user, modify_date)
VALUES ('518', '511', '8', '1', '2010-06-16 21:00:00.0', '2010-06-16 21:00:00.0', '2010-06-17 09:00:00.0', NULL, NULL, '43200000', '132458', '2010-05-21 07:26:30.0', '132458', '2010-05-21 07:26:30.0');
INSERT INTO project_phase (project_phase_id, project_id, phase_type_id, phase_status_id, fixed_start_time, scheduled_start_time, scheduled_end_time, actual_start_time, actual_end_time, duration, create_user, create_date, modify_user, modify_date)
VALUES ('519', '511', '9', '1', '2010-06-17 09:00:00.0', '2010-06-17 09:00:00.0', '2010-06-22 09:00:00.0', NULL, NULL, '259200000', '132458', '2010-05-21 07:26:30.0', '132458', '2010-05-21 07:26:30.0');
INSERT INTO project_phase (project_phase_id, project_id, phase_type_id, phase_status_id, fixed_start_time, scheduled_start_time, scheduled_end_time, actual_start_time, actual_end_time, duration, create_user, create_date, modify_user, modify_date)
VALUES ('520', '511', '10', '1', '2010-06-22 09:00:00.0', '2010-06-22 09:00:00.0', '2010-06-23 09:00:00.0', NULL, NULL, '86400000', '132458', '2010-05-21 07:26:30.0', '132458', '2010-05-21 07:26:30.0');
--  Data for comp_catalog
INSERT INTO comp_catalog (component_id, current_version, short_desc, component_name, description, function_desc, create_time, status_id, root_category_id, modify_date, public_ind)
VALUES ('1021', '1', 'Coolest component ever', 'Component 52', 'Coolest component ever', 'Component', '2010-05-21 07:20:14.48', '102', '5801778', '2010-05-21 07:23:44.0', '0');
--  Data for comp_versions
INSERT INTO comp_versions (comp_vers_id, component_id, version, version_text, create_time, phase_id, phase_time, price, comments, modify_date,
                           suspended_ind)
VALUES ('1023', '1021', '1', '1.0                 ', '2010-05-21 07:20:14.48', '112', '1976-05-04 00:00:00.0', '1000.00', 'Cool', '2010-05-21 07:27:01.0', '0');
--  Data for comp_categories
INSERT INTO comp_categories (comp_categories_id, component_id, category_id)
VALUES ('1025', '1021', '11');
--  Data for comp_keywords
INSERT INTO comp_keywords (comp_keywords_id, component_id, keyword)
VALUES ('1031', '1021', 'assembly');
--  Data for comp_technology
INSERT INTO comp_technology (comp_tech_id, comp_vers_id, technology_type_id)
VALUES ('1032', '1023', '1');
--  Data for comp_documentation
INSERT INTO comp_documentation (document_id, comp_vers_id, document_type_id, document_name, url)
VALUES ('1033', '1023', '0', 'Requirements Specification', '1021/1023/MQTTBroker_Requirements_Specification.pdf');
--  Data for comp_jive_category_xref
INSERT INTO comp_jive_category_xref (comp_vers_id, jive_category_id)
VALUES ('1023', '0');
--  Data for comp_version_dates
INSERT INTO comp_version_dates (comp_version_dates_id, comp_vers_id, phase_id, posting_date, initial_submission_date, winner_announced_date, final_submission_date,
                                estimated_dev_date, price, total_submissions, status_id, create_time, level_id, screening_complete_date, review_complete_date,
                                aggregation_complete_date, phase_complete_date, production_date, aggregation_complete_date_comment, phase_complete_date_comment,
                                review_complete_date_comment, winner_announced_date_comment, initial_submission_date_comment, screening_complete_date_comment,
                                final_submission_date_comment, production_date_comment, modify_date)
VALUES ('1034', '1023', '112', '1976-05-05', '2000-01-01', '2000-01-01', 
        '2000-01-01', '2000-01-01', NULL, '0', '301', '2010-05-21 07:27:01.0', '100', '2000-01-01',
        '2000-01-01', '2000-01-01', '2000-01-01', '2010-12-01', 
        NULL, NULL, NULL, NULL, NULL, NULL, NULL, '', '2010-05-21 07:27:01.0');
--  Data for phase_criteria
INSERT INTO phase_criteria (project_phase_id, phase_criteria_type_id, parameter, create_user, create_date, modify_user, modify_date)
VALUES ('511', '2', '0', '132458', '2010-05-21 07:26:30.0', '132458', '2010-05-21 07:26:30.0');
INSERT INTO phase_criteria (project_phase_id, phase_criteria_type_id, parameter, create_user, create_date, modify_user, modify_date)
VALUES ('511', '5', 'No', '132458', '2010-05-21 07:26:30.0', '132458', '2010-05-21 07:26:30.0');
INSERT INTO phase_criteria (project_phase_id, phase_criteria_type_id, parameter, create_user, create_date, modify_user, modify_date)
VALUES ('512', '3', '0', '132458', '2010-05-21 07:26:30.0', '132458', '2010-05-21 07:26:30.0');
INSERT INTO phase_criteria (project_phase_id, phase_criteria_type_id, parameter, create_user, create_date, modify_user, modify_date)
VALUES ('512', '5', 'No', '132458', '2010-05-21 07:26:30.0', '132458', '2010-05-21 07:26:30.0');
INSERT INTO phase_criteria (project_phase_id, phase_criteria_type_id, parameter, create_user, create_date, modify_user, modify_date)
VALUES ('513', '5', 'No', '132458', '2010-05-21 07:26:30.0', '132458', '2010-05-21 07:26:30.0');
INSERT INTO phase_criteria (project_phase_id, phase_criteria_type_id, parameter, create_user, create_date, modify_user, modify_date)
VALUES ('513', '1', '30000410', '132458', '2010-05-21 07:26:30.0', '132458', '2010-05-21 07:26:30.0');
INSERT INTO phase_criteria (project_phase_id, phase_criteria_type_id, parameter, create_user, create_date, modify_user, modify_date)
VALUES ('514', '5', 'No', '132458', '2010-05-21 07:26:30.0', '132458', '2010-05-21 07:26:30.0');
INSERT INTO phase_criteria (project_phase_id, phase_criteria_type_id, parameter, create_user, create_date, modify_user, modify_date)
VALUES ('514', '1', '30000411', '132458', '2010-05-21 07:26:30.0', '132458', '2010-05-21 07:26:30.0');
INSERT INTO phase_criteria (project_phase_id, phase_criteria_type_id, parameter, create_user, create_date, modify_user, modify_date)
VALUES ('514', '6', '3', '132458', '2010-05-21 07:26:30.0', '132458', '2010-05-21 07:26:30.0');
INSERT INTO phase_criteria (project_phase_id, phase_criteria_type_id, parameter, create_user, create_date, modify_user, modify_date)
VALUES ('515', '5', 'No', '132458', '2010-05-21 07:26:30.0', '132458', '2010-05-21 07:26:30.0');
INSERT INTO phase_criteria (project_phase_id, phase_criteria_type_id, parameter, create_user, create_date, modify_user, modify_date)
VALUES ('515', '4', 'No', '132458', '2010-05-21 07:26:30.0', '132458', '2010-05-21 07:26:30.0');
INSERT INTO phase_criteria (project_phase_id, phase_criteria_type_id, parameter, create_user, create_date, modify_user, modify_date)
VALUES ('516', '5', 'No', '132458', '2010-05-21 07:26:30.0', '132458', '2010-05-21 07:26:30.0');
INSERT INTO phase_criteria (project_phase_id, phase_criteria_type_id, parameter, create_user, create_date, modify_user, modify_date)
VALUES ('517', '5', 'No', '132458', '2010-05-21 07:26:30.0', '132458', '2010-05-21 07:26:30.0');
INSERT INTO phase_criteria (project_phase_id, phase_criteria_type_id, parameter, create_user, create_date, modify_user, modify_date)
VALUES ('518', '5', 'No', '132458', '2010-05-21 07:26:30.0', '132458', '2010-05-21 07:26:30.0');
INSERT INTO phase_criteria (project_phase_id, phase_criteria_type_id, parameter, create_user, create_date, modify_user, modify_date)
VALUES ('519', '5', 'No', '132458', '2010-05-21 07:26:30.0', '132458', '2010-05-21 07:26:30.0');
INSERT INTO phase_criteria (project_phase_id, phase_criteria_type_id, parameter, create_user, create_date, modify_user, modify_date)
VALUES ('520', '5', 'No', '132458', '2010-05-21 07:26:30.0', '132458', '2010-05-21 07:26:30.0');
--  Data for phase_dependency
INSERT INTO phase_dependency (dependency_phase_id, dependent_phase_id, dependency_start, dependent_start, lag_time, create_user, create_date, modify_user, modify_date)
VALUES ('511', '512', '1', '1', '0', '132458', '2010-05-21 07:26:30.0', '132458', '2010-05-21 07:26:30.0');
INSERT INTO phase_dependency (dependency_phase_id, dependent_phase_id, dependency_start, dependent_start, lag_time, create_user, create_date, modify_user, modify_date)
VALUES ('512', '513', '0', '1', '0', '132458', '2010-05-21 07:26:30.0', '132458', '2010-05-21 07:26:30.0');
INSERT INTO phase_dependency (dependency_phase_id, dependent_phase_id, dependency_start, dependent_start, lag_time, create_user, create_date, modify_user, modify_date)
VALUES ('513', '514', '0', '1', '0', '132458', '2010-05-21 07:26:30.0', '132458', '2010-05-21 07:26:30.0');
INSERT INTO phase_dependency (dependency_phase_id, dependent_phase_id, dependency_start, dependent_start, lag_time, create_user, create_date, modify_user, modify_date)
VALUES ('514', '515', '0', '1', '0', '132458', '2010-05-21 07:26:30.0', '132458', '2010-05-21 07:26:30.0');
INSERT INTO phase_dependency (dependency_phase_id, dependent_phase_id, dependency_start, dependent_start, lag_time, create_user, create_date, modify_user, modify_date)
VALUES ('515', '516', '0', '1', '0', '132458', '2010-05-21 07:26:30.0', '132458', '2010-05-21 07:26:30.0');
INSERT INTO phase_dependency (dependency_phase_id, dependent_phase_id, dependency_start, dependent_start, lag_time, create_user, create_date, modify_user, modify_date)
VALUES ('516', '517', '0', '1', '0', '132458', '2010-05-21 07:26:30.0', '132458', '2010-05-21 07:26:30.0');
INSERT INTO phase_dependency (dependency_phase_id, dependent_phase_id, dependency_start, dependent_start, lag_time, create_user, create_date, modify_user, modify_date)
VALUES ('517', '518', '0', '1', '0', '132458', '2010-05-21 07:26:30.0', '132458', '2010-05-21 07:26:30.0');
INSERT INTO phase_dependency (dependency_phase_id, dependent_phase_id, dependency_start, dependent_start, lag_time, create_user, create_date, modify_user, modify_date)
VALUES ('518', '519', '0', '1', '0', '132458', '2010-05-21 07:26:30.0', '132458', '2010-05-21 07:26:30.0');
INSERT INTO phase_dependency (dependency_phase_id, dependent_phase_id, dependency_start, dependent_start, lag_time, create_user, create_date, modify_user, modify_date)
VALUES ('519', '520', '0', '1', '0', '132458', '2010-05-21 07:26:30.0', '132458', '2010-05-21 07:26:30.0');
--  Data for resource
INSERT INTO resource (resource_id, resource_role_id, project_id, project_phase_id, create_user, create_date, modify_user, modify_date)
VALUES ('511', '13', '511', NULL, '132458', '2010-05-21 07:26:30.0', '132458', '2010-05-21 07:26:30.0');
--  Data for resource_info
INSERT INTO resource_info (resource_id, resource_info_type_id, value, create_user, create_date, modify_user, modify_date)
VALUES ('511', '1', '132458', '132458', '2010-05-21 07:26:30.0', '132458', '2010-05-21 07:26:30.0');
INSERT INTO resource_info (resource_id, resource_info_type_id, value, create_user, create_date, modify_user, modify_date)
VALUES ('511', '2', 'user', '132458', '2010-05-21 07:26:30.0', '132458', '2010-05-21 07:26:30.0');
--  Data for user_role
INSERT INTO user_role (user_role_id, comp_vers_id, role_id, login_id, description)
VALUES ('1024', '1023', '1', '132458', '');
--  Data for word_search
INSERT INTO word_search (word_search_id, document_id, index_word, nbr_occurrences)
VALUES ('1027', '1021', 'ever                                                                                                ', '2');
INSERT INTO word_search (word_search_id, document_id, index_word, nbr_occurrences)
VALUES ('1028', '1021', 'component                                                                                           ', '4');
INSERT INTO word_search (word_search_id, document_id, index_word, nbr_occurrences)
VALUES ('1029', '1021', 'coolest                                                                                             ', '2');
INSERT INTO word_search (word_search_id, document_id, index_word, nbr_occurrences)
VALUES ('1030', '1021', 'assembly                                                    ', '2');
--  Data for word_search_ctgy
INSERT INTO word_search_ctgy (word_srch_ctgy_id, category_id, document_id)
VALUES ('1026', 'DDECATALOG                                        ', '1021');
--  Data for word_search_doc
INSERT INTO word_search_doc (document_id)
VALUES ('1021');
-- Data for project
INSERT INTO project (project_id, project_status_id, project_category_id, create_user, create_date, modify_user, modify_date)
VALUES ('521', '2', '2', '132456', '2010-05-21 07:26:30.0', '132456', '2010-05-21 07:26:30.0');
--  Data for project_info
INSERT INTO project_info (project_id, project_info_type_id, value, create_user, create_date, modify_user, modify_date)
VALUES ('521', '1', '1043', '132456', '2010-05-21 07:26:30.0', '132456', '2010-05-21 07:26:30.0');
INSERT INTO project_info (project_id, project_info_type_id, value, create_user, create_date, modify_user, modify_date)
VALUES ('521', '2', '1041', '132456', '2010-05-21 07:26:30.0', '132456', '2010-05-21 07:26:30.0');
INSERT INTO project_info (project_id, project_info_type_id, value, create_user, create_date, modify_user, modify_date)
VALUES ('521', '3', '1', '132456', '2010-05-21 07:26:30.0', '132456', '2010-05-21 07:26:30.0');
INSERT INTO project_info (project_id, project_info_type_id, value, create_user, create_date, modify_user, modify_date)
VALUES ('521', '4', '0', '132456', '2010-05-21 07:26:30.0', '132456', '2010-05-21 07:26:30.0');
INSERT INTO project_info (project_id, project_info_type_id, value, create_user, create_date, modify_user, modify_date)
VALUES ('521', '5', '5801777', '132456', '2010-05-21 07:26:30.0', '132456', '2010-05-21 07:26:30.0');
INSERT INTO project_info (project_id, project_info_type_id, value, create_user, create_date, modify_user, modify_date)
VALUES ('521', '6', 'Component 53', '132456', '2010-05-21 07:26:30.0', '132456', '2010-05-21 07:26:30.0');
INSERT INTO project_info (project_id, project_info_type_id, value, create_user, create_date, modify_user, modify_date)
VALUES ('521', '7', '1.0                 ', '132456', '2010-05-21 07:26:30.0', '132456', '2010-05-21 07:26:30.0');
INSERT INTO project_info (project_id, project_info_type_id, value, create_user, create_date, modify_user, modify_date)
VALUES ('521', '9', 'Off', '132456', '2010-05-21 07:26:30.0', '132456', '2010-05-21 07:26:30.0');
INSERT INTO project_info (project_id, project_info_type_id, value, create_user, create_date, modify_user, modify_date)
VALUES ('521', '10', 'On', '132456', '2010-05-21 07:26:30.0', '132456', '2010-05-21 07:26:30.0');
INSERT INTO project_info (project_id, project_info_type_id, value, create_user, create_date, modify_user, modify_date)
VALUES ('521', '11', 'On', '132456', '2010-05-21 07:26:30.0', '132456', '2010-05-21 07:26:30.0');
INSERT INTO project_info (project_id, project_info_type_id, value, create_user, create_date, modify_user, modify_date)
VALUES ('521', '12', 'Yes', '132456', '2010-05-21 07:26:30.0', '132456', '2010-05-21 07:26:30.0');
INSERT INTO project_info (project_id, project_info_type_id, value, create_user, create_date, modify_user, modify_date)
VALUES ('521', '13', 'Yes', '132456', '2010-05-21 07:26:30.0', '132456', '2010-05-21 07:26:30.0');
INSERT INTO project_info (project_id, project_info_type_id, value, create_user, create_date, modify_user, modify_date)
VALUES ('521', '14', 'Open', '132456', '2010-05-21 07:26:30.0', '132456', '2010-05-21 07:26:30.0');
INSERT INTO project_info (project_id, project_info_type_id, value, create_user, create_date, modify_user, modify_date)
VALUES ('521', '16', '0.0', '132456', '2010-05-21 07:26:30.0', '132456', '2010-05-21 07:26:30.0');
INSERT INTO project_info (project_id, project_info_type_id, value, create_user, create_date, modify_user, modify_date)
VALUES ('521', '26', 'On', '132456', '2010-05-21 07:26:30.0', '132456', '2010-05-21 07:26:30.0');
INSERT INTO project_info (project_id, project_info_type_id, value, create_user, create_date, modify_user, modify_date)
VALUES ('521', '29', 'On', '132456', '2010-05-21 07:26:30.0', '132456', '2010-05-21 07:26:30.0');
INSERT INTO project_info (project_id, project_info_type_id, value, create_user, create_date, modify_user, modify_date)
VALUES ('521', '41', 'true', '132456', '2010-05-21 07:26:30.0', '132456', '2010-05-21 07:26:30.0');
INSERT INTO project_info (project_id, project_info_type_id, value, create_user, create_date, modify_user, modify_date)
VALUES ('521', '43', 'true', '132456', '2010-05-21 07:26:30.0', '132456', '2010-05-21 07:26:30.0');
--  Data for project_phase
INSERT INTO project_phase (project_phase_id, project_id, phase_type_id, phase_status_id, fixed_start_time, scheduled_start_time, scheduled_end_time, actual_start_time, actual_end_time, duration, create_user, create_date, modify_user, modify_date)
VALUES ('521', '521', '1', '1', '2010-05-27 09:00:00.0', '2010-05-27 09:00:00.0', '2010-06-01 09:00:00.0', NULL, NULL, '259200000', '132456', '2010-05-21 07:26:30.0', '132456', '2010-05-21 07:26:30.0');
INSERT INTO project_phase (project_phase_id, project_id, phase_type_id, phase_status_id, fixed_start_time, scheduled_start_time, scheduled_end_time, actual_start_time, actual_end_time, duration, create_user, create_date, modify_user, modify_date)
VALUES ('522', '521', '2', '1', '2010-05-27 09:00:00.0', '2010-05-27 09:00:00.0', '2010-06-07 09:00:00.0', NULL, NULL, '604800000', '132456', '2010-05-21 07:26:30.0', '132456', '2010-05-21 07:26:30.0');
INSERT INTO project_phase (project_phase_id, project_id, phase_type_id, phase_status_id, fixed_start_time, scheduled_start_time, scheduled_end_time, actual_start_time, actual_end_time, duration, create_user, create_date, modify_user, modify_date)
VALUES ('523', '521', '3', '1', '2010-06-07 09:00:00.0', '2010-06-07 09:00:00.0', '2010-06-08 09:00:00.0', NULL, NULL, '86400000', '132456', '2010-05-21 07:26:30.0', '132456', '2010-05-21 07:26:30.0');
INSERT INTO project_phase (project_phase_id, project_id, phase_type_id, phase_status_id, fixed_start_time, scheduled_start_time, scheduled_end_time, actual_start_time, actual_end_time, duration, create_user, create_date, modify_user, modify_date)
VALUES ('524', '521', '4', '1', '2010-06-08 09:00:00.0', '2010-06-08 09:00:00.0', '2010-06-14 09:00:00.0', NULL, NULL, '345600000', '132456', '2010-05-21 07:26:30.0', '132456', '2010-05-21 07:26:30.0');
INSERT INTO project_phase (project_phase_id, project_id, phase_type_id, phase_status_id, fixed_start_time, scheduled_start_time, scheduled_end_time, actual_start_time, actual_end_time, duration, create_user, create_date, modify_user, modify_date)
VALUES ('525', '521', '5', '1', '2010-06-14 09:00:00.0', '2010-06-14 09:00:00.0', '2010-06-15 09:00:00.0', NULL, NULL, '86400000', '132456', '2010-05-21 07:26:30.0', '132456', '2010-05-21 07:26:30.0');
INSERT INTO project_phase (project_phase_id, project_id, phase_type_id, phase_status_id, fixed_start_time, scheduled_start_time, scheduled_end_time, actual_start_time, actual_end_time, duration, create_user, create_date, modify_user, modify_date)
VALUES ('526', '521', '6', '1', '2010-06-15 09:00:00.0', '2010-06-15 09:00:00.0', '2010-06-16 09:00:00.0', NULL, NULL, '86400000', '132456', '2010-05-21 07:26:30.0', '132456', '2010-05-21 07:26:30.0');
INSERT INTO project_phase (project_phase_id, project_id, phase_type_id, phase_status_id, fixed_start_time, scheduled_start_time, scheduled_end_time, actual_start_time, actual_end_time, duration, create_user, create_date, modify_user, modify_date)
VALUES ('527', '521', '7', '1', '2010-06-16 09:00:00.0', '2010-06-16 09:00:00.0', '2010-06-16 21:00:00.0', NULL, NULL, '43200000', '132456', '2010-05-21 07:26:30.0', '132456', '2010-05-21 07:26:30.0');
INSERT INTO project_phase (project_phase_id, project_id, phase_type_id, phase_status_id, fixed_start_time, scheduled_start_time, scheduled_end_time, actual_start_time, actual_end_time, duration, create_user, create_date, modify_user, modify_date)
VALUES ('528', '521', '8', '1', '2010-06-16 21:00:00.0', '2010-06-16 21:00:00.0', '2010-06-17 09:00:00.0', NULL, NULL, '43200000', '132456', '2010-05-21 07:26:30.0', '132456', '2010-05-21 07:26:30.0');
INSERT INTO project_phase (project_phase_id, project_id, phase_type_id, phase_status_id, fixed_start_time, scheduled_start_time, scheduled_end_time, actual_start_time, actual_end_time, duration, create_user, create_date, modify_user, modify_date)
VALUES ('529', '521', '9', '1', '2010-06-17 09:00:00.0', '2010-06-17 09:00:00.0', '2010-06-22 09:00:00.0', NULL, NULL, '259200000', '132456', '2010-05-21 07:26:30.0', '132456', '2010-05-21 07:26:30.0');
INSERT INTO project_phase (project_phase_id, project_id, phase_type_id, phase_status_id, fixed_start_time, scheduled_start_time, scheduled_end_time, actual_start_time, actual_end_time, duration, create_user, create_date, modify_user, modify_date)
VALUES ('530', '521', '10', '1', '2010-06-22 09:00:00.0', '2010-06-22 09:00:00.0', '2010-06-23 09:00:00.0', NULL, NULL, '86400000', '132456', '2010-05-21 07:26:30.0', '132456', '2010-05-21 07:26:30.0');
--  Data for comp_catalog
INSERT INTO comp_catalog (component_id, current_version, short_desc, component_name, description, function_desc, create_time, status_id, root_category_id, modify_date, public_ind)
VALUES ('1041', '1', 'Coolest component ever', 'Component 53', 'Coolest component ever', 'Component', '2010-05-21 07:20:14.48', '102', '5801777', '2010-05-21 07:23:44.0', '0');
--  Data for comp_versions
INSERT INTO comp_versions (comp_vers_id, component_id, version, version_text, create_time, phase_id, phase_time, price, comments, modify_date,
                           suspended_ind)
VALUES ('1043', '1041', '1', '1.0                 ', '2010-05-21 07:20:14.48', '112', '1976-05-04 00:00:00.0', '1000.00', 'Cool', '2010-05-21 07:27:01.0', '0');
--  Data for comp_categories
INSERT INTO comp_categories (comp_categories_id, component_id, category_id)
VALUES ('1045', '1041', '11');
--  Data for comp_keywords
INSERT INTO comp_keywords (comp_keywords_id, component_id, keyword)
VALUES ('1051', '1041', 'development');
--  Data for comp_technology
INSERT INTO comp_technology (comp_tech_id, comp_vers_id, technology_type_id)
VALUES ('1052', '1043', '1');
--  Data for comp_documentation
INSERT INTO comp_documentation (document_id, comp_vers_id, document_type_id, document_name, url)
VALUES ('1053', '1043', '0', 'Requirements Specification', '1041/1043/MQTTBroker_Requirements_Specification.pdf');
--  Data for comp_jive_category_xref
INSERT INTO comp_jive_category_xref (comp_vers_id, jive_category_id)
VALUES ('1043', '0');
--  Data for comp_version_dates
INSERT INTO comp_version_dates (comp_version_dates_id, comp_vers_id, phase_id, posting_date, initial_submission_date, winner_announced_date, final_submission_date,
                                estimated_dev_date, price, total_submissions, status_id, create_time, level_id, screening_complete_date, review_complete_date,
                                aggregation_complete_date, phase_complete_date, production_date, aggregation_complete_date_comment, phase_complete_date_comment,
                                review_complete_date_comment, winner_announced_date_comment, initial_submission_date_comment, screening_complete_date_comment,
                                final_submission_date_comment, production_date_comment, modify_date)
VALUES ('1054', '1043', '112', '1976-05-05', '2000-01-01', '2000-01-01', 
        '2000-01-01', '2000-01-01', NULL, '0', '301', '2010-05-21 07:27:01.0', '100', '2000-01-01',
        '2000-01-01', '2000-01-01', '2000-01-01', '2010-12-01', 
        NULL, NULL, NULL, NULL, NULL, NULL, NULL, '', '2010-05-21 07:27:01.0');
--  Data for phase_criteria
INSERT INTO phase_criteria (project_phase_id, phase_criteria_type_id, parameter, create_user, create_date, modify_user, modify_date)
VALUES ('521', '2', '0', '132456', '2010-05-21 07:26:30.0', '132456', '2010-05-21 07:26:30.0');
INSERT INTO phase_criteria (project_phase_id, phase_criteria_type_id, parameter, create_user, create_date, modify_user, modify_date)
VALUES ('521', '5', 'No', '132456', '2010-05-21 07:26:30.0', '132456', '2010-05-21 07:26:30.0');
INSERT INTO phase_criteria (project_phase_id, phase_criteria_type_id, parameter, create_user, create_date, modify_user, modify_date)
VALUES ('522', '3', '0', '132456', '2010-05-21 07:26:30.0', '132456', '2010-05-21 07:26:30.0');
INSERT INTO phase_criteria (project_phase_id, phase_criteria_type_id, parameter, create_user, create_date, modify_user, modify_date)
VALUES ('522', '5', 'No', '132456', '2010-05-21 07:26:30.0', '132456', '2010-05-21 07:26:30.0');
INSERT INTO phase_criteria (project_phase_id, phase_criteria_type_id, parameter, create_user, create_date, modify_user, modify_date)
VALUES ('523', '5', 'No', '132456', '2010-05-21 07:26:30.0', '132456', '2010-05-21 07:26:30.0');
INSERT INTO phase_criteria (project_phase_id, phase_criteria_type_id, parameter, create_user, create_date, modify_user, modify_date)
VALUES ('523', '1', '30000410', '132456', '2010-05-21 07:26:30.0', '132456', '2010-05-21 07:26:30.0');
INSERT INTO phase_criteria (project_phase_id, phase_criteria_type_id, parameter, create_user, create_date, modify_user, modify_date)
VALUES ('524', '5', 'No', '132456', '2010-05-21 07:26:30.0', '132456', '2010-05-21 07:26:30.0');
INSERT INTO phase_criteria (project_phase_id, phase_criteria_type_id, parameter, create_user, create_date, modify_user, modify_date)
VALUES ('524', '1', '30000411', '132456', '2010-05-21 07:26:30.0', '132456', '2010-05-21 07:26:30.0');
INSERT INTO phase_criteria (project_phase_id, phase_criteria_type_id, parameter, create_user, create_date, modify_user, modify_date)
VALUES ('524', '6', '3', '132456', '2010-05-21 07:26:30.0', '132456', '2010-05-21 07:26:30.0');
INSERT INTO phase_criteria (project_phase_id, phase_criteria_type_id, parameter, create_user, create_date, modify_user, modify_date)
VALUES ('525', '5', 'No', '132456', '2010-05-21 07:26:30.0', '132456', '2010-05-21 07:26:30.0');
INSERT INTO phase_criteria (project_phase_id, phase_criteria_type_id, parameter, create_user, create_date, modify_user, modify_date)
VALUES ('525', '4', 'No', '132456', '2010-05-21 07:26:30.0', '132456', '2010-05-21 07:26:30.0');
INSERT INTO phase_criteria (project_phase_id, phase_criteria_type_id, parameter, create_user, create_date, modify_user, modify_date)
VALUES ('526', '5', 'No', '132456', '2010-05-21 07:26:30.0', '132456', '2010-05-21 07:26:30.0');
INSERT INTO phase_criteria (project_phase_id, phase_criteria_type_id, parameter, create_user, create_date, modify_user, modify_date)
VALUES ('527', '5', 'No', '132456', '2010-05-21 07:26:30.0', '132456', '2010-05-21 07:26:30.0');
INSERT INTO phase_criteria (project_phase_id, phase_criteria_type_id, parameter, create_user, create_date, modify_user, modify_date)
VALUES ('528', '5', 'No', '132456', '2010-05-21 07:26:30.0', '132456', '2010-05-21 07:26:30.0');
INSERT INTO phase_criteria (project_phase_id, phase_criteria_type_id, parameter, create_user, create_date, modify_user, modify_date)
VALUES ('529', '5', 'No', '132456', '2010-05-21 07:26:30.0', '132456', '2010-05-21 07:26:30.0');
INSERT INTO phase_criteria (project_phase_id, phase_criteria_type_id, parameter, create_user, create_date, modify_user, modify_date)
VALUES ('530', '5', 'No', '132456', '2010-05-21 07:26:30.0', '132456', '2010-05-21 07:26:30.0');
--  Data for phase_dependency
INSERT INTO phase_dependency (dependency_phase_id, dependent_phase_id, dependency_start, dependent_start, lag_time, create_user, create_date, modify_user, modify_date)
VALUES ('521', '522', '1', '1', '0', '132456', '2010-05-21 07:26:30.0', '132456', '2010-05-21 07:26:30.0');
INSERT INTO phase_dependency (dependency_phase_id, dependent_phase_id, dependency_start, dependent_start, lag_time, create_user, create_date, modify_user, modify_date)
VALUES ('522', '523', '0', '1', '0', '132456', '2010-05-21 07:26:30.0', '132456', '2010-05-21 07:26:30.0');
INSERT INTO phase_dependency (dependency_phase_id, dependent_phase_id, dependency_start, dependent_start, lag_time, create_user, create_date, modify_user, modify_date)
VALUES ('523', '524', '0', '1', '0', '132456', '2010-05-21 07:26:30.0', '132456', '2010-05-21 07:26:30.0');
INSERT INTO phase_dependency (dependency_phase_id, dependent_phase_id, dependency_start, dependent_start, lag_time, create_user, create_date, modify_user, modify_date)
VALUES ('524', '525', '0', '1', '0', '132456', '2010-05-21 07:26:30.0', '132456', '2010-05-21 07:26:30.0');
INSERT INTO phase_dependency (dependency_phase_id, dependent_phase_id, dependency_start, dependent_start, lag_time, create_user, create_date, modify_user, modify_date)
VALUES ('525', '526', '0', '1', '0', '132456', '2010-05-21 07:26:30.0', '132456', '2010-05-21 07:26:30.0');
INSERT INTO phase_dependency (dependency_phase_id, dependent_phase_id, dependency_start, dependent_start, lag_time, create_user, create_date, modify_user, modify_date)
VALUES ('526', '527', '0', '1', '0', '132456', '2010-05-21 07:26:30.0', '132456', '2010-05-21 07:26:30.0');
INSERT INTO phase_dependency (dependency_phase_id, dependent_phase_id, dependency_start, dependent_start, lag_time, create_user, create_date, modify_user, modify_date)
VALUES ('527', '528', '0', '1', '0', '132456', '2010-05-21 07:26:30.0', '132456', '2010-05-21 07:26:30.0');
INSERT INTO phase_dependency (dependency_phase_id, dependent_phase_id, dependency_start, dependent_start, lag_time, create_user, create_date, modify_user, modify_date)
VALUES ('528', '529', '0', '1', '0', '132456', '2010-05-21 07:26:30.0', '132456', '2010-05-21 07:26:30.0');
INSERT INTO phase_dependency (dependency_phase_id, dependent_phase_id, dependency_start, dependent_start, lag_time, create_user, create_date, modify_user, modify_date)
VALUES ('529', '530', '0', '1', '0', '132456', '2010-05-21 07:26:30.0', '132456', '2010-05-21 07:26:30.0');
--  Data for resource
INSERT INTO resource (resource_id, resource_role_id, project_id, project_phase_id, create_user, create_date, modify_user, modify_date)
VALUES ('521', '13', '521', NULL, '132456', '2010-05-21 07:26:30.0', '132456', '2010-05-21 07:26:30.0');
--  Data for resource_info
INSERT INTO resource_info (resource_id, resource_info_type_id, value, create_user, create_date, modify_user, modify_date)
VALUES ('521', '1', '132456', '132456', '2010-05-21 07:26:30.0', '132456', '2010-05-21 07:26:30.0');
INSERT INTO resource_info (resource_id, resource_info_type_id, value, create_user, create_date, modify_user, modify_date)
VALUES ('521', '2', 'heffan', '132456', '2010-05-21 07:26:30.0', '132456', '2010-05-21 07:26:30.0');
--  Data for user_role
INSERT INTO user_role (user_role_id, comp_vers_id, role_id, login_id, description)
VALUES ('1044', '1043', '1', '132456', '');
--  Data for word_search
INSERT INTO word_search (word_search_id, document_id, index_word, nbr_occurrences)
VALUES ('1047', '1041', 'ever                                                                                                ', '2');
INSERT INTO word_search (word_search_id, document_id, index_word, nbr_occurrences)
VALUES ('1048', '1041', 'component                                                                                           ', '4');
INSERT INTO word_search (word_search_id, document_id, index_word, nbr_occurrences)
VALUES ('1049', '1041', 'coolest                                                                                             ', '2');
INSERT INTO word_search (word_search_id, document_id, index_word, nbr_occurrences)
VALUES ('1050', '1041', 'development                                                    ', '2');
--  Data for word_search_ctgy
INSERT INTO word_search_ctgy (word_srch_ctgy_id, category_id, document_id)
VALUES ('1046', 'DDECATALOG                                        ', '1041');
--  Data for word_search_doc
INSERT INTO word_search_doc (document_id)
VALUES ('1041');
-- Data for project
INSERT INTO project (project_id, project_status_id, project_category_id, create_user, create_date, modify_user, modify_date)
VALUES ('531', '2', '14', '132458', '2010-05-21 07:26:30.0', '132458', '2010-05-21 07:26:30.0');
--  Data for project_info
INSERT INTO project_info (project_id, project_info_type_id, value, create_user, create_date, modify_user, modify_date)
VALUES ('531', '1', '1063', '132458', '2010-05-21 07:26:30.0', '132458', '2010-05-21 07:26:30.0');
INSERT INTO project_info (project_id, project_info_type_id, value, create_user, create_date, modify_user, modify_date)
VALUES ('531', '2', '1061', '132458', '2010-05-21 07:26:30.0', '132458', '2010-05-21 07:26:30.0');
INSERT INTO project_info (project_id, project_info_type_id, value, create_user, create_date, modify_user, modify_date)
VALUES ('531', '3', '1', '132458', '2010-05-21 07:26:30.0', '132458', '2010-05-21 07:26:30.0');
INSERT INTO project_info (project_id, project_info_type_id, value, create_user, create_date, modify_user, modify_date)
VALUES ('531', '4', '0', '132458', '2010-05-21 07:26:30.0', '132458', '2010-05-21 07:26:30.0');
INSERT INTO project_info (project_id, project_info_type_id, value, create_user, create_date, modify_user, modify_date)
VALUES ('531', '5', '5801776', '132458', '2010-05-21 07:26:30.0', '132458', '2010-05-21 07:26:30.0');
INSERT INTO project_info (project_id, project_info_type_id, value, create_user, create_date, modify_user, modify_date)
VALUES ('531', '6', 'Component 54', '132458', '2010-05-21 07:26:30.0', '132458', '2010-05-21 07:26:30.0');
INSERT INTO project_info (project_id, project_info_type_id, value, create_user, create_date, modify_user, modify_date)
VALUES ('531', '7', '1.0                 ', '132458', '2010-05-21 07:26:30.0', '132458', '2010-05-21 07:26:30.0');
INSERT INTO project_info (project_id, project_info_type_id, value, create_user, create_date, modify_user, modify_date)
VALUES ('531', '9', 'Off', '132458', '2010-05-21 07:26:30.0', '132458', '2010-05-21 07:26:30.0');
INSERT INTO project_info (project_id, project_info_type_id, value, create_user, create_date, modify_user, modify_date)
VALUES ('531', '10', 'On', '132458', '2010-05-21 07:26:30.0', '132458', '2010-05-21 07:26:30.0');
INSERT INTO project_info (project_id, project_info_type_id, value, create_user, create_date, modify_user, modify_date)
VALUES ('531', '11', 'On', '132458', '2010-05-21 07:26:30.0', '132458', '2010-05-21 07:26:30.0');
INSERT INTO project_info (project_id, project_info_type_id, value, create_user, create_date, modify_user, modify_date)
VALUES ('531', '12', 'Yes', '132458', '2010-05-21 07:26:30.0', '132458', '2010-05-21 07:26:30.0');
INSERT INTO project_info (project_id, project_info_type_id, value, create_user, create_date, modify_user, modify_date)
VALUES ('531', '13', 'Yes', '132458', '2010-05-21 07:26:30.0', '132458', '2010-05-21 07:26:30.0');
INSERT INTO project_info (project_id, project_info_type_id, value, create_user, create_date, modify_user, modify_date)
VALUES ('531', '14', 'Open', '132458', '2010-05-21 07:26:30.0', '132458', '2010-05-21 07:26:30.0');
INSERT INTO project_info (project_id, project_info_type_id, value, create_user, create_date, modify_user, modify_date)
VALUES ('531', '16', '0.0', '132458', '2010-05-21 07:26:30.0', '132458', '2010-05-21 07:26:30.0');
INSERT INTO project_info (project_id, project_info_type_id, value, create_user, create_date, modify_user, modify_date)
VALUES ('531', '26', 'On', '132458', '2010-05-21 07:26:30.0', '132458', '2010-05-21 07:26:30.0');
INSERT INTO project_info (project_id, project_info_type_id, value, create_user, create_date, modify_user, modify_date)
VALUES ('531', '29', 'On', '132458', '2010-05-21 07:26:30.0', '132458', '2010-05-21 07:26:30.0');
INSERT INTO project_info (project_id, project_info_type_id, value, create_user, create_date, modify_user, modify_date)
VALUES ('531', '41', 'true', '132458', '2010-05-21 07:26:30.0', '132458', '2010-05-21 07:26:30.0');
INSERT INTO project_info (project_id, project_info_type_id, value, create_user, create_date, modify_user, modify_date)
VALUES ('531', '43', 'true', '132458', '2010-05-21 07:26:30.0', '132458', '2010-05-21 07:26:30.0');
--  Data for project_phase
INSERT INTO project_phase (project_phase_id, project_id, phase_type_id, phase_status_id, fixed_start_time, scheduled_start_time, scheduled_end_time, actual_start_time, actual_end_time, duration, create_user, create_date, modify_user, modify_date)
VALUES ('531', '531', '1', '1', '2010-05-27 09:00:00.0', '2010-05-27 09:00:00.0', '2010-06-01 09:00:00.0', NULL, NULL, '259200000', '132458', '2010-05-21 07:26:30.0', '132458', '2010-05-21 07:26:30.0');
INSERT INTO project_phase (project_phase_id, project_id, phase_type_id, phase_status_id, fixed_start_time, scheduled_start_time, scheduled_end_time, actual_start_time, actual_end_time, duration, create_user, create_date, modify_user, modify_date)
VALUES ('532', '531', '2', '1', '2010-05-27 09:00:00.0', '2010-05-27 09:00:00.0', '2010-06-07 09:00:00.0', NULL, NULL, '604800000', '132458', '2010-05-21 07:26:30.0', '132458', '2010-05-21 07:26:30.0');
INSERT INTO project_phase (project_phase_id, project_id, phase_type_id, phase_status_id, fixed_start_time, scheduled_start_time, scheduled_end_time, actual_start_time, actual_end_time, duration, create_user, create_date, modify_user, modify_date)
VALUES ('533', '531', '3', '1', '2010-06-07 09:00:00.0', '2010-06-07 09:00:00.0', '2010-06-08 09:00:00.0', NULL, NULL, '86400000', '132458', '2010-05-21 07:26:30.0', '132458', '2010-05-21 07:26:30.0');
INSERT INTO project_phase (project_phase_id, project_id, phase_type_id, phase_status_id, fixed_start_time, scheduled_start_time, scheduled_end_time, actual_start_time, actual_end_time, duration, create_user, create_date, modify_user, modify_date)
VALUES ('534', '531', '4', '1', '2010-06-08 09:00:00.0', '2010-06-08 09:00:00.0', '2010-06-14 09:00:00.0', NULL, NULL, '345600000', '132458', '2010-05-21 07:26:30.0', '132458', '2010-05-21 07:26:30.0');
INSERT INTO project_phase (project_phase_id, project_id, phase_type_id, phase_status_id, fixed_start_time, scheduled_start_time, scheduled_end_time, actual_start_time, actual_end_time, duration, create_user, create_date, modify_user, modify_date)
VALUES ('535', '531', '5', '1', '2010-06-14 09:00:00.0', '2010-06-14 09:00:00.0', '2010-06-15 09:00:00.0', NULL, NULL, '86400000', '132458', '2010-05-21 07:26:30.0', '132458', '2010-05-21 07:26:30.0');
INSERT INTO project_phase (project_phase_id, project_id, phase_type_id, phase_status_id, fixed_start_time, scheduled_start_time, scheduled_end_time, actual_start_time, actual_end_time, duration, create_user, create_date, modify_user, modify_date)
VALUES ('536', '531', '6', '1', '2010-06-15 09:00:00.0', '2010-06-15 09:00:00.0', '2010-06-16 09:00:00.0', NULL, NULL, '86400000', '132458', '2010-05-21 07:26:30.0', '132458', '2010-05-21 07:26:30.0');
INSERT INTO project_phase (project_phase_id, project_id, phase_type_id, phase_status_id, fixed_start_time, scheduled_start_time, scheduled_end_time, actual_start_time, actual_end_time, duration, create_user, create_date, modify_user, modify_date)
VALUES ('537', '531', '7', '1', '2010-06-16 09:00:00.0', '2010-06-16 09:00:00.0', '2010-06-16 21:00:00.0', NULL, NULL, '43200000', '132458', '2010-05-21 07:26:30.0', '132458', '2010-05-21 07:26:30.0');
INSERT INTO project_phase (project_phase_id, project_id, phase_type_id, phase_status_id, fixed_start_time, scheduled_start_time, scheduled_end_time, actual_start_time, actual_end_time, duration, create_user, create_date, modify_user, modify_date)
VALUES ('538', '531', '8', '1', '2010-06-16 21:00:00.0', '2010-06-16 21:00:00.0', '2010-06-17 09:00:00.0', NULL, NULL, '43200000', '132458', '2010-05-21 07:26:30.0', '132458', '2010-05-21 07:26:30.0');
INSERT INTO project_phase (project_phase_id, project_id, phase_type_id, phase_status_id, fixed_start_time, scheduled_start_time, scheduled_end_time, actual_start_time, actual_end_time, duration, create_user, create_date, modify_user, modify_date)
VALUES ('539', '531', '9', '1', '2010-06-17 09:00:00.0', '2010-06-17 09:00:00.0', '2010-06-22 09:00:00.0', NULL, NULL, '259200000', '132458', '2010-05-21 07:26:30.0', '132458', '2010-05-21 07:26:30.0');
INSERT INTO project_phase (project_phase_id, project_id, phase_type_id, phase_status_id, fixed_start_time, scheduled_start_time, scheduled_end_time, actual_start_time, actual_end_time, duration, create_user, create_date, modify_user, modify_date)
VALUES ('540', '531', '10', '1', '2010-06-22 09:00:00.0', '2010-06-22 09:00:00.0', '2010-06-23 09:00:00.0', NULL, NULL, '86400000', '132458', '2010-05-21 07:26:30.0', '132458', '2010-05-21 07:26:30.0');
--  Data for comp_catalog
INSERT INTO comp_catalog (component_id, current_version, short_desc, component_name, description, function_desc, create_time, status_id, root_category_id, modify_date, public_ind)
VALUES ('1061', '1', 'Coolest component ever', 'Component 54', 'Coolest component ever', 'Component', '2010-05-21 07:20:14.48', '102', '5801776', '2010-05-21 07:23:44.0', '0');
--  Data for comp_versions
INSERT INTO comp_versions (comp_vers_id, component_id, version, version_text, create_time, phase_id, phase_time, price, comments, modify_date,
                           suspended_ind)
VALUES ('1063', '1061', '1', '1.0                 ', '2010-05-21 07:20:14.48', '112', '1976-05-04 00:00:00.0', '1000.00', 'Cool', '2010-05-21 07:27:01.0', '0');
--  Data for comp_categories
INSERT INTO comp_categories (comp_categories_id, component_id, category_id)
VALUES ('1065', '1061', '11');
--  Data for comp_keywords
INSERT INTO comp_keywords (comp_keywords_id, component_id, keyword)
VALUES ('1071', '1061', 'assembly');
--  Data for comp_technology
INSERT INTO comp_technology (comp_tech_id, comp_vers_id, technology_type_id)
VALUES ('1072', '1063', '1');
--  Data for comp_documentation
INSERT INTO comp_documentation (document_id, comp_vers_id, document_type_id, document_name, url)
VALUES ('1073', '1063', '0', 'Requirements Specification', '1061/1063/MQTTBroker_Requirements_Specification.pdf');
--  Data for comp_jive_category_xref
INSERT INTO comp_jive_category_xref (comp_vers_id, jive_category_id)
VALUES ('1063', '0');
--  Data for comp_version_dates
INSERT INTO comp_version_dates (comp_version_dates_id, comp_vers_id, phase_id, posting_date, initial_submission_date, winner_announced_date, final_submission_date,
                                estimated_dev_date, price, total_submissions, status_id, create_time, level_id, screening_complete_date, review_complete_date,
                                aggregation_complete_date, phase_complete_date, production_date, aggregation_complete_date_comment, phase_complete_date_comment,
                                review_complete_date_comment, winner_announced_date_comment, initial_submission_date_comment, screening_complete_date_comment,
                                final_submission_date_comment, production_date_comment, modify_date)
VALUES ('1074', '1063', '112', '1976-05-05', '2000-01-01', '2000-01-01', 
        '2000-01-01', '2000-01-01', NULL, '0', '301', '2010-05-21 07:27:01.0', '100', '2000-01-01',
        '2000-01-01', '2000-01-01', '2000-01-01', '2010-12-01', 
        NULL, NULL, NULL, NULL, NULL, NULL, NULL, '', '2010-05-21 07:27:01.0');
--  Data for phase_criteria
INSERT INTO phase_criteria (project_phase_id, phase_criteria_type_id, parameter, create_user, create_date, modify_user, modify_date)
VALUES ('531', '2', '0', '132458', '2010-05-21 07:26:30.0', '132458', '2010-05-21 07:26:30.0');
INSERT INTO phase_criteria (project_phase_id, phase_criteria_type_id, parameter, create_user, create_date, modify_user, modify_date)
VALUES ('531', '5', 'No', '132458', '2010-05-21 07:26:30.0', '132458', '2010-05-21 07:26:30.0');
INSERT INTO phase_criteria (project_phase_id, phase_criteria_type_id, parameter, create_user, create_date, modify_user, modify_date)
VALUES ('532', '3', '0', '132458', '2010-05-21 07:26:30.0', '132458', '2010-05-21 07:26:30.0');
INSERT INTO phase_criteria (project_phase_id, phase_criteria_type_id, parameter, create_user, create_date, modify_user, modify_date)
VALUES ('532', '5', 'No', '132458', '2010-05-21 07:26:30.0', '132458', '2010-05-21 07:26:30.0');
INSERT INTO phase_criteria (project_phase_id, phase_criteria_type_id, parameter, create_user, create_date, modify_user, modify_date)
VALUES ('533', '5', 'No', '132458', '2010-05-21 07:26:30.0', '132458', '2010-05-21 07:26:30.0');
INSERT INTO phase_criteria (project_phase_id, phase_criteria_type_id, parameter, create_user, create_date, modify_user, modify_date)
VALUES ('533', '1', '30000410', '132458', '2010-05-21 07:26:30.0', '132458', '2010-05-21 07:26:30.0');
INSERT INTO phase_criteria (project_phase_id, phase_criteria_type_id, parameter, create_user, create_date, modify_user, modify_date)
VALUES ('534', '5', 'No', '132458', '2010-05-21 07:26:30.0', '132458', '2010-05-21 07:26:30.0');
INSERT INTO phase_criteria (project_phase_id, phase_criteria_type_id, parameter, create_user, create_date, modify_user, modify_date)
VALUES ('534', '1', '30000411', '132458', '2010-05-21 07:26:30.0', '132458', '2010-05-21 07:26:30.0');
INSERT INTO phase_criteria (project_phase_id, phase_criteria_type_id, parameter, create_user, create_date, modify_user, modify_date)
VALUES ('534', '6', '3', '132458', '2010-05-21 07:26:30.0', '132458', '2010-05-21 07:26:30.0');
INSERT INTO phase_criteria (project_phase_id, phase_criteria_type_id, parameter, create_user, create_date, modify_user, modify_date)
VALUES ('535', '5', 'No', '132458', '2010-05-21 07:26:30.0', '132458', '2010-05-21 07:26:30.0');
INSERT INTO phase_criteria (project_phase_id, phase_criteria_type_id, parameter, create_user, create_date, modify_user, modify_date)
VALUES ('535', '4', 'No', '132458', '2010-05-21 07:26:30.0', '132458', '2010-05-21 07:26:30.0');
INSERT INTO phase_criteria (project_phase_id, phase_criteria_type_id, parameter, create_user, create_date, modify_user, modify_date)
VALUES ('536', '5', 'No', '132458', '2010-05-21 07:26:30.0', '132458', '2010-05-21 07:26:30.0');
INSERT INTO phase_criteria (project_phase_id, phase_criteria_type_id, parameter, create_user, create_date, modify_user, modify_date)
VALUES ('537', '5', 'No', '132458', '2010-05-21 07:26:30.0', '132458', '2010-05-21 07:26:30.0');
INSERT INTO phase_criteria (project_phase_id, phase_criteria_type_id, parameter, create_user, create_date, modify_user, modify_date)
VALUES ('538', '5', 'No', '132458', '2010-05-21 07:26:30.0', '132458', '2010-05-21 07:26:30.0');
INSERT INTO phase_criteria (project_phase_id, phase_criteria_type_id, parameter, create_user, create_date, modify_user, modify_date)
VALUES ('539', '5', 'No', '132458', '2010-05-21 07:26:30.0', '132458', '2010-05-21 07:26:30.0');
INSERT INTO phase_criteria (project_phase_id, phase_criteria_type_id, parameter, create_user, create_date, modify_user, modify_date)
VALUES ('540', '5', 'No', '132458', '2010-05-21 07:26:30.0', '132458', '2010-05-21 07:26:30.0');
--  Data for phase_dependency
INSERT INTO phase_dependency (dependency_phase_id, dependent_phase_id, dependency_start, dependent_start, lag_time, create_user, create_date, modify_user, modify_date)
VALUES ('531', '532', '1', '1', '0', '132458', '2010-05-21 07:26:30.0', '132458', '2010-05-21 07:26:30.0');
INSERT INTO phase_dependency (dependency_phase_id, dependent_phase_id, dependency_start, dependent_start, lag_time, create_user, create_date, modify_user, modify_date)
VALUES ('532', '533', '0', '1', '0', '132458', '2010-05-21 07:26:30.0', '132458', '2010-05-21 07:26:30.0');
INSERT INTO phase_dependency (dependency_phase_id, dependent_phase_id, dependency_start, dependent_start, lag_time, create_user, create_date, modify_user, modify_date)
VALUES ('533', '534', '0', '1', '0', '132458', '2010-05-21 07:26:30.0', '132458', '2010-05-21 07:26:30.0');
INSERT INTO phase_dependency (dependency_phase_id, dependent_phase_id, dependency_start, dependent_start, lag_time, create_user, create_date, modify_user, modify_date)
VALUES ('534', '535', '0', '1', '0', '132458', '2010-05-21 07:26:30.0', '132458', '2010-05-21 07:26:30.0');
INSERT INTO phase_dependency (dependency_phase_id, dependent_phase_id, dependency_start, dependent_start, lag_time, create_user, create_date, modify_user, modify_date)
VALUES ('535', '536', '0', '1', '0', '132458', '2010-05-21 07:26:30.0', '132458', '2010-05-21 07:26:30.0');
INSERT INTO phase_dependency (dependency_phase_id, dependent_phase_id, dependency_start, dependent_start, lag_time, create_user, create_date, modify_user, modify_date)
VALUES ('536', '537', '0', '1', '0', '132458', '2010-05-21 07:26:30.0', '132458', '2010-05-21 07:26:30.0');
INSERT INTO phase_dependency (dependency_phase_id, dependent_phase_id, dependency_start, dependent_start, lag_time, create_user, create_date, modify_user, modify_date)
VALUES ('537', '538', '0', '1', '0', '132458', '2010-05-21 07:26:30.0', '132458', '2010-05-21 07:26:30.0');
INSERT INTO phase_dependency (dependency_phase_id, dependent_phase_id, dependency_start, dependent_start, lag_time, create_user, create_date, modify_user, modify_date)
VALUES ('538', '539', '0', '1', '0', '132458', '2010-05-21 07:26:30.0', '132458', '2010-05-21 07:26:30.0');
INSERT INTO phase_dependency (dependency_phase_id, dependent_phase_id, dependency_start, dependent_start, lag_time, create_user, create_date, modify_user, modify_date)
VALUES ('539', '540', '0', '1', '0', '132458', '2010-05-21 07:26:30.0', '132458', '2010-05-21 07:26:30.0');
--  Data for resource
INSERT INTO resource (resource_id, resource_role_id, project_id, project_phase_id, create_user, create_date, modify_user, modify_date)
VALUES ('531', '13', '531', NULL, '132458', '2010-05-21 07:26:30.0', '132458', '2010-05-21 07:26:30.0');
--  Data for resource_info
INSERT INTO resource_info (resource_id, resource_info_type_id, value, create_user, create_date, modify_user, modify_date)
VALUES ('531', '1', '132458', '132458', '2010-05-21 07:26:30.0', '132458', '2010-05-21 07:26:30.0');
INSERT INTO resource_info (resource_id, resource_info_type_id, value, create_user, create_date, modify_user, modify_date)
VALUES ('531', '2', 'user', '132458', '2010-05-21 07:26:30.0', '132458', '2010-05-21 07:26:30.0');
--  Data for user_role
INSERT INTO user_role (user_role_id, comp_vers_id, role_id, login_id, description)
VALUES ('1064', '1063', '1', '132458', '');
--  Data for word_search
INSERT INTO word_search (word_search_id, document_id, index_word, nbr_occurrences)
VALUES ('1067', '1061', 'ever                                                                                                ', '2');
INSERT INTO word_search (word_search_id, document_id, index_word, nbr_occurrences)
VALUES ('1068', '1061', 'component                                                                                           ', '4');
INSERT INTO word_search (word_search_id, document_id, index_word, nbr_occurrences)
VALUES ('1069', '1061', 'coolest                                                                                             ', '2');
INSERT INTO word_search (word_search_id, document_id, index_word, nbr_occurrences)
VALUES ('1070', '1061', 'assembly                                                    ', '2');
--  Data for word_search_ctgy
INSERT INTO word_search_ctgy (word_srch_ctgy_id, category_id, document_id)
VALUES ('1066', 'DDECATALOG                                        ', '1061');
--  Data for word_search_doc
INSERT INTO word_search_doc (document_id)
VALUES ('1061');
-- Data for project
INSERT INTO project (project_id, project_status_id, project_category_id, create_user, create_date, modify_user, modify_date)
VALUES ('541', '2', '14', '132456', '2010-05-21 07:26:30.0', '132456', '2010-05-21 07:26:30.0');
--  Data for project_info
INSERT INTO project_info (project_id, project_info_type_id, value, create_user, create_date, modify_user, modify_date)
VALUES ('541', '1', '1083', '132456', '2010-05-21 07:26:30.0', '132456', '2010-05-21 07:26:30.0');
INSERT INTO project_info (project_id, project_info_type_id, value, create_user, create_date, modify_user, modify_date)
VALUES ('541', '2', '1081', '132456', '2010-05-21 07:26:30.0', '132456', '2010-05-21 07:26:30.0');
INSERT INTO project_info (project_id, project_info_type_id, value, create_user, create_date, modify_user, modify_date)
VALUES ('541', '3', '1', '132456', '2010-05-21 07:26:30.0', '132456', '2010-05-21 07:26:30.0');
INSERT INTO project_info (project_id, project_info_type_id, value, create_user, create_date, modify_user, modify_date)
VALUES ('541', '4', '0', '132456', '2010-05-21 07:26:30.0', '132456', '2010-05-21 07:26:30.0');
INSERT INTO project_info (project_id, project_info_type_id, value, create_user, create_date, modify_user, modify_date)
VALUES ('541', '5', '5801776', '132456', '2010-05-21 07:26:30.0', '132456', '2010-05-21 07:26:30.0');
INSERT INTO project_info (project_id, project_info_type_id, value, create_user, create_date, modify_user, modify_date)
VALUES ('541', '6', 'Component 55', '132456', '2010-05-21 07:26:30.0', '132456', '2010-05-21 07:26:30.0');
INSERT INTO project_info (project_id, project_info_type_id, value, create_user, create_date, modify_user, modify_date)
VALUES ('541', '7', '1.0                 ', '132456', '2010-05-21 07:26:30.0', '132456', '2010-05-21 07:26:30.0');
INSERT INTO project_info (project_id, project_info_type_id, value, create_user, create_date, modify_user, modify_date)
VALUES ('541', '9', 'Off', '132456', '2010-05-21 07:26:30.0', '132456', '2010-05-21 07:26:30.0');
INSERT INTO project_info (project_id, project_info_type_id, value, create_user, create_date, modify_user, modify_date)
VALUES ('541', '10', 'On', '132456', '2010-05-21 07:26:30.0', '132456', '2010-05-21 07:26:30.0');
INSERT INTO project_info (project_id, project_info_type_id, value, create_user, create_date, modify_user, modify_date)
VALUES ('541', '11', 'On', '132456', '2010-05-21 07:26:30.0', '132456', '2010-05-21 07:26:30.0');
INSERT INTO project_info (project_id, project_info_type_id, value, create_user, create_date, modify_user, modify_date)
VALUES ('541', '12', 'Yes', '132456', '2010-05-21 07:26:30.0', '132456', '2010-05-21 07:26:30.0');
INSERT INTO project_info (project_id, project_info_type_id, value, create_user, create_date, modify_user, modify_date)
VALUES ('541', '13', 'Yes', '132456', '2010-05-21 07:26:30.0', '132456', '2010-05-21 07:26:30.0');
INSERT INTO project_info (project_id, project_info_type_id, value, create_user, create_date, modify_user, modify_date)
VALUES ('541', '14', 'Open', '132456', '2010-05-21 07:26:30.0', '132456', '2010-05-21 07:26:30.0');
INSERT INTO project_info (project_id, project_info_type_id, value, create_user, create_date, modify_user, modify_date)
VALUES ('541', '16', '0.0', '132456', '2010-05-21 07:26:30.0', '132456', '2010-05-21 07:26:30.0');
INSERT INTO project_info (project_id, project_info_type_id, value, create_user, create_date, modify_user, modify_date)
VALUES ('541', '26', 'On', '132456', '2010-05-21 07:26:30.0', '132456', '2010-05-21 07:26:30.0');
INSERT INTO project_info (project_id, project_info_type_id, value, create_user, create_date, modify_user, modify_date)
VALUES ('541', '29', 'On', '132456', '2010-05-21 07:26:30.0', '132456', '2010-05-21 07:26:30.0');
INSERT INTO project_info (project_id, project_info_type_id, value, create_user, create_date, modify_user, modify_date)
VALUES ('541', '41', 'true', '132456', '2010-05-21 07:26:30.0', '132456', '2010-05-21 07:26:30.0');
INSERT INTO project_info (project_id, project_info_type_id, value, create_user, create_date, modify_user, modify_date)
VALUES ('541', '43', 'true', '132456', '2010-05-21 07:26:30.0', '132456', '2010-05-21 07:26:30.0');
--  Data for project_phase
INSERT INTO project_phase (project_phase_id, project_id, phase_type_id, phase_status_id, fixed_start_time, scheduled_start_time, scheduled_end_time, actual_start_time, actual_end_time, duration, create_user, create_date, modify_user, modify_date)
VALUES ('541', '541', '1', '1', '2010-05-27 09:00:00.0', '2010-05-27 09:00:00.0', '2010-06-01 09:00:00.0', NULL, NULL, '259200000', '132456', '2010-05-21 07:26:30.0', '132456', '2010-05-21 07:26:30.0');
INSERT INTO project_phase (project_phase_id, project_id, phase_type_id, phase_status_id, fixed_start_time, scheduled_start_time, scheduled_end_time, actual_start_time, actual_end_time, duration, create_user, create_date, modify_user, modify_date)
VALUES ('542', '541', '2', '1', '2010-05-27 09:00:00.0', '2010-05-27 09:00:00.0', '2010-06-07 09:00:00.0', NULL, NULL, '604800000', '132456', '2010-05-21 07:26:30.0', '132456', '2010-05-21 07:26:30.0');
INSERT INTO project_phase (project_phase_id, project_id, phase_type_id, phase_status_id, fixed_start_time, scheduled_start_time, scheduled_end_time, actual_start_time, actual_end_time, duration, create_user, create_date, modify_user, modify_date)
VALUES ('543', '541', '3', '1', '2010-06-07 09:00:00.0', '2010-06-07 09:00:00.0', '2010-06-08 09:00:00.0', NULL, NULL, '86400000', '132456', '2010-05-21 07:26:30.0', '132456', '2010-05-21 07:26:30.0');
INSERT INTO project_phase (project_phase_id, project_id, phase_type_id, phase_status_id, fixed_start_time, scheduled_start_time, scheduled_end_time, actual_start_time, actual_end_time, duration, create_user, create_date, modify_user, modify_date)
VALUES ('544', '541', '4', '1', '2010-06-08 09:00:00.0', '2010-06-08 09:00:00.0', '2010-06-14 09:00:00.0', NULL, NULL, '345600000', '132456', '2010-05-21 07:26:30.0', '132456', '2010-05-21 07:26:30.0');
INSERT INTO project_phase (project_phase_id, project_id, phase_type_id, phase_status_id, fixed_start_time, scheduled_start_time, scheduled_end_time, actual_start_time, actual_end_time, duration, create_user, create_date, modify_user, modify_date)
VALUES ('545', '541', '5', '1', '2010-06-14 09:00:00.0', '2010-06-14 09:00:00.0', '2010-06-15 09:00:00.0', NULL, NULL, '86400000', '132456', '2010-05-21 07:26:30.0', '132456', '2010-05-21 07:26:30.0');
INSERT INTO project_phase (project_phase_id, project_id, phase_type_id, phase_status_id, fixed_start_time, scheduled_start_time, scheduled_end_time, actual_start_time, actual_end_time, duration, create_user, create_date, modify_user, modify_date)
VALUES ('546', '541', '6', '1', '2010-06-15 09:00:00.0', '2010-06-15 09:00:00.0', '2010-06-16 09:00:00.0', NULL, NULL, '86400000', '132456', '2010-05-21 07:26:30.0', '132456', '2010-05-21 07:26:30.0');
INSERT INTO project_phase (project_phase_id, project_id, phase_type_id, phase_status_id, fixed_start_time, scheduled_start_time, scheduled_end_time, actual_start_time, actual_end_time, duration, create_user, create_date, modify_user, modify_date)
VALUES ('547', '541', '7', '1', '2010-06-16 09:00:00.0', '2010-06-16 09:00:00.0', '2010-06-16 21:00:00.0', NULL, NULL, '43200000', '132456', '2010-05-21 07:26:30.0', '132456', '2010-05-21 07:26:30.0');
INSERT INTO project_phase (project_phase_id, project_id, phase_type_id, phase_status_id, fixed_start_time, scheduled_start_time, scheduled_end_time, actual_start_time, actual_end_time, duration, create_user, create_date, modify_user, modify_date)
VALUES ('548', '541', '8', '1', '2010-06-16 21:00:00.0', '2010-06-16 21:00:00.0', '2010-06-17 09:00:00.0', NULL, NULL, '43200000', '132456', '2010-05-21 07:26:30.0', '132456', '2010-05-21 07:26:30.0');
INSERT INTO project_phase (project_phase_id, project_id, phase_type_id, phase_status_id, fixed_start_time, scheduled_start_time, scheduled_end_time, actual_start_time, actual_end_time, duration, create_user, create_date, modify_user, modify_date)
VALUES ('549', '541', '9', '1', '2010-06-17 09:00:00.0', '2010-06-17 09:00:00.0', '2010-06-22 09:00:00.0', NULL, NULL, '259200000', '132456', '2010-05-21 07:26:30.0', '132456', '2010-05-21 07:26:30.0');
INSERT INTO project_phase (project_phase_id, project_id, phase_type_id, phase_status_id, fixed_start_time, scheduled_start_time, scheduled_end_time, actual_start_time, actual_end_time, duration, create_user, create_date, modify_user, modify_date)
VALUES ('550', '541', '10', '1', '2010-06-22 09:00:00.0', '2010-06-22 09:00:00.0', '2010-06-23 09:00:00.0', NULL, NULL, '86400000', '132456', '2010-05-21 07:26:30.0', '132456', '2010-05-21 07:26:30.0');
--  Data for comp_catalog
INSERT INTO comp_catalog (component_id, current_version, short_desc, component_name, description, function_desc, create_time, status_id, root_category_id, modify_date, public_ind)
VALUES ('1081', '1', 'Coolest component ever', 'Component 55', 'Coolest component ever', 'Component', '2010-05-21 07:20:14.48', '102', '5801776', '2010-05-21 07:23:44.0', '0');
--  Data for comp_versions
INSERT INTO comp_versions (comp_vers_id, component_id, version, version_text, create_time, phase_id, phase_time, price, comments, modify_date,
                           suspended_ind)
VALUES ('1083', '1081', '1', '1.0                 ', '2010-05-21 07:20:14.48', '112', '1976-05-04 00:00:00.0', '1000.00', 'Cool', '2010-05-21 07:27:01.0', '0');
--  Data for comp_categories
INSERT INTO comp_categories (comp_categories_id, component_id, category_id)
VALUES ('1085', '1081', '11');
--  Data for comp_keywords
INSERT INTO comp_keywords (comp_keywords_id, component_id, keyword)
VALUES ('1091', '1081', 'assembly');
--  Data for comp_technology
INSERT INTO comp_technology (comp_tech_id, comp_vers_id, technology_type_id)
VALUES ('1092', '1083', '1');
--  Data for comp_documentation
INSERT INTO comp_documentation (document_id, comp_vers_id, document_type_id, document_name, url)
VALUES ('1093', '1083', '0', 'Requirements Specification', '1081/1083/MQTTBroker_Requirements_Specification.pdf');
--  Data for comp_jive_category_xref
INSERT INTO comp_jive_category_xref (comp_vers_id, jive_category_id)
VALUES ('1083', '0');
--  Data for comp_version_dates
INSERT INTO comp_version_dates (comp_version_dates_id, comp_vers_id, phase_id, posting_date, initial_submission_date, winner_announced_date, final_submission_date,
                                estimated_dev_date, price, total_submissions, status_id, create_time, level_id, screening_complete_date, review_complete_date,
                                aggregation_complete_date, phase_complete_date, production_date, aggregation_complete_date_comment, phase_complete_date_comment,
                                review_complete_date_comment, winner_announced_date_comment, initial_submission_date_comment, screening_complete_date_comment,
                                final_submission_date_comment, production_date_comment, modify_date)
VALUES ('1094', '1083', '112', '1976-05-05', '2000-01-01', '2000-01-01', 
        '2000-01-01', '2000-01-01', NULL, '0', '301', '2010-05-21 07:27:01.0', '100', '2000-01-01',
        '2000-01-01', '2000-01-01', '2000-01-01', '2010-12-01', 
        NULL, NULL, NULL, NULL, NULL, NULL, NULL, '', '2010-05-21 07:27:01.0');
--  Data for phase_criteria
INSERT INTO phase_criteria (project_phase_id, phase_criteria_type_id, parameter, create_user, create_date, modify_user, modify_date)
VALUES ('541', '2', '0', '132456', '2010-05-21 07:26:30.0', '132456', '2010-05-21 07:26:30.0');
INSERT INTO phase_criteria (project_phase_id, phase_criteria_type_id, parameter, create_user, create_date, modify_user, modify_date)
VALUES ('541', '5', 'No', '132456', '2010-05-21 07:26:30.0', '132456', '2010-05-21 07:26:30.0');
INSERT INTO phase_criteria (project_phase_id, phase_criteria_type_id, parameter, create_user, create_date, modify_user, modify_date)
VALUES ('542', '3', '0', '132456', '2010-05-21 07:26:30.0', '132456', '2010-05-21 07:26:30.0');
INSERT INTO phase_criteria (project_phase_id, phase_criteria_type_id, parameter, create_user, create_date, modify_user, modify_date)
VALUES ('542', '5', 'No', '132456', '2010-05-21 07:26:30.0', '132456', '2010-05-21 07:26:30.0');
INSERT INTO phase_criteria (project_phase_id, phase_criteria_type_id, parameter, create_user, create_date, modify_user, modify_date)
VALUES ('543', '5', 'No', '132456', '2010-05-21 07:26:30.0', '132456', '2010-05-21 07:26:30.0');
INSERT INTO phase_criteria (project_phase_id, phase_criteria_type_id, parameter, create_user, create_date, modify_user, modify_date)
VALUES ('543', '1', '30000410', '132456', '2010-05-21 07:26:30.0', '132456', '2010-05-21 07:26:30.0');
INSERT INTO phase_criteria (project_phase_id, phase_criteria_type_id, parameter, create_user, create_date, modify_user, modify_date)
VALUES ('544', '5', 'No', '132456', '2010-05-21 07:26:30.0', '132456', '2010-05-21 07:26:30.0');
INSERT INTO phase_criteria (project_phase_id, phase_criteria_type_id, parameter, create_user, create_date, modify_user, modify_date)
VALUES ('544', '1', '30000411', '132456', '2010-05-21 07:26:30.0', '132456', '2010-05-21 07:26:30.0');
INSERT INTO phase_criteria (project_phase_id, phase_criteria_type_id, parameter, create_user, create_date, modify_user, modify_date)
VALUES ('544', '6', '3', '132456', '2010-05-21 07:26:30.0', '132456', '2010-05-21 07:26:30.0');
INSERT INTO phase_criteria (project_phase_id, phase_criteria_type_id, parameter, create_user, create_date, modify_user, modify_date)
VALUES ('545', '5', 'No', '132456', '2010-05-21 07:26:30.0', '132456', '2010-05-21 07:26:30.0');
INSERT INTO phase_criteria (project_phase_id, phase_criteria_type_id, parameter, create_user, create_date, modify_user, modify_date)
VALUES ('545', '4', 'No', '132456', '2010-05-21 07:26:30.0', '132456', '2010-05-21 07:26:30.0');
INSERT INTO phase_criteria (project_phase_id, phase_criteria_type_id, parameter, create_user, create_date, modify_user, modify_date)
VALUES ('546', '5', 'No', '132456', '2010-05-21 07:26:30.0', '132456', '2010-05-21 07:26:30.0');
INSERT INTO phase_criteria (project_phase_id, phase_criteria_type_id, parameter, create_user, create_date, modify_user, modify_date)
VALUES ('547', '5', 'No', '132456', '2010-05-21 07:26:30.0', '132456', '2010-05-21 07:26:30.0');
INSERT INTO phase_criteria (project_phase_id, phase_criteria_type_id, parameter, create_user, create_date, modify_user, modify_date)
VALUES ('548', '5', 'No', '132456', '2010-05-21 07:26:30.0', '132456', '2010-05-21 07:26:30.0');
INSERT INTO phase_criteria (project_phase_id, phase_criteria_type_id, parameter, create_user, create_date, modify_user, modify_date)
VALUES ('549', '5', 'No', '132456', '2010-05-21 07:26:30.0', '132456', '2010-05-21 07:26:30.0');
INSERT INTO phase_criteria (project_phase_id, phase_criteria_type_id, parameter, create_user, create_date, modify_user, modify_date)
VALUES ('550', '5', 'No', '132456', '2010-05-21 07:26:30.0', '132456', '2010-05-21 07:26:30.0');
--  Data for phase_dependency
INSERT INTO phase_dependency (dependency_phase_id, dependent_phase_id, dependency_start, dependent_start, lag_time, create_user, create_date, modify_user, modify_date)
VALUES ('541', '542', '1', '1', '0', '132456', '2010-05-21 07:26:30.0', '132456', '2010-05-21 07:26:30.0');
INSERT INTO phase_dependency (dependency_phase_id, dependent_phase_id, dependency_start, dependent_start, lag_time, create_user, create_date, modify_user, modify_date)
VALUES ('542', '543', '0', '1', '0', '132456', '2010-05-21 07:26:30.0', '132456', '2010-05-21 07:26:30.0');
INSERT INTO phase_dependency (dependency_phase_id, dependent_phase_id, dependency_start, dependent_start, lag_time, create_user, create_date, modify_user, modify_date)
VALUES ('543', '544', '0', '1', '0', '132456', '2010-05-21 07:26:30.0', '132456', '2010-05-21 07:26:30.0');
INSERT INTO phase_dependency (dependency_phase_id, dependent_phase_id, dependency_start, dependent_start, lag_time, create_user, create_date, modify_user, modify_date)
VALUES ('544', '545', '0', '1', '0', '132456', '2010-05-21 07:26:30.0', '132456', '2010-05-21 07:26:30.0');
INSERT INTO phase_dependency (dependency_phase_id, dependent_phase_id, dependency_start, dependent_start, lag_time, create_user, create_date, modify_user, modify_date)
VALUES ('545', '546', '0', '1', '0', '132456', '2010-05-21 07:26:30.0', '132456', '2010-05-21 07:26:30.0');
INSERT INTO phase_dependency (dependency_phase_id, dependent_phase_id, dependency_start, dependent_start, lag_time, create_user, create_date, modify_user, modify_date)
VALUES ('546', '547', '0', '1', '0', '132456', '2010-05-21 07:26:30.0', '132456', '2010-05-21 07:26:30.0');
INSERT INTO phase_dependency (dependency_phase_id, dependent_phase_id, dependency_start, dependent_start, lag_time, create_user, create_date, modify_user, modify_date)
VALUES ('547', '548', '0', '1', '0', '132456', '2010-05-21 07:26:30.0', '132456', '2010-05-21 07:26:30.0');
INSERT INTO phase_dependency (dependency_phase_id, dependent_phase_id, dependency_start, dependent_start, lag_time, create_user, create_date, modify_user, modify_date)
VALUES ('548', '549', '0', '1', '0', '132456', '2010-05-21 07:26:30.0', '132456', '2010-05-21 07:26:30.0');
INSERT INTO phase_dependency (dependency_phase_id, dependent_phase_id, dependency_start, dependent_start, lag_time, create_user, create_date, modify_user, modify_date)
VALUES ('549', '550', '0', '1', '0', '132456', '2010-05-21 07:26:30.0', '132456', '2010-05-21 07:26:30.0');
--  Data for resource
INSERT INTO resource (resource_id, resource_role_id, project_id, project_phase_id, create_user, create_date, modify_user, modify_date)
VALUES ('541', '13', '541', NULL, '132456', '2010-05-21 07:26:30.0', '132456', '2010-05-21 07:26:30.0');
--  Data for resource_info
INSERT INTO resource_info (resource_id, resource_info_type_id, value, create_user, create_date, modify_user, modify_date)
VALUES ('541', '1', '132456', '132456', '2010-05-21 07:26:30.0', '132456', '2010-05-21 07:26:30.0');
INSERT INTO resource_info (resource_id, resource_info_type_id, value, create_user, create_date, modify_user, modify_date)
VALUES ('541', '2', 'heffan', '132456', '2010-05-21 07:26:30.0', '132456', '2010-05-21 07:26:30.0');
--  Data for user_role
INSERT INTO user_role (user_role_id, comp_vers_id, role_id, login_id, description)
VALUES ('1084', '1083', '1', '132456', '');
--  Data for word_search
INSERT INTO word_search (word_search_id, document_id, index_word, nbr_occurrences)
VALUES ('1087', '1081', 'ever                                                                                                ', '2');
INSERT INTO word_search (word_search_id, document_id, index_word, nbr_occurrences)
VALUES ('1088', '1081', 'component                                                                                           ', '4');
INSERT INTO word_search (word_search_id, document_id, index_word, nbr_occurrences)
VALUES ('1089', '1081', 'coolest                                                                                             ', '2');
INSERT INTO word_search (word_search_id, document_id, index_word, nbr_occurrences)
VALUES ('1090', '1081', 'assembly                                                    ', '2');
--  Data for word_search_ctgy
INSERT INTO word_search_ctgy (word_srch_ctgy_id, category_id, document_id)
VALUES ('1086', 'DDECATALOG                                        ', '1081');
--  Data for word_search_doc
INSERT INTO word_search_doc (document_id)
VALUES ('1081');
-- Data for project
INSERT INTO project (project_id, project_status_id, project_category_id, create_user, create_date, modify_user, modify_date)
VALUES ('551', '2', '2', '132458', '2010-05-21 07:26:30.0', '132458', '2010-05-21 07:26:30.0');
--  Data for project_info
INSERT INTO project_info (project_id, project_info_type_id, value, create_user, create_date, modify_user, modify_date)
VALUES ('551', '1', '1103', '132458', '2010-05-21 07:26:30.0', '132458', '2010-05-21 07:26:30.0');
INSERT INTO project_info (project_id, project_info_type_id, value, create_user, create_date, modify_user, modify_date)
VALUES ('551', '2', '1101', '132458', '2010-05-21 07:26:30.0', '132458', '2010-05-21 07:26:30.0');
INSERT INTO project_info (project_id, project_info_type_id, value, create_user, create_date, modify_user, modify_date)
VALUES ('551', '3', '1', '132458', '2010-05-21 07:26:30.0', '132458', '2010-05-21 07:26:30.0');
INSERT INTO project_info (project_id, project_info_type_id, value, create_user, create_date, modify_user, modify_date)
VALUES ('551', '4', '0', '132458', '2010-05-21 07:26:30.0', '132458', '2010-05-21 07:26:30.0');
INSERT INTO project_info (project_id, project_info_type_id, value, create_user, create_date, modify_user, modify_date)
VALUES ('551', '5', '5801776', '132458', '2010-05-21 07:26:30.0', '132458', '2010-05-21 07:26:30.0');
INSERT INTO project_info (project_id, project_info_type_id, value, create_user, create_date, modify_user, modify_date)
VALUES ('551', '6', 'Component 56', '132458', '2010-05-21 07:26:30.0', '132458', '2010-05-21 07:26:30.0');
INSERT INTO project_info (project_id, project_info_type_id, value, create_user, create_date, modify_user, modify_date)
VALUES ('551', '7', '1.0                 ', '132458', '2010-05-21 07:26:30.0', '132458', '2010-05-21 07:26:30.0');
INSERT INTO project_info (project_id, project_info_type_id, value, create_user, create_date, modify_user, modify_date)
VALUES ('551', '9', 'Off', '132458', '2010-05-21 07:26:30.0', '132458', '2010-05-21 07:26:30.0');
INSERT INTO project_info (project_id, project_info_type_id, value, create_user, create_date, modify_user, modify_date)
VALUES ('551', '10', 'On', '132458', '2010-05-21 07:26:30.0', '132458', '2010-05-21 07:26:30.0');
INSERT INTO project_info (project_id, project_info_type_id, value, create_user, create_date, modify_user, modify_date)
VALUES ('551', '11', 'On', '132458', '2010-05-21 07:26:30.0', '132458', '2010-05-21 07:26:30.0');
INSERT INTO project_info (project_id, project_info_type_id, value, create_user, create_date, modify_user, modify_date)
VALUES ('551', '12', 'Yes', '132458', '2010-05-21 07:26:30.0', '132458', '2010-05-21 07:26:30.0');
INSERT INTO project_info (project_id, project_info_type_id, value, create_user, create_date, modify_user, modify_date)
VALUES ('551', '13', 'Yes', '132458', '2010-05-21 07:26:30.0', '132458', '2010-05-21 07:26:30.0');
INSERT INTO project_info (project_id, project_info_type_id, value, create_user, create_date, modify_user, modify_date)
VALUES ('551', '14', 'Open', '132458', '2010-05-21 07:26:30.0', '132458', '2010-05-21 07:26:30.0');
INSERT INTO project_info (project_id, project_info_type_id, value, create_user, create_date, modify_user, modify_date)
VALUES ('551', '16', '0.0', '132458', '2010-05-21 07:26:30.0', '132458', '2010-05-21 07:26:30.0');
INSERT INTO project_info (project_id, project_info_type_id, value, create_user, create_date, modify_user, modify_date)
VALUES ('551', '26', 'On', '132458', '2010-05-21 07:26:30.0', '132458', '2010-05-21 07:26:30.0');
INSERT INTO project_info (project_id, project_info_type_id, value, create_user, create_date, modify_user, modify_date)
VALUES ('551', '29', 'On', '132458', '2010-05-21 07:26:30.0', '132458', '2010-05-21 07:26:30.0');
INSERT INTO project_info (project_id, project_info_type_id, value, create_user, create_date, modify_user, modify_date)
VALUES ('551', '41', 'true', '132458', '2010-05-21 07:26:30.0', '132458', '2010-05-21 07:26:30.0');
INSERT INTO project_info (project_id, project_info_type_id, value, create_user, create_date, modify_user, modify_date)
VALUES ('551', '43', 'true', '132458', '2010-05-21 07:26:30.0', '132458', '2010-05-21 07:26:30.0');
--  Data for project_phase
INSERT INTO project_phase (project_phase_id, project_id, phase_type_id, phase_status_id, fixed_start_time, scheduled_start_time, scheduled_end_time, actual_start_time, actual_end_time, duration, create_user, create_date, modify_user, modify_date)
VALUES ('551', '551', '1', '1', '2010-05-27 09:00:00.0', '2010-05-27 09:00:00.0', '2010-06-01 09:00:00.0', NULL, NULL, '259200000', '132458', '2010-05-21 07:26:30.0', '132458', '2010-05-21 07:26:30.0');
INSERT INTO project_phase (project_phase_id, project_id, phase_type_id, phase_status_id, fixed_start_time, scheduled_start_time, scheduled_end_time, actual_start_time, actual_end_time, duration, create_user, create_date, modify_user, modify_date)
VALUES ('552', '551', '2', '1', '2010-05-27 09:00:00.0', '2010-05-27 09:00:00.0', '2010-06-07 09:00:00.0', NULL, NULL, '604800000', '132458', '2010-05-21 07:26:30.0', '132458', '2010-05-21 07:26:30.0');
INSERT INTO project_phase (project_phase_id, project_id, phase_type_id, phase_status_id, fixed_start_time, scheduled_start_time, scheduled_end_time, actual_start_time, actual_end_time, duration, create_user, create_date, modify_user, modify_date)
VALUES ('553', '551', '3', '1', '2010-06-07 09:00:00.0', '2010-06-07 09:00:00.0', '2010-06-08 09:00:00.0', NULL, NULL, '86400000', '132458', '2010-05-21 07:26:30.0', '132458', '2010-05-21 07:26:30.0');
INSERT INTO project_phase (project_phase_id, project_id, phase_type_id, phase_status_id, fixed_start_time, scheduled_start_time, scheduled_end_time, actual_start_time, actual_end_time, duration, create_user, create_date, modify_user, modify_date)
VALUES ('554', '551', '4', '1', '2010-06-08 09:00:00.0', '2010-06-08 09:00:00.0', '2010-06-14 09:00:00.0', NULL, NULL, '345600000', '132458', '2010-05-21 07:26:30.0', '132458', '2010-05-21 07:26:30.0');
INSERT INTO project_phase (project_phase_id, project_id, phase_type_id, phase_status_id, fixed_start_time, scheduled_start_time, scheduled_end_time, actual_start_time, actual_end_time, duration, create_user, create_date, modify_user, modify_date)
VALUES ('555', '551', '5', '1', '2010-06-14 09:00:00.0', '2010-06-14 09:00:00.0', '2010-06-15 09:00:00.0', NULL, NULL, '86400000', '132458', '2010-05-21 07:26:30.0', '132458', '2010-05-21 07:26:30.0');
INSERT INTO project_phase (project_phase_id, project_id, phase_type_id, phase_status_id, fixed_start_time, scheduled_start_time, scheduled_end_time, actual_start_time, actual_end_time, duration, create_user, create_date, modify_user, modify_date)
VALUES ('556', '551', '6', '1', '2010-06-15 09:00:00.0', '2010-06-15 09:00:00.0', '2010-06-16 09:00:00.0', NULL, NULL, '86400000', '132458', '2010-05-21 07:26:30.0', '132458', '2010-05-21 07:26:30.0');
INSERT INTO project_phase (project_phase_id, project_id, phase_type_id, phase_status_id, fixed_start_time, scheduled_start_time, scheduled_end_time, actual_start_time, actual_end_time, duration, create_user, create_date, modify_user, modify_date)
VALUES ('557', '551', '7', '1', '2010-06-16 09:00:00.0', '2010-06-16 09:00:00.0', '2010-06-16 21:00:00.0', NULL, NULL, '43200000', '132458', '2010-05-21 07:26:30.0', '132458', '2010-05-21 07:26:30.0');
INSERT INTO project_phase (project_phase_id, project_id, phase_type_id, phase_status_id, fixed_start_time, scheduled_start_time, scheduled_end_time, actual_start_time, actual_end_time, duration, create_user, create_date, modify_user, modify_date)
VALUES ('558', '551', '8', '1', '2010-06-16 21:00:00.0', '2010-06-16 21:00:00.0', '2010-06-17 09:00:00.0', NULL, NULL, '43200000', '132458', '2010-05-21 07:26:30.0', '132458', '2010-05-21 07:26:30.0');
INSERT INTO project_phase (project_phase_id, project_id, phase_type_id, phase_status_id, fixed_start_time, scheduled_start_time, scheduled_end_time, actual_start_time, actual_end_time, duration, create_user, create_date, modify_user, modify_date)
VALUES ('559', '551', '9', '1', '2010-06-17 09:00:00.0', '2010-06-17 09:00:00.0', '2010-06-22 09:00:00.0', NULL, NULL, '259200000', '132458', '2010-05-21 07:26:30.0', '132458', '2010-05-21 07:26:30.0');
INSERT INTO project_phase (project_phase_id, project_id, phase_type_id, phase_status_id, fixed_start_time, scheduled_start_time, scheduled_end_time, actual_start_time, actual_end_time, duration, create_user, create_date, modify_user, modify_date)
VALUES ('560', '551', '10', '1', '2010-06-22 09:00:00.0', '2010-06-22 09:00:00.0', '2010-06-23 09:00:00.0', NULL, NULL, '86400000', '132458', '2010-05-21 07:26:30.0', '132458', '2010-05-21 07:26:30.0');
--  Data for comp_catalog
INSERT INTO comp_catalog (component_id, current_version, short_desc, component_name, description, function_desc, create_time, status_id, root_category_id, modify_date, public_ind)
VALUES ('1101', '1', 'Coolest component ever', 'Component 56', 'Coolest component ever', 'Component', '2010-05-21 07:20:14.48', '102', '5801776', '2010-05-21 07:23:44.0', '0');
--  Data for comp_versions
INSERT INTO comp_versions (comp_vers_id, component_id, version, version_text, create_time, phase_id, phase_time, price, comments, modify_date,
                           suspended_ind)
VALUES ('1103', '1101', '1', '1.0                 ', '2010-05-21 07:20:14.48', '112', '1976-05-04 00:00:00.0', '1000.00', 'Cool', '2010-05-21 07:27:01.0', '0');
--  Data for comp_categories
INSERT INTO comp_categories (comp_categories_id, component_id, category_id)
VALUES ('1105', '1101', '11');
--  Data for comp_keywords
INSERT INTO comp_keywords (comp_keywords_id, component_id, keyword)
VALUES ('1111', '1101', 'development');
--  Data for comp_technology
INSERT INTO comp_technology (comp_tech_id, comp_vers_id, technology_type_id)
VALUES ('1112', '1103', '1');
--  Data for comp_documentation
INSERT INTO comp_documentation (document_id, comp_vers_id, document_type_id, document_name, url)
VALUES ('1113', '1103', '0', 'Requirements Specification', '1101/1103/MQTTBroker_Requirements_Specification.pdf');
--  Data for comp_jive_category_xref
INSERT INTO comp_jive_category_xref (comp_vers_id, jive_category_id)
VALUES ('1103', '0');
--  Data for comp_version_dates
INSERT INTO comp_version_dates (comp_version_dates_id, comp_vers_id, phase_id, posting_date, initial_submission_date, winner_announced_date, final_submission_date,
                                estimated_dev_date, price, total_submissions, status_id, create_time, level_id, screening_complete_date, review_complete_date,
                                aggregation_complete_date, phase_complete_date, production_date, aggregation_complete_date_comment, phase_complete_date_comment,
                                review_complete_date_comment, winner_announced_date_comment, initial_submission_date_comment, screening_complete_date_comment,
                                final_submission_date_comment, production_date_comment, modify_date)
VALUES ('1114', '1103', '112', '1976-05-05', '2000-01-01', '2000-01-01', 
        '2000-01-01', '2000-01-01', NULL, '0', '301', '2010-05-21 07:27:01.0', '100', '2000-01-01',
        '2000-01-01', '2000-01-01', '2000-01-01', '2010-12-01', 
        NULL, NULL, NULL, NULL, NULL, NULL, NULL, '', '2010-05-21 07:27:01.0');
--  Data for phase_criteria
INSERT INTO phase_criteria (project_phase_id, phase_criteria_type_id, parameter, create_user, create_date, modify_user, modify_date)
VALUES ('551', '2', '0', '132458', '2010-05-21 07:26:30.0', '132458', '2010-05-21 07:26:30.0');
INSERT INTO phase_criteria (project_phase_id, phase_criteria_type_id, parameter, create_user, create_date, modify_user, modify_date)
VALUES ('551', '5', 'No', '132458', '2010-05-21 07:26:30.0', '132458', '2010-05-21 07:26:30.0');
INSERT INTO phase_criteria (project_phase_id, phase_criteria_type_id, parameter, create_user, create_date, modify_user, modify_date)
VALUES ('552', '3', '0', '132458', '2010-05-21 07:26:30.0', '132458', '2010-05-21 07:26:30.0');
INSERT INTO phase_criteria (project_phase_id, phase_criteria_type_id, parameter, create_user, create_date, modify_user, modify_date)
VALUES ('552', '5', 'No', '132458', '2010-05-21 07:26:30.0', '132458', '2010-05-21 07:26:30.0');
INSERT INTO phase_criteria (project_phase_id, phase_criteria_type_id, parameter, create_user, create_date, modify_user, modify_date)
VALUES ('553', '5', 'No', '132458', '2010-05-21 07:26:30.0', '132458', '2010-05-21 07:26:30.0');
INSERT INTO phase_criteria (project_phase_id, phase_criteria_type_id, parameter, create_user, create_date, modify_user, modify_date)
VALUES ('553', '1', '30000410', '132458', '2010-05-21 07:26:30.0', '132458', '2010-05-21 07:26:30.0');
INSERT INTO phase_criteria (project_phase_id, phase_criteria_type_id, parameter, create_user, create_date, modify_user, modify_date)
VALUES ('554', '5', 'No', '132458', '2010-05-21 07:26:30.0', '132458', '2010-05-21 07:26:30.0');
INSERT INTO phase_criteria (project_phase_id, phase_criteria_type_id, parameter, create_user, create_date, modify_user, modify_date)
VALUES ('554', '1', '30000411', '132458', '2010-05-21 07:26:30.0', '132458', '2010-05-21 07:26:30.0');
INSERT INTO phase_criteria (project_phase_id, phase_criteria_type_id, parameter, create_user, create_date, modify_user, modify_date)
VALUES ('554', '6', '3', '132458', '2010-05-21 07:26:30.0', '132458', '2010-05-21 07:26:30.0');
INSERT INTO phase_criteria (project_phase_id, phase_criteria_type_id, parameter, create_user, create_date, modify_user, modify_date)
VALUES ('555', '5', 'No', '132458', '2010-05-21 07:26:30.0', '132458', '2010-05-21 07:26:30.0');
INSERT INTO phase_criteria (project_phase_id, phase_criteria_type_id, parameter, create_user, create_date, modify_user, modify_date)
VALUES ('555', '4', 'No', '132458', '2010-05-21 07:26:30.0', '132458', '2010-05-21 07:26:30.0');
INSERT INTO phase_criteria (project_phase_id, phase_criteria_type_id, parameter, create_user, create_date, modify_user, modify_date)
VALUES ('556', '5', 'No', '132458', '2010-05-21 07:26:30.0', '132458', '2010-05-21 07:26:30.0');
INSERT INTO phase_criteria (project_phase_id, phase_criteria_type_id, parameter, create_user, create_date, modify_user, modify_date)
VALUES ('557', '5', 'No', '132458', '2010-05-21 07:26:30.0', '132458', '2010-05-21 07:26:30.0');
INSERT INTO phase_criteria (project_phase_id, phase_criteria_type_id, parameter, create_user, create_date, modify_user, modify_date)
VALUES ('558', '5', 'No', '132458', '2010-05-21 07:26:30.0', '132458', '2010-05-21 07:26:30.0');
INSERT INTO phase_criteria (project_phase_id, phase_criteria_type_id, parameter, create_user, create_date, modify_user, modify_date)
VALUES ('559', '5', 'No', '132458', '2010-05-21 07:26:30.0', '132458', '2010-05-21 07:26:30.0');
INSERT INTO phase_criteria (project_phase_id, phase_criteria_type_id, parameter, create_user, create_date, modify_user, modify_date)
VALUES ('560', '5', 'No', '132458', '2010-05-21 07:26:30.0', '132458', '2010-05-21 07:26:30.0');
--  Data for phase_dependency
INSERT INTO phase_dependency (dependency_phase_id, dependent_phase_id, dependency_start, dependent_start, lag_time, create_user, create_date, modify_user, modify_date)
VALUES ('551', '552', '1', '1', '0', '132458', '2010-05-21 07:26:30.0', '132458', '2010-05-21 07:26:30.0');
INSERT INTO phase_dependency (dependency_phase_id, dependent_phase_id, dependency_start, dependent_start, lag_time, create_user, create_date, modify_user, modify_date)
VALUES ('552', '553', '0', '1', '0', '132458', '2010-05-21 07:26:30.0', '132458', '2010-05-21 07:26:30.0');
INSERT INTO phase_dependency (dependency_phase_id, dependent_phase_id, dependency_start, dependent_start, lag_time, create_user, create_date, modify_user, modify_date)
VALUES ('553', '554', '0', '1', '0', '132458', '2010-05-21 07:26:30.0', '132458', '2010-05-21 07:26:30.0');
INSERT INTO phase_dependency (dependency_phase_id, dependent_phase_id, dependency_start, dependent_start, lag_time, create_user, create_date, modify_user, modify_date)
VALUES ('554', '555', '0', '1', '0', '132458', '2010-05-21 07:26:30.0', '132458', '2010-05-21 07:26:30.0');
INSERT INTO phase_dependency (dependency_phase_id, dependent_phase_id, dependency_start, dependent_start, lag_time, create_user, create_date, modify_user, modify_date)
VALUES ('555', '556', '0', '1', '0', '132458', '2010-05-21 07:26:30.0', '132458', '2010-05-21 07:26:30.0');
INSERT INTO phase_dependency (dependency_phase_id, dependent_phase_id, dependency_start, dependent_start, lag_time, create_user, create_date, modify_user, modify_date)
VALUES ('556', '557', '0', '1', '0', '132458', '2010-05-21 07:26:30.0', '132458', '2010-05-21 07:26:30.0');
INSERT INTO phase_dependency (dependency_phase_id, dependent_phase_id, dependency_start, dependent_start, lag_time, create_user, create_date, modify_user, modify_date)
VALUES ('557', '558', '0', '1', '0', '132458', '2010-05-21 07:26:30.0', '132458', '2010-05-21 07:26:30.0');
INSERT INTO phase_dependency (dependency_phase_id, dependent_phase_id, dependency_start, dependent_start, lag_time, create_user, create_date, modify_user, modify_date)
VALUES ('558', '559', '0', '1', '0', '132458', '2010-05-21 07:26:30.0', '132458', '2010-05-21 07:26:30.0');
INSERT INTO phase_dependency (dependency_phase_id, dependent_phase_id, dependency_start, dependent_start, lag_time, create_user, create_date, modify_user, modify_date)
VALUES ('559', '560', '0', '1', '0', '132458', '2010-05-21 07:26:30.0', '132458', '2010-05-21 07:26:30.0');
--  Data for resource
INSERT INTO resource (resource_id, resource_role_id, project_id, project_phase_id, create_user, create_date, modify_user, modify_date)
VALUES ('551', '13', '551', NULL, '132458', '2010-05-21 07:26:30.0', '132458', '2010-05-21 07:26:30.0');
--  Data for resource_info
INSERT INTO resource_info (resource_id, resource_info_type_id, value, create_user, create_date, modify_user, modify_date)
VALUES ('551', '1', '132458', '132458', '2010-05-21 07:26:30.0', '132458', '2010-05-21 07:26:30.0');
INSERT INTO resource_info (resource_id, resource_info_type_id, value, create_user, create_date, modify_user, modify_date)
VALUES ('551', '2', 'user', '132458', '2010-05-21 07:26:30.0', '132458', '2010-05-21 07:26:30.0');
--  Data for user_role
INSERT INTO user_role (user_role_id, comp_vers_id, role_id, login_id, description)
VALUES ('1104', '1103', '1', '132458', '');
--  Data for word_search
INSERT INTO word_search (word_search_id, document_id, index_word, nbr_occurrences)
VALUES ('1107', '1101', 'ever                                                                                                ', '2');
INSERT INTO word_search (word_search_id, document_id, index_word, nbr_occurrences)
VALUES ('1108', '1101', 'component                                                                                           ', '4');
INSERT INTO word_search (word_search_id, document_id, index_word, nbr_occurrences)
VALUES ('1109', '1101', 'coolest                                                                                             ', '2');
INSERT INTO word_search (word_search_id, document_id, index_word, nbr_occurrences)
VALUES ('1110', '1101', 'development                                                    ', '2');
--  Data for word_search_ctgy
INSERT INTO word_search_ctgy (word_srch_ctgy_id, category_id, document_id)
VALUES ('1106', 'DDECATALOG                                        ', '1101');
--  Data for word_search_doc
INSERT INTO word_search_doc (document_id)
VALUES ('1101');
-- Data for project
INSERT INTO project (project_id, project_status_id, project_category_id, create_user, create_date, modify_user, modify_date)
VALUES ('561', '2', '14', '132458', '2010-05-21 07:26:30.0', '132458', '2010-05-21 07:26:30.0');
--  Data for project_info
INSERT INTO project_info (project_id, project_info_type_id, value, create_user, create_date, modify_user, modify_date)
VALUES ('561', '1', '1123', '132458', '2010-05-21 07:26:30.0', '132458', '2010-05-21 07:26:30.0');
INSERT INTO project_info (project_id, project_info_type_id, value, create_user, create_date, modify_user, modify_date)
VALUES ('561', '2', '1121', '132458', '2010-05-21 07:26:30.0', '132458', '2010-05-21 07:26:30.0');
INSERT INTO project_info (project_id, project_info_type_id, value, create_user, create_date, modify_user, modify_date)
VALUES ('561', '3', '1', '132458', '2010-05-21 07:26:30.0', '132458', '2010-05-21 07:26:30.0');
INSERT INTO project_info (project_id, project_info_type_id, value, create_user, create_date, modify_user, modify_date)
VALUES ('561', '4', '0', '132458', '2010-05-21 07:26:30.0', '132458', '2010-05-21 07:26:30.0');
INSERT INTO project_info (project_id, project_info_type_id, value, create_user, create_date, modify_user, modify_date)
VALUES ('561', '5', '5801776', '132458', '2010-05-21 07:26:30.0', '132458', '2010-05-21 07:26:30.0');
INSERT INTO project_info (project_id, project_info_type_id, value, create_user, create_date, modify_user, modify_date)
VALUES ('561', '6', 'Component 57', '132458', '2010-05-21 07:26:30.0', '132458', '2010-05-21 07:26:30.0');
INSERT INTO project_info (project_id, project_info_type_id, value, create_user, create_date, modify_user, modify_date)
VALUES ('561', '7', '1.0                 ', '132458', '2010-05-21 07:26:30.0', '132458', '2010-05-21 07:26:30.0');
INSERT INTO project_info (project_id, project_info_type_id, value, create_user, create_date, modify_user, modify_date)
VALUES ('561', '9', 'Off', '132458', '2010-05-21 07:26:30.0', '132458', '2010-05-21 07:26:30.0');
INSERT INTO project_info (project_id, project_info_type_id, value, create_user, create_date, modify_user, modify_date)
VALUES ('561', '10', 'On', '132458', '2010-05-21 07:26:30.0', '132458', '2010-05-21 07:26:30.0');
INSERT INTO project_info (project_id, project_info_type_id, value, create_user, create_date, modify_user, modify_date)
VALUES ('561', '11', 'On', '132458', '2010-05-21 07:26:30.0', '132458', '2010-05-21 07:26:30.0');
INSERT INTO project_info (project_id, project_info_type_id, value, create_user, create_date, modify_user, modify_date)
VALUES ('561', '12', 'Yes', '132458', '2010-05-21 07:26:30.0', '132458', '2010-05-21 07:26:30.0');
INSERT INTO project_info (project_id, project_info_type_id, value, create_user, create_date, modify_user, modify_date)
VALUES ('561', '13', 'Yes', '132458', '2010-05-21 07:26:30.0', '132458', '2010-05-21 07:26:30.0');
INSERT INTO project_info (project_id, project_info_type_id, value, create_user, create_date, modify_user, modify_date)
VALUES ('561', '14', 'Open', '132458', '2010-05-21 07:26:30.0', '132458', '2010-05-21 07:26:30.0');
INSERT INTO project_info (project_id, project_info_type_id, value, create_user, create_date, modify_user, modify_date)
VALUES ('561', '16', '0.0', '132458', '2010-05-21 07:26:30.0', '132458', '2010-05-21 07:26:30.0');
INSERT INTO project_info (project_id, project_info_type_id, value, create_user, create_date, modify_user, modify_date)
VALUES ('561', '26', 'On', '132458', '2010-05-21 07:26:30.0', '132458', '2010-05-21 07:26:30.0');
INSERT INTO project_info (project_id, project_info_type_id, value, create_user, create_date, modify_user, modify_date)
VALUES ('561', '29', 'On', '132458', '2010-05-21 07:26:30.0', '132458', '2010-05-21 07:26:30.0');
INSERT INTO project_info (project_id, project_info_type_id, value, create_user, create_date, modify_user, modify_date)
VALUES ('561', '41', 'true', '132458', '2010-05-21 07:26:30.0', '132458', '2010-05-21 07:26:30.0');
INSERT INTO project_info (project_id, project_info_type_id, value, create_user, create_date, modify_user, modify_date)
VALUES ('561', '43', 'true', '132458', '2010-05-21 07:26:30.0', '132458', '2010-05-21 07:26:30.0');
--  Data for project_phase
INSERT INTO project_phase (project_phase_id, project_id, phase_type_id, phase_status_id, fixed_start_time, scheduled_start_time, scheduled_end_time, actual_start_time, actual_end_time, duration, create_user, create_date, modify_user, modify_date)
VALUES ('561', '561', '1', '1', '2010-05-27 09:00:00.0', '2010-05-27 09:00:00.0', '2010-06-01 09:00:00.0', NULL, NULL, '259200000', '132458', '2010-05-21 07:26:30.0', '132458', '2010-05-21 07:26:30.0');
INSERT INTO project_phase (project_phase_id, project_id, phase_type_id, phase_status_id, fixed_start_time, scheduled_start_time, scheduled_end_time, actual_start_time, actual_end_time, duration, create_user, create_date, modify_user, modify_date)
VALUES ('562', '561', '2', '1', '2010-05-27 09:00:00.0', '2010-05-27 09:00:00.0', '2010-06-07 09:00:00.0', NULL, NULL, '604800000', '132458', '2010-05-21 07:26:30.0', '132458', '2010-05-21 07:26:30.0');
INSERT INTO project_phase (project_phase_id, project_id, phase_type_id, phase_status_id, fixed_start_time, scheduled_start_time, scheduled_end_time, actual_start_time, actual_end_time, duration, create_user, create_date, modify_user, modify_date)
VALUES ('563', '561', '3', '1', '2010-06-07 09:00:00.0', '2010-06-07 09:00:00.0', '2010-06-08 09:00:00.0', NULL, NULL, '86400000', '132458', '2010-05-21 07:26:30.0', '132458', '2010-05-21 07:26:30.0');
INSERT INTO project_phase (project_phase_id, project_id, phase_type_id, phase_status_id, fixed_start_time, scheduled_start_time, scheduled_end_time, actual_start_time, actual_end_time, duration, create_user, create_date, modify_user, modify_date)
VALUES ('564', '561', '4', '1', '2010-06-08 09:00:00.0', '2010-06-08 09:00:00.0', '2010-06-14 09:00:00.0', NULL, NULL, '345600000', '132458', '2010-05-21 07:26:30.0', '132458', '2010-05-21 07:26:30.0');
INSERT INTO project_phase (project_phase_id, project_id, phase_type_id, phase_status_id, fixed_start_time, scheduled_start_time, scheduled_end_time, actual_start_time, actual_end_time, duration, create_user, create_date, modify_user, modify_date)
VALUES ('565', '561', '5', '1', '2010-06-14 09:00:00.0', '2010-06-14 09:00:00.0', '2010-06-15 09:00:00.0', NULL, NULL, '86400000', '132458', '2010-05-21 07:26:30.0', '132458', '2010-05-21 07:26:30.0');
INSERT INTO project_phase (project_phase_id, project_id, phase_type_id, phase_status_id, fixed_start_time, scheduled_start_time, scheduled_end_time, actual_start_time, actual_end_time, duration, create_user, create_date, modify_user, modify_date)
VALUES ('566', '561', '6', '1', '2010-06-15 09:00:00.0', '2010-06-15 09:00:00.0', '2010-06-16 09:00:00.0', NULL, NULL, '86400000', '132458', '2010-05-21 07:26:30.0', '132458', '2010-05-21 07:26:30.0');
INSERT INTO project_phase (project_phase_id, project_id, phase_type_id, phase_status_id, fixed_start_time, scheduled_start_time, scheduled_end_time, actual_start_time, actual_end_time, duration, create_user, create_date, modify_user, modify_date)
VALUES ('567', '561', '7', '1', '2010-06-16 09:00:00.0', '2010-06-16 09:00:00.0', '2010-06-16 21:00:00.0', NULL, NULL, '43200000', '132458', '2010-05-21 07:26:30.0', '132458', '2010-05-21 07:26:30.0');
INSERT INTO project_phase (project_phase_id, project_id, phase_type_id, phase_status_id, fixed_start_time, scheduled_start_time, scheduled_end_time, actual_start_time, actual_end_time, duration, create_user, create_date, modify_user, modify_date)
VALUES ('568', '561', '8', '1', '2010-06-16 21:00:00.0', '2010-06-16 21:00:00.0', '2010-06-17 09:00:00.0', NULL, NULL, '43200000', '132458', '2010-05-21 07:26:30.0', '132458', '2010-05-21 07:26:30.0');
INSERT INTO project_phase (project_phase_id, project_id, phase_type_id, phase_status_id, fixed_start_time, scheduled_start_time, scheduled_end_time, actual_start_time, actual_end_time, duration, create_user, create_date, modify_user, modify_date)
VALUES ('569', '561', '9', '1', '2010-06-17 09:00:00.0', '2010-06-17 09:00:00.0', '2010-06-22 09:00:00.0', NULL, NULL, '259200000', '132458', '2010-05-21 07:26:30.0', '132458', '2010-05-21 07:26:30.0');
INSERT INTO project_phase (project_phase_id, project_id, phase_type_id, phase_status_id, fixed_start_time, scheduled_start_time, scheduled_end_time, actual_start_time, actual_end_time, duration, create_user, create_date, modify_user, modify_date)
VALUES ('570', '561', '10', '1', '2010-06-22 09:00:00.0', '2010-06-22 09:00:00.0', '2010-06-23 09:00:00.0', NULL, NULL, '86400000', '132458', '2010-05-21 07:26:30.0', '132458', '2010-05-21 07:26:30.0');
--  Data for comp_catalog
INSERT INTO comp_catalog (component_id, current_version, short_desc, component_name, description, function_desc, create_time, status_id, root_category_id, modify_date, public_ind)
VALUES ('1121', '1', 'Coolest component ever', 'Component 57', 'Coolest component ever', 'Component', '2010-05-21 07:20:14.48', '102', '5801776', '2010-05-21 07:23:44.0', '0');
--  Data for comp_versions
INSERT INTO comp_versions (comp_vers_id, component_id, version, version_text, create_time, phase_id, phase_time, price, comments, modify_date,
                           suspended_ind)
VALUES ('1123', '1121', '1', '1.0                 ', '2010-05-21 07:20:14.48', '112', '1976-05-04 00:00:00.0', '1000.00', 'Cool', '2010-05-21 07:27:01.0', '0');
--  Data for comp_categories
INSERT INTO comp_categories (comp_categories_id, component_id, category_id)
VALUES ('1125', '1121', '11');
--  Data for comp_keywords
INSERT INTO comp_keywords (comp_keywords_id, component_id, keyword)
VALUES ('1131', '1121', 'assembly');
--  Data for comp_technology
INSERT INTO comp_technology (comp_tech_id, comp_vers_id, technology_type_id)
VALUES ('1132', '1123', '1');
--  Data for comp_documentation
INSERT INTO comp_documentation (document_id, comp_vers_id, document_type_id, document_name, url)
VALUES ('1133', '1123', '0', 'Requirements Specification', '1121/1123/MQTTBroker_Requirements_Specification.pdf');
--  Data for comp_jive_category_xref
INSERT INTO comp_jive_category_xref (comp_vers_id, jive_category_id)
VALUES ('1123', '0');
--  Data for comp_version_dates
INSERT INTO comp_version_dates (comp_version_dates_id, comp_vers_id, phase_id, posting_date, initial_submission_date, winner_announced_date, final_submission_date,
                                estimated_dev_date, price, total_submissions, status_id, create_time, level_id, screening_complete_date, review_complete_date,
                                aggregation_complete_date, phase_complete_date, production_date, aggregation_complete_date_comment, phase_complete_date_comment,
                                review_complete_date_comment, winner_announced_date_comment, initial_submission_date_comment, screening_complete_date_comment,
                                final_submission_date_comment, production_date_comment, modify_date)
VALUES ('1134', '1123', '112', '1976-05-05', '2000-01-01', '2000-01-01', 
        '2000-01-01', '2000-01-01', NULL, '0', '301', '2010-05-21 07:27:01.0', '100', '2000-01-01',
        '2000-01-01', '2000-01-01', '2000-01-01', '2010-12-01', 
        NULL, NULL, NULL, NULL, NULL, NULL, NULL, '', '2010-05-21 07:27:01.0');
--  Data for phase_criteria
INSERT INTO phase_criteria (project_phase_id, phase_criteria_type_id, parameter, create_user, create_date, modify_user, modify_date)
VALUES ('561', '2', '0', '132458', '2010-05-21 07:26:30.0', '132458', '2010-05-21 07:26:30.0');
INSERT INTO phase_criteria (project_phase_id, phase_criteria_type_id, parameter, create_user, create_date, modify_user, modify_date)
VALUES ('561', '5', 'No', '132458', '2010-05-21 07:26:30.0', '132458', '2010-05-21 07:26:30.0');
INSERT INTO phase_criteria (project_phase_id, phase_criteria_type_id, parameter, create_user, create_date, modify_user, modify_date)
VALUES ('562', '3', '0', '132458', '2010-05-21 07:26:30.0', '132458', '2010-05-21 07:26:30.0');
INSERT INTO phase_criteria (project_phase_id, phase_criteria_type_id, parameter, create_user, create_date, modify_user, modify_date)
VALUES ('562', '5', 'No', '132458', '2010-05-21 07:26:30.0', '132458', '2010-05-21 07:26:30.0');
INSERT INTO phase_criteria (project_phase_id, phase_criteria_type_id, parameter, create_user, create_date, modify_user, modify_date)
VALUES ('563', '5', 'No', '132458', '2010-05-21 07:26:30.0', '132458', '2010-05-21 07:26:30.0');
INSERT INTO phase_criteria (project_phase_id, phase_criteria_type_id, parameter, create_user, create_date, modify_user, modify_date)
VALUES ('563', '1', '30000410', '132458', '2010-05-21 07:26:30.0', '132458', '2010-05-21 07:26:30.0');
INSERT INTO phase_criteria (project_phase_id, phase_criteria_type_id, parameter, create_user, create_date, modify_user, modify_date)
VALUES ('564', '5', 'No', '132458', '2010-05-21 07:26:30.0', '132458', '2010-05-21 07:26:30.0');
INSERT INTO phase_criteria (project_phase_id, phase_criteria_type_id, parameter, create_user, create_date, modify_user, modify_date)
VALUES ('564', '1', '30000411', '132458', '2010-05-21 07:26:30.0', '132458', '2010-05-21 07:26:30.0');
INSERT INTO phase_criteria (project_phase_id, phase_criteria_type_id, parameter, create_user, create_date, modify_user, modify_date)
VALUES ('564', '6', '3', '132458', '2010-05-21 07:26:30.0', '132458', '2010-05-21 07:26:30.0');
INSERT INTO phase_criteria (project_phase_id, phase_criteria_type_id, parameter, create_user, create_date, modify_user, modify_date)
VALUES ('565', '5', 'No', '132458', '2010-05-21 07:26:30.0', '132458', '2010-05-21 07:26:30.0');
INSERT INTO phase_criteria (project_phase_id, phase_criteria_type_id, parameter, create_user, create_date, modify_user, modify_date)
VALUES ('565', '4', 'No', '132458', '2010-05-21 07:26:30.0', '132458', '2010-05-21 07:26:30.0');
INSERT INTO phase_criteria (project_phase_id, phase_criteria_type_id, parameter, create_user, create_date, modify_user, modify_date)
VALUES ('566', '5', 'No', '132458', '2010-05-21 07:26:30.0', '132458', '2010-05-21 07:26:30.0');
INSERT INTO phase_criteria (project_phase_id, phase_criteria_type_id, parameter, create_user, create_date, modify_user, modify_date)
VALUES ('567', '5', 'No', '132458', '2010-05-21 07:26:30.0', '132458', '2010-05-21 07:26:30.0');
INSERT INTO phase_criteria (project_phase_id, phase_criteria_type_id, parameter, create_user, create_date, modify_user, modify_date)
VALUES ('568', '5', 'No', '132458', '2010-05-21 07:26:30.0', '132458', '2010-05-21 07:26:30.0');
INSERT INTO phase_criteria (project_phase_id, phase_criteria_type_id, parameter, create_user, create_date, modify_user, modify_date)
VALUES ('569', '5', 'No', '132458', '2010-05-21 07:26:30.0', '132458', '2010-05-21 07:26:30.0');
INSERT INTO phase_criteria (project_phase_id, phase_criteria_type_id, parameter, create_user, create_date, modify_user, modify_date)
VALUES ('570', '5', 'No', '132458', '2010-05-21 07:26:30.0', '132458', '2010-05-21 07:26:30.0');
--  Data for phase_dependency
INSERT INTO phase_dependency (dependency_phase_id, dependent_phase_id, dependency_start, dependent_start, lag_time, create_user, create_date, modify_user, modify_date)
VALUES ('561', '562', '1', '1', '0', '132458', '2010-05-21 07:26:30.0', '132458', '2010-05-21 07:26:30.0');
INSERT INTO phase_dependency (dependency_phase_id, dependent_phase_id, dependency_start, dependent_start, lag_time, create_user, create_date, modify_user, modify_date)
VALUES ('562', '563', '0', '1', '0', '132458', '2010-05-21 07:26:30.0', '132458', '2010-05-21 07:26:30.0');
INSERT INTO phase_dependency (dependency_phase_id, dependent_phase_id, dependency_start, dependent_start, lag_time, create_user, create_date, modify_user, modify_date)
VALUES ('563', '564', '0', '1', '0', '132458', '2010-05-21 07:26:30.0', '132458', '2010-05-21 07:26:30.0');
INSERT INTO phase_dependency (dependency_phase_id, dependent_phase_id, dependency_start, dependent_start, lag_time, create_user, create_date, modify_user, modify_date)
VALUES ('564', '565', '0', '1', '0', '132458', '2010-05-21 07:26:30.0', '132458', '2010-05-21 07:26:30.0');
INSERT INTO phase_dependency (dependency_phase_id, dependent_phase_id, dependency_start, dependent_start, lag_time, create_user, create_date, modify_user, modify_date)
VALUES ('565', '566', '0', '1', '0', '132458', '2010-05-21 07:26:30.0', '132458', '2010-05-21 07:26:30.0');
INSERT INTO phase_dependency (dependency_phase_id, dependent_phase_id, dependency_start, dependent_start, lag_time, create_user, create_date, modify_user, modify_date)
VALUES ('566', '567', '0', '1', '0', '132458', '2010-05-21 07:26:30.0', '132458', '2010-05-21 07:26:30.0');
INSERT INTO phase_dependency (dependency_phase_id, dependent_phase_id, dependency_start, dependent_start, lag_time, create_user, create_date, modify_user, modify_date)
VALUES ('567', '568', '0', '1', '0', '132458', '2010-05-21 07:26:30.0', '132458', '2010-05-21 07:26:30.0');
INSERT INTO phase_dependency (dependency_phase_id, dependent_phase_id, dependency_start, dependent_start, lag_time, create_user, create_date, modify_user, modify_date)
VALUES ('568', '569', '0', '1', '0', '132458', '2010-05-21 07:26:30.0', '132458', '2010-05-21 07:26:30.0');
INSERT INTO phase_dependency (dependency_phase_id, dependent_phase_id, dependency_start, dependent_start, lag_time, create_user, create_date, modify_user, modify_date)
VALUES ('569', '570', '0', '1', '0', '132458', '2010-05-21 07:26:30.0', '132458', '2010-05-21 07:26:30.0');
--  Data for resource
INSERT INTO resource (resource_id, resource_role_id, project_id, project_phase_id, create_user, create_date, modify_user, modify_date)
VALUES ('561', '13', '561', NULL, '132458', '2010-05-21 07:26:30.0', '132458', '2010-05-21 07:26:30.0');
--  Data for resource_info
INSERT INTO resource_info (resource_id, resource_info_type_id, value, create_user, create_date, modify_user, modify_date)
VALUES ('561', '1', '132458', '132458', '2010-05-21 07:26:30.0', '132458', '2010-05-21 07:26:30.0');
INSERT INTO resource_info (resource_id, resource_info_type_id, value, create_user, create_date, modify_user, modify_date)
VALUES ('561', '2', 'user', '132458', '2010-05-21 07:26:30.0', '132458', '2010-05-21 07:26:30.0');
--  Data for user_role
INSERT INTO user_role (user_role_id, comp_vers_id, role_id, login_id, description)
VALUES ('1124', '1123', '1', '132458', '');
--  Data for word_search
INSERT INTO word_search (word_search_id, document_id, index_word, nbr_occurrences)
VALUES ('1127', '1121', 'ever                                                                                                ', '2');
INSERT INTO word_search (word_search_id, document_id, index_word, nbr_occurrences)
VALUES ('1128', '1121', 'component                                                                                           ', '4');
INSERT INTO word_search (word_search_id, document_id, index_word, nbr_occurrences)
VALUES ('1129', '1121', 'coolest                                                                                             ', '2');
INSERT INTO word_search (word_search_id, document_id, index_word, nbr_occurrences)
VALUES ('1130', '1121', 'assembly                                                    ', '2');
--  Data for word_search_ctgy
INSERT INTO word_search_ctgy (word_srch_ctgy_id, category_id, document_id)
VALUES ('1126', 'DDECATALOG                                        ', '1121');
--  Data for word_search_doc
INSERT INTO word_search_doc (document_id)
VALUES ('1121');
-- Data for project
INSERT INTO project (project_id, project_status_id, project_category_id, create_user, create_date, modify_user, modify_date)
VALUES ('571', '2', '14', '132457', '2010-05-21 07:26:30.0', '132457', '2010-05-21 07:26:30.0');
--  Data for project_info
INSERT INTO project_info (project_id, project_info_type_id, value, create_user, create_date, modify_user, modify_date)
VALUES ('571', '1', '1143', '132457', '2010-05-21 07:26:30.0', '132457', '2010-05-21 07:26:30.0');
INSERT INTO project_info (project_id, project_info_type_id, value, create_user, create_date, modify_user, modify_date)
VALUES ('571', '2', '1141', '132457', '2010-05-21 07:26:30.0', '132457', '2010-05-21 07:26:30.0');
INSERT INTO project_info (project_id, project_info_type_id, value, create_user, create_date, modify_user, modify_date)
VALUES ('571', '3', '1', '132457', '2010-05-21 07:26:30.0', '132457', '2010-05-21 07:26:30.0');
INSERT INTO project_info (project_id, project_info_type_id, value, create_user, create_date, modify_user, modify_date)
VALUES ('571', '4', '0', '132457', '2010-05-21 07:26:30.0', '132457', '2010-05-21 07:26:30.0');
INSERT INTO project_info (project_id, project_info_type_id, value, create_user, create_date, modify_user, modify_date)
VALUES ('571', '5', '5801779', '132457', '2010-05-21 07:26:30.0', '132457', '2010-05-21 07:26:30.0');
INSERT INTO project_info (project_id, project_info_type_id, value, create_user, create_date, modify_user, modify_date)
VALUES ('571', '6', 'Component 58', '132457', '2010-05-21 07:26:30.0', '132457', '2010-05-21 07:26:30.0');
INSERT INTO project_info (project_id, project_info_type_id, value, create_user, create_date, modify_user, modify_date)
VALUES ('571', '7', '1.0                 ', '132457', '2010-05-21 07:26:30.0', '132457', '2010-05-21 07:26:30.0');
INSERT INTO project_info (project_id, project_info_type_id, value, create_user, create_date, modify_user, modify_date)
VALUES ('571', '9', 'Off', '132457', '2010-05-21 07:26:30.0', '132457', '2010-05-21 07:26:30.0');
INSERT INTO project_info (project_id, project_info_type_id, value, create_user, create_date, modify_user, modify_date)
VALUES ('571', '10', 'On', '132457', '2010-05-21 07:26:30.0', '132457', '2010-05-21 07:26:30.0');
INSERT INTO project_info (project_id, project_info_type_id, value, create_user, create_date, modify_user, modify_date)
VALUES ('571', '11', 'On', '132457', '2010-05-21 07:26:30.0', '132457', '2010-05-21 07:26:30.0');
INSERT INTO project_info (project_id, project_info_type_id, value, create_user, create_date, modify_user, modify_date)
VALUES ('571', '12', 'Yes', '132457', '2010-05-21 07:26:30.0', '132457', '2010-05-21 07:26:30.0');
INSERT INTO project_info (project_id, project_info_type_id, value, create_user, create_date, modify_user, modify_date)
VALUES ('571', '13', 'Yes', '132457', '2010-05-21 07:26:30.0', '132457', '2010-05-21 07:26:30.0');
INSERT INTO project_info (project_id, project_info_type_id, value, create_user, create_date, modify_user, modify_date)
VALUES ('571', '14', 'Open', '132457', '2010-05-21 07:26:30.0', '132457', '2010-05-21 07:26:30.0');
INSERT INTO project_info (project_id, project_info_type_id, value, create_user, create_date, modify_user, modify_date)
VALUES ('571', '16', '0.0', '132457', '2010-05-21 07:26:30.0', '132457', '2010-05-21 07:26:30.0');
INSERT INTO project_info (project_id, project_info_type_id, value, create_user, create_date, modify_user, modify_date)
VALUES ('571', '26', 'On', '132457', '2010-05-21 07:26:30.0', '132457', '2010-05-21 07:26:30.0');
INSERT INTO project_info (project_id, project_info_type_id, value, create_user, create_date, modify_user, modify_date)
VALUES ('571', '29', 'On', '132457', '2010-05-21 07:26:30.0', '132457', '2010-05-21 07:26:30.0');
INSERT INTO project_info (project_id, project_info_type_id, value, create_user, create_date, modify_user, modify_date)
VALUES ('571', '41', 'true', '132457', '2010-05-21 07:26:30.0', '132457', '2010-05-21 07:26:30.0');
INSERT INTO project_info (project_id, project_info_type_id, value, create_user, create_date, modify_user, modify_date)
VALUES ('571', '43', 'true', '132457', '2010-05-21 07:26:30.0', '132457', '2010-05-21 07:26:30.0');
--  Data for project_phase
INSERT INTO project_phase (project_phase_id, project_id, phase_type_id, phase_status_id, fixed_start_time, scheduled_start_time, scheduled_end_time, actual_start_time, actual_end_time, duration, create_user, create_date, modify_user, modify_date)
VALUES ('571', '571', '1', '1', '2010-05-27 09:00:00.0', '2010-05-27 09:00:00.0', '2010-06-01 09:00:00.0', NULL, NULL, '259200000', '132457', '2010-05-21 07:26:30.0', '132457', '2010-05-21 07:26:30.0');
INSERT INTO project_phase (project_phase_id, project_id, phase_type_id, phase_status_id, fixed_start_time, scheduled_start_time, scheduled_end_time, actual_start_time, actual_end_time, duration, create_user, create_date, modify_user, modify_date)
VALUES ('572', '571', '2', '1', '2010-05-27 09:00:00.0', '2010-05-27 09:00:00.0', '2010-06-07 09:00:00.0', NULL, NULL, '604800000', '132457', '2010-05-21 07:26:30.0', '132457', '2010-05-21 07:26:30.0');
INSERT INTO project_phase (project_phase_id, project_id, phase_type_id, phase_status_id, fixed_start_time, scheduled_start_time, scheduled_end_time, actual_start_time, actual_end_time, duration, create_user, create_date, modify_user, modify_date)
VALUES ('573', '571', '3', '1', '2010-06-07 09:00:00.0', '2010-06-07 09:00:00.0', '2010-06-08 09:00:00.0', NULL, NULL, '86400000', '132457', '2010-05-21 07:26:30.0', '132457', '2010-05-21 07:26:30.0');
INSERT INTO project_phase (project_phase_id, project_id, phase_type_id, phase_status_id, fixed_start_time, scheduled_start_time, scheduled_end_time, actual_start_time, actual_end_time, duration, create_user, create_date, modify_user, modify_date)
VALUES ('574', '571', '4', '1', '2010-06-08 09:00:00.0', '2010-06-08 09:00:00.0', '2010-06-14 09:00:00.0', NULL, NULL, '345600000', '132457', '2010-05-21 07:26:30.0', '132457', '2010-05-21 07:26:30.0');
INSERT INTO project_phase (project_phase_id, project_id, phase_type_id, phase_status_id, fixed_start_time, scheduled_start_time, scheduled_end_time, actual_start_time, actual_end_time, duration, create_user, create_date, modify_user, modify_date)
VALUES ('575', '571', '5', '1', '2010-06-14 09:00:00.0', '2010-06-14 09:00:00.0', '2010-06-15 09:00:00.0', NULL, NULL, '86400000', '132457', '2010-05-21 07:26:30.0', '132457', '2010-05-21 07:26:30.0');
INSERT INTO project_phase (project_phase_id, project_id, phase_type_id, phase_status_id, fixed_start_time, scheduled_start_time, scheduled_end_time, actual_start_time, actual_end_time, duration, create_user, create_date, modify_user, modify_date)
VALUES ('576', '571', '6', '1', '2010-06-15 09:00:00.0', '2010-06-15 09:00:00.0', '2010-06-16 09:00:00.0', NULL, NULL, '86400000', '132457', '2010-05-21 07:26:30.0', '132457', '2010-05-21 07:26:30.0');
INSERT INTO project_phase (project_phase_id, project_id, phase_type_id, phase_status_id, fixed_start_time, scheduled_start_time, scheduled_end_time, actual_start_time, actual_end_time, duration, create_user, create_date, modify_user, modify_date)
VALUES ('577', '571', '7', '1', '2010-06-16 09:00:00.0', '2010-06-16 09:00:00.0', '2010-06-16 21:00:00.0', NULL, NULL, '43200000', '132457', '2010-05-21 07:26:30.0', '132457', '2010-05-21 07:26:30.0');
INSERT INTO project_phase (project_phase_id, project_id, phase_type_id, phase_status_id, fixed_start_time, scheduled_start_time, scheduled_end_time, actual_start_time, actual_end_time, duration, create_user, create_date, modify_user, modify_date)
VALUES ('578', '571', '8', '1', '2010-06-16 21:00:00.0', '2010-06-16 21:00:00.0', '2010-06-17 09:00:00.0', NULL, NULL, '43200000', '132457', '2010-05-21 07:26:30.0', '132457', '2010-05-21 07:26:30.0');
INSERT INTO project_phase (project_phase_id, project_id, phase_type_id, phase_status_id, fixed_start_time, scheduled_start_time, scheduled_end_time, actual_start_time, actual_end_time, duration, create_user, create_date, modify_user, modify_date)
VALUES ('579', '571', '9', '1', '2010-06-17 09:00:00.0', '2010-06-17 09:00:00.0', '2010-06-22 09:00:00.0', NULL, NULL, '259200000', '132457', '2010-05-21 07:26:30.0', '132457', '2010-05-21 07:26:30.0');
INSERT INTO project_phase (project_phase_id, project_id, phase_type_id, phase_status_id, fixed_start_time, scheduled_start_time, scheduled_end_time, actual_start_time, actual_end_time, duration, create_user, create_date, modify_user, modify_date)
VALUES ('580', '571', '10', '1', '2010-06-22 09:00:00.0', '2010-06-22 09:00:00.0', '2010-06-23 09:00:00.0', NULL, NULL, '86400000', '132457', '2010-05-21 07:26:30.0', '132457', '2010-05-21 07:26:30.0');
--  Data for comp_catalog
INSERT INTO comp_catalog (component_id, current_version, short_desc, component_name, description, function_desc, create_time, status_id, root_category_id, modify_date, public_ind)
VALUES ('1141', '1', 'Coolest component ever', 'Component 58', 'Coolest component ever', 'Component', '2010-05-21 07:20:14.48', '102', '5801779', '2010-05-21 07:23:44.0', '0');
--  Data for comp_versions
INSERT INTO comp_versions (comp_vers_id, component_id, version, version_text, create_time, phase_id, phase_time, price, comments, modify_date,
                           suspended_ind)
VALUES ('1143', '1141', '1', '1.0                 ', '2010-05-21 07:20:14.48', '112', '1976-05-04 00:00:00.0', '1000.00', 'Cool', '2010-05-21 07:27:01.0', '0');
--  Data for comp_categories
INSERT INTO comp_categories (comp_categories_id, component_id, category_id)
VALUES ('1145', '1141', '11');
--  Data for comp_keywords
INSERT INTO comp_keywords (comp_keywords_id, component_id, keyword)
VALUES ('1151', '1141', 'assembly');
--  Data for comp_technology
INSERT INTO comp_technology (comp_tech_id, comp_vers_id, technology_type_id)
VALUES ('1152', '1143', '1');
--  Data for comp_documentation
INSERT INTO comp_documentation (document_id, comp_vers_id, document_type_id, document_name, url)
VALUES ('1153', '1143', '0', 'Requirements Specification', '1141/1143/MQTTBroker_Requirements_Specification.pdf');
--  Data for comp_jive_category_xref
INSERT INTO comp_jive_category_xref (comp_vers_id, jive_category_id)
VALUES ('1143', '0');
--  Data for comp_version_dates
INSERT INTO comp_version_dates (comp_version_dates_id, comp_vers_id, phase_id, posting_date, initial_submission_date, winner_announced_date, final_submission_date,
                                estimated_dev_date, price, total_submissions, status_id, create_time, level_id, screening_complete_date, review_complete_date,
                                aggregation_complete_date, phase_complete_date, production_date, aggregation_complete_date_comment, phase_complete_date_comment,
                                review_complete_date_comment, winner_announced_date_comment, initial_submission_date_comment, screening_complete_date_comment,
                                final_submission_date_comment, production_date_comment, modify_date)
VALUES ('1154', '1143', '112', '1976-05-05', '2000-01-01', '2000-01-01', 
        '2000-01-01', '2000-01-01', NULL, '0', '301', '2010-05-21 07:27:01.0', '100', '2000-01-01',
        '2000-01-01', '2000-01-01', '2000-01-01', '2010-12-01', 
        NULL, NULL, NULL, NULL, NULL, NULL, NULL, '', '2010-05-21 07:27:01.0');
--  Data for phase_criteria
INSERT INTO phase_criteria (project_phase_id, phase_criteria_type_id, parameter, create_user, create_date, modify_user, modify_date)
VALUES ('571', '2', '0', '132457', '2010-05-21 07:26:30.0', '132457', '2010-05-21 07:26:30.0');
INSERT INTO phase_criteria (project_phase_id, phase_criteria_type_id, parameter, create_user, create_date, modify_user, modify_date)
VALUES ('571', '5', 'No', '132457', '2010-05-21 07:26:30.0', '132457', '2010-05-21 07:26:30.0');
INSERT INTO phase_criteria (project_phase_id, phase_criteria_type_id, parameter, create_user, create_date, modify_user, modify_date)
VALUES ('572', '3', '0', '132457', '2010-05-21 07:26:30.0', '132457', '2010-05-21 07:26:30.0');
INSERT INTO phase_criteria (project_phase_id, phase_criteria_type_id, parameter, create_user, create_date, modify_user, modify_date)
VALUES ('572', '5', 'No', '132457', '2010-05-21 07:26:30.0', '132457', '2010-05-21 07:26:30.0');
INSERT INTO phase_criteria (project_phase_id, phase_criteria_type_id, parameter, create_user, create_date, modify_user, modify_date)
VALUES ('573', '5', 'No', '132457', '2010-05-21 07:26:30.0', '132457', '2010-05-21 07:26:30.0');
INSERT INTO phase_criteria (project_phase_id, phase_criteria_type_id, parameter, create_user, create_date, modify_user, modify_date)
VALUES ('573', '1', '30000410', '132457', '2010-05-21 07:26:30.0', '132457', '2010-05-21 07:26:30.0');
INSERT INTO phase_criteria (project_phase_id, phase_criteria_type_id, parameter, create_user, create_date, modify_user, modify_date)
VALUES ('574', '5', 'No', '132457', '2010-05-21 07:26:30.0', '132457', '2010-05-21 07:26:30.0');
INSERT INTO phase_criteria (project_phase_id, phase_criteria_type_id, parameter, create_user, create_date, modify_user, modify_date)
VALUES ('574', '1', '30000411', '132457', '2010-05-21 07:26:30.0', '132457', '2010-05-21 07:26:30.0');
INSERT INTO phase_criteria (project_phase_id, phase_criteria_type_id, parameter, create_user, create_date, modify_user, modify_date)
VALUES ('574', '6', '3', '132457', '2010-05-21 07:26:30.0', '132457', '2010-05-21 07:26:30.0');
INSERT INTO phase_criteria (project_phase_id, phase_criteria_type_id, parameter, create_user, create_date, modify_user, modify_date)
VALUES ('575', '5', 'No', '132457', '2010-05-21 07:26:30.0', '132457', '2010-05-21 07:26:30.0');
INSERT INTO phase_criteria (project_phase_id, phase_criteria_type_id, parameter, create_user, create_date, modify_user, modify_date)
VALUES ('575', '4', 'No', '132457', '2010-05-21 07:26:30.0', '132457', '2010-05-21 07:26:30.0');
INSERT INTO phase_criteria (project_phase_id, phase_criteria_type_id, parameter, create_user, create_date, modify_user, modify_date)
VALUES ('576', '5', 'No', '132457', '2010-05-21 07:26:30.0', '132457', '2010-05-21 07:26:30.0');
INSERT INTO phase_criteria (project_phase_id, phase_criteria_type_id, parameter, create_user, create_date, modify_user, modify_date)
VALUES ('577', '5', 'No', '132457', '2010-05-21 07:26:30.0', '132457', '2010-05-21 07:26:30.0');
INSERT INTO phase_criteria (project_phase_id, phase_criteria_type_id, parameter, create_user, create_date, modify_user, modify_date)
VALUES ('578', '5', 'No', '132457', '2010-05-21 07:26:30.0', '132457', '2010-05-21 07:26:30.0');
INSERT INTO phase_criteria (project_phase_id, phase_criteria_type_id, parameter, create_user, create_date, modify_user, modify_date)
VALUES ('579', '5', 'No', '132457', '2010-05-21 07:26:30.0', '132457', '2010-05-21 07:26:30.0');
INSERT INTO phase_criteria (project_phase_id, phase_criteria_type_id, parameter, create_user, create_date, modify_user, modify_date)
VALUES ('580', '5', 'No', '132457', '2010-05-21 07:26:30.0', '132457', '2010-05-21 07:26:30.0');
--  Data for phase_dependency
INSERT INTO phase_dependency (dependency_phase_id, dependent_phase_id, dependency_start, dependent_start, lag_time, create_user, create_date, modify_user, modify_date)
VALUES ('571', '572', '1', '1', '0', '132457', '2010-05-21 07:26:30.0', '132457', '2010-05-21 07:26:30.0');
INSERT INTO phase_dependency (dependency_phase_id, dependent_phase_id, dependency_start, dependent_start, lag_time, create_user, create_date, modify_user, modify_date)
VALUES ('572', '573', '0', '1', '0', '132457', '2010-05-21 07:26:30.0', '132457', '2010-05-21 07:26:30.0');
INSERT INTO phase_dependency (dependency_phase_id, dependent_phase_id, dependency_start, dependent_start, lag_time, create_user, create_date, modify_user, modify_date)
VALUES ('573', '574', '0', '1', '0', '132457', '2010-05-21 07:26:30.0', '132457', '2010-05-21 07:26:30.0');
INSERT INTO phase_dependency (dependency_phase_id, dependent_phase_id, dependency_start, dependent_start, lag_time, create_user, create_date, modify_user, modify_date)
VALUES ('574', '575', '0', '1', '0', '132457', '2010-05-21 07:26:30.0', '132457', '2010-05-21 07:26:30.0');
INSERT INTO phase_dependency (dependency_phase_id, dependent_phase_id, dependency_start, dependent_start, lag_time, create_user, create_date, modify_user, modify_date)
VALUES ('575', '576', '0', '1', '0', '132457', '2010-05-21 07:26:30.0', '132457', '2010-05-21 07:26:30.0');
INSERT INTO phase_dependency (dependency_phase_id, dependent_phase_id, dependency_start, dependent_start, lag_time, create_user, create_date, modify_user, modify_date)
VALUES ('576', '577', '0', '1', '0', '132457', '2010-05-21 07:26:30.0', '132457', '2010-05-21 07:26:30.0');
INSERT INTO phase_dependency (dependency_phase_id, dependent_phase_id, dependency_start, dependent_start, lag_time, create_user, create_date, modify_user, modify_date)
VALUES ('577', '578', '0', '1', '0', '132457', '2010-05-21 07:26:30.0', '132457', '2010-05-21 07:26:30.0');
INSERT INTO phase_dependency (dependency_phase_id, dependent_phase_id, dependency_start, dependent_start, lag_time, create_user, create_date, modify_user, modify_date)
VALUES ('578', '579', '0', '1', '0', '132457', '2010-05-21 07:26:30.0', '132457', '2010-05-21 07:26:30.0');
INSERT INTO phase_dependency (dependency_phase_id, dependent_phase_id, dependency_start, dependent_start, lag_time, create_user, create_date, modify_user, modify_date)
VALUES ('579', '580', '0', '1', '0', '132457', '2010-05-21 07:26:30.0', '132457', '2010-05-21 07:26:30.0');
--  Data for resource
INSERT INTO resource (resource_id, resource_role_id, project_id, project_phase_id, create_user, create_date, modify_user, modify_date)
VALUES ('571', '13', '571', NULL, '132457', '2010-05-21 07:26:30.0', '132457', '2010-05-21 07:26:30.0');
--  Data for resource_info
INSERT INTO resource_info (resource_id, resource_info_type_id, value, create_user, create_date, modify_user, modify_date)
VALUES ('571', '1', '132457', '132457', '2010-05-21 07:26:30.0', '132457', '2010-05-21 07:26:30.0');
INSERT INTO resource_info (resource_id, resource_info_type_id, value, create_user, create_date, modify_user, modify_date)
VALUES ('571', '2', 'super', '132457', '2010-05-21 07:26:30.0', '132457', '2010-05-21 07:26:30.0');
--  Data for user_role
INSERT INTO user_role (user_role_id, comp_vers_id, role_id, login_id, description)
VALUES ('1144', '1143', '1', '132457', '');
--  Data for word_search
INSERT INTO word_search (word_search_id, document_id, index_word, nbr_occurrences)
VALUES ('1147', '1141', 'ever                                                                                                ', '2');
INSERT INTO word_search (word_search_id, document_id, index_word, nbr_occurrences)
VALUES ('1148', '1141', 'component                                                                                           ', '4');
INSERT INTO word_search (word_search_id, document_id, index_word, nbr_occurrences)
VALUES ('1149', '1141', 'coolest                                                                                             ', '2');
INSERT INTO word_search (word_search_id, document_id, index_word, nbr_occurrences)
VALUES ('1150', '1141', 'assembly                                                    ', '2');
--  Data for word_search_ctgy
INSERT INTO word_search_ctgy (word_srch_ctgy_id, category_id, document_id)
VALUES ('1146', 'DDECATALOG                                        ', '1141');
--  Data for word_search_doc
INSERT INTO word_search_doc (document_id)
VALUES ('1141');
-- Data for project
INSERT INTO project (project_id, project_status_id, project_category_id, create_user, create_date, modify_user, modify_date)
VALUES ('581', '1', '14', '132456', '2010-05-21 07:26:30.0', '132456', '2010-05-21 07:26:30.0');
--  Data for project_info
INSERT INTO project_info (project_id, project_info_type_id, value, create_user, create_date, modify_user, modify_date)
VALUES ('581', '1', '1163', '132456', '2010-05-21 07:26:30.0', '132456', '2010-05-21 07:26:30.0');
INSERT INTO project_info (project_id, project_info_type_id, value, create_user, create_date, modify_user, modify_date)
VALUES ('581', '2', '1161', '132456', '2010-05-21 07:26:30.0', '132456', '2010-05-21 07:26:30.0');
INSERT INTO project_info (project_id, project_info_type_id, value, create_user, create_date, modify_user, modify_date)
VALUES ('581', '3', '1', '132456', '2010-05-21 07:26:30.0', '132456', '2010-05-21 07:26:30.0');
INSERT INTO project_info (project_id, project_info_type_id, value, create_user, create_date, modify_user, modify_date)
VALUES ('581', '4', '0', '132456', '2010-05-21 07:26:30.0', '132456', '2010-05-21 07:26:30.0');
INSERT INTO project_info (project_id, project_info_type_id, value, create_user, create_date, modify_user, modify_date)
VALUES ('581', '5', '5801779', '132456', '2010-05-21 07:26:30.0', '132456', '2010-05-21 07:26:30.0');
INSERT INTO project_info (project_id, project_info_type_id, value, create_user, create_date, modify_user, modify_date)
VALUES ('581', '6', 'Component 59', '132456', '2010-05-21 07:26:30.0', '132456', '2010-05-21 07:26:30.0');
INSERT INTO project_info (project_id, project_info_type_id, value, create_user, create_date, modify_user, modify_date)
VALUES ('581', '7', '1.0                 ', '132456', '2010-05-21 07:26:30.0', '132456', '2010-05-21 07:26:30.0');
INSERT INTO project_info (project_id, project_info_type_id, value, create_user, create_date, modify_user, modify_date)
VALUES ('581', '9', 'Off', '132456', '2010-05-21 07:26:30.0', '132456', '2010-05-21 07:26:30.0');
INSERT INTO project_info (project_id, project_info_type_id, value, create_user, create_date, modify_user, modify_date)
VALUES ('581', '10', 'On', '132456', '2010-05-21 07:26:30.0', '132456', '2010-05-21 07:26:30.0');
INSERT INTO project_info (project_id, project_info_type_id, value, create_user, create_date, modify_user, modify_date)
VALUES ('581', '11', 'On', '132456', '2010-05-21 07:26:30.0', '132456', '2010-05-21 07:26:30.0');
INSERT INTO project_info (project_id, project_info_type_id, value, create_user, create_date, modify_user, modify_date)
VALUES ('581', '12', 'Yes', '132456', '2010-05-21 07:26:30.0', '132456', '2010-05-21 07:26:30.0');
INSERT INTO project_info (project_id, project_info_type_id, value, create_user, create_date, modify_user, modify_date)
VALUES ('581', '13', 'Yes', '132456', '2010-05-21 07:26:30.0', '132456', '2010-05-21 07:26:30.0');
INSERT INTO project_info (project_id, project_info_type_id, value, create_user, create_date, modify_user, modify_date)
VALUES ('581', '14', 'Open', '132456', '2010-05-21 07:26:30.0', '132456', '2010-05-21 07:26:30.0');
INSERT INTO project_info (project_id, project_info_type_id, value, create_user, create_date, modify_user, modify_date)
VALUES ('581', '16', '0.0', '132456', '2010-05-21 07:26:30.0', '132456', '2010-05-21 07:26:30.0');
INSERT INTO project_info (project_id, project_info_type_id, value, create_user, create_date, modify_user, modify_date)
VALUES ('581', '26', 'On', '132456', '2010-05-21 07:26:30.0', '132456', '2010-05-21 07:26:30.0');
INSERT INTO project_info (project_id, project_info_type_id, value, create_user, create_date, modify_user, modify_date)
VALUES ('581', '29', 'On', '132456', '2010-05-21 07:26:30.0', '132456', '2010-05-21 07:26:30.0');
INSERT INTO project_info (project_id, project_info_type_id, value, create_user, create_date, modify_user, modify_date)
VALUES ('581', '41', 'true', '132456', '2010-05-21 07:26:30.0', '132456', '2010-05-21 07:26:30.0');
INSERT INTO project_info (project_id, project_info_type_id, value, create_user, create_date, modify_user, modify_date)
VALUES ('581', '43', 'true', '132456', '2010-05-21 07:26:30.0', '132456', '2010-05-21 07:26:30.0');
--  Data for project_phase
INSERT INTO project_phase (project_phase_id, project_id, phase_type_id, phase_status_id, fixed_start_time, scheduled_start_time, scheduled_end_time, actual_start_time, actual_end_time, duration, create_user, create_date, modify_user, modify_date)
VALUES ('581', '581', '1', '1', '2010-05-27 09:00:00.0', '2010-05-27 09:00:00.0', '2010-06-01 09:00:00.0', NULL, NULL, '259200000', '132456', '2010-05-21 07:26:30.0', '132456', '2010-05-21 07:26:30.0');
INSERT INTO project_phase (project_phase_id, project_id, phase_type_id, phase_status_id, fixed_start_time, scheduled_start_time, scheduled_end_time, actual_start_time, actual_end_time, duration, create_user, create_date, modify_user, modify_date)
VALUES ('582', '581', '2', '1', '2010-05-27 09:00:00.0', '2010-05-27 09:00:00.0', '2010-06-07 09:00:00.0', NULL, NULL, '604800000', '132456', '2010-05-21 07:26:30.0', '132456', '2010-05-21 07:26:30.0');
INSERT INTO project_phase (project_phase_id, project_id, phase_type_id, phase_status_id, fixed_start_time, scheduled_start_time, scheduled_end_time, actual_start_time, actual_end_time, duration, create_user, create_date, modify_user, modify_date)
VALUES ('583', '581', '3', '1', '2010-06-07 09:00:00.0', '2010-06-07 09:00:00.0', '2010-06-08 09:00:00.0', NULL, NULL, '86400000', '132456', '2010-05-21 07:26:30.0', '132456', '2010-05-21 07:26:30.0');
INSERT INTO project_phase (project_phase_id, project_id, phase_type_id, phase_status_id, fixed_start_time, scheduled_start_time, scheduled_end_time, actual_start_time, actual_end_time, duration, create_user, create_date, modify_user, modify_date)
VALUES ('584', '581', '4', '1', '2010-06-08 09:00:00.0', '2010-06-08 09:00:00.0', '2010-06-14 09:00:00.0', NULL, NULL, '345600000', '132456', '2010-05-21 07:26:30.0', '132456', '2010-05-21 07:26:30.0');
INSERT INTO project_phase (project_phase_id, project_id, phase_type_id, phase_status_id, fixed_start_time, scheduled_start_time, scheduled_end_time, actual_start_time, actual_end_time, duration, create_user, create_date, modify_user, modify_date)
VALUES ('585', '581', '5', '1', '2010-06-14 09:00:00.0', '2010-06-14 09:00:00.0', '2010-06-15 09:00:00.0', NULL, NULL, '86400000', '132456', '2010-05-21 07:26:30.0', '132456', '2010-05-21 07:26:30.0');
INSERT INTO project_phase (project_phase_id, project_id, phase_type_id, phase_status_id, fixed_start_time, scheduled_start_time, scheduled_end_time, actual_start_time, actual_end_time, duration, create_user, create_date, modify_user, modify_date)
VALUES ('586', '581', '6', '1', '2010-06-15 09:00:00.0', '2010-06-15 09:00:00.0', '2010-06-16 09:00:00.0', NULL, NULL, '86400000', '132456', '2010-05-21 07:26:30.0', '132456', '2010-05-21 07:26:30.0');
INSERT INTO project_phase (project_phase_id, project_id, phase_type_id, phase_status_id, fixed_start_time, scheduled_start_time, scheduled_end_time, actual_start_time, actual_end_time, duration, create_user, create_date, modify_user, modify_date)
VALUES ('587', '581', '7', '1', '2010-06-16 09:00:00.0', '2010-06-16 09:00:00.0', '2010-06-16 21:00:00.0', NULL, NULL, '43200000', '132456', '2010-05-21 07:26:30.0', '132456', '2010-05-21 07:26:30.0');
INSERT INTO project_phase (project_phase_id, project_id, phase_type_id, phase_status_id, fixed_start_time, scheduled_start_time, scheduled_end_time, actual_start_time, actual_end_time, duration, create_user, create_date, modify_user, modify_date)
VALUES ('588', '581', '8', '1', '2010-06-16 21:00:00.0', '2010-06-16 21:00:00.0', '2010-06-17 09:00:00.0', NULL, NULL, '43200000', '132456', '2010-05-21 07:26:30.0', '132456', '2010-05-21 07:26:30.0');
INSERT INTO project_phase (project_phase_id, project_id, phase_type_id, phase_status_id, fixed_start_time, scheduled_start_time, scheduled_end_time, actual_start_time, actual_end_time, duration, create_user, create_date, modify_user, modify_date)
VALUES ('589', '581', '9', '1', '2010-06-17 09:00:00.0', '2010-06-17 09:00:00.0', '2010-06-22 09:00:00.0', NULL, NULL, '259200000', '132456', '2010-05-21 07:26:30.0', '132456', '2010-05-21 07:26:30.0');
INSERT INTO project_phase (project_phase_id, project_id, phase_type_id, phase_status_id, fixed_start_time, scheduled_start_time, scheduled_end_time, actual_start_time, actual_end_time, duration, create_user, create_date, modify_user, modify_date)
VALUES ('590', '581', '10', '1', '2010-06-22 09:00:00.0', '2010-06-22 09:00:00.0', '2010-06-23 09:00:00.0', NULL, NULL, '86400000', '132456', '2010-05-21 07:26:30.0', '132456', '2010-05-21 07:26:30.0');
--  Data for comp_catalog
INSERT INTO comp_catalog (component_id, current_version, short_desc, component_name, description, function_desc, create_time, status_id, root_category_id, modify_date, public_ind)
VALUES ('1161', '1', 'Coolest component ever', 'Component 59', 'Coolest component ever', 'Component', '2010-05-21 07:20:14.48', '102', '5801779', '2010-05-21 07:23:44.0', '0');
--  Data for comp_versions
INSERT INTO comp_versions (comp_vers_id, component_id, version, version_text, create_time, phase_id, phase_time, price, comments, modify_date,
                           suspended_ind)
VALUES ('1163', '1161', '1', '1.0                 ', '2010-05-21 07:20:14.48', '112', '1976-05-04 00:00:00.0', '1000.00', 'Cool', '2010-05-21 07:27:01.0', '0');
--  Data for comp_categories
INSERT INTO comp_categories (comp_categories_id, component_id, category_id)
VALUES ('1165', '1161', '11');
--  Data for comp_keywords
INSERT INTO comp_keywords (comp_keywords_id, component_id, keyword)
VALUES ('1171', '1161', 'assembly');
--  Data for comp_technology
INSERT INTO comp_technology (comp_tech_id, comp_vers_id, technology_type_id)
VALUES ('1172', '1163', '1');
--  Data for comp_documentation
INSERT INTO comp_documentation (document_id, comp_vers_id, document_type_id, document_name, url)
VALUES ('1173', '1163', '0', 'Requirements Specification', '1161/1163/MQTTBroker_Requirements_Specification.pdf');
--  Data for comp_jive_category_xref
INSERT INTO comp_jive_category_xref (comp_vers_id, jive_category_id)
VALUES ('1163', '0');
--  Data for comp_version_dates
INSERT INTO comp_version_dates (comp_version_dates_id, comp_vers_id, phase_id, posting_date, initial_submission_date, winner_announced_date, final_submission_date,
                                estimated_dev_date, price, total_submissions, status_id, create_time, level_id, screening_complete_date, review_complete_date,
                                aggregation_complete_date, phase_complete_date, production_date, aggregation_complete_date_comment, phase_complete_date_comment,
                                review_complete_date_comment, winner_announced_date_comment, initial_submission_date_comment, screening_complete_date_comment,
                                final_submission_date_comment, production_date_comment, modify_date)
VALUES ('1174', '1163', '112', '1976-05-05', '2000-01-01', '2000-01-01', 
        '2000-01-01', '2000-01-01', NULL, '0', '301', '2010-05-21 07:27:01.0', '100', '2000-01-01',
        '2000-01-01', '2000-01-01', '2000-01-01', '2010-12-01', 
        NULL, NULL, NULL, NULL, NULL, NULL, NULL, '', '2010-05-21 07:27:01.0');
--  Data for phase_criteria
INSERT INTO phase_criteria (project_phase_id, phase_criteria_type_id, parameter, create_user, create_date, modify_user, modify_date)
VALUES ('581', '2', '0', '132456', '2010-05-21 07:26:30.0', '132456', '2010-05-21 07:26:30.0');
INSERT INTO phase_criteria (project_phase_id, phase_criteria_type_id, parameter, create_user, create_date, modify_user, modify_date)
VALUES ('581', '5', 'No', '132456', '2010-05-21 07:26:30.0', '132456', '2010-05-21 07:26:30.0');
INSERT INTO phase_criteria (project_phase_id, phase_criteria_type_id, parameter, create_user, create_date, modify_user, modify_date)
VALUES ('582', '3', '0', '132456', '2010-05-21 07:26:30.0', '132456', '2010-05-21 07:26:30.0');
INSERT INTO phase_criteria (project_phase_id, phase_criteria_type_id, parameter, create_user, create_date, modify_user, modify_date)
VALUES ('582', '5', 'No', '132456', '2010-05-21 07:26:30.0', '132456', '2010-05-21 07:26:30.0');
INSERT INTO phase_criteria (project_phase_id, phase_criteria_type_id, parameter, create_user, create_date, modify_user, modify_date)
VALUES ('583', '5', 'No', '132456', '2010-05-21 07:26:30.0', '132456', '2010-05-21 07:26:30.0');
INSERT INTO phase_criteria (project_phase_id, phase_criteria_type_id, parameter, create_user, create_date, modify_user, modify_date)
VALUES ('583', '1', '30000410', '132456', '2010-05-21 07:26:30.0', '132456', '2010-05-21 07:26:30.0');
INSERT INTO phase_criteria (project_phase_id, phase_criteria_type_id, parameter, create_user, create_date, modify_user, modify_date)
VALUES ('584', '5', 'No', '132456', '2010-05-21 07:26:30.0', '132456', '2010-05-21 07:26:30.0');
INSERT INTO phase_criteria (project_phase_id, phase_criteria_type_id, parameter, create_user, create_date, modify_user, modify_date)
VALUES ('584', '1', '30000411', '132456', '2010-05-21 07:26:30.0', '132456', '2010-05-21 07:26:30.0');
INSERT INTO phase_criteria (project_phase_id, phase_criteria_type_id, parameter, create_user, create_date, modify_user, modify_date)
VALUES ('584', '6', '3', '132456', '2010-05-21 07:26:30.0', '132456', '2010-05-21 07:26:30.0');
INSERT INTO phase_criteria (project_phase_id, phase_criteria_type_id, parameter, create_user, create_date, modify_user, modify_date)
VALUES ('585', '5', 'No', '132456', '2010-05-21 07:26:30.0', '132456', '2010-05-21 07:26:30.0');
INSERT INTO phase_criteria (project_phase_id, phase_criteria_type_id, parameter, create_user, create_date, modify_user, modify_date)
VALUES ('585', '4', 'No', '132456', '2010-05-21 07:26:30.0', '132456', '2010-05-21 07:26:30.0');
INSERT INTO phase_criteria (project_phase_id, phase_criteria_type_id, parameter, create_user, create_date, modify_user, modify_date)
VALUES ('586', '5', 'No', '132456', '2010-05-21 07:26:30.0', '132456', '2010-05-21 07:26:30.0');
INSERT INTO phase_criteria (project_phase_id, phase_criteria_type_id, parameter, create_user, create_date, modify_user, modify_date)
VALUES ('587', '5', 'No', '132456', '2010-05-21 07:26:30.0', '132456', '2010-05-21 07:26:30.0');
INSERT INTO phase_criteria (project_phase_id, phase_criteria_type_id, parameter, create_user, create_date, modify_user, modify_date)
VALUES ('588', '5', 'No', '132456', '2010-05-21 07:26:30.0', '132456', '2010-05-21 07:26:30.0');
INSERT INTO phase_criteria (project_phase_id, phase_criteria_type_id, parameter, create_user, create_date, modify_user, modify_date)
VALUES ('589', '5', 'No', '132456', '2010-05-21 07:26:30.0', '132456', '2010-05-21 07:26:30.0');
INSERT INTO phase_criteria (project_phase_id, phase_criteria_type_id, parameter, create_user, create_date, modify_user, modify_date)
VALUES ('590', '5', 'No', '132456', '2010-05-21 07:26:30.0', '132456', '2010-05-21 07:26:30.0');
--  Data for phase_dependency
INSERT INTO phase_dependency (dependency_phase_id, dependent_phase_id, dependency_start, dependent_start, lag_time, create_user, create_date, modify_user, modify_date)
VALUES ('581', '582', '1', '1', '0', '132456', '2010-05-21 07:26:30.0', '132456', '2010-05-21 07:26:30.0');
INSERT INTO phase_dependency (dependency_phase_id, dependent_phase_id, dependency_start, dependent_start, lag_time, create_user, create_date, modify_user, modify_date)
VALUES ('582', '583', '0', '1', '0', '132456', '2010-05-21 07:26:30.0', '132456', '2010-05-21 07:26:30.0');
INSERT INTO phase_dependency (dependency_phase_id, dependent_phase_id, dependency_start, dependent_start, lag_time, create_user, create_date, modify_user, modify_date)
VALUES ('583', '584', '0', '1', '0', '132456', '2010-05-21 07:26:30.0', '132456', '2010-05-21 07:26:30.0');
INSERT INTO phase_dependency (dependency_phase_id, dependent_phase_id, dependency_start, dependent_start, lag_time, create_user, create_date, modify_user, modify_date)
VALUES ('584', '585', '0', '1', '0', '132456', '2010-05-21 07:26:30.0', '132456', '2010-05-21 07:26:30.0');
INSERT INTO phase_dependency (dependency_phase_id, dependent_phase_id, dependency_start, dependent_start, lag_time, create_user, create_date, modify_user, modify_date)
VALUES ('585', '586', '0', '1', '0', '132456', '2010-05-21 07:26:30.0', '132456', '2010-05-21 07:26:30.0');
INSERT INTO phase_dependency (dependency_phase_id, dependent_phase_id, dependency_start, dependent_start, lag_time, create_user, create_date, modify_user, modify_date)
VALUES ('586', '587', '0', '1', '0', '132456', '2010-05-21 07:26:30.0', '132456', '2010-05-21 07:26:30.0');
INSERT INTO phase_dependency (dependency_phase_id, dependent_phase_id, dependency_start, dependent_start, lag_time, create_user, create_date, modify_user, modify_date)
VALUES ('587', '588', '0', '1', '0', '132456', '2010-05-21 07:26:30.0', '132456', '2010-05-21 07:26:30.0');
INSERT INTO phase_dependency (dependency_phase_id, dependent_phase_id, dependency_start, dependent_start, lag_time, create_user, create_date, modify_user, modify_date)
VALUES ('588', '589', '0', '1', '0', '132456', '2010-05-21 07:26:30.0', '132456', '2010-05-21 07:26:30.0');
INSERT INTO phase_dependency (dependency_phase_id, dependent_phase_id, dependency_start, dependent_start, lag_time, create_user, create_date, modify_user, modify_date)
VALUES ('589', '590', '0', '1', '0', '132456', '2010-05-21 07:26:30.0', '132456', '2010-05-21 07:26:30.0');
--  Data for resource
INSERT INTO resource (resource_id, resource_role_id, project_id, project_phase_id, create_user, create_date, modify_user, modify_date)
VALUES ('581', '13', '581', NULL, '132456', '2010-05-21 07:26:30.0', '132456', '2010-05-21 07:26:30.0');
--  Data for resource_info
INSERT INTO resource_info (resource_id, resource_info_type_id, value, create_user, create_date, modify_user, modify_date)
VALUES ('581', '1', '132456', '132456', '2010-05-21 07:26:30.0', '132456', '2010-05-21 07:26:30.0');
INSERT INTO resource_info (resource_id, resource_info_type_id, value, create_user, create_date, modify_user, modify_date)
VALUES ('581', '2', 'heffan', '132456', '2010-05-21 07:26:30.0', '132456', '2010-05-21 07:26:30.0');
--  Data for user_role
INSERT INTO user_role (user_role_id, comp_vers_id, role_id, login_id, description)
VALUES ('1164', '1163', '1', '132456', '');
--  Data for word_search
INSERT INTO word_search (word_search_id, document_id, index_word, nbr_occurrences)
VALUES ('1167', '1161', 'ever                                                                                                ', '2');
INSERT INTO word_search (word_search_id, document_id, index_word, nbr_occurrences)
VALUES ('1168', '1161', 'component                                                                                           ', '4');
INSERT INTO word_search (word_search_id, document_id, index_word, nbr_occurrences)
VALUES ('1169', '1161', 'coolest                                                                                             ', '2');
INSERT INTO word_search (word_search_id, document_id, index_word, nbr_occurrences)
VALUES ('1170', '1161', 'assembly                                                    ', '2');
--  Data for word_search_ctgy
INSERT INTO word_search_ctgy (word_srch_ctgy_id, category_id, document_id)
VALUES ('1166', 'DDECATALOG                                        ', '1161');
--  Data for word_search_doc
INSERT INTO word_search_doc (document_id)
VALUES ('1161');
-- Data for project
INSERT INTO project (project_id, project_status_id, project_category_id, create_user, create_date, modify_user, modify_date)
VALUES ('591', '1', '1', '132456', '2010-05-21 07:26:30.0', '132456', '2010-05-21 07:26:30.0');
--  Data for project_info
INSERT INTO project_info (project_id, project_info_type_id, value, create_user, create_date, modify_user, modify_date)
VALUES ('591', '1', '1183', '132456', '2010-05-21 07:26:30.0', '132456', '2010-05-21 07:26:30.0');
INSERT INTO project_info (project_id, project_info_type_id, value, create_user, create_date, modify_user, modify_date)
VALUES ('591', '2', '1181', '132456', '2010-05-21 07:26:30.0', '132456', '2010-05-21 07:26:30.0');
INSERT INTO project_info (project_id, project_info_type_id, value, create_user, create_date, modify_user, modify_date)
VALUES ('591', '3', '1', '132456', '2010-05-21 07:26:30.0', '132456', '2010-05-21 07:26:30.0');
INSERT INTO project_info (project_id, project_info_type_id, value, create_user, create_date, modify_user, modify_date)
VALUES ('591', '4', '0', '132456', '2010-05-21 07:26:30.0', '132456', '2010-05-21 07:26:30.0');
INSERT INTO project_info (project_id, project_info_type_id, value, create_user, create_date, modify_user, modify_date)
VALUES ('591', '5', '5801778', '132456', '2010-05-21 07:26:30.0', '132456', '2010-05-21 07:26:30.0');
INSERT INTO project_info (project_id, project_info_type_id, value, create_user, create_date, modify_user, modify_date)
VALUES ('591', '6', 'Component 60', '132456', '2010-05-21 07:26:30.0', '132456', '2010-05-21 07:26:30.0');
INSERT INTO project_info (project_id, project_info_type_id, value, create_user, create_date, modify_user, modify_date)
VALUES ('591', '7', '1.0                 ', '132456', '2010-05-21 07:26:30.0', '132456', '2010-05-21 07:26:30.0');
INSERT INTO project_info (project_id, project_info_type_id, value, create_user, create_date, modify_user, modify_date)
VALUES ('591', '9', 'Off', '132456', '2010-05-21 07:26:30.0', '132456', '2010-05-21 07:26:30.0');
INSERT INTO project_info (project_id, project_info_type_id, value, create_user, create_date, modify_user, modify_date)
VALUES ('591', '10', 'On', '132456', '2010-05-21 07:26:30.0', '132456', '2010-05-21 07:26:30.0');
INSERT INTO project_info (project_id, project_info_type_id, value, create_user, create_date, modify_user, modify_date)
VALUES ('591', '11', 'On', '132456', '2010-05-21 07:26:30.0', '132456', '2010-05-21 07:26:30.0');
INSERT INTO project_info (project_id, project_info_type_id, value, create_user, create_date, modify_user, modify_date)
VALUES ('591', '12', 'Yes', '132456', '2010-05-21 07:26:30.0', '132456', '2010-05-21 07:26:30.0');
INSERT INTO project_info (project_id, project_info_type_id, value, create_user, create_date, modify_user, modify_date)
VALUES ('591', '13', 'Yes', '132456', '2010-05-21 07:26:30.0', '132456', '2010-05-21 07:26:30.0');
INSERT INTO project_info (project_id, project_info_type_id, value, create_user, create_date, modify_user, modify_date)
VALUES ('591', '14', 'Open', '132456', '2010-05-21 07:26:30.0', '132456', '2010-05-21 07:26:30.0');
INSERT INTO project_info (project_id, project_info_type_id, value, create_user, create_date, modify_user, modify_date)
VALUES ('591', '16', '0.0', '132456', '2010-05-21 07:26:30.0', '132456', '2010-05-21 07:26:30.0');
INSERT INTO project_info (project_id, project_info_type_id, value, create_user, create_date, modify_user, modify_date)
VALUES ('591', '26', 'On', '132456', '2010-05-21 07:26:30.0', '132456', '2010-05-21 07:26:30.0');
INSERT INTO project_info (project_id, project_info_type_id, value, create_user, create_date, modify_user, modify_date)
VALUES ('591', '29', 'On', '132456', '2010-05-21 07:26:30.0', '132456', '2010-05-21 07:26:30.0');
INSERT INTO project_info (project_id, project_info_type_id, value, create_user, create_date, modify_user, modify_date)
VALUES ('591', '41', 'true', '132456', '2010-05-21 07:26:30.0', '132456', '2010-05-21 07:26:30.0');
INSERT INTO project_info (project_id, project_info_type_id, value, create_user, create_date, modify_user, modify_date)
VALUES ('591', '43', 'true', '132456', '2010-05-21 07:26:30.0', '132456', '2010-05-21 07:26:30.0');
--  Data for project_phase
INSERT INTO project_phase (project_phase_id, project_id, phase_type_id, phase_status_id, fixed_start_time, scheduled_start_time, scheduled_end_time, actual_start_time, actual_end_time, duration, create_user, create_date, modify_user, modify_date)
VALUES ('591', '591', '1', '1', '2010-05-27 09:00:00.0', '2010-05-27 09:00:00.0', '2010-06-01 09:00:00.0', NULL, NULL, '259200000', '132456', '2010-05-21 07:26:30.0', '132456', '2010-05-21 07:26:30.0');
INSERT INTO project_phase (project_phase_id, project_id, phase_type_id, phase_status_id, fixed_start_time, scheduled_start_time, scheduled_end_time, actual_start_time, actual_end_time, duration, create_user, create_date, modify_user, modify_date)
VALUES ('592', '591', '2', '1', '2010-05-27 09:00:00.0', '2010-05-27 09:00:00.0', '2010-06-07 09:00:00.0', NULL, NULL, '604800000', '132456', '2010-05-21 07:26:30.0', '132456', '2010-05-21 07:26:30.0');
INSERT INTO project_phase (project_phase_id, project_id, phase_type_id, phase_status_id, fixed_start_time, scheduled_start_time, scheduled_end_time, actual_start_time, actual_end_time, duration, create_user, create_date, modify_user, modify_date)
VALUES ('593', '591', '3', '1', '2010-06-07 09:00:00.0', '2010-06-07 09:00:00.0', '2010-06-08 09:00:00.0', NULL, NULL, '86400000', '132456', '2010-05-21 07:26:30.0', '132456', '2010-05-21 07:26:30.0');
INSERT INTO project_phase (project_phase_id, project_id, phase_type_id, phase_status_id, fixed_start_time, scheduled_start_time, scheduled_end_time, actual_start_time, actual_end_time, duration, create_user, create_date, modify_user, modify_date)
VALUES ('594', '591', '4', '1', '2010-06-08 09:00:00.0', '2010-06-08 09:00:00.0', '2010-06-14 09:00:00.0', NULL, NULL, '345600000', '132456', '2010-05-21 07:26:30.0', '132456', '2010-05-21 07:26:30.0');
INSERT INTO project_phase (project_phase_id, project_id, phase_type_id, phase_status_id, fixed_start_time, scheduled_start_time, scheduled_end_time, actual_start_time, actual_end_time, duration, create_user, create_date, modify_user, modify_date)
VALUES ('595', '591', '5', '1', '2010-06-14 09:00:00.0', '2010-06-14 09:00:00.0', '2010-06-15 09:00:00.0', NULL, NULL, '86400000', '132456', '2010-05-21 07:26:30.0', '132456', '2010-05-21 07:26:30.0');
INSERT INTO project_phase (project_phase_id, project_id, phase_type_id, phase_status_id, fixed_start_time, scheduled_start_time, scheduled_end_time, actual_start_time, actual_end_time, duration, create_user, create_date, modify_user, modify_date)
VALUES ('596', '591', '6', '1', '2010-06-15 09:00:00.0', '2010-06-15 09:00:00.0', '2010-06-16 09:00:00.0', NULL, NULL, '86400000', '132456', '2010-05-21 07:26:30.0', '132456', '2010-05-21 07:26:30.0');
INSERT INTO project_phase (project_phase_id, project_id, phase_type_id, phase_status_id, fixed_start_time, scheduled_start_time, scheduled_end_time, actual_start_time, actual_end_time, duration, create_user, create_date, modify_user, modify_date)
VALUES ('597', '591', '7', '1', '2010-06-16 09:00:00.0', '2010-06-16 09:00:00.0', '2010-06-16 21:00:00.0', NULL, NULL, '43200000', '132456', '2010-05-21 07:26:30.0', '132456', '2010-05-21 07:26:30.0');
INSERT INTO project_phase (project_phase_id, project_id, phase_type_id, phase_status_id, fixed_start_time, scheduled_start_time, scheduled_end_time, actual_start_time, actual_end_time, duration, create_user, create_date, modify_user, modify_date)
VALUES ('598', '591', '8', '1', '2010-06-16 21:00:00.0', '2010-06-16 21:00:00.0', '2010-06-17 09:00:00.0', NULL, NULL, '43200000', '132456', '2010-05-21 07:26:30.0', '132456', '2010-05-21 07:26:30.0');
INSERT INTO project_phase (project_phase_id, project_id, phase_type_id, phase_status_id, fixed_start_time, scheduled_start_time, scheduled_end_time, actual_start_time, actual_end_time, duration, create_user, create_date, modify_user, modify_date)
VALUES ('599', '591', '9', '1', '2010-06-17 09:00:00.0', '2010-06-17 09:00:00.0', '2010-06-22 09:00:00.0', NULL, NULL, '259200000', '132456', '2010-05-21 07:26:30.0', '132456', '2010-05-21 07:26:30.0');
INSERT INTO project_phase (project_phase_id, project_id, phase_type_id, phase_status_id, fixed_start_time, scheduled_start_time, scheduled_end_time, actual_start_time, actual_end_time, duration, create_user, create_date, modify_user, modify_date)
VALUES ('600', '591', '10', '1', '2010-06-22 09:00:00.0', '2010-06-22 09:00:00.0', '2010-06-23 09:00:00.0', NULL, NULL, '86400000', '132456', '2010-05-21 07:26:30.0', '132456', '2010-05-21 07:26:30.0');
--  Data for comp_catalog
INSERT INTO comp_catalog (component_id, current_version, short_desc, component_name, description, function_desc, create_time, status_id, root_category_id, modify_date, public_ind)
VALUES ('1181', '1', 'Coolest component ever', 'Component 60', 'Coolest component ever', 'Component', '2010-05-21 07:20:14.48', '102', '5801778', '2010-05-21 07:23:44.0', '0');
--  Data for comp_versions
INSERT INTO comp_versions (comp_vers_id, component_id, version, version_text, create_time, phase_id, phase_time, price, comments, modify_date,
                           suspended_ind)
VALUES ('1183', '1181', '1', '1.0                 ', '2010-05-21 07:20:14.48', '112', '1976-05-04 00:00:00.0', '1000.00', 'Cool', '2010-05-21 07:27:01.0', '0');
--  Data for comp_categories
INSERT INTO comp_categories (comp_categories_id, component_id, category_id)
VALUES ('1185', '1181', '11');
--  Data for comp_keywords
INSERT INTO comp_keywords (comp_keywords_id, component_id, keyword)
VALUES ('1191', '1181', 'design');
--  Data for comp_technology
INSERT INTO comp_technology (comp_tech_id, comp_vers_id, technology_type_id)
VALUES ('1192', '1183', '1');
--  Data for comp_documentation
INSERT INTO comp_documentation (document_id, comp_vers_id, document_type_id, document_name, url)
VALUES ('1193', '1183', '0', 'Requirements Specification', '1181/1183/MQTTBroker_Requirements_Specification.pdf');
--  Data for comp_jive_category_xref
INSERT INTO comp_jive_category_xref (comp_vers_id, jive_category_id)
VALUES ('1183', '0');
--  Data for comp_version_dates
INSERT INTO comp_version_dates (comp_version_dates_id, comp_vers_id, phase_id, posting_date, initial_submission_date, winner_announced_date, final_submission_date,
                                estimated_dev_date, price, total_submissions, status_id, create_time, level_id, screening_complete_date, review_complete_date,
                                aggregation_complete_date, phase_complete_date, production_date, aggregation_complete_date_comment, phase_complete_date_comment,
                                review_complete_date_comment, winner_announced_date_comment, initial_submission_date_comment, screening_complete_date_comment,
                                final_submission_date_comment, production_date_comment, modify_date)
VALUES ('1194', '1183', '112', '1976-05-05', '2000-01-01', '2000-01-01', 
        '2000-01-01', '2000-01-01', NULL, '0', '301', '2010-05-21 07:27:01.0', '100', '2000-01-01',
        '2000-01-01', '2000-01-01', '2000-01-01', '2010-12-01', 
        NULL, NULL, NULL, NULL, NULL, NULL, NULL, '', '2010-05-21 07:27:01.0');
--  Data for phase_criteria
INSERT INTO phase_criteria (project_phase_id, phase_criteria_type_id, parameter, create_user, create_date, modify_user, modify_date)
VALUES ('591', '2', '0', '132456', '2010-05-21 07:26:30.0', '132456', '2010-05-21 07:26:30.0');
INSERT INTO phase_criteria (project_phase_id, phase_criteria_type_id, parameter, create_user, create_date, modify_user, modify_date)
VALUES ('591', '5', 'No', '132456', '2010-05-21 07:26:30.0', '132456', '2010-05-21 07:26:30.0');
INSERT INTO phase_criteria (project_phase_id, phase_criteria_type_id, parameter, create_user, create_date, modify_user, modify_date)
VALUES ('592', '3', '0', '132456', '2010-05-21 07:26:30.0', '132456', '2010-05-21 07:26:30.0');
INSERT INTO phase_criteria (project_phase_id, phase_criteria_type_id, parameter, create_user, create_date, modify_user, modify_date)
VALUES ('592', '5', 'No', '132456', '2010-05-21 07:26:30.0', '132456', '2010-05-21 07:26:30.0');
INSERT INTO phase_criteria (project_phase_id, phase_criteria_type_id, parameter, create_user, create_date, modify_user, modify_date)
VALUES ('593', '5', 'No', '132456', '2010-05-21 07:26:30.0', '132456', '2010-05-21 07:26:30.0');
INSERT INTO phase_criteria (project_phase_id, phase_criteria_type_id, parameter, create_user, create_date, modify_user, modify_date)
VALUES ('593', '1', '30000410', '132456', '2010-05-21 07:26:30.0', '132456', '2010-05-21 07:26:30.0');
INSERT INTO phase_criteria (project_phase_id, phase_criteria_type_id, parameter, create_user, create_date, modify_user, modify_date)
VALUES ('594', '5', 'No', '132456', '2010-05-21 07:26:30.0', '132456', '2010-05-21 07:26:30.0');
INSERT INTO phase_criteria (project_phase_id, phase_criteria_type_id, parameter, create_user, create_date, modify_user, modify_date)
VALUES ('594', '1', '30000411', '132456', '2010-05-21 07:26:30.0', '132456', '2010-05-21 07:26:30.0');
INSERT INTO phase_criteria (project_phase_id, phase_criteria_type_id, parameter, create_user, create_date, modify_user, modify_date)
VALUES ('594', '6', '3', '132456', '2010-05-21 07:26:30.0', '132456', '2010-05-21 07:26:30.0');
INSERT INTO phase_criteria (project_phase_id, phase_criteria_type_id, parameter, create_user, create_date, modify_user, modify_date)
VALUES ('595', '5', 'No', '132456', '2010-05-21 07:26:30.0', '132456', '2010-05-21 07:26:30.0');
INSERT INTO phase_criteria (project_phase_id, phase_criteria_type_id, parameter, create_user, create_date, modify_user, modify_date)
VALUES ('595', '4', 'No', '132456', '2010-05-21 07:26:30.0', '132456', '2010-05-21 07:26:30.0');
INSERT INTO phase_criteria (project_phase_id, phase_criteria_type_id, parameter, create_user, create_date, modify_user, modify_date)
VALUES ('596', '5', 'No', '132456', '2010-05-21 07:26:30.0', '132456', '2010-05-21 07:26:30.0');
INSERT INTO phase_criteria (project_phase_id, phase_criteria_type_id, parameter, create_user, create_date, modify_user, modify_date)
VALUES ('597', '5', 'No', '132456', '2010-05-21 07:26:30.0', '132456', '2010-05-21 07:26:30.0');
INSERT INTO phase_criteria (project_phase_id, phase_criteria_type_id, parameter, create_user, create_date, modify_user, modify_date)
VALUES ('598', '5', 'No', '132456', '2010-05-21 07:26:30.0', '132456', '2010-05-21 07:26:30.0');
INSERT INTO phase_criteria (project_phase_id, phase_criteria_type_id, parameter, create_user, create_date, modify_user, modify_date)
VALUES ('599', '5', 'No', '132456', '2010-05-21 07:26:30.0', '132456', '2010-05-21 07:26:30.0');
INSERT INTO phase_criteria (project_phase_id, phase_criteria_type_id, parameter, create_user, create_date, modify_user, modify_date)
VALUES ('600', '5', 'No', '132456', '2010-05-21 07:26:30.0', '132456', '2010-05-21 07:26:30.0');
--  Data for phase_dependency
INSERT INTO phase_dependency (dependency_phase_id, dependent_phase_id, dependency_start, dependent_start, lag_time, create_user, create_date, modify_user, modify_date)
VALUES ('591', '592', '1', '1', '0', '132456', '2010-05-21 07:26:30.0', '132456', '2010-05-21 07:26:30.0');
INSERT INTO phase_dependency (dependency_phase_id, dependent_phase_id, dependency_start, dependent_start, lag_time, create_user, create_date, modify_user, modify_date)
VALUES ('592', '593', '0', '1', '0', '132456', '2010-05-21 07:26:30.0', '132456', '2010-05-21 07:26:30.0');
INSERT INTO phase_dependency (dependency_phase_id, dependent_phase_id, dependency_start, dependent_start, lag_time, create_user, create_date, modify_user, modify_date)
VALUES ('593', '594', '0', '1', '0', '132456', '2010-05-21 07:26:30.0', '132456', '2010-05-21 07:26:30.0');
INSERT INTO phase_dependency (dependency_phase_id, dependent_phase_id, dependency_start, dependent_start, lag_time, create_user, create_date, modify_user, modify_date)
VALUES ('594', '595', '0', '1', '0', '132456', '2010-05-21 07:26:30.0', '132456', '2010-05-21 07:26:30.0');
INSERT INTO phase_dependency (dependency_phase_id, dependent_phase_id, dependency_start, dependent_start, lag_time, create_user, create_date, modify_user, modify_date)
VALUES ('595', '596', '0', '1', '0', '132456', '2010-05-21 07:26:30.0', '132456', '2010-05-21 07:26:30.0');
INSERT INTO phase_dependency (dependency_phase_id, dependent_phase_id, dependency_start, dependent_start, lag_time, create_user, create_date, modify_user, modify_date)
VALUES ('596', '597', '0', '1', '0', '132456', '2010-05-21 07:26:30.0', '132456', '2010-05-21 07:26:30.0');
INSERT INTO phase_dependency (dependency_phase_id, dependent_phase_id, dependency_start, dependent_start, lag_time, create_user, create_date, modify_user, modify_date)
VALUES ('597', '598', '0', '1', '0', '132456', '2010-05-21 07:26:30.0', '132456', '2010-05-21 07:26:30.0');
INSERT INTO phase_dependency (dependency_phase_id, dependent_phase_id, dependency_start, dependent_start, lag_time, create_user, create_date, modify_user, modify_date)
VALUES ('598', '599', '0', '1', '0', '132456', '2010-05-21 07:26:30.0', '132456', '2010-05-21 07:26:30.0');
INSERT INTO phase_dependency (dependency_phase_id, dependent_phase_id, dependency_start, dependent_start, lag_time, create_user, create_date, modify_user, modify_date)
VALUES ('599', '600', '0', '1', '0', '132456', '2010-05-21 07:26:30.0', '132456', '2010-05-21 07:26:30.0');
--  Data for resource
INSERT INTO resource (resource_id, resource_role_id, project_id, project_phase_id, create_user, create_date, modify_user, modify_date)
VALUES ('591', '13', '591', NULL, '132456', '2010-05-21 07:26:30.0', '132456', '2010-05-21 07:26:30.0');
--  Data for resource_info
INSERT INTO resource_info (resource_id, resource_info_type_id, value, create_user, create_date, modify_user, modify_date)
VALUES ('591', '1', '132456', '132456', '2010-05-21 07:26:30.0', '132456', '2010-05-21 07:26:30.0');
INSERT INTO resource_info (resource_id, resource_info_type_id, value, create_user, create_date, modify_user, modify_date)
VALUES ('591', '2', 'heffan', '132456', '2010-05-21 07:26:30.0', '132456', '2010-05-21 07:26:30.0');
--  Data for user_role
INSERT INTO user_role (user_role_id, comp_vers_id, role_id, login_id, description)
VALUES ('1184', '1183', '1', '132456', '');
--  Data for word_search
INSERT INTO word_search (word_search_id, document_id, index_word, nbr_occurrences)
VALUES ('1187', '1181', 'ever                                                                                                ', '2');
INSERT INTO word_search (word_search_id, document_id, index_word, nbr_occurrences)
VALUES ('1188', '1181', 'component                                                                                           ', '4');
INSERT INTO word_search (word_search_id, document_id, index_word, nbr_occurrences)
VALUES ('1189', '1181', 'coolest                                                                                             ', '2');
INSERT INTO word_search (word_search_id, document_id, index_word, nbr_occurrences)
VALUES ('1190', '1181', 'design                                                    ', '2');
--  Data for word_search_ctgy
INSERT INTO word_search_ctgy (word_srch_ctgy_id, category_id, document_id)
VALUES ('1186', 'DDECATALOG                                        ', '1181');
--  Data for word_search_doc
INSERT INTO word_search_doc (document_id)
VALUES ('1181');
-- Data for project
INSERT INTO project (project_id, project_status_id, project_category_id, create_user, create_date, modify_user, modify_date)
VALUES ('601', '2', '2', '132457', '2010-05-21 07:26:30.0', '132457', '2010-05-21 07:26:30.0');
--  Data for project_info
INSERT INTO project_info (project_id, project_info_type_id, value, create_user, create_date, modify_user, modify_date)
VALUES ('601', '1', '1203', '132457', '2010-05-21 07:26:30.0', '132457', '2010-05-21 07:26:30.0');
INSERT INTO project_info (project_id, project_info_type_id, value, create_user, create_date, modify_user, modify_date)
VALUES ('601', '2', '1201', '132457', '2010-05-21 07:26:30.0', '132457', '2010-05-21 07:26:30.0');
INSERT INTO project_info (project_id, project_info_type_id, value, create_user, create_date, modify_user, modify_date)
VALUES ('601', '3', '1', '132457', '2010-05-21 07:26:30.0', '132457', '2010-05-21 07:26:30.0');
INSERT INTO project_info (project_id, project_info_type_id, value, create_user, create_date, modify_user, modify_date)
VALUES ('601', '4', '0', '132457', '2010-05-21 07:26:30.0', '132457', '2010-05-21 07:26:30.0');
INSERT INTO project_info (project_id, project_info_type_id, value, create_user, create_date, modify_user, modify_date)
VALUES ('601', '5', '5801776', '132457', '2010-05-21 07:26:30.0', '132457', '2010-05-21 07:26:30.0');
INSERT INTO project_info (project_id, project_info_type_id, value, create_user, create_date, modify_user, modify_date)
VALUES ('601', '6', 'Component 61', '132457', '2010-05-21 07:26:30.0', '132457', '2010-05-21 07:26:30.0');
INSERT INTO project_info (project_id, project_info_type_id, value, create_user, create_date, modify_user, modify_date)
VALUES ('601', '7', '1.0                 ', '132457', '2010-05-21 07:26:30.0', '132457', '2010-05-21 07:26:30.0');
INSERT INTO project_info (project_id, project_info_type_id, value, create_user, create_date, modify_user, modify_date)
VALUES ('601', '9', 'Off', '132457', '2010-05-21 07:26:30.0', '132457', '2010-05-21 07:26:30.0');
INSERT INTO project_info (project_id, project_info_type_id, value, create_user, create_date, modify_user, modify_date)
VALUES ('601', '10', 'On', '132457', '2010-05-21 07:26:30.0', '132457', '2010-05-21 07:26:30.0');
INSERT INTO project_info (project_id, project_info_type_id, value, create_user, create_date, modify_user, modify_date)
VALUES ('601', '11', 'On', '132457', '2010-05-21 07:26:30.0', '132457', '2010-05-21 07:26:30.0');
INSERT INTO project_info (project_id, project_info_type_id, value, create_user, create_date, modify_user, modify_date)
VALUES ('601', '12', 'Yes', '132457', '2010-05-21 07:26:30.0', '132457', '2010-05-21 07:26:30.0');
INSERT INTO project_info (project_id, project_info_type_id, value, create_user, create_date, modify_user, modify_date)
VALUES ('601', '13', 'Yes', '132457', '2010-05-21 07:26:30.0', '132457', '2010-05-21 07:26:30.0');
INSERT INTO project_info (project_id, project_info_type_id, value, create_user, create_date, modify_user, modify_date)
VALUES ('601', '14', 'Open', '132457', '2010-05-21 07:26:30.0', '132457', '2010-05-21 07:26:30.0');
INSERT INTO project_info (project_id, project_info_type_id, value, create_user, create_date, modify_user, modify_date)
VALUES ('601', '16', '0.0', '132457', '2010-05-21 07:26:30.0', '132457', '2010-05-21 07:26:30.0');
INSERT INTO project_info (project_id, project_info_type_id, value, create_user, create_date, modify_user, modify_date)
VALUES ('601', '26', 'On', '132457', '2010-05-21 07:26:30.0', '132457', '2010-05-21 07:26:30.0');
INSERT INTO project_info (project_id, project_info_type_id, value, create_user, create_date, modify_user, modify_date)
VALUES ('601', '29', 'On', '132457', '2010-05-21 07:26:30.0', '132457', '2010-05-21 07:26:30.0');
INSERT INTO project_info (project_id, project_info_type_id, value, create_user, create_date, modify_user, modify_date)
VALUES ('601', '41', 'true', '132457', '2010-05-21 07:26:30.0', '132457', '2010-05-21 07:26:30.0');
INSERT INTO project_info (project_id, project_info_type_id, value, create_user, create_date, modify_user, modify_date)
VALUES ('601', '43', 'true', '132457', '2010-05-21 07:26:30.0', '132457', '2010-05-21 07:26:30.0');
--  Data for project_phase
INSERT INTO project_phase (project_phase_id, project_id, phase_type_id, phase_status_id, fixed_start_time, scheduled_start_time, scheduled_end_time, actual_start_time, actual_end_time, duration, create_user, create_date, modify_user, modify_date)
VALUES ('601', '601', '1', '1', '2010-05-27 09:00:00.0', '2010-05-27 09:00:00.0', '2010-06-01 09:00:00.0', NULL, NULL, '259200000', '132457', '2010-05-21 07:26:30.0', '132457', '2010-05-21 07:26:30.0');
INSERT INTO project_phase (project_phase_id, project_id, phase_type_id, phase_status_id, fixed_start_time, scheduled_start_time, scheduled_end_time, actual_start_time, actual_end_time, duration, create_user, create_date, modify_user, modify_date)
VALUES ('602', '601', '2', '1', '2010-05-27 09:00:00.0', '2010-05-27 09:00:00.0', '2010-06-07 09:00:00.0', NULL, NULL, '604800000', '132457', '2010-05-21 07:26:30.0', '132457', '2010-05-21 07:26:30.0');
INSERT INTO project_phase (project_phase_id, project_id, phase_type_id, phase_status_id, fixed_start_time, scheduled_start_time, scheduled_end_time, actual_start_time, actual_end_time, duration, create_user, create_date, modify_user, modify_date)
VALUES ('603', '601', '3', '1', '2010-06-07 09:00:00.0', '2010-06-07 09:00:00.0', '2010-06-08 09:00:00.0', NULL, NULL, '86400000', '132457', '2010-05-21 07:26:30.0', '132457', '2010-05-21 07:26:30.0');
INSERT INTO project_phase (project_phase_id, project_id, phase_type_id, phase_status_id, fixed_start_time, scheduled_start_time, scheduled_end_time, actual_start_time, actual_end_time, duration, create_user, create_date, modify_user, modify_date)
VALUES ('604', '601', '4', '1', '2010-06-08 09:00:00.0', '2010-06-08 09:00:00.0', '2010-06-14 09:00:00.0', NULL, NULL, '345600000', '132457', '2010-05-21 07:26:30.0', '132457', '2010-05-21 07:26:30.0');
INSERT INTO project_phase (project_phase_id, project_id, phase_type_id, phase_status_id, fixed_start_time, scheduled_start_time, scheduled_end_time, actual_start_time, actual_end_time, duration, create_user, create_date, modify_user, modify_date)
VALUES ('605', '601', '5', '1', '2010-06-14 09:00:00.0', '2010-06-14 09:00:00.0', '2010-06-15 09:00:00.0', NULL, NULL, '86400000', '132457', '2010-05-21 07:26:30.0', '132457', '2010-05-21 07:26:30.0');
INSERT INTO project_phase (project_phase_id, project_id, phase_type_id, phase_status_id, fixed_start_time, scheduled_start_time, scheduled_end_time, actual_start_time, actual_end_time, duration, create_user, create_date, modify_user, modify_date)
VALUES ('606', '601', '6', '1', '2010-06-15 09:00:00.0', '2010-06-15 09:00:00.0', '2010-06-16 09:00:00.0', NULL, NULL, '86400000', '132457', '2010-05-21 07:26:30.0', '132457', '2010-05-21 07:26:30.0');
INSERT INTO project_phase (project_phase_id, project_id, phase_type_id, phase_status_id, fixed_start_time, scheduled_start_time, scheduled_end_time, actual_start_time, actual_end_time, duration, create_user, create_date, modify_user, modify_date)
VALUES ('607', '601', '7', '1', '2010-06-16 09:00:00.0', '2010-06-16 09:00:00.0', '2010-06-16 21:00:00.0', NULL, NULL, '43200000', '132457', '2010-05-21 07:26:30.0', '132457', '2010-05-21 07:26:30.0');
INSERT INTO project_phase (project_phase_id, project_id, phase_type_id, phase_status_id, fixed_start_time, scheduled_start_time, scheduled_end_time, actual_start_time, actual_end_time, duration, create_user, create_date, modify_user, modify_date)
VALUES ('608', '601', '8', '1', '2010-06-16 21:00:00.0', '2010-06-16 21:00:00.0', '2010-06-17 09:00:00.0', NULL, NULL, '43200000', '132457', '2010-05-21 07:26:30.0', '132457', '2010-05-21 07:26:30.0');
INSERT INTO project_phase (project_phase_id, project_id, phase_type_id, phase_status_id, fixed_start_time, scheduled_start_time, scheduled_end_time, actual_start_time, actual_end_time, duration, create_user, create_date, modify_user, modify_date)
VALUES ('609', '601', '9', '1', '2010-06-17 09:00:00.0', '2010-06-17 09:00:00.0', '2010-06-22 09:00:00.0', NULL, NULL, '259200000', '132457', '2010-05-21 07:26:30.0', '132457', '2010-05-21 07:26:30.0');
INSERT INTO project_phase (project_phase_id, project_id, phase_type_id, phase_status_id, fixed_start_time, scheduled_start_time, scheduled_end_time, actual_start_time, actual_end_time, duration, create_user, create_date, modify_user, modify_date)
VALUES ('610', '601', '10', '1', '2010-06-22 09:00:00.0', '2010-06-22 09:00:00.0', '2010-06-23 09:00:00.0', NULL, NULL, '86400000', '132457', '2010-05-21 07:26:30.0', '132457', '2010-05-21 07:26:30.0');
--  Data for comp_catalog
INSERT INTO comp_catalog (component_id, current_version, short_desc, component_name, description, function_desc, create_time, status_id, root_category_id, modify_date, public_ind)
VALUES ('1201', '1', 'Coolest component ever', 'Component 61', 'Coolest component ever', 'Component', '2010-05-21 07:20:14.48', '102', '5801776', '2010-05-21 07:23:44.0', '0');
--  Data for comp_versions
INSERT INTO comp_versions (comp_vers_id, component_id, version, version_text, create_time, phase_id, phase_time, price, comments, modify_date,
                           suspended_ind)
VALUES ('1203', '1201', '1', '1.0                 ', '2010-05-21 07:20:14.48', '112', '1976-05-04 00:00:00.0', '1000.00', 'Cool', '2010-05-21 07:27:01.0', '0');
--  Data for comp_categories
INSERT INTO comp_categories (comp_categories_id, component_id, category_id)
VALUES ('1205', '1201', '11');
--  Data for comp_keywords
INSERT INTO comp_keywords (comp_keywords_id, component_id, keyword)
VALUES ('1211', '1201', 'development');
--  Data for comp_technology
INSERT INTO comp_technology (comp_tech_id, comp_vers_id, technology_type_id)
VALUES ('1212', '1203', '1');
--  Data for comp_documentation
INSERT INTO comp_documentation (document_id, comp_vers_id, document_type_id, document_name, url)
VALUES ('1213', '1203', '0', 'Requirements Specification', '1201/1203/MQTTBroker_Requirements_Specification.pdf');
--  Data for comp_jive_category_xref
INSERT INTO comp_jive_category_xref (comp_vers_id, jive_category_id)
VALUES ('1203', '0');
--  Data for comp_version_dates
INSERT INTO comp_version_dates (comp_version_dates_id, comp_vers_id, phase_id, posting_date, initial_submission_date, winner_announced_date, final_submission_date,
                                estimated_dev_date, price, total_submissions, status_id, create_time, level_id, screening_complete_date, review_complete_date,
                                aggregation_complete_date, phase_complete_date, production_date, aggregation_complete_date_comment, phase_complete_date_comment,
                                review_complete_date_comment, winner_announced_date_comment, initial_submission_date_comment, screening_complete_date_comment,
                                final_submission_date_comment, production_date_comment, modify_date)
VALUES ('1214', '1203', '112', '1976-05-05', '2000-01-01', '2000-01-01', 
        '2000-01-01', '2000-01-01', NULL, '0', '301', '2010-05-21 07:27:01.0', '100', '2000-01-01',
        '2000-01-01', '2000-01-01', '2000-01-01', '2010-12-01', 
        NULL, NULL, NULL, NULL, NULL, NULL, NULL, '', '2010-05-21 07:27:01.0');
--  Data for phase_criteria
INSERT INTO phase_criteria (project_phase_id, phase_criteria_type_id, parameter, create_user, create_date, modify_user, modify_date)
VALUES ('601', '2', '0', '132457', '2010-05-21 07:26:30.0', '132457', '2010-05-21 07:26:30.0');
INSERT INTO phase_criteria (project_phase_id, phase_criteria_type_id, parameter, create_user, create_date, modify_user, modify_date)
VALUES ('601', '5', 'No', '132457', '2010-05-21 07:26:30.0', '132457', '2010-05-21 07:26:30.0');
INSERT INTO phase_criteria (project_phase_id, phase_criteria_type_id, parameter, create_user, create_date, modify_user, modify_date)
VALUES ('602', '3', '0', '132457', '2010-05-21 07:26:30.0', '132457', '2010-05-21 07:26:30.0');
INSERT INTO phase_criteria (project_phase_id, phase_criteria_type_id, parameter, create_user, create_date, modify_user, modify_date)
VALUES ('602', '5', 'No', '132457', '2010-05-21 07:26:30.0', '132457', '2010-05-21 07:26:30.0');
INSERT INTO phase_criteria (project_phase_id, phase_criteria_type_id, parameter, create_user, create_date, modify_user, modify_date)
VALUES ('603', '5', 'No', '132457', '2010-05-21 07:26:30.0', '132457', '2010-05-21 07:26:30.0');
INSERT INTO phase_criteria (project_phase_id, phase_criteria_type_id, parameter, create_user, create_date, modify_user, modify_date)
VALUES ('603', '1', '30000410', '132457', '2010-05-21 07:26:30.0', '132457', '2010-05-21 07:26:30.0');
INSERT INTO phase_criteria (project_phase_id, phase_criteria_type_id, parameter, create_user, create_date, modify_user, modify_date)
VALUES ('604', '5', 'No', '132457', '2010-05-21 07:26:30.0', '132457', '2010-05-21 07:26:30.0');
INSERT INTO phase_criteria (project_phase_id, phase_criteria_type_id, parameter, create_user, create_date, modify_user, modify_date)
VALUES ('604', '1', '30000411', '132457', '2010-05-21 07:26:30.0', '132457', '2010-05-21 07:26:30.0');
INSERT INTO phase_criteria (project_phase_id, phase_criteria_type_id, parameter, create_user, create_date, modify_user, modify_date)
VALUES ('604', '6', '3', '132457', '2010-05-21 07:26:30.0', '132457', '2010-05-21 07:26:30.0');
INSERT INTO phase_criteria (project_phase_id, phase_criteria_type_id, parameter, create_user, create_date, modify_user, modify_date)
VALUES ('605', '5', 'No', '132457', '2010-05-21 07:26:30.0', '132457', '2010-05-21 07:26:30.0');
INSERT INTO phase_criteria (project_phase_id, phase_criteria_type_id, parameter, create_user, create_date, modify_user, modify_date)
VALUES ('605', '4', 'No', '132457', '2010-05-21 07:26:30.0', '132457', '2010-05-21 07:26:30.0');
INSERT INTO phase_criteria (project_phase_id, phase_criteria_type_id, parameter, create_user, create_date, modify_user, modify_date)
VALUES ('606', '5', 'No', '132457', '2010-05-21 07:26:30.0', '132457', '2010-05-21 07:26:30.0');
INSERT INTO phase_criteria (project_phase_id, phase_criteria_type_id, parameter, create_user, create_date, modify_user, modify_date)
VALUES ('607', '5', 'No', '132457', '2010-05-21 07:26:30.0', '132457', '2010-05-21 07:26:30.0');
INSERT INTO phase_criteria (project_phase_id, phase_criteria_type_id, parameter, create_user, create_date, modify_user, modify_date)
VALUES ('608', '5', 'No', '132457', '2010-05-21 07:26:30.0', '132457', '2010-05-21 07:26:30.0');
INSERT INTO phase_criteria (project_phase_id, phase_criteria_type_id, parameter, create_user, create_date, modify_user, modify_date)
VALUES ('609', '5', 'No', '132457', '2010-05-21 07:26:30.0', '132457', '2010-05-21 07:26:30.0');
INSERT INTO phase_criteria (project_phase_id, phase_criteria_type_id, parameter, create_user, create_date, modify_user, modify_date)
VALUES ('610', '5', 'No', '132457', '2010-05-21 07:26:30.0', '132457', '2010-05-21 07:26:30.0');
--  Data for phase_dependency
INSERT INTO phase_dependency (dependency_phase_id, dependent_phase_id, dependency_start, dependent_start, lag_time, create_user, create_date, modify_user, modify_date)
VALUES ('601', '602', '1', '1', '0', '132457', '2010-05-21 07:26:30.0', '132457', '2010-05-21 07:26:30.0');
INSERT INTO phase_dependency (dependency_phase_id, dependent_phase_id, dependency_start, dependent_start, lag_time, create_user, create_date, modify_user, modify_date)
VALUES ('602', '603', '0', '1', '0', '132457', '2010-05-21 07:26:30.0', '132457', '2010-05-21 07:26:30.0');
INSERT INTO phase_dependency (dependency_phase_id, dependent_phase_id, dependency_start, dependent_start, lag_time, create_user, create_date, modify_user, modify_date)
VALUES ('603', '604', '0', '1', '0', '132457', '2010-05-21 07:26:30.0', '132457', '2010-05-21 07:26:30.0');
INSERT INTO phase_dependency (dependency_phase_id, dependent_phase_id, dependency_start, dependent_start, lag_time, create_user, create_date, modify_user, modify_date)
VALUES ('604', '605', '0', '1', '0', '132457', '2010-05-21 07:26:30.0', '132457', '2010-05-21 07:26:30.0');
INSERT INTO phase_dependency (dependency_phase_id, dependent_phase_id, dependency_start, dependent_start, lag_time, create_user, create_date, modify_user, modify_date)
VALUES ('605', '606', '0', '1', '0', '132457', '2010-05-21 07:26:30.0', '132457', '2010-05-21 07:26:30.0');
INSERT INTO phase_dependency (dependency_phase_id, dependent_phase_id, dependency_start, dependent_start, lag_time, create_user, create_date, modify_user, modify_date)
VALUES ('606', '607', '0', '1', '0', '132457', '2010-05-21 07:26:30.0', '132457', '2010-05-21 07:26:30.0');
INSERT INTO phase_dependency (dependency_phase_id, dependent_phase_id, dependency_start, dependent_start, lag_time, create_user, create_date, modify_user, modify_date)
VALUES ('607', '608', '0', '1', '0', '132457', '2010-05-21 07:26:30.0', '132457', '2010-05-21 07:26:30.0');
INSERT INTO phase_dependency (dependency_phase_id, dependent_phase_id, dependency_start, dependent_start, lag_time, create_user, create_date, modify_user, modify_date)
VALUES ('608', '609', '0', '1', '0', '132457', '2010-05-21 07:26:30.0', '132457', '2010-05-21 07:26:30.0');
INSERT INTO phase_dependency (dependency_phase_id, dependent_phase_id, dependency_start, dependent_start, lag_time, create_user, create_date, modify_user, modify_date)
VALUES ('609', '610', '0', '1', '0', '132457', '2010-05-21 07:26:30.0', '132457', '2010-05-21 07:26:30.0');
--  Data for resource
INSERT INTO resource (resource_id, resource_role_id, project_id, project_phase_id, create_user, create_date, modify_user, modify_date)
VALUES ('601', '13', '601', NULL, '132457', '2010-05-21 07:26:30.0', '132457', '2010-05-21 07:26:30.0');
--  Data for resource_info
INSERT INTO resource_info (resource_id, resource_info_type_id, value, create_user, create_date, modify_user, modify_date)
VALUES ('601', '1', '132457', '132457', '2010-05-21 07:26:30.0', '132457', '2010-05-21 07:26:30.0');
INSERT INTO resource_info (resource_id, resource_info_type_id, value, create_user, create_date, modify_user, modify_date)
VALUES ('601', '2', 'super', '132457', '2010-05-21 07:26:30.0', '132457', '2010-05-21 07:26:30.0');
--  Data for user_role
INSERT INTO user_role (user_role_id, comp_vers_id, role_id, login_id, description)
VALUES ('1204', '1203', '1', '132457', '');
--  Data for word_search
INSERT INTO word_search (word_search_id, document_id, index_word, nbr_occurrences)
VALUES ('1207', '1201', 'ever                                                                                                ', '2');
INSERT INTO word_search (word_search_id, document_id, index_word, nbr_occurrences)
VALUES ('1208', '1201', 'component                                                                                           ', '4');
INSERT INTO word_search (word_search_id, document_id, index_word, nbr_occurrences)
VALUES ('1209', '1201', 'coolest                                                                                             ', '2');
INSERT INTO word_search (word_search_id, document_id, index_word, nbr_occurrences)
VALUES ('1210', '1201', 'development                                                    ', '2');
--  Data for word_search_ctgy
INSERT INTO word_search_ctgy (word_srch_ctgy_id, category_id, document_id)
VALUES ('1206', 'DDECATALOG                                        ', '1201');
--  Data for word_search_doc
INSERT INTO word_search_doc (document_id)
VALUES ('1201');
-- Data for project
INSERT INTO project (project_id, project_status_id, project_category_id, create_user, create_date, modify_user, modify_date)
VALUES ('611', '1', '1', '132456', '2010-05-21 07:26:30.0', '132456', '2010-05-21 07:26:30.0');
--  Data for project_info
INSERT INTO project_info (project_id, project_info_type_id, value, create_user, create_date, modify_user, modify_date)
VALUES ('611', '1', '1223', '132456', '2010-05-21 07:26:30.0', '132456', '2010-05-21 07:26:30.0');
INSERT INTO project_info (project_id, project_info_type_id, value, create_user, create_date, modify_user, modify_date)
VALUES ('611', '2', '1221', '132456', '2010-05-21 07:26:30.0', '132456', '2010-05-21 07:26:30.0');
INSERT INTO project_info (project_id, project_info_type_id, value, create_user, create_date, modify_user, modify_date)
VALUES ('611', '3', '1', '132456', '2010-05-21 07:26:30.0', '132456', '2010-05-21 07:26:30.0');
INSERT INTO project_info (project_id, project_info_type_id, value, create_user, create_date, modify_user, modify_date)
VALUES ('611', '4', '0', '132456', '2010-05-21 07:26:30.0', '132456', '2010-05-21 07:26:30.0');
INSERT INTO project_info (project_id, project_info_type_id, value, create_user, create_date, modify_user, modify_date)
VALUES ('611', '5', '5801778', '132456', '2010-05-21 07:26:30.0', '132456', '2010-05-21 07:26:30.0');
INSERT INTO project_info (project_id, project_info_type_id, value, create_user, create_date, modify_user, modify_date)
VALUES ('611', '6', 'Component 62', '132456', '2010-05-21 07:26:30.0', '132456', '2010-05-21 07:26:30.0');
INSERT INTO project_info (project_id, project_info_type_id, value, create_user, create_date, modify_user, modify_date)
VALUES ('611', '7', '1.0                 ', '132456', '2010-05-21 07:26:30.0', '132456', '2010-05-21 07:26:30.0');
INSERT INTO project_info (project_id, project_info_type_id, value, create_user, create_date, modify_user, modify_date)
VALUES ('611', '9', 'Off', '132456', '2010-05-21 07:26:30.0', '132456', '2010-05-21 07:26:30.0');
INSERT INTO project_info (project_id, project_info_type_id, value, create_user, create_date, modify_user, modify_date)
VALUES ('611', '10', 'On', '132456', '2010-05-21 07:26:30.0', '132456', '2010-05-21 07:26:30.0');
INSERT INTO project_info (project_id, project_info_type_id, value, create_user, create_date, modify_user, modify_date)
VALUES ('611', '11', 'On', '132456', '2010-05-21 07:26:30.0', '132456', '2010-05-21 07:26:30.0');
INSERT INTO project_info (project_id, project_info_type_id, value, create_user, create_date, modify_user, modify_date)
VALUES ('611', '12', 'Yes', '132456', '2010-05-21 07:26:30.0', '132456', '2010-05-21 07:26:30.0');
INSERT INTO project_info (project_id, project_info_type_id, value, create_user, create_date, modify_user, modify_date)
VALUES ('611', '13', 'Yes', '132456', '2010-05-21 07:26:30.0', '132456', '2010-05-21 07:26:30.0');
INSERT INTO project_info (project_id, project_info_type_id, value, create_user, create_date, modify_user, modify_date)
VALUES ('611', '14', 'Open', '132456', '2010-05-21 07:26:30.0', '132456', '2010-05-21 07:26:30.0');
INSERT INTO project_info (project_id, project_info_type_id, value, create_user, create_date, modify_user, modify_date)
VALUES ('611', '16', '0.0', '132456', '2010-05-21 07:26:30.0', '132456', '2010-05-21 07:26:30.0');
INSERT INTO project_info (project_id, project_info_type_id, value, create_user, create_date, modify_user, modify_date)
VALUES ('611', '26', 'On', '132456', '2010-05-21 07:26:30.0', '132456', '2010-05-21 07:26:30.0');
INSERT INTO project_info (project_id, project_info_type_id, value, create_user, create_date, modify_user, modify_date)
VALUES ('611', '29', 'On', '132456', '2010-05-21 07:26:30.0', '132456', '2010-05-21 07:26:30.0');
INSERT INTO project_info (project_id, project_info_type_id, value, create_user, create_date, modify_user, modify_date)
VALUES ('611', '41', 'true', '132456', '2010-05-21 07:26:30.0', '132456', '2010-05-21 07:26:30.0');
INSERT INTO project_info (project_id, project_info_type_id, value, create_user, create_date, modify_user, modify_date)
VALUES ('611', '43', 'true', '132456', '2010-05-21 07:26:30.0', '132456', '2010-05-21 07:26:30.0');
--  Data for project_phase
INSERT INTO project_phase (project_phase_id, project_id, phase_type_id, phase_status_id, fixed_start_time, scheduled_start_time, scheduled_end_time, actual_start_time, actual_end_time, duration, create_user, create_date, modify_user, modify_date)
VALUES ('611', '611', '1', '1', '2010-05-27 09:00:00.0', '2010-05-27 09:00:00.0', '2010-06-01 09:00:00.0', NULL, NULL, '259200000', '132456', '2010-05-21 07:26:30.0', '132456', '2010-05-21 07:26:30.0');
INSERT INTO project_phase (project_phase_id, project_id, phase_type_id, phase_status_id, fixed_start_time, scheduled_start_time, scheduled_end_time, actual_start_time, actual_end_time, duration, create_user, create_date, modify_user, modify_date)
VALUES ('612', '611', '2', '1', '2010-05-27 09:00:00.0', '2010-05-27 09:00:00.0', '2010-06-07 09:00:00.0', NULL, NULL, '604800000', '132456', '2010-05-21 07:26:30.0', '132456', '2010-05-21 07:26:30.0');
INSERT INTO project_phase (project_phase_id, project_id, phase_type_id, phase_status_id, fixed_start_time, scheduled_start_time, scheduled_end_time, actual_start_time, actual_end_time, duration, create_user, create_date, modify_user, modify_date)
VALUES ('613', '611', '3', '1', '2010-06-07 09:00:00.0', '2010-06-07 09:00:00.0', '2010-06-08 09:00:00.0', NULL, NULL, '86400000', '132456', '2010-05-21 07:26:30.0', '132456', '2010-05-21 07:26:30.0');
INSERT INTO project_phase (project_phase_id, project_id, phase_type_id, phase_status_id, fixed_start_time, scheduled_start_time, scheduled_end_time, actual_start_time, actual_end_time, duration, create_user, create_date, modify_user, modify_date)
VALUES ('614', '611', '4', '1', '2010-06-08 09:00:00.0', '2010-06-08 09:00:00.0', '2010-06-14 09:00:00.0', NULL, NULL, '345600000', '132456', '2010-05-21 07:26:30.0', '132456', '2010-05-21 07:26:30.0');
INSERT INTO project_phase (project_phase_id, project_id, phase_type_id, phase_status_id, fixed_start_time, scheduled_start_time, scheduled_end_time, actual_start_time, actual_end_time, duration, create_user, create_date, modify_user, modify_date)
VALUES ('615', '611', '5', '1', '2010-06-14 09:00:00.0', '2010-06-14 09:00:00.0', '2010-06-15 09:00:00.0', NULL, NULL, '86400000', '132456', '2010-05-21 07:26:30.0', '132456', '2010-05-21 07:26:30.0');
INSERT INTO project_phase (project_phase_id, project_id, phase_type_id, phase_status_id, fixed_start_time, scheduled_start_time, scheduled_end_time, actual_start_time, actual_end_time, duration, create_user, create_date, modify_user, modify_date)
VALUES ('616', '611', '6', '1', '2010-06-15 09:00:00.0', '2010-06-15 09:00:00.0', '2010-06-16 09:00:00.0', NULL, NULL, '86400000', '132456', '2010-05-21 07:26:30.0', '132456', '2010-05-21 07:26:30.0');
INSERT INTO project_phase (project_phase_id, project_id, phase_type_id, phase_status_id, fixed_start_time, scheduled_start_time, scheduled_end_time, actual_start_time, actual_end_time, duration, create_user, create_date, modify_user, modify_date)
VALUES ('617', '611', '7', '1', '2010-06-16 09:00:00.0', '2010-06-16 09:00:00.0', '2010-06-16 21:00:00.0', NULL, NULL, '43200000', '132456', '2010-05-21 07:26:30.0', '132456', '2010-05-21 07:26:30.0');
INSERT INTO project_phase (project_phase_id, project_id, phase_type_id, phase_status_id, fixed_start_time, scheduled_start_time, scheduled_end_time, actual_start_time, actual_end_time, duration, create_user, create_date, modify_user, modify_date)
VALUES ('618', '611', '8', '1', '2010-06-16 21:00:00.0', '2010-06-16 21:00:00.0', '2010-06-17 09:00:00.0', NULL, NULL, '43200000', '132456', '2010-05-21 07:26:30.0', '132456', '2010-05-21 07:26:30.0');
INSERT INTO project_phase (project_phase_id, project_id, phase_type_id, phase_status_id, fixed_start_time, scheduled_start_time, scheduled_end_time, actual_start_time, actual_end_time, duration, create_user, create_date, modify_user, modify_date)
VALUES ('619', '611', '9', '1', '2010-06-17 09:00:00.0', '2010-06-17 09:00:00.0', '2010-06-22 09:00:00.0', NULL, NULL, '259200000', '132456', '2010-05-21 07:26:30.0', '132456', '2010-05-21 07:26:30.0');
INSERT INTO project_phase (project_phase_id, project_id, phase_type_id, phase_status_id, fixed_start_time, scheduled_start_time, scheduled_end_time, actual_start_time, actual_end_time, duration, create_user, create_date, modify_user, modify_date)
VALUES ('620', '611', '10', '1', '2010-06-22 09:00:00.0', '2010-06-22 09:00:00.0', '2010-06-23 09:00:00.0', NULL, NULL, '86400000', '132456', '2010-05-21 07:26:30.0', '132456', '2010-05-21 07:26:30.0');
--  Data for comp_catalog
INSERT INTO comp_catalog (component_id, current_version, short_desc, component_name, description, function_desc, create_time, status_id, root_category_id, modify_date, public_ind)
VALUES ('1221', '1', 'Coolest component ever', 'Component 62', 'Coolest component ever', 'Component', '2010-05-21 07:20:14.48', '102', '5801778', '2010-05-21 07:23:44.0', '0');
--  Data for comp_versions
INSERT INTO comp_versions (comp_vers_id, component_id, version, version_text, create_time, phase_id, phase_time, price, comments, modify_date,
                           suspended_ind)
VALUES ('1223', '1221', '1', '1.0                 ', '2010-05-21 07:20:14.48', '112', '1976-05-04 00:00:00.0', '1000.00', 'Cool', '2010-05-21 07:27:01.0', '0');
--  Data for comp_categories
INSERT INTO comp_categories (comp_categories_id, component_id, category_id)
VALUES ('1225', '1221', '11');
--  Data for comp_keywords
INSERT INTO comp_keywords (comp_keywords_id, component_id, keyword)
VALUES ('1231', '1221', 'design');
--  Data for comp_technology
INSERT INTO comp_technology (comp_tech_id, comp_vers_id, technology_type_id)
VALUES ('1232', '1223', '1');
--  Data for comp_documentation
INSERT INTO comp_documentation (document_id, comp_vers_id, document_type_id, document_name, url)
VALUES ('1233', '1223', '0', 'Requirements Specification', '1221/1223/MQTTBroker_Requirements_Specification.pdf');
--  Data for comp_jive_category_xref
INSERT INTO comp_jive_category_xref (comp_vers_id, jive_category_id)
VALUES ('1223', '0');
--  Data for comp_version_dates
INSERT INTO comp_version_dates (comp_version_dates_id, comp_vers_id, phase_id, posting_date, initial_submission_date, winner_announced_date, final_submission_date,
                                estimated_dev_date, price, total_submissions, status_id, create_time, level_id, screening_complete_date, review_complete_date,
                                aggregation_complete_date, phase_complete_date, production_date, aggregation_complete_date_comment, phase_complete_date_comment,
                                review_complete_date_comment, winner_announced_date_comment, initial_submission_date_comment, screening_complete_date_comment,
                                final_submission_date_comment, production_date_comment, modify_date)
VALUES ('1234', '1223', '112', '1976-05-05', '2000-01-01', '2000-01-01', 
        '2000-01-01', '2000-01-01', NULL, '0', '301', '2010-05-21 07:27:01.0', '100', '2000-01-01',
        '2000-01-01', '2000-01-01', '2000-01-01', '2010-12-01', 
        NULL, NULL, NULL, NULL, NULL, NULL, NULL, '', '2010-05-21 07:27:01.0');
--  Data for phase_criteria
INSERT INTO phase_criteria (project_phase_id, phase_criteria_type_id, parameter, create_user, create_date, modify_user, modify_date)
VALUES ('611', '2', '0', '132456', '2010-05-21 07:26:30.0', '132456', '2010-05-21 07:26:30.0');
INSERT INTO phase_criteria (project_phase_id, phase_criteria_type_id, parameter, create_user, create_date, modify_user, modify_date)
VALUES ('611', '5', 'No', '132456', '2010-05-21 07:26:30.0', '132456', '2010-05-21 07:26:30.0');
INSERT INTO phase_criteria (project_phase_id, phase_criteria_type_id, parameter, create_user, create_date, modify_user, modify_date)
VALUES ('612', '3', '0', '132456', '2010-05-21 07:26:30.0', '132456', '2010-05-21 07:26:30.0');
INSERT INTO phase_criteria (project_phase_id, phase_criteria_type_id, parameter, create_user, create_date, modify_user, modify_date)
VALUES ('612', '5', 'No', '132456', '2010-05-21 07:26:30.0', '132456', '2010-05-21 07:26:30.0');
INSERT INTO phase_criteria (project_phase_id, phase_criteria_type_id, parameter, create_user, create_date, modify_user, modify_date)
VALUES ('613', '5', 'No', '132456', '2010-05-21 07:26:30.0', '132456', '2010-05-21 07:26:30.0');
INSERT INTO phase_criteria (project_phase_id, phase_criteria_type_id, parameter, create_user, create_date, modify_user, modify_date)
VALUES ('613', '1', '30000410', '132456', '2010-05-21 07:26:30.0', '132456', '2010-05-21 07:26:30.0');
INSERT INTO phase_criteria (project_phase_id, phase_criteria_type_id, parameter, create_user, create_date, modify_user, modify_date)
VALUES ('614', '5', 'No', '132456', '2010-05-21 07:26:30.0', '132456', '2010-05-21 07:26:30.0');
INSERT INTO phase_criteria (project_phase_id, phase_criteria_type_id, parameter, create_user, create_date, modify_user, modify_date)
VALUES ('614', '1', '30000411', '132456', '2010-05-21 07:26:30.0', '132456', '2010-05-21 07:26:30.0');
INSERT INTO phase_criteria (project_phase_id, phase_criteria_type_id, parameter, create_user, create_date, modify_user, modify_date)
VALUES ('614', '6', '3', '132456', '2010-05-21 07:26:30.0', '132456', '2010-05-21 07:26:30.0');
INSERT INTO phase_criteria (project_phase_id, phase_criteria_type_id, parameter, create_user, create_date, modify_user, modify_date)
VALUES ('615', '5', 'No', '132456', '2010-05-21 07:26:30.0', '132456', '2010-05-21 07:26:30.0');
INSERT INTO phase_criteria (project_phase_id, phase_criteria_type_id, parameter, create_user, create_date, modify_user, modify_date)
VALUES ('615', '4', 'No', '132456', '2010-05-21 07:26:30.0', '132456', '2010-05-21 07:26:30.0');
INSERT INTO phase_criteria (project_phase_id, phase_criteria_type_id, parameter, create_user, create_date, modify_user, modify_date)
VALUES ('616', '5', 'No', '132456', '2010-05-21 07:26:30.0', '132456', '2010-05-21 07:26:30.0');
INSERT INTO phase_criteria (project_phase_id, phase_criteria_type_id, parameter, create_user, create_date, modify_user, modify_date)
VALUES ('617', '5', 'No', '132456', '2010-05-21 07:26:30.0', '132456', '2010-05-21 07:26:30.0');
INSERT INTO phase_criteria (project_phase_id, phase_criteria_type_id, parameter, create_user, create_date, modify_user, modify_date)
VALUES ('618', '5', 'No', '132456', '2010-05-21 07:26:30.0', '132456', '2010-05-21 07:26:30.0');
INSERT INTO phase_criteria (project_phase_id, phase_criteria_type_id, parameter, create_user, create_date, modify_user, modify_date)
VALUES ('619', '5', 'No', '132456', '2010-05-21 07:26:30.0', '132456', '2010-05-21 07:26:30.0');
INSERT INTO phase_criteria (project_phase_id, phase_criteria_type_id, parameter, create_user, create_date, modify_user, modify_date)
VALUES ('620', '5', 'No', '132456', '2010-05-21 07:26:30.0', '132456', '2010-05-21 07:26:30.0');
--  Data for phase_dependency
INSERT INTO phase_dependency (dependency_phase_id, dependent_phase_id, dependency_start, dependent_start, lag_time, create_user, create_date, modify_user, modify_date)
VALUES ('611', '612', '1', '1', '0', '132456', '2010-05-21 07:26:30.0', '132456', '2010-05-21 07:26:30.0');
INSERT INTO phase_dependency (dependency_phase_id, dependent_phase_id, dependency_start, dependent_start, lag_time, create_user, create_date, modify_user, modify_date)
VALUES ('612', '613', '0', '1', '0', '132456', '2010-05-21 07:26:30.0', '132456', '2010-05-21 07:26:30.0');
INSERT INTO phase_dependency (dependency_phase_id, dependent_phase_id, dependency_start, dependent_start, lag_time, create_user, create_date, modify_user, modify_date)
VALUES ('613', '614', '0', '1', '0', '132456', '2010-05-21 07:26:30.0', '132456', '2010-05-21 07:26:30.0');
INSERT INTO phase_dependency (dependency_phase_id, dependent_phase_id, dependency_start, dependent_start, lag_time, create_user, create_date, modify_user, modify_date)
VALUES ('614', '615', '0', '1', '0', '132456', '2010-05-21 07:26:30.0', '132456', '2010-05-21 07:26:30.0');
INSERT INTO phase_dependency (dependency_phase_id, dependent_phase_id, dependency_start, dependent_start, lag_time, create_user, create_date, modify_user, modify_date)
VALUES ('615', '616', '0', '1', '0', '132456', '2010-05-21 07:26:30.0', '132456', '2010-05-21 07:26:30.0');
INSERT INTO phase_dependency (dependency_phase_id, dependent_phase_id, dependency_start, dependent_start, lag_time, create_user, create_date, modify_user, modify_date)
VALUES ('616', '617', '0', '1', '0', '132456', '2010-05-21 07:26:30.0', '132456', '2010-05-21 07:26:30.0');
INSERT INTO phase_dependency (dependency_phase_id, dependent_phase_id, dependency_start, dependent_start, lag_time, create_user, create_date, modify_user, modify_date)
VALUES ('617', '618', '0', '1', '0', '132456', '2010-05-21 07:26:30.0', '132456', '2010-05-21 07:26:30.0');
INSERT INTO phase_dependency (dependency_phase_id, dependent_phase_id, dependency_start, dependent_start, lag_time, create_user, create_date, modify_user, modify_date)
VALUES ('618', '619', '0', '1', '0', '132456', '2010-05-21 07:26:30.0', '132456', '2010-05-21 07:26:30.0');
INSERT INTO phase_dependency (dependency_phase_id, dependent_phase_id, dependency_start, dependent_start, lag_time, create_user, create_date, modify_user, modify_date)
VALUES ('619', '620', '0', '1', '0', '132456', '2010-05-21 07:26:30.0', '132456', '2010-05-21 07:26:30.0');
--  Data for resource
INSERT INTO resource (resource_id, resource_role_id, project_id, project_phase_id, create_user, create_date, modify_user, modify_date)
VALUES ('611', '13', '611', NULL, '132456', '2010-05-21 07:26:30.0', '132456', '2010-05-21 07:26:30.0');
--  Data for resource_info
INSERT INTO resource_info (resource_id, resource_info_type_id, value, create_user, create_date, modify_user, modify_date)
VALUES ('611', '1', '132456', '132456', '2010-05-21 07:26:30.0', '132456', '2010-05-21 07:26:30.0');
INSERT INTO resource_info (resource_id, resource_info_type_id, value, create_user, create_date, modify_user, modify_date)
VALUES ('611', '2', 'heffan', '132456', '2010-05-21 07:26:30.0', '132456', '2010-05-21 07:26:30.0');
--  Data for user_role
INSERT INTO user_role (user_role_id, comp_vers_id, role_id, login_id, description)
VALUES ('1224', '1223', '1', '132456', '');
--  Data for word_search
INSERT INTO word_search (word_search_id, document_id, index_word, nbr_occurrences)
VALUES ('1227', '1221', 'ever                                                                                                ', '2');
INSERT INTO word_search (word_search_id, document_id, index_word, nbr_occurrences)
VALUES ('1228', '1221', 'component                                                                                           ', '4');
INSERT INTO word_search (word_search_id, document_id, index_word, nbr_occurrences)
VALUES ('1229', '1221', 'coolest                                                                                             ', '2');
INSERT INTO word_search (word_search_id, document_id, index_word, nbr_occurrences)
VALUES ('1230', '1221', 'design                                                    ', '2');
--  Data for word_search_ctgy
INSERT INTO word_search_ctgy (word_srch_ctgy_id, category_id, document_id)
VALUES ('1226', 'DDECATALOG                                        ', '1221');
--  Data for word_search_doc
INSERT INTO word_search_doc (document_id)
VALUES ('1221');
-- Data for project
INSERT INTO project (project_id, project_status_id, project_category_id, create_user, create_date, modify_user, modify_date)
VALUES ('621', '2', '14', '132458', '2010-05-21 07:26:30.0', '132458', '2010-05-21 07:26:30.0');
--  Data for project_info
INSERT INTO project_info (project_id, project_info_type_id, value, create_user, create_date, modify_user, modify_date)
VALUES ('621', '1', '1243', '132458', '2010-05-21 07:26:30.0', '132458', '2010-05-21 07:26:30.0');
INSERT INTO project_info (project_id, project_info_type_id, value, create_user, create_date, modify_user, modify_date)
VALUES ('621', '2', '1241', '132458', '2010-05-21 07:26:30.0', '132458', '2010-05-21 07:26:30.0');
INSERT INTO project_info (project_id, project_info_type_id, value, create_user, create_date, modify_user, modify_date)
VALUES ('621', '3', '1', '132458', '2010-05-21 07:26:30.0', '132458', '2010-05-21 07:26:30.0');
INSERT INTO project_info (project_id, project_info_type_id, value, create_user, create_date, modify_user, modify_date)
VALUES ('621', '4', '0', '132458', '2010-05-21 07:26:30.0', '132458', '2010-05-21 07:26:30.0');
INSERT INTO project_info (project_id, project_info_type_id, value, create_user, create_date, modify_user, modify_date)
VALUES ('621', '5', '5801778', '132458', '2010-05-21 07:26:30.0', '132458', '2010-05-21 07:26:30.0');
INSERT INTO project_info (project_id, project_info_type_id, value, create_user, create_date, modify_user, modify_date)
VALUES ('621', '6', 'Component 63', '132458', '2010-05-21 07:26:30.0', '132458', '2010-05-21 07:26:30.0');
INSERT INTO project_info (project_id, project_info_type_id, value, create_user, create_date, modify_user, modify_date)
VALUES ('621', '7', '1.0                 ', '132458', '2010-05-21 07:26:30.0', '132458', '2010-05-21 07:26:30.0');
INSERT INTO project_info (project_id, project_info_type_id, value, create_user, create_date, modify_user, modify_date)
VALUES ('621', '9', 'Off', '132458', '2010-05-21 07:26:30.0', '132458', '2010-05-21 07:26:30.0');
INSERT INTO project_info (project_id, project_info_type_id, value, create_user, create_date, modify_user, modify_date)
VALUES ('621', '10', 'On', '132458', '2010-05-21 07:26:30.0', '132458', '2010-05-21 07:26:30.0');
INSERT INTO project_info (project_id, project_info_type_id, value, create_user, create_date, modify_user, modify_date)
VALUES ('621', '11', 'On', '132458', '2010-05-21 07:26:30.0', '132458', '2010-05-21 07:26:30.0');
INSERT INTO project_info (project_id, project_info_type_id, value, create_user, create_date, modify_user, modify_date)
VALUES ('621', '12', 'Yes', '132458', '2010-05-21 07:26:30.0', '132458', '2010-05-21 07:26:30.0');
INSERT INTO project_info (project_id, project_info_type_id, value, create_user, create_date, modify_user, modify_date)
VALUES ('621', '13', 'Yes', '132458', '2010-05-21 07:26:30.0', '132458', '2010-05-21 07:26:30.0');
INSERT INTO project_info (project_id, project_info_type_id, value, create_user, create_date, modify_user, modify_date)
VALUES ('621', '14', 'Open', '132458', '2010-05-21 07:26:30.0', '132458', '2010-05-21 07:26:30.0');
INSERT INTO project_info (project_id, project_info_type_id, value, create_user, create_date, modify_user, modify_date)
VALUES ('621', '16', '0.0', '132458', '2010-05-21 07:26:30.0', '132458', '2010-05-21 07:26:30.0');
INSERT INTO project_info (project_id, project_info_type_id, value, create_user, create_date, modify_user, modify_date)
VALUES ('621', '26', 'On', '132458', '2010-05-21 07:26:30.0', '132458', '2010-05-21 07:26:30.0');
INSERT INTO project_info (project_id, project_info_type_id, value, create_user, create_date, modify_user, modify_date)
VALUES ('621', '29', 'On', '132458', '2010-05-21 07:26:30.0', '132458', '2010-05-21 07:26:30.0');
INSERT INTO project_info (project_id, project_info_type_id, value, create_user, create_date, modify_user, modify_date)
VALUES ('621', '41', 'true', '132458', '2010-05-21 07:26:30.0', '132458', '2010-05-21 07:26:30.0');
INSERT INTO project_info (project_id, project_info_type_id, value, create_user, create_date, modify_user, modify_date)
VALUES ('621', '43', 'true', '132458', '2010-05-21 07:26:30.0', '132458', '2010-05-21 07:26:30.0');
--  Data for project_phase
INSERT INTO project_phase (project_phase_id, project_id, phase_type_id, phase_status_id, fixed_start_time, scheduled_start_time, scheduled_end_time, actual_start_time, actual_end_time, duration, create_user, create_date, modify_user, modify_date)
VALUES ('621', '621', '1', '1', '2010-05-27 09:00:00.0', '2010-05-27 09:00:00.0', '2010-06-01 09:00:00.0', NULL, NULL, '259200000', '132458', '2010-05-21 07:26:30.0', '132458', '2010-05-21 07:26:30.0');
INSERT INTO project_phase (project_phase_id, project_id, phase_type_id, phase_status_id, fixed_start_time, scheduled_start_time, scheduled_end_time, actual_start_time, actual_end_time, duration, create_user, create_date, modify_user, modify_date)
VALUES ('622', '621', '2', '1', '2010-05-27 09:00:00.0', '2010-05-27 09:00:00.0', '2010-06-07 09:00:00.0', NULL, NULL, '604800000', '132458', '2010-05-21 07:26:30.0', '132458', '2010-05-21 07:26:30.0');
INSERT INTO project_phase (project_phase_id, project_id, phase_type_id, phase_status_id, fixed_start_time, scheduled_start_time, scheduled_end_time, actual_start_time, actual_end_time, duration, create_user, create_date, modify_user, modify_date)
VALUES ('623', '621', '3', '1', '2010-06-07 09:00:00.0', '2010-06-07 09:00:00.0', '2010-06-08 09:00:00.0', NULL, NULL, '86400000', '132458', '2010-05-21 07:26:30.0', '132458', '2010-05-21 07:26:30.0');
INSERT INTO project_phase (project_phase_id, project_id, phase_type_id, phase_status_id, fixed_start_time, scheduled_start_time, scheduled_end_time, actual_start_time, actual_end_time, duration, create_user, create_date, modify_user, modify_date)
VALUES ('624', '621', '4', '1', '2010-06-08 09:00:00.0', '2010-06-08 09:00:00.0', '2010-06-14 09:00:00.0', NULL, NULL, '345600000', '132458', '2010-05-21 07:26:30.0', '132458', '2010-05-21 07:26:30.0');
INSERT INTO project_phase (project_phase_id, project_id, phase_type_id, phase_status_id, fixed_start_time, scheduled_start_time, scheduled_end_time, actual_start_time, actual_end_time, duration, create_user, create_date, modify_user, modify_date)
VALUES ('625', '621', '5', '1', '2010-06-14 09:00:00.0', '2010-06-14 09:00:00.0', '2010-06-15 09:00:00.0', NULL, NULL, '86400000', '132458', '2010-05-21 07:26:30.0', '132458', '2010-05-21 07:26:30.0');
INSERT INTO project_phase (project_phase_id, project_id, phase_type_id, phase_status_id, fixed_start_time, scheduled_start_time, scheduled_end_time, actual_start_time, actual_end_time, duration, create_user, create_date, modify_user, modify_date)
VALUES ('626', '621', '6', '1', '2010-06-15 09:00:00.0', '2010-06-15 09:00:00.0', '2010-06-16 09:00:00.0', NULL, NULL, '86400000', '132458', '2010-05-21 07:26:30.0', '132458', '2010-05-21 07:26:30.0');
INSERT INTO project_phase (project_phase_id, project_id, phase_type_id, phase_status_id, fixed_start_time, scheduled_start_time, scheduled_end_time, actual_start_time, actual_end_time, duration, create_user, create_date, modify_user, modify_date)
VALUES ('627', '621', '7', '1', '2010-06-16 09:00:00.0', '2010-06-16 09:00:00.0', '2010-06-16 21:00:00.0', NULL, NULL, '43200000', '132458', '2010-05-21 07:26:30.0', '132458', '2010-05-21 07:26:30.0');
INSERT INTO project_phase (project_phase_id, project_id, phase_type_id, phase_status_id, fixed_start_time, scheduled_start_time, scheduled_end_time, actual_start_time, actual_end_time, duration, create_user, create_date, modify_user, modify_date)
VALUES ('628', '621', '8', '1', '2010-06-16 21:00:00.0', '2010-06-16 21:00:00.0', '2010-06-17 09:00:00.0', NULL, NULL, '43200000', '132458', '2010-05-21 07:26:30.0', '132458', '2010-05-21 07:26:30.0');
INSERT INTO project_phase (project_phase_id, project_id, phase_type_id, phase_status_id, fixed_start_time, scheduled_start_time, scheduled_end_time, actual_start_time, actual_end_time, duration, create_user, create_date, modify_user, modify_date)
VALUES ('629', '621', '9', '1', '2010-06-17 09:00:00.0', '2010-06-17 09:00:00.0', '2010-06-22 09:00:00.0', NULL, NULL, '259200000', '132458', '2010-05-21 07:26:30.0', '132458', '2010-05-21 07:26:30.0');
INSERT INTO project_phase (project_phase_id, project_id, phase_type_id, phase_status_id, fixed_start_time, scheduled_start_time, scheduled_end_time, actual_start_time, actual_end_time, duration, create_user, create_date, modify_user, modify_date)
VALUES ('630', '621', '10', '1', '2010-06-22 09:00:00.0', '2010-06-22 09:00:00.0', '2010-06-23 09:00:00.0', NULL, NULL, '86400000', '132458', '2010-05-21 07:26:30.0', '132458', '2010-05-21 07:26:30.0');
--  Data for comp_catalog
INSERT INTO comp_catalog (component_id, current_version, short_desc, component_name, description, function_desc, create_time, status_id, root_category_id, modify_date, public_ind)
VALUES ('1241', '1', 'Coolest component ever', 'Component 63', 'Coolest component ever', 'Component', '2010-05-21 07:20:14.48', '102', '5801778', '2010-05-21 07:23:44.0', '0');
--  Data for comp_versions
INSERT INTO comp_versions (comp_vers_id, component_id, version, version_text, create_time, phase_id, phase_time, price, comments, modify_date,
                           suspended_ind)
VALUES ('1243', '1241', '1', '1.0                 ', '2010-05-21 07:20:14.48', '112', '1976-05-04 00:00:00.0', '1000.00', 'Cool', '2010-05-21 07:27:01.0', '0');
--  Data for comp_categories
INSERT INTO comp_categories (comp_categories_id, component_id, category_id)
VALUES ('1245', '1241', '11');
--  Data for comp_keywords
INSERT INTO comp_keywords (comp_keywords_id, component_id, keyword)
VALUES ('1251', '1241', 'assembly');
--  Data for comp_technology
INSERT INTO comp_technology (comp_tech_id, comp_vers_id, technology_type_id)
VALUES ('1252', '1243', '1');
--  Data for comp_documentation
INSERT INTO comp_documentation (document_id, comp_vers_id, document_type_id, document_name, url)
VALUES ('1253', '1243', '0', 'Requirements Specification', '1241/1243/MQTTBroker_Requirements_Specification.pdf');
--  Data for comp_jive_category_xref
INSERT INTO comp_jive_category_xref (comp_vers_id, jive_category_id)
VALUES ('1243', '0');
--  Data for comp_version_dates
INSERT INTO comp_version_dates (comp_version_dates_id, comp_vers_id, phase_id, posting_date, initial_submission_date, winner_announced_date, final_submission_date,
                                estimated_dev_date, price, total_submissions, status_id, create_time, level_id, screening_complete_date, review_complete_date,
                                aggregation_complete_date, phase_complete_date, production_date, aggregation_complete_date_comment, phase_complete_date_comment,
                                review_complete_date_comment, winner_announced_date_comment, initial_submission_date_comment, screening_complete_date_comment,
                                final_submission_date_comment, production_date_comment, modify_date)
VALUES ('1254', '1243', '112', '1976-05-05', '2000-01-01', '2000-01-01', 
        '2000-01-01', '2000-01-01', NULL, '0', '301', '2010-05-21 07:27:01.0', '100', '2000-01-01',
        '2000-01-01', '2000-01-01', '2000-01-01', '2010-12-01', 
        NULL, NULL, NULL, NULL, NULL, NULL, NULL, '', '2010-05-21 07:27:01.0');
--  Data for phase_criteria
INSERT INTO phase_criteria (project_phase_id, phase_criteria_type_id, parameter, create_user, create_date, modify_user, modify_date)
VALUES ('621', '2', '0', '132458', '2010-05-21 07:26:30.0', '132458', '2010-05-21 07:26:30.0');
INSERT INTO phase_criteria (project_phase_id, phase_criteria_type_id, parameter, create_user, create_date, modify_user, modify_date)
VALUES ('621', '5', 'No', '132458', '2010-05-21 07:26:30.0', '132458', '2010-05-21 07:26:30.0');
INSERT INTO phase_criteria (project_phase_id, phase_criteria_type_id, parameter, create_user, create_date, modify_user, modify_date)
VALUES ('622', '3', '0', '132458', '2010-05-21 07:26:30.0', '132458', '2010-05-21 07:26:30.0');
INSERT INTO phase_criteria (project_phase_id, phase_criteria_type_id, parameter, create_user, create_date, modify_user, modify_date)
VALUES ('622', '5', 'No', '132458', '2010-05-21 07:26:30.0', '132458', '2010-05-21 07:26:30.0');
INSERT INTO phase_criteria (project_phase_id, phase_criteria_type_id, parameter, create_user, create_date, modify_user, modify_date)
VALUES ('623', '5', 'No', '132458', '2010-05-21 07:26:30.0', '132458', '2010-05-21 07:26:30.0');
INSERT INTO phase_criteria (project_phase_id, phase_criteria_type_id, parameter, create_user, create_date, modify_user, modify_date)
VALUES ('623', '1', '30000410', '132458', '2010-05-21 07:26:30.0', '132458', '2010-05-21 07:26:30.0');
INSERT INTO phase_criteria (project_phase_id, phase_criteria_type_id, parameter, create_user, create_date, modify_user, modify_date)
VALUES ('624', '5', 'No', '132458', '2010-05-21 07:26:30.0', '132458', '2010-05-21 07:26:30.0');
INSERT INTO phase_criteria (project_phase_id, phase_criteria_type_id, parameter, create_user, create_date, modify_user, modify_date)
VALUES ('624', '1', '30000411', '132458', '2010-05-21 07:26:30.0', '132458', '2010-05-21 07:26:30.0');
INSERT INTO phase_criteria (project_phase_id, phase_criteria_type_id, parameter, create_user, create_date, modify_user, modify_date)
VALUES ('624', '6', '3', '132458', '2010-05-21 07:26:30.0', '132458', '2010-05-21 07:26:30.0');
INSERT INTO phase_criteria (project_phase_id, phase_criteria_type_id, parameter, create_user, create_date, modify_user, modify_date)
VALUES ('625', '5', 'No', '132458', '2010-05-21 07:26:30.0', '132458', '2010-05-21 07:26:30.0');
INSERT INTO phase_criteria (project_phase_id, phase_criteria_type_id, parameter, create_user, create_date, modify_user, modify_date)
VALUES ('625', '4', 'No', '132458', '2010-05-21 07:26:30.0', '132458', '2010-05-21 07:26:30.0');
INSERT INTO phase_criteria (project_phase_id, phase_criteria_type_id, parameter, create_user, create_date, modify_user, modify_date)
VALUES ('626', '5', 'No', '132458', '2010-05-21 07:26:30.0', '132458', '2010-05-21 07:26:30.0');
INSERT INTO phase_criteria (project_phase_id, phase_criteria_type_id, parameter, create_user, create_date, modify_user, modify_date)
VALUES ('627', '5', 'No', '132458', '2010-05-21 07:26:30.0', '132458', '2010-05-21 07:26:30.0');
INSERT INTO phase_criteria (project_phase_id, phase_criteria_type_id, parameter, create_user, create_date, modify_user, modify_date)
VALUES ('628', '5', 'No', '132458', '2010-05-21 07:26:30.0', '132458', '2010-05-21 07:26:30.0');
INSERT INTO phase_criteria (project_phase_id, phase_criteria_type_id, parameter, create_user, create_date, modify_user, modify_date)
VALUES ('629', '5', 'No', '132458', '2010-05-21 07:26:30.0', '132458', '2010-05-21 07:26:30.0');
INSERT INTO phase_criteria (project_phase_id, phase_criteria_type_id, parameter, create_user, create_date, modify_user, modify_date)
VALUES ('630', '5', 'No', '132458', '2010-05-21 07:26:30.0', '132458', '2010-05-21 07:26:30.0');
--  Data for phase_dependency
INSERT INTO phase_dependency (dependency_phase_id, dependent_phase_id, dependency_start, dependent_start, lag_time, create_user, create_date, modify_user, modify_date)
VALUES ('621', '622', '1', '1', '0', '132458', '2010-05-21 07:26:30.0', '132458', '2010-05-21 07:26:30.0');
INSERT INTO phase_dependency (dependency_phase_id, dependent_phase_id, dependency_start, dependent_start, lag_time, create_user, create_date, modify_user, modify_date)
VALUES ('622', '623', '0', '1', '0', '132458', '2010-05-21 07:26:30.0', '132458', '2010-05-21 07:26:30.0');
INSERT INTO phase_dependency (dependency_phase_id, dependent_phase_id, dependency_start, dependent_start, lag_time, create_user, create_date, modify_user, modify_date)
VALUES ('623', '624', '0', '1', '0', '132458', '2010-05-21 07:26:30.0', '132458', '2010-05-21 07:26:30.0');
INSERT INTO phase_dependency (dependency_phase_id, dependent_phase_id, dependency_start, dependent_start, lag_time, create_user, create_date, modify_user, modify_date)
VALUES ('624', '625', '0', '1', '0', '132458', '2010-05-21 07:26:30.0', '132458', '2010-05-21 07:26:30.0');
INSERT INTO phase_dependency (dependency_phase_id, dependent_phase_id, dependency_start, dependent_start, lag_time, create_user, create_date, modify_user, modify_date)
VALUES ('625', '626', '0', '1', '0', '132458', '2010-05-21 07:26:30.0', '132458', '2010-05-21 07:26:30.0');
INSERT INTO phase_dependency (dependency_phase_id, dependent_phase_id, dependency_start, dependent_start, lag_time, create_user, create_date, modify_user, modify_date)
VALUES ('626', '627', '0', '1', '0', '132458', '2010-05-21 07:26:30.0', '132458', '2010-05-21 07:26:30.0');
INSERT INTO phase_dependency (dependency_phase_id, dependent_phase_id, dependency_start, dependent_start, lag_time, create_user, create_date, modify_user, modify_date)
VALUES ('627', '628', '0', '1', '0', '132458', '2010-05-21 07:26:30.0', '132458', '2010-05-21 07:26:30.0');
INSERT INTO phase_dependency (dependency_phase_id, dependent_phase_id, dependency_start, dependent_start, lag_time, create_user, create_date, modify_user, modify_date)
VALUES ('628', '629', '0', '1', '0', '132458', '2010-05-21 07:26:30.0', '132458', '2010-05-21 07:26:30.0');
INSERT INTO phase_dependency (dependency_phase_id, dependent_phase_id, dependency_start, dependent_start, lag_time, create_user, create_date, modify_user, modify_date)
VALUES ('629', '630', '0', '1', '0', '132458', '2010-05-21 07:26:30.0', '132458', '2010-05-21 07:26:30.0');
--  Data for resource
INSERT INTO resource (resource_id, resource_role_id, project_id, project_phase_id, create_user, create_date, modify_user, modify_date)
VALUES ('621', '13', '621', NULL, '132458', '2010-05-21 07:26:30.0', '132458', '2010-05-21 07:26:30.0');
--  Data for resource_info
INSERT INTO resource_info (resource_id, resource_info_type_id, value, create_user, create_date, modify_user, modify_date)
VALUES ('621', '1', '132458', '132458', '2010-05-21 07:26:30.0', '132458', '2010-05-21 07:26:30.0');
INSERT INTO resource_info (resource_id, resource_info_type_id, value, create_user, create_date, modify_user, modify_date)
VALUES ('621', '2', 'user', '132458', '2010-05-21 07:26:30.0', '132458', '2010-05-21 07:26:30.0');
--  Data for user_role
INSERT INTO user_role (user_role_id, comp_vers_id, role_id, login_id, description)
VALUES ('1244', '1243', '1', '132458', '');
--  Data for word_search
INSERT INTO word_search (word_search_id, document_id, index_word, nbr_occurrences)
VALUES ('1247', '1241', 'ever                                                                                                ', '2');
INSERT INTO word_search (word_search_id, document_id, index_word, nbr_occurrences)
VALUES ('1248', '1241', 'component                                                                                           ', '4');
INSERT INTO word_search (word_search_id, document_id, index_word, nbr_occurrences)
VALUES ('1249', '1241', 'coolest                                                                                             ', '2');
INSERT INTO word_search (word_search_id, document_id, index_word, nbr_occurrences)
VALUES ('1250', '1241', 'assembly                                                    ', '2');
--  Data for word_search_ctgy
INSERT INTO word_search_ctgy (word_srch_ctgy_id, category_id, document_id)
VALUES ('1246', 'DDECATALOG                                        ', '1241');
--  Data for word_search_doc
INSERT INTO word_search_doc (document_id)
VALUES ('1241');
-- Data for project
INSERT INTO project (project_id, project_status_id, project_category_id, create_user, create_date, modify_user, modify_date)
VALUES ('631', '2', '7', '132458', '2010-05-21 07:26:30.0', '132458', '2010-05-21 07:26:30.0');
--  Data for project_info
INSERT INTO project_info (project_id, project_info_type_id, value, create_user, create_date, modify_user, modify_date)
VALUES ('631', '1', '1263', '132458', '2010-05-21 07:26:30.0', '132458', '2010-05-21 07:26:30.0');
INSERT INTO project_info (project_id, project_info_type_id, value, create_user, create_date, modify_user, modify_date)
VALUES ('631', '2', '1261', '132458', '2010-05-21 07:26:30.0', '132458', '2010-05-21 07:26:30.0');
INSERT INTO project_info (project_id, project_info_type_id, value, create_user, create_date, modify_user, modify_date)
VALUES ('631', '3', '1', '132458', '2010-05-21 07:26:30.0', '132458', '2010-05-21 07:26:30.0');
INSERT INTO project_info (project_id, project_info_type_id, value, create_user, create_date, modify_user, modify_date)
VALUES ('631', '4', '0', '132458', '2010-05-21 07:26:30.0', '132458', '2010-05-21 07:26:30.0');
INSERT INTO project_info (project_id, project_info_type_id, value, create_user, create_date, modify_user, modify_date)
VALUES ('631', '5', '5801776', '132458', '2010-05-21 07:26:30.0', '132458', '2010-05-21 07:26:30.0');
INSERT INTO project_info (project_id, project_info_type_id, value, create_user, create_date, modify_user, modify_date)
VALUES ('631', '6', 'Component 64', '132458', '2010-05-21 07:26:30.0', '132458', '2010-05-21 07:26:30.0');
INSERT INTO project_info (project_id, project_info_type_id, value, create_user, create_date, modify_user, modify_date)
VALUES ('631', '7', '1.0                 ', '132458', '2010-05-21 07:26:30.0', '132458', '2010-05-21 07:26:30.0');
INSERT INTO project_info (project_id, project_info_type_id, value, create_user, create_date, modify_user, modify_date)
VALUES ('631', '9', 'Off', '132458', '2010-05-21 07:26:30.0', '132458', '2010-05-21 07:26:30.0');
INSERT INTO project_info (project_id, project_info_type_id, value, create_user, create_date, modify_user, modify_date)
VALUES ('631', '10', 'On', '132458', '2010-05-21 07:26:30.0', '132458', '2010-05-21 07:26:30.0');
INSERT INTO project_info (project_id, project_info_type_id, value, create_user, create_date, modify_user, modify_date)
VALUES ('631', '11', 'On', '132458', '2010-05-21 07:26:30.0', '132458', '2010-05-21 07:26:30.0');
INSERT INTO project_info (project_id, project_info_type_id, value, create_user, create_date, modify_user, modify_date)
VALUES ('631', '12', 'Yes', '132458', '2010-05-21 07:26:30.0', '132458', '2010-05-21 07:26:30.0');
INSERT INTO project_info (project_id, project_info_type_id, value, create_user, create_date, modify_user, modify_date)
VALUES ('631', '13', 'Yes', '132458', '2010-05-21 07:26:30.0', '132458', '2010-05-21 07:26:30.0');
INSERT INTO project_info (project_id, project_info_type_id, value, create_user, create_date, modify_user, modify_date)
VALUES ('631', '14', 'Open', '132458', '2010-05-21 07:26:30.0', '132458', '2010-05-21 07:26:30.0');
INSERT INTO project_info (project_id, project_info_type_id, value, create_user, create_date, modify_user, modify_date)
VALUES ('631', '16', '0.0', '132458', '2010-05-21 07:26:30.0', '132458', '2010-05-21 07:26:30.0');
INSERT INTO project_info (project_id, project_info_type_id, value, create_user, create_date, modify_user, modify_date)
VALUES ('631', '26', 'On', '132458', '2010-05-21 07:26:30.0', '132458', '2010-05-21 07:26:30.0');
INSERT INTO project_info (project_id, project_info_type_id, value, create_user, create_date, modify_user, modify_date)
VALUES ('631', '29', 'On', '132458', '2010-05-21 07:26:30.0', '132458', '2010-05-21 07:26:30.0');
INSERT INTO project_info (project_id, project_info_type_id, value, create_user, create_date, modify_user, modify_date)
VALUES ('631', '41', 'true', '132458', '2010-05-21 07:26:30.0', '132458', '2010-05-21 07:26:30.0');
INSERT INTO project_info (project_id, project_info_type_id, value, create_user, create_date, modify_user, modify_date)
VALUES ('631', '43', 'true', '132458', '2010-05-21 07:26:30.0', '132458', '2010-05-21 07:26:30.0');
--  Data for project_phase
INSERT INTO project_phase (project_phase_id, project_id, phase_type_id, phase_status_id, fixed_start_time, scheduled_start_time, scheduled_end_time, actual_start_time, actual_end_time, duration, create_user, create_date, modify_user, modify_date)
VALUES ('631', '631', '1', '1', '2010-05-27 09:00:00.0', '2010-05-27 09:00:00.0', '2010-06-01 09:00:00.0', NULL, NULL, '259200000', '132458', '2010-05-21 07:26:30.0', '132458', '2010-05-21 07:26:30.0');
INSERT INTO project_phase (project_phase_id, project_id, phase_type_id, phase_status_id, fixed_start_time, scheduled_start_time, scheduled_end_time, actual_start_time, actual_end_time, duration, create_user, create_date, modify_user, modify_date)
VALUES ('632', '631', '2', '1', '2010-05-27 09:00:00.0', '2010-05-27 09:00:00.0', '2010-06-07 09:00:00.0', NULL, NULL, '604800000', '132458', '2010-05-21 07:26:30.0', '132458', '2010-05-21 07:26:30.0');
INSERT INTO project_phase (project_phase_id, project_id, phase_type_id, phase_status_id, fixed_start_time, scheduled_start_time, scheduled_end_time, actual_start_time, actual_end_time, duration, create_user, create_date, modify_user, modify_date)
VALUES ('633', '631', '3', '1', '2010-06-07 09:00:00.0', '2010-06-07 09:00:00.0', '2010-06-08 09:00:00.0', NULL, NULL, '86400000', '132458', '2010-05-21 07:26:30.0', '132458', '2010-05-21 07:26:30.0');
INSERT INTO project_phase (project_phase_id, project_id, phase_type_id, phase_status_id, fixed_start_time, scheduled_start_time, scheduled_end_time, actual_start_time, actual_end_time, duration, create_user, create_date, modify_user, modify_date)
VALUES ('634', '631', '4', '1', '2010-06-08 09:00:00.0', '2010-06-08 09:00:00.0', '2010-06-14 09:00:00.0', NULL, NULL, '345600000', '132458', '2010-05-21 07:26:30.0', '132458', '2010-05-21 07:26:30.0');
INSERT INTO project_phase (project_phase_id, project_id, phase_type_id, phase_status_id, fixed_start_time, scheduled_start_time, scheduled_end_time, actual_start_time, actual_end_time, duration, create_user, create_date, modify_user, modify_date)
VALUES ('635', '631', '5', '1', '2010-06-14 09:00:00.0', '2010-06-14 09:00:00.0', '2010-06-15 09:00:00.0', NULL, NULL, '86400000', '132458', '2010-05-21 07:26:30.0', '132458', '2010-05-21 07:26:30.0');
INSERT INTO project_phase (project_phase_id, project_id, phase_type_id, phase_status_id, fixed_start_time, scheduled_start_time, scheduled_end_time, actual_start_time, actual_end_time, duration, create_user, create_date, modify_user, modify_date)
VALUES ('636', '631', '6', '1', '2010-06-15 09:00:00.0', '2010-06-15 09:00:00.0', '2010-06-16 09:00:00.0', NULL, NULL, '86400000', '132458', '2010-05-21 07:26:30.0', '132458', '2010-05-21 07:26:30.0');
INSERT INTO project_phase (project_phase_id, project_id, phase_type_id, phase_status_id, fixed_start_time, scheduled_start_time, scheduled_end_time, actual_start_time, actual_end_time, duration, create_user, create_date, modify_user, modify_date)
VALUES ('637', '631', '7', '1', '2010-06-16 09:00:00.0', '2010-06-16 09:00:00.0', '2010-06-16 21:00:00.0', NULL, NULL, '43200000', '132458', '2010-05-21 07:26:30.0', '132458', '2010-05-21 07:26:30.0');
INSERT INTO project_phase (project_phase_id, project_id, phase_type_id, phase_status_id, fixed_start_time, scheduled_start_time, scheduled_end_time, actual_start_time, actual_end_time, duration, create_user, create_date, modify_user, modify_date)
VALUES ('638', '631', '8', '1', '2010-06-16 21:00:00.0', '2010-06-16 21:00:00.0', '2010-06-17 09:00:00.0', NULL, NULL, '43200000', '132458', '2010-05-21 07:26:30.0', '132458', '2010-05-21 07:26:30.0');
INSERT INTO project_phase (project_phase_id, project_id, phase_type_id, phase_status_id, fixed_start_time, scheduled_start_time, scheduled_end_time, actual_start_time, actual_end_time, duration, create_user, create_date, modify_user, modify_date)
VALUES ('639', '631', '9', '1', '2010-06-17 09:00:00.0', '2010-06-17 09:00:00.0', '2010-06-22 09:00:00.0', NULL, NULL, '259200000', '132458', '2010-05-21 07:26:30.0', '132458', '2010-05-21 07:26:30.0');
INSERT INTO project_phase (project_phase_id, project_id, phase_type_id, phase_status_id, fixed_start_time, scheduled_start_time, scheduled_end_time, actual_start_time, actual_end_time, duration, create_user, create_date, modify_user, modify_date)
VALUES ('640', '631', '10', '1', '2010-06-22 09:00:00.0', '2010-06-22 09:00:00.0', '2010-06-23 09:00:00.0', NULL, NULL, '86400000', '132458', '2010-05-21 07:26:30.0', '132458', '2010-05-21 07:26:30.0');
--  Data for comp_catalog
INSERT INTO comp_catalog (component_id, current_version, short_desc, component_name, description, function_desc, create_time, status_id, root_category_id, modify_date, public_ind)
VALUES ('1261', '1', 'Coolest component ever', 'Component 64', 'Coolest component ever', 'Component', '2010-05-21 07:20:14.48', '102', '5801776', '2010-05-21 07:23:44.0', '0');
--  Data for comp_versions
INSERT INTO comp_versions (comp_vers_id, component_id, version, version_text, create_time, phase_id, phase_time, price, comments, modify_date,
                           suspended_ind)
VALUES ('1263', '1261', '1', '1.0                 ', '2010-05-21 07:20:14.48', '112', '1976-05-04 00:00:00.0', '1000.00', 'Cool', '2010-05-21 07:27:01.0', '0');
--  Data for comp_categories
INSERT INTO comp_categories (comp_categories_id, component_id, category_id)
VALUES ('1265', '1261', '11');
--  Data for comp_keywords
INSERT INTO comp_keywords (comp_keywords_id, component_id, keyword)
VALUES ('1271', '1261', 'architecture');
--  Data for comp_technology
INSERT INTO comp_technology (comp_tech_id, comp_vers_id, technology_type_id)
VALUES ('1272', '1263', '1');
--  Data for comp_documentation
INSERT INTO comp_documentation (document_id, comp_vers_id, document_type_id, document_name, url)
VALUES ('1273', '1263', '0', 'Requirements Specification', '1261/1263/MQTTBroker_Requirements_Specification.pdf');
--  Data for comp_jive_category_xref
INSERT INTO comp_jive_category_xref (comp_vers_id, jive_category_id)
VALUES ('1263', '0');
--  Data for comp_version_dates
INSERT INTO comp_version_dates (comp_version_dates_id, comp_vers_id, phase_id, posting_date, initial_submission_date, winner_announced_date, final_submission_date,
                                estimated_dev_date, price, total_submissions, status_id, create_time, level_id, screening_complete_date, review_complete_date,
                                aggregation_complete_date, phase_complete_date, production_date, aggregation_complete_date_comment, phase_complete_date_comment,
                                review_complete_date_comment, winner_announced_date_comment, initial_submission_date_comment, screening_complete_date_comment,
                                final_submission_date_comment, production_date_comment, modify_date)
VALUES ('1274', '1263', '112', '1976-05-05', '2000-01-01', '2000-01-01', 
        '2000-01-01', '2000-01-01', NULL, '0', '301', '2010-05-21 07:27:01.0', '100', '2000-01-01',
        '2000-01-01', '2000-01-01', '2000-01-01', '2010-12-01', 
        NULL, NULL, NULL, NULL, NULL, NULL, NULL, '', '2010-05-21 07:27:01.0');
--  Data for phase_criteria
INSERT INTO phase_criteria (project_phase_id, phase_criteria_type_id, parameter, create_user, create_date, modify_user, modify_date)
VALUES ('631', '2', '0', '132458', '2010-05-21 07:26:30.0', '132458', '2010-05-21 07:26:30.0');
INSERT INTO phase_criteria (project_phase_id, phase_criteria_type_id, parameter, create_user, create_date, modify_user, modify_date)
VALUES ('631', '5', 'No', '132458', '2010-05-21 07:26:30.0', '132458', '2010-05-21 07:26:30.0');
INSERT INTO phase_criteria (project_phase_id, phase_criteria_type_id, parameter, create_user, create_date, modify_user, modify_date)
VALUES ('632', '3', '0', '132458', '2010-05-21 07:26:30.0', '132458', '2010-05-21 07:26:30.0');
INSERT INTO phase_criteria (project_phase_id, phase_criteria_type_id, parameter, create_user, create_date, modify_user, modify_date)
VALUES ('632', '5', 'No', '132458', '2010-05-21 07:26:30.0', '132458', '2010-05-21 07:26:30.0');
INSERT INTO phase_criteria (project_phase_id, phase_criteria_type_id, parameter, create_user, create_date, modify_user, modify_date)
VALUES ('633', '5', 'No', '132458', '2010-05-21 07:26:30.0', '132458', '2010-05-21 07:26:30.0');
INSERT INTO phase_criteria (project_phase_id, phase_criteria_type_id, parameter, create_user, create_date, modify_user, modify_date)
VALUES ('633', '1', '30000410', '132458', '2010-05-21 07:26:30.0', '132458', '2010-05-21 07:26:30.0');
INSERT INTO phase_criteria (project_phase_id, phase_criteria_type_id, parameter, create_user, create_date, modify_user, modify_date)
VALUES ('634', '5', 'No', '132458', '2010-05-21 07:26:30.0', '132458', '2010-05-21 07:26:30.0');
INSERT INTO phase_criteria (project_phase_id, phase_criteria_type_id, parameter, create_user, create_date, modify_user, modify_date)
VALUES ('634', '1', '30000411', '132458', '2010-05-21 07:26:30.0', '132458', '2010-05-21 07:26:30.0');
INSERT INTO phase_criteria (project_phase_id, phase_criteria_type_id, parameter, create_user, create_date, modify_user, modify_date)
VALUES ('634', '6', '3', '132458', '2010-05-21 07:26:30.0', '132458', '2010-05-21 07:26:30.0');
INSERT INTO phase_criteria (project_phase_id, phase_criteria_type_id, parameter, create_user, create_date, modify_user, modify_date)
VALUES ('635', '5', 'No', '132458', '2010-05-21 07:26:30.0', '132458', '2010-05-21 07:26:30.0');
INSERT INTO phase_criteria (project_phase_id, phase_criteria_type_id, parameter, create_user, create_date, modify_user, modify_date)
VALUES ('635', '4', 'No', '132458', '2010-05-21 07:26:30.0', '132458', '2010-05-21 07:26:30.0');
INSERT INTO phase_criteria (project_phase_id, phase_criteria_type_id, parameter, create_user, create_date, modify_user, modify_date)
VALUES ('636', '5', 'No', '132458', '2010-05-21 07:26:30.0', '132458', '2010-05-21 07:26:30.0');
INSERT INTO phase_criteria (project_phase_id, phase_criteria_type_id, parameter, create_user, create_date, modify_user, modify_date)
VALUES ('637', '5', 'No', '132458', '2010-05-21 07:26:30.0', '132458', '2010-05-21 07:26:30.0');
INSERT INTO phase_criteria (project_phase_id, phase_criteria_type_id, parameter, create_user, create_date, modify_user, modify_date)
VALUES ('638', '5', 'No', '132458', '2010-05-21 07:26:30.0', '132458', '2010-05-21 07:26:30.0');
INSERT INTO phase_criteria (project_phase_id, phase_criteria_type_id, parameter, create_user, create_date, modify_user, modify_date)
VALUES ('639', '5', 'No', '132458', '2010-05-21 07:26:30.0', '132458', '2010-05-21 07:26:30.0');
INSERT INTO phase_criteria (project_phase_id, phase_criteria_type_id, parameter, create_user, create_date, modify_user, modify_date)
VALUES ('640', '5', 'No', '132458', '2010-05-21 07:26:30.0', '132458', '2010-05-21 07:26:30.0');
--  Data for phase_dependency
INSERT INTO phase_dependency (dependency_phase_id, dependent_phase_id, dependency_start, dependent_start, lag_time, create_user, create_date, modify_user, modify_date)
VALUES ('631', '632', '1', '1', '0', '132458', '2010-05-21 07:26:30.0', '132458', '2010-05-21 07:26:30.0');
INSERT INTO phase_dependency (dependency_phase_id, dependent_phase_id, dependency_start, dependent_start, lag_time, create_user, create_date, modify_user, modify_date)
VALUES ('632', '633', '0', '1', '0', '132458', '2010-05-21 07:26:30.0', '132458', '2010-05-21 07:26:30.0');
INSERT INTO phase_dependency (dependency_phase_id, dependent_phase_id, dependency_start, dependent_start, lag_time, create_user, create_date, modify_user, modify_date)
VALUES ('633', '634', '0', '1', '0', '132458', '2010-05-21 07:26:30.0', '132458', '2010-05-21 07:26:30.0');
INSERT INTO phase_dependency (dependency_phase_id, dependent_phase_id, dependency_start, dependent_start, lag_time, create_user, create_date, modify_user, modify_date)
VALUES ('634', '635', '0', '1', '0', '132458', '2010-05-21 07:26:30.0', '132458', '2010-05-21 07:26:30.0');
INSERT INTO phase_dependency (dependency_phase_id, dependent_phase_id, dependency_start, dependent_start, lag_time, create_user, create_date, modify_user, modify_date)
VALUES ('635', '636', '0', '1', '0', '132458', '2010-05-21 07:26:30.0', '132458', '2010-05-21 07:26:30.0');
INSERT INTO phase_dependency (dependency_phase_id, dependent_phase_id, dependency_start, dependent_start, lag_time, create_user, create_date, modify_user, modify_date)
VALUES ('636', '637', '0', '1', '0', '132458', '2010-05-21 07:26:30.0', '132458', '2010-05-21 07:26:30.0');
INSERT INTO phase_dependency (dependency_phase_id, dependent_phase_id, dependency_start, dependent_start, lag_time, create_user, create_date, modify_user, modify_date)
VALUES ('637', '638', '0', '1', '0', '132458', '2010-05-21 07:26:30.0', '132458', '2010-05-21 07:26:30.0');
INSERT INTO phase_dependency (dependency_phase_id, dependent_phase_id, dependency_start, dependent_start, lag_time, create_user, create_date, modify_user, modify_date)
VALUES ('638', '639', '0', '1', '0', '132458', '2010-05-21 07:26:30.0', '132458', '2010-05-21 07:26:30.0');
INSERT INTO phase_dependency (dependency_phase_id, dependent_phase_id, dependency_start, dependent_start, lag_time, create_user, create_date, modify_user, modify_date)
VALUES ('639', '640', '0', '1', '0', '132458', '2010-05-21 07:26:30.0', '132458', '2010-05-21 07:26:30.0');
--  Data for resource
INSERT INTO resource (resource_id, resource_role_id, project_id, project_phase_id, create_user, create_date, modify_user, modify_date)
VALUES ('631', '13', '631', NULL, '132458', '2010-05-21 07:26:30.0', '132458', '2010-05-21 07:26:30.0');
--  Data for resource_info
INSERT INTO resource_info (resource_id, resource_info_type_id, value, create_user, create_date, modify_user, modify_date)
VALUES ('631', '1', '132458', '132458', '2010-05-21 07:26:30.0', '132458', '2010-05-21 07:26:30.0');
INSERT INTO resource_info (resource_id, resource_info_type_id, value, create_user, create_date, modify_user, modify_date)
VALUES ('631', '2', 'user', '132458', '2010-05-21 07:26:30.0', '132458', '2010-05-21 07:26:30.0');
--  Data for user_role
INSERT INTO user_role (user_role_id, comp_vers_id, role_id, login_id, description)
VALUES ('1264', '1263', '1', '132458', '');
--  Data for word_search
INSERT INTO word_search (word_search_id, document_id, index_word, nbr_occurrences)
VALUES ('1267', '1261', 'ever                                                                                                ', '2');
INSERT INTO word_search (word_search_id, document_id, index_word, nbr_occurrences)
VALUES ('1268', '1261', 'component                                                                                           ', '4');
INSERT INTO word_search (word_search_id, document_id, index_word, nbr_occurrences)
VALUES ('1269', '1261', 'coolest                                                                                             ', '2');
INSERT INTO word_search (word_search_id, document_id, index_word, nbr_occurrences)
VALUES ('1270', '1261', 'architecture                                                    ', '2');
--  Data for word_search_ctgy
INSERT INTO word_search_ctgy (word_srch_ctgy_id, category_id, document_id)
VALUES ('1266', 'DDECATALOG                                        ', '1261');
--  Data for word_search_doc
INSERT INTO word_search_doc (document_id)
VALUES ('1261');
-- Data for project
INSERT INTO project (project_id, project_status_id, project_category_id, create_user, create_date, modify_user, modify_date)
VALUES ('641', '2', '1', '132457', '2010-05-21 07:26:30.0', '132457', '2010-05-21 07:26:30.0');
--  Data for project_info
INSERT INTO project_info (project_id, project_info_type_id, value, create_user, create_date, modify_user, modify_date)
VALUES ('641', '1', '1283', '132457', '2010-05-21 07:26:30.0', '132457', '2010-05-21 07:26:30.0');
INSERT INTO project_info (project_id, project_info_type_id, value, create_user, create_date, modify_user, modify_date)
VALUES ('641', '2', '1281', '132457', '2010-05-21 07:26:30.0', '132457', '2010-05-21 07:26:30.0');
INSERT INTO project_info (project_id, project_info_type_id, value, create_user, create_date, modify_user, modify_date)
VALUES ('641', '3', '1', '132457', '2010-05-21 07:26:30.0', '132457', '2010-05-21 07:26:30.0');
INSERT INTO project_info (project_id, project_info_type_id, value, create_user, create_date, modify_user, modify_date)
VALUES ('641', '4', '0', '132457', '2010-05-21 07:26:30.0', '132457', '2010-05-21 07:26:30.0');
INSERT INTO project_info (project_id, project_info_type_id, value, create_user, create_date, modify_user, modify_date)
VALUES ('641', '5', '5801777', '132457', '2010-05-21 07:26:30.0', '132457', '2010-05-21 07:26:30.0');
INSERT INTO project_info (project_id, project_info_type_id, value, create_user, create_date, modify_user, modify_date)
VALUES ('641', '6', 'Component 65', '132457', '2010-05-21 07:26:30.0', '132457', '2010-05-21 07:26:30.0');
INSERT INTO project_info (project_id, project_info_type_id, value, create_user, create_date, modify_user, modify_date)
VALUES ('641', '7', '1.0                 ', '132457', '2010-05-21 07:26:30.0', '132457', '2010-05-21 07:26:30.0');
INSERT INTO project_info (project_id, project_info_type_id, value, create_user, create_date, modify_user, modify_date)
VALUES ('641', '9', 'Off', '132457', '2010-05-21 07:26:30.0', '132457', '2010-05-21 07:26:30.0');
INSERT INTO project_info (project_id, project_info_type_id, value, create_user, create_date, modify_user, modify_date)
VALUES ('641', '10', 'On', '132457', '2010-05-21 07:26:30.0', '132457', '2010-05-21 07:26:30.0');
INSERT INTO project_info (project_id, project_info_type_id, value, create_user, create_date, modify_user, modify_date)
VALUES ('641', '11', 'On', '132457', '2010-05-21 07:26:30.0', '132457', '2010-05-21 07:26:30.0');
INSERT INTO project_info (project_id, project_info_type_id, value, create_user, create_date, modify_user, modify_date)
VALUES ('641', '12', 'Yes', '132457', '2010-05-21 07:26:30.0', '132457', '2010-05-21 07:26:30.0');
INSERT INTO project_info (project_id, project_info_type_id, value, create_user, create_date, modify_user, modify_date)
VALUES ('641', '13', 'Yes', '132457', '2010-05-21 07:26:30.0', '132457', '2010-05-21 07:26:30.0');
INSERT INTO project_info (project_id, project_info_type_id, value, create_user, create_date, modify_user, modify_date)
VALUES ('641', '14', 'Open', '132457', '2010-05-21 07:26:30.0', '132457', '2010-05-21 07:26:30.0');
INSERT INTO project_info (project_id, project_info_type_id, value, create_user, create_date, modify_user, modify_date)
VALUES ('641', '16', '0.0', '132457', '2010-05-21 07:26:30.0', '132457', '2010-05-21 07:26:30.0');
INSERT INTO project_info (project_id, project_info_type_id, value, create_user, create_date, modify_user, modify_date)
VALUES ('641', '26', 'On', '132457', '2010-05-21 07:26:30.0', '132457', '2010-05-21 07:26:30.0');
INSERT INTO project_info (project_id, project_info_type_id, value, create_user, create_date, modify_user, modify_date)
VALUES ('641', '29', 'On', '132457', '2010-05-21 07:26:30.0', '132457', '2010-05-21 07:26:30.0');
INSERT INTO project_info (project_id, project_info_type_id, value, create_user, create_date, modify_user, modify_date)
VALUES ('641', '41', 'true', '132457', '2010-05-21 07:26:30.0', '132457', '2010-05-21 07:26:30.0');
INSERT INTO project_info (project_id, project_info_type_id, value, create_user, create_date, modify_user, modify_date)
VALUES ('641', '43', 'true', '132457', '2010-05-21 07:26:30.0', '132457', '2010-05-21 07:26:30.0');
--  Data for project_phase
INSERT INTO project_phase (project_phase_id, project_id, phase_type_id, phase_status_id, fixed_start_time, scheduled_start_time, scheduled_end_time, actual_start_time, actual_end_time, duration, create_user, create_date, modify_user, modify_date)
VALUES ('641', '641', '1', '1', '2010-05-27 09:00:00.0', '2010-05-27 09:00:00.0', '2010-06-01 09:00:00.0', NULL, NULL, '259200000', '132457', '2010-05-21 07:26:30.0', '132457', '2010-05-21 07:26:30.0');
INSERT INTO project_phase (project_phase_id, project_id, phase_type_id, phase_status_id, fixed_start_time, scheduled_start_time, scheduled_end_time, actual_start_time, actual_end_time, duration, create_user, create_date, modify_user, modify_date)
VALUES ('642', '641', '2', '1', '2010-05-27 09:00:00.0', '2010-05-27 09:00:00.0', '2010-06-07 09:00:00.0', NULL, NULL, '604800000', '132457', '2010-05-21 07:26:30.0', '132457', '2010-05-21 07:26:30.0');
INSERT INTO project_phase (project_phase_id, project_id, phase_type_id, phase_status_id, fixed_start_time, scheduled_start_time, scheduled_end_time, actual_start_time, actual_end_time, duration, create_user, create_date, modify_user, modify_date)
VALUES ('643', '641', '3', '1', '2010-06-07 09:00:00.0', '2010-06-07 09:00:00.0', '2010-06-08 09:00:00.0', NULL, NULL, '86400000', '132457', '2010-05-21 07:26:30.0', '132457', '2010-05-21 07:26:30.0');
INSERT INTO project_phase (project_phase_id, project_id, phase_type_id, phase_status_id, fixed_start_time, scheduled_start_time, scheduled_end_time, actual_start_time, actual_end_time, duration, create_user, create_date, modify_user, modify_date)
VALUES ('644', '641', '4', '1', '2010-06-08 09:00:00.0', '2010-06-08 09:00:00.0', '2010-06-14 09:00:00.0', NULL, NULL, '345600000', '132457', '2010-05-21 07:26:30.0', '132457', '2010-05-21 07:26:30.0');
INSERT INTO project_phase (project_phase_id, project_id, phase_type_id, phase_status_id, fixed_start_time, scheduled_start_time, scheduled_end_time, actual_start_time, actual_end_time, duration, create_user, create_date, modify_user, modify_date)
VALUES ('645', '641', '5', '1', '2010-06-14 09:00:00.0', '2010-06-14 09:00:00.0', '2010-06-15 09:00:00.0', NULL, NULL, '86400000', '132457', '2010-05-21 07:26:30.0', '132457', '2010-05-21 07:26:30.0');
INSERT INTO project_phase (project_phase_id, project_id, phase_type_id, phase_status_id, fixed_start_time, scheduled_start_time, scheduled_end_time, actual_start_time, actual_end_time, duration, create_user, create_date, modify_user, modify_date)
VALUES ('646', '641', '6', '1', '2010-06-15 09:00:00.0', '2010-06-15 09:00:00.0', '2010-06-16 09:00:00.0', NULL, NULL, '86400000', '132457', '2010-05-21 07:26:30.0', '132457', '2010-05-21 07:26:30.0');
INSERT INTO project_phase (project_phase_id, project_id, phase_type_id, phase_status_id, fixed_start_time, scheduled_start_time, scheduled_end_time, actual_start_time, actual_end_time, duration, create_user, create_date, modify_user, modify_date)
VALUES ('647', '641', '7', '1', '2010-06-16 09:00:00.0', '2010-06-16 09:00:00.0', '2010-06-16 21:00:00.0', NULL, NULL, '43200000', '132457', '2010-05-21 07:26:30.0', '132457', '2010-05-21 07:26:30.0');
INSERT INTO project_phase (project_phase_id, project_id, phase_type_id, phase_status_id, fixed_start_time, scheduled_start_time, scheduled_end_time, actual_start_time, actual_end_time, duration, create_user, create_date, modify_user, modify_date)
VALUES ('648', '641', '8', '1', '2010-06-16 21:00:00.0', '2010-06-16 21:00:00.0', '2010-06-17 09:00:00.0', NULL, NULL, '43200000', '132457', '2010-05-21 07:26:30.0', '132457', '2010-05-21 07:26:30.0');
INSERT INTO project_phase (project_phase_id, project_id, phase_type_id, phase_status_id, fixed_start_time, scheduled_start_time, scheduled_end_time, actual_start_time, actual_end_time, duration, create_user, create_date, modify_user, modify_date)
VALUES ('649', '641', '9', '1', '2010-06-17 09:00:00.0', '2010-06-17 09:00:00.0', '2010-06-22 09:00:00.0', NULL, NULL, '259200000', '132457', '2010-05-21 07:26:30.0', '132457', '2010-05-21 07:26:30.0');
INSERT INTO project_phase (project_phase_id, project_id, phase_type_id, phase_status_id, fixed_start_time, scheduled_start_time, scheduled_end_time, actual_start_time, actual_end_time, duration, create_user, create_date, modify_user, modify_date)
VALUES ('650', '641', '10', '1', '2010-06-22 09:00:00.0', '2010-06-22 09:00:00.0', '2010-06-23 09:00:00.0', NULL, NULL, '86400000', '132457', '2010-05-21 07:26:30.0', '132457', '2010-05-21 07:26:30.0');
--  Data for comp_catalog
INSERT INTO comp_catalog (component_id, current_version, short_desc, component_name, description, function_desc, create_time, status_id, root_category_id, modify_date, public_ind)
VALUES ('1281', '1', 'Coolest component ever', 'Component 65', 'Coolest component ever', 'Component', '2010-05-21 07:20:14.48', '102', '5801777', '2010-05-21 07:23:44.0', '0');
--  Data for comp_versions
INSERT INTO comp_versions (comp_vers_id, component_id, version, version_text, create_time, phase_id, phase_time, price, comments, modify_date,
                           suspended_ind)
VALUES ('1283', '1281', '1', '1.0                 ', '2010-05-21 07:20:14.48', '112', '1976-05-04 00:00:00.0', '1000.00', 'Cool', '2010-05-21 07:27:01.0', '0');
--  Data for comp_categories
INSERT INTO comp_categories (comp_categories_id, component_id, category_id)
VALUES ('1285', '1281', '11');
--  Data for comp_keywords
INSERT INTO comp_keywords (comp_keywords_id, component_id, keyword)
VALUES ('1291', '1281', 'design');
--  Data for comp_technology
INSERT INTO comp_technology (comp_tech_id, comp_vers_id, technology_type_id)
VALUES ('1292', '1283', '1');
--  Data for comp_documentation
INSERT INTO comp_documentation (document_id, comp_vers_id, document_type_id, document_name, url)
VALUES ('1293', '1283', '0', 'Requirements Specification', '1281/1283/MQTTBroker_Requirements_Specification.pdf');
--  Data for comp_jive_category_xref
INSERT INTO comp_jive_category_xref (comp_vers_id, jive_category_id)
VALUES ('1283', '0');
--  Data for comp_version_dates
INSERT INTO comp_version_dates (comp_version_dates_id, comp_vers_id, phase_id, posting_date, initial_submission_date, winner_announced_date, final_submission_date,
                                estimated_dev_date, price, total_submissions, status_id, create_time, level_id, screening_complete_date, review_complete_date,
                                aggregation_complete_date, phase_complete_date, production_date, aggregation_complete_date_comment, phase_complete_date_comment,
                                review_complete_date_comment, winner_announced_date_comment, initial_submission_date_comment, screening_complete_date_comment,
                                final_submission_date_comment, production_date_comment, modify_date)
VALUES ('1294', '1283', '112', '1976-05-05', '2000-01-01', '2000-01-01', 
        '2000-01-01', '2000-01-01', NULL, '0', '301', '2010-05-21 07:27:01.0', '100', '2000-01-01',
        '2000-01-01', '2000-01-01', '2000-01-01', '2010-12-01', 
        NULL, NULL, NULL, NULL, NULL, NULL, NULL, '', '2010-05-21 07:27:01.0');
--  Data for phase_criteria
INSERT INTO phase_criteria (project_phase_id, phase_criteria_type_id, parameter, create_user, create_date, modify_user, modify_date)
VALUES ('641', '2', '0', '132457', '2010-05-21 07:26:30.0', '132457', '2010-05-21 07:26:30.0');
INSERT INTO phase_criteria (project_phase_id, phase_criteria_type_id, parameter, create_user, create_date, modify_user, modify_date)
VALUES ('641', '5', 'No', '132457', '2010-05-21 07:26:30.0', '132457', '2010-05-21 07:26:30.0');
INSERT INTO phase_criteria (project_phase_id, phase_criteria_type_id, parameter, create_user, create_date, modify_user, modify_date)
VALUES ('642', '3', '0', '132457', '2010-05-21 07:26:30.0', '132457', '2010-05-21 07:26:30.0');
INSERT INTO phase_criteria (project_phase_id, phase_criteria_type_id, parameter, create_user, create_date, modify_user, modify_date)
VALUES ('642', '5', 'No', '132457', '2010-05-21 07:26:30.0', '132457', '2010-05-21 07:26:30.0');
INSERT INTO phase_criteria (project_phase_id, phase_criteria_type_id, parameter, create_user, create_date, modify_user, modify_date)
VALUES ('643', '5', 'No', '132457', '2010-05-21 07:26:30.0', '132457', '2010-05-21 07:26:30.0');
INSERT INTO phase_criteria (project_phase_id, phase_criteria_type_id, parameter, create_user, create_date, modify_user, modify_date)
VALUES ('643', '1', '30000410', '132457', '2010-05-21 07:26:30.0', '132457', '2010-05-21 07:26:30.0');
INSERT INTO phase_criteria (project_phase_id, phase_criteria_type_id, parameter, create_user, create_date, modify_user, modify_date)
VALUES ('644', '5', 'No', '132457', '2010-05-21 07:26:30.0', '132457', '2010-05-21 07:26:30.0');
INSERT INTO phase_criteria (project_phase_id, phase_criteria_type_id, parameter, create_user, create_date, modify_user, modify_date)
VALUES ('644', '1', '30000411', '132457', '2010-05-21 07:26:30.0', '132457', '2010-05-21 07:26:30.0');
INSERT INTO phase_criteria (project_phase_id, phase_criteria_type_id, parameter, create_user, create_date, modify_user, modify_date)
VALUES ('644', '6', '3', '132457', '2010-05-21 07:26:30.0', '132457', '2010-05-21 07:26:30.0');
INSERT INTO phase_criteria (project_phase_id, phase_criteria_type_id, parameter, create_user, create_date, modify_user, modify_date)
VALUES ('645', '5', 'No', '132457', '2010-05-21 07:26:30.0', '132457', '2010-05-21 07:26:30.0');
INSERT INTO phase_criteria (project_phase_id, phase_criteria_type_id, parameter, create_user, create_date, modify_user, modify_date)
VALUES ('645', '4', 'No', '132457', '2010-05-21 07:26:30.0', '132457', '2010-05-21 07:26:30.0');
INSERT INTO phase_criteria (project_phase_id, phase_criteria_type_id, parameter, create_user, create_date, modify_user, modify_date)
VALUES ('646', '5', 'No', '132457', '2010-05-21 07:26:30.0', '132457', '2010-05-21 07:26:30.0');
INSERT INTO phase_criteria (project_phase_id, phase_criteria_type_id, parameter, create_user, create_date, modify_user, modify_date)
VALUES ('647', '5', 'No', '132457', '2010-05-21 07:26:30.0', '132457', '2010-05-21 07:26:30.0');
INSERT INTO phase_criteria (project_phase_id, phase_criteria_type_id, parameter, create_user, create_date, modify_user, modify_date)
VALUES ('648', '5', 'No', '132457', '2010-05-21 07:26:30.0', '132457', '2010-05-21 07:26:30.0');
INSERT INTO phase_criteria (project_phase_id, phase_criteria_type_id, parameter, create_user, create_date, modify_user, modify_date)
VALUES ('649', '5', 'No', '132457', '2010-05-21 07:26:30.0', '132457', '2010-05-21 07:26:30.0');
INSERT INTO phase_criteria (project_phase_id, phase_criteria_type_id, parameter, create_user, create_date, modify_user, modify_date)
VALUES ('650', '5', 'No', '132457', '2010-05-21 07:26:30.0', '132457', '2010-05-21 07:26:30.0');
--  Data for phase_dependency
INSERT INTO phase_dependency (dependency_phase_id, dependent_phase_id, dependency_start, dependent_start, lag_time, create_user, create_date, modify_user, modify_date)
VALUES ('641', '642', '1', '1', '0', '132457', '2010-05-21 07:26:30.0', '132457', '2010-05-21 07:26:30.0');
INSERT INTO phase_dependency (dependency_phase_id, dependent_phase_id, dependency_start, dependent_start, lag_time, create_user, create_date, modify_user, modify_date)
VALUES ('642', '643', '0', '1', '0', '132457', '2010-05-21 07:26:30.0', '132457', '2010-05-21 07:26:30.0');
INSERT INTO phase_dependency (dependency_phase_id, dependent_phase_id, dependency_start, dependent_start, lag_time, create_user, create_date, modify_user, modify_date)
VALUES ('643', '644', '0', '1', '0', '132457', '2010-05-21 07:26:30.0', '132457', '2010-05-21 07:26:30.0');
INSERT INTO phase_dependency (dependency_phase_id, dependent_phase_id, dependency_start, dependent_start, lag_time, create_user, create_date, modify_user, modify_date)
VALUES ('644', '645', '0', '1', '0', '132457', '2010-05-21 07:26:30.0', '132457', '2010-05-21 07:26:30.0');
INSERT INTO phase_dependency (dependency_phase_id, dependent_phase_id, dependency_start, dependent_start, lag_time, create_user, create_date, modify_user, modify_date)
VALUES ('645', '646', '0', '1', '0', '132457', '2010-05-21 07:26:30.0', '132457', '2010-05-21 07:26:30.0');
INSERT INTO phase_dependency (dependency_phase_id, dependent_phase_id, dependency_start, dependent_start, lag_time, create_user, create_date, modify_user, modify_date)
VALUES ('646', '647', '0', '1', '0', '132457', '2010-05-21 07:26:30.0', '132457', '2010-05-21 07:26:30.0');
INSERT INTO phase_dependency (dependency_phase_id, dependent_phase_id, dependency_start, dependent_start, lag_time, create_user, create_date, modify_user, modify_date)
VALUES ('647', '648', '0', '1', '0', '132457', '2010-05-21 07:26:30.0', '132457', '2010-05-21 07:26:30.0');
INSERT INTO phase_dependency (dependency_phase_id, dependent_phase_id, dependency_start, dependent_start, lag_time, create_user, create_date, modify_user, modify_date)
VALUES ('648', '649', '0', '1', '0', '132457', '2010-05-21 07:26:30.0', '132457', '2010-05-21 07:26:30.0');
INSERT INTO phase_dependency (dependency_phase_id, dependent_phase_id, dependency_start, dependent_start, lag_time, create_user, create_date, modify_user, modify_date)
VALUES ('649', '650', '0', '1', '0', '132457', '2010-05-21 07:26:30.0', '132457', '2010-05-21 07:26:30.0');
--  Data for resource
INSERT INTO resource (resource_id, resource_role_id, project_id, project_phase_id, create_user, create_date, modify_user, modify_date)
VALUES ('641', '13', '641', NULL, '132457', '2010-05-21 07:26:30.0', '132457', '2010-05-21 07:26:30.0');
--  Data for resource_info
INSERT INTO resource_info (resource_id, resource_info_type_id, value, create_user, create_date, modify_user, modify_date)
VALUES ('641', '1', '132457', '132457', '2010-05-21 07:26:30.0', '132457', '2010-05-21 07:26:30.0');
INSERT INTO resource_info (resource_id, resource_info_type_id, value, create_user, create_date, modify_user, modify_date)
VALUES ('641', '2', 'super', '132457', '2010-05-21 07:26:30.0', '132457', '2010-05-21 07:26:30.0');
--  Data for user_role
INSERT INTO user_role (user_role_id, comp_vers_id, role_id, login_id, description)
VALUES ('1284', '1283', '1', '132457', '');
--  Data for word_search
INSERT INTO word_search (word_search_id, document_id, index_word, nbr_occurrences)
VALUES ('1287', '1281', 'ever                                                                                                ', '2');
INSERT INTO word_search (word_search_id, document_id, index_word, nbr_occurrences)
VALUES ('1288', '1281', 'component                                                                                           ', '4');
INSERT INTO word_search (word_search_id, document_id, index_word, nbr_occurrences)
VALUES ('1289', '1281', 'coolest                                                                                             ', '2');
INSERT INTO word_search (word_search_id, document_id, index_word, nbr_occurrences)
VALUES ('1290', '1281', 'design                                                    ', '2');
--  Data for word_search_ctgy
INSERT INTO word_search_ctgy (word_srch_ctgy_id, category_id, document_id)
VALUES ('1286', 'DDECATALOG                                        ', '1281');
--  Data for word_search_doc
INSERT INTO word_search_doc (document_id)
VALUES ('1281');
-- Data for project
INSERT INTO project (project_id, project_status_id, project_category_id, create_user, create_date, modify_user, modify_date)
VALUES ('651', '2', '7', '132456', '2010-05-21 07:26:30.0', '132456', '2010-05-21 07:26:30.0');
--  Data for project_info
INSERT INTO project_info (project_id, project_info_type_id, value, create_user, create_date, modify_user, modify_date)
VALUES ('651', '1', '1303', '132456', '2010-05-21 07:26:30.0', '132456', '2010-05-21 07:26:30.0');
INSERT INTO project_info (project_id, project_info_type_id, value, create_user, create_date, modify_user, modify_date)
VALUES ('651', '2', '1301', '132456', '2010-05-21 07:26:30.0', '132456', '2010-05-21 07:26:30.0');
INSERT INTO project_info (project_id, project_info_type_id, value, create_user, create_date, modify_user, modify_date)
VALUES ('651', '3', '1', '132456', '2010-05-21 07:26:30.0', '132456', '2010-05-21 07:26:30.0');
INSERT INTO project_info (project_id, project_info_type_id, value, create_user, create_date, modify_user, modify_date)
VALUES ('651', '4', '0', '132456', '2010-05-21 07:26:30.0', '132456', '2010-05-21 07:26:30.0');
INSERT INTO project_info (project_id, project_info_type_id, value, create_user, create_date, modify_user, modify_date)
VALUES ('651', '5', '5801777', '132456', '2010-05-21 07:26:30.0', '132456', '2010-05-21 07:26:30.0');
INSERT INTO project_info (project_id, project_info_type_id, value, create_user, create_date, modify_user, modify_date)
VALUES ('651', '6', 'Component 66', '132456', '2010-05-21 07:26:30.0', '132456', '2010-05-21 07:26:30.0');
INSERT INTO project_info (project_id, project_info_type_id, value, create_user, create_date, modify_user, modify_date)
VALUES ('651', '7', '1.0                 ', '132456', '2010-05-21 07:26:30.0', '132456', '2010-05-21 07:26:30.0');
INSERT INTO project_info (project_id, project_info_type_id, value, create_user, create_date, modify_user, modify_date)
VALUES ('651', '9', 'Off', '132456', '2010-05-21 07:26:30.0', '132456', '2010-05-21 07:26:30.0');
INSERT INTO project_info (project_id, project_info_type_id, value, create_user, create_date, modify_user, modify_date)
VALUES ('651', '10', 'On', '132456', '2010-05-21 07:26:30.0', '132456', '2010-05-21 07:26:30.0');
INSERT INTO project_info (project_id, project_info_type_id, value, create_user, create_date, modify_user, modify_date)
VALUES ('651', '11', 'On', '132456', '2010-05-21 07:26:30.0', '132456', '2010-05-21 07:26:30.0');
INSERT INTO project_info (project_id, project_info_type_id, value, create_user, create_date, modify_user, modify_date)
VALUES ('651', '12', 'Yes', '132456', '2010-05-21 07:26:30.0', '132456', '2010-05-21 07:26:30.0');
INSERT INTO project_info (project_id, project_info_type_id, value, create_user, create_date, modify_user, modify_date)
VALUES ('651', '13', 'Yes', '132456', '2010-05-21 07:26:30.0', '132456', '2010-05-21 07:26:30.0');
INSERT INTO project_info (project_id, project_info_type_id, value, create_user, create_date, modify_user, modify_date)
VALUES ('651', '14', 'Open', '132456', '2010-05-21 07:26:30.0', '132456', '2010-05-21 07:26:30.0');
INSERT INTO project_info (project_id, project_info_type_id, value, create_user, create_date, modify_user, modify_date)
VALUES ('651', '16', '0.0', '132456', '2010-05-21 07:26:30.0', '132456', '2010-05-21 07:26:30.0');
INSERT INTO project_info (project_id, project_info_type_id, value, create_user, create_date, modify_user, modify_date)
VALUES ('651', '26', 'On', '132456', '2010-05-21 07:26:30.0', '132456', '2010-05-21 07:26:30.0');
INSERT INTO project_info (project_id, project_info_type_id, value, create_user, create_date, modify_user, modify_date)
VALUES ('651', '29', 'On', '132456', '2010-05-21 07:26:30.0', '132456', '2010-05-21 07:26:30.0');
INSERT INTO project_info (project_id, project_info_type_id, value, create_user, create_date, modify_user, modify_date)
VALUES ('651', '41', 'true', '132456', '2010-05-21 07:26:30.0', '132456', '2010-05-21 07:26:30.0');
INSERT INTO project_info (project_id, project_info_type_id, value, create_user, create_date, modify_user, modify_date)
VALUES ('651', '43', 'true', '132456', '2010-05-21 07:26:30.0', '132456', '2010-05-21 07:26:30.0');
--  Data for project_phase
INSERT INTO project_phase (project_phase_id, project_id, phase_type_id, phase_status_id, fixed_start_time, scheduled_start_time, scheduled_end_time, actual_start_time, actual_end_time, duration, create_user, create_date, modify_user, modify_date)
VALUES ('651', '651', '1', '1', '2010-05-27 09:00:00.0', '2010-05-27 09:00:00.0', '2010-06-01 09:00:00.0', NULL, NULL, '259200000', '132456', '2010-05-21 07:26:30.0', '132456', '2010-05-21 07:26:30.0');
INSERT INTO project_phase (project_phase_id, project_id, phase_type_id, phase_status_id, fixed_start_time, scheduled_start_time, scheduled_end_time, actual_start_time, actual_end_time, duration, create_user, create_date, modify_user, modify_date)
VALUES ('652', '651', '2', '1', '2010-05-27 09:00:00.0', '2010-05-27 09:00:00.0', '2010-06-07 09:00:00.0', NULL, NULL, '604800000', '132456', '2010-05-21 07:26:30.0', '132456', '2010-05-21 07:26:30.0');
INSERT INTO project_phase (project_phase_id, project_id, phase_type_id, phase_status_id, fixed_start_time, scheduled_start_time, scheduled_end_time, actual_start_time, actual_end_time, duration, create_user, create_date, modify_user, modify_date)
VALUES ('653', '651', '3', '1', '2010-06-07 09:00:00.0', '2010-06-07 09:00:00.0', '2010-06-08 09:00:00.0', NULL, NULL, '86400000', '132456', '2010-05-21 07:26:30.0', '132456', '2010-05-21 07:26:30.0');
INSERT INTO project_phase (project_phase_id, project_id, phase_type_id, phase_status_id, fixed_start_time, scheduled_start_time, scheduled_end_time, actual_start_time, actual_end_time, duration, create_user, create_date, modify_user, modify_date)
VALUES ('654', '651', '4', '1', '2010-06-08 09:00:00.0', '2010-06-08 09:00:00.0', '2010-06-14 09:00:00.0', NULL, NULL, '345600000', '132456', '2010-05-21 07:26:30.0', '132456', '2010-05-21 07:26:30.0');
INSERT INTO project_phase (project_phase_id, project_id, phase_type_id, phase_status_id, fixed_start_time, scheduled_start_time, scheduled_end_time, actual_start_time, actual_end_time, duration, create_user, create_date, modify_user, modify_date)
VALUES ('655', '651', '5', '1', '2010-06-14 09:00:00.0', '2010-06-14 09:00:00.0', '2010-06-15 09:00:00.0', NULL, NULL, '86400000', '132456', '2010-05-21 07:26:30.0', '132456', '2010-05-21 07:26:30.0');
INSERT INTO project_phase (project_phase_id, project_id, phase_type_id, phase_status_id, fixed_start_time, scheduled_start_time, scheduled_end_time, actual_start_time, actual_end_time, duration, create_user, create_date, modify_user, modify_date)
VALUES ('656', '651', '6', '1', '2010-06-15 09:00:00.0', '2010-06-15 09:00:00.0', '2010-06-16 09:00:00.0', NULL, NULL, '86400000', '132456', '2010-05-21 07:26:30.0', '132456', '2010-05-21 07:26:30.0');
INSERT INTO project_phase (project_phase_id, project_id, phase_type_id, phase_status_id, fixed_start_time, scheduled_start_time, scheduled_end_time, actual_start_time, actual_end_time, duration, create_user, create_date, modify_user, modify_date)
VALUES ('657', '651', '7', '1', '2010-06-16 09:00:00.0', '2010-06-16 09:00:00.0', '2010-06-16 21:00:00.0', NULL, NULL, '43200000', '132456', '2010-05-21 07:26:30.0', '132456', '2010-05-21 07:26:30.0');
INSERT INTO project_phase (project_phase_id, project_id, phase_type_id, phase_status_id, fixed_start_time, scheduled_start_time, scheduled_end_time, actual_start_time, actual_end_time, duration, create_user, create_date, modify_user, modify_date)
VALUES ('658', '651', '8', '1', '2010-06-16 21:00:00.0', '2010-06-16 21:00:00.0', '2010-06-17 09:00:00.0', NULL, NULL, '43200000', '132456', '2010-05-21 07:26:30.0', '132456', '2010-05-21 07:26:30.0');
INSERT INTO project_phase (project_phase_id, project_id, phase_type_id, phase_status_id, fixed_start_time, scheduled_start_time, scheduled_end_time, actual_start_time, actual_end_time, duration, create_user, create_date, modify_user, modify_date)
VALUES ('659', '651', '9', '1', '2010-06-17 09:00:00.0', '2010-06-17 09:00:00.0', '2010-06-22 09:00:00.0', NULL, NULL, '259200000', '132456', '2010-05-21 07:26:30.0', '132456', '2010-05-21 07:26:30.0');
INSERT INTO project_phase (project_phase_id, project_id, phase_type_id, phase_status_id, fixed_start_time, scheduled_start_time, scheduled_end_time, actual_start_time, actual_end_time, duration, create_user, create_date, modify_user, modify_date)
VALUES ('660', '651', '10', '1', '2010-06-22 09:00:00.0', '2010-06-22 09:00:00.0', '2010-06-23 09:00:00.0', NULL, NULL, '86400000', '132456', '2010-05-21 07:26:30.0', '132456', '2010-05-21 07:26:30.0');
--  Data for comp_catalog
INSERT INTO comp_catalog (component_id, current_version, short_desc, component_name, description, function_desc, create_time, status_id, root_category_id, modify_date, public_ind)
VALUES ('1301', '1', 'Coolest component ever', 'Component 66', 'Coolest component ever', 'Component', '2010-05-21 07:20:14.48', '102', '5801777', '2010-05-21 07:23:44.0', '0');
--  Data for comp_versions
INSERT INTO comp_versions (comp_vers_id, component_id, version, version_text, create_time, phase_id, phase_time, price, comments, modify_date,
                           suspended_ind)
VALUES ('1303', '1301', '1', '1.0                 ', '2010-05-21 07:20:14.48', '112', '1976-05-04 00:00:00.0', '1000.00', 'Cool', '2010-05-21 07:27:01.0', '0');
--  Data for comp_categories
INSERT INTO comp_categories (comp_categories_id, component_id, category_id)
VALUES ('1305', '1301', '11');
--  Data for comp_keywords
INSERT INTO comp_keywords (comp_keywords_id, component_id, keyword)
VALUES ('1311', '1301', 'architecture');
--  Data for comp_technology
INSERT INTO comp_technology (comp_tech_id, comp_vers_id, technology_type_id)
VALUES ('1312', '1303', '1');
--  Data for comp_documentation
INSERT INTO comp_documentation (document_id, comp_vers_id, document_type_id, document_name, url)
VALUES ('1313', '1303', '0', 'Requirements Specification', '1301/1303/MQTTBroker_Requirements_Specification.pdf');
--  Data for comp_jive_category_xref
INSERT INTO comp_jive_category_xref (comp_vers_id, jive_category_id)
VALUES ('1303', '0');
--  Data for comp_version_dates
INSERT INTO comp_version_dates (comp_version_dates_id, comp_vers_id, phase_id, posting_date, initial_submission_date, winner_announced_date, final_submission_date,
                                estimated_dev_date, price, total_submissions, status_id, create_time, level_id, screening_complete_date, review_complete_date,
                                aggregation_complete_date, phase_complete_date, production_date, aggregation_complete_date_comment, phase_complete_date_comment,
                                review_complete_date_comment, winner_announced_date_comment, initial_submission_date_comment, screening_complete_date_comment,
                                final_submission_date_comment, production_date_comment, modify_date)
VALUES ('1314', '1303', '112', '1976-05-05', '2000-01-01', '2000-01-01', 
        '2000-01-01', '2000-01-01', NULL, '0', '301', '2010-05-21 07:27:01.0', '100', '2000-01-01',
        '2000-01-01', '2000-01-01', '2000-01-01', '2010-12-01', 
        NULL, NULL, NULL, NULL, NULL, NULL, NULL, '', '2010-05-21 07:27:01.0');
--  Data for phase_criteria
INSERT INTO phase_criteria (project_phase_id, phase_criteria_type_id, parameter, create_user, create_date, modify_user, modify_date)
VALUES ('651', '2', '0', '132456', '2010-05-21 07:26:30.0', '132456', '2010-05-21 07:26:30.0');
INSERT INTO phase_criteria (project_phase_id, phase_criteria_type_id, parameter, create_user, create_date, modify_user, modify_date)
VALUES ('651', '5', 'No', '132456', '2010-05-21 07:26:30.0', '132456', '2010-05-21 07:26:30.0');
INSERT INTO phase_criteria (project_phase_id, phase_criteria_type_id, parameter, create_user, create_date, modify_user, modify_date)
VALUES ('652', '3', '0', '132456', '2010-05-21 07:26:30.0', '132456', '2010-05-21 07:26:30.0');
INSERT INTO phase_criteria (project_phase_id, phase_criteria_type_id, parameter, create_user, create_date, modify_user, modify_date)
VALUES ('652', '5', 'No', '132456', '2010-05-21 07:26:30.0', '132456', '2010-05-21 07:26:30.0');
INSERT INTO phase_criteria (project_phase_id, phase_criteria_type_id, parameter, create_user, create_date, modify_user, modify_date)
VALUES ('653', '5', 'No', '132456', '2010-05-21 07:26:30.0', '132456', '2010-05-21 07:26:30.0');
INSERT INTO phase_criteria (project_phase_id, phase_criteria_type_id, parameter, create_user, create_date, modify_user, modify_date)
VALUES ('653', '1', '30000410', '132456', '2010-05-21 07:26:30.0', '132456', '2010-05-21 07:26:30.0');
INSERT INTO phase_criteria (project_phase_id, phase_criteria_type_id, parameter, create_user, create_date, modify_user, modify_date)
VALUES ('654', '5', 'No', '132456', '2010-05-21 07:26:30.0', '132456', '2010-05-21 07:26:30.0');
INSERT INTO phase_criteria (project_phase_id, phase_criteria_type_id, parameter, create_user, create_date, modify_user, modify_date)
VALUES ('654', '1', '30000411', '132456', '2010-05-21 07:26:30.0', '132456', '2010-05-21 07:26:30.0');
INSERT INTO phase_criteria (project_phase_id, phase_criteria_type_id, parameter, create_user, create_date, modify_user, modify_date)
VALUES ('654', '6', '3', '132456', '2010-05-21 07:26:30.0', '132456', '2010-05-21 07:26:30.0');
INSERT INTO phase_criteria (project_phase_id, phase_criteria_type_id, parameter, create_user, create_date, modify_user, modify_date)
VALUES ('655', '5', 'No', '132456', '2010-05-21 07:26:30.0', '132456', '2010-05-21 07:26:30.0');
INSERT INTO phase_criteria (project_phase_id, phase_criteria_type_id, parameter, create_user, create_date, modify_user, modify_date)
VALUES ('655', '4', 'No', '132456', '2010-05-21 07:26:30.0', '132456', '2010-05-21 07:26:30.0');
INSERT INTO phase_criteria (project_phase_id, phase_criteria_type_id, parameter, create_user, create_date, modify_user, modify_date)
VALUES ('656', '5', 'No', '132456', '2010-05-21 07:26:30.0', '132456', '2010-05-21 07:26:30.0');
INSERT INTO phase_criteria (project_phase_id, phase_criteria_type_id, parameter, create_user, create_date, modify_user, modify_date)
VALUES ('657', '5', 'No', '132456', '2010-05-21 07:26:30.0', '132456', '2010-05-21 07:26:30.0');
INSERT INTO phase_criteria (project_phase_id, phase_criteria_type_id, parameter, create_user, create_date, modify_user, modify_date)
VALUES ('658', '5', 'No', '132456', '2010-05-21 07:26:30.0', '132456', '2010-05-21 07:26:30.0');
INSERT INTO phase_criteria (project_phase_id, phase_criteria_type_id, parameter, create_user, create_date, modify_user, modify_date)
VALUES ('659', '5', 'No', '132456', '2010-05-21 07:26:30.0', '132456', '2010-05-21 07:26:30.0');
INSERT INTO phase_criteria (project_phase_id, phase_criteria_type_id, parameter, create_user, create_date, modify_user, modify_date)
VALUES ('660', '5', 'No', '132456', '2010-05-21 07:26:30.0', '132456', '2010-05-21 07:26:30.0');
--  Data for phase_dependency
INSERT INTO phase_dependency (dependency_phase_id, dependent_phase_id, dependency_start, dependent_start, lag_time, create_user, create_date, modify_user, modify_date)
VALUES ('651', '652', '1', '1', '0', '132456', '2010-05-21 07:26:30.0', '132456', '2010-05-21 07:26:30.0');
INSERT INTO phase_dependency (dependency_phase_id, dependent_phase_id, dependency_start, dependent_start, lag_time, create_user, create_date, modify_user, modify_date)
VALUES ('652', '653', '0', '1', '0', '132456', '2010-05-21 07:26:30.0', '132456', '2010-05-21 07:26:30.0');
INSERT INTO phase_dependency (dependency_phase_id, dependent_phase_id, dependency_start, dependent_start, lag_time, create_user, create_date, modify_user, modify_date)
VALUES ('653', '654', '0', '1', '0', '132456', '2010-05-21 07:26:30.0', '132456', '2010-05-21 07:26:30.0');
INSERT INTO phase_dependency (dependency_phase_id, dependent_phase_id, dependency_start, dependent_start, lag_time, create_user, create_date, modify_user, modify_date)
VALUES ('654', '655', '0', '1', '0', '132456', '2010-05-21 07:26:30.0', '132456', '2010-05-21 07:26:30.0');
INSERT INTO phase_dependency (dependency_phase_id, dependent_phase_id, dependency_start, dependent_start, lag_time, create_user, create_date, modify_user, modify_date)
VALUES ('655', '656', '0', '1', '0', '132456', '2010-05-21 07:26:30.0', '132456', '2010-05-21 07:26:30.0');
INSERT INTO phase_dependency (dependency_phase_id, dependent_phase_id, dependency_start, dependent_start, lag_time, create_user, create_date, modify_user, modify_date)
VALUES ('656', '657', '0', '1', '0', '132456', '2010-05-21 07:26:30.0', '132456', '2010-05-21 07:26:30.0');
INSERT INTO phase_dependency (dependency_phase_id, dependent_phase_id, dependency_start, dependent_start, lag_time, create_user, create_date, modify_user, modify_date)
VALUES ('657', '658', '0', '1', '0', '132456', '2010-05-21 07:26:30.0', '132456', '2010-05-21 07:26:30.0');
INSERT INTO phase_dependency (dependency_phase_id, dependent_phase_id, dependency_start, dependent_start, lag_time, create_user, create_date, modify_user, modify_date)
VALUES ('658', '659', '0', '1', '0', '132456', '2010-05-21 07:26:30.0', '132456', '2010-05-21 07:26:30.0');
INSERT INTO phase_dependency (dependency_phase_id, dependent_phase_id, dependency_start, dependent_start, lag_time, create_user, create_date, modify_user, modify_date)
VALUES ('659', '660', '0', '1', '0', '132456', '2010-05-21 07:26:30.0', '132456', '2010-05-21 07:26:30.0');
--  Data for resource
INSERT INTO resource (resource_id, resource_role_id, project_id, project_phase_id, create_user, create_date, modify_user, modify_date)
VALUES ('651', '13', '651', NULL, '132456', '2010-05-21 07:26:30.0', '132456', '2010-05-21 07:26:30.0');
--  Data for resource_info
INSERT INTO resource_info (resource_id, resource_info_type_id, value, create_user, create_date, modify_user, modify_date)
VALUES ('651', '1', '132456', '132456', '2010-05-21 07:26:30.0', '132456', '2010-05-21 07:26:30.0');
INSERT INTO resource_info (resource_id, resource_info_type_id, value, create_user, create_date, modify_user, modify_date)
VALUES ('651', '2', 'heffan', '132456', '2010-05-21 07:26:30.0', '132456', '2010-05-21 07:26:30.0');
--  Data for user_role
INSERT INTO user_role (user_role_id, comp_vers_id, role_id, login_id, description)
VALUES ('1304', '1303', '1', '132456', '');
--  Data for word_search
INSERT INTO word_search (word_search_id, document_id, index_word, nbr_occurrences)
VALUES ('1307', '1301', 'ever                                                                                                ', '2');
INSERT INTO word_search (word_search_id, document_id, index_word, nbr_occurrences)
VALUES ('1308', '1301', 'component                                                                                           ', '4');
INSERT INTO word_search (word_search_id, document_id, index_word, nbr_occurrences)
VALUES ('1309', '1301', 'coolest                                                                                             ', '2');
INSERT INTO word_search (word_search_id, document_id, index_word, nbr_occurrences)
VALUES ('1310', '1301', 'architecture                                                    ', '2');
--  Data for word_search_ctgy
INSERT INTO word_search_ctgy (word_srch_ctgy_id, category_id, document_id)
VALUES ('1306', 'DDECATALOG                                        ', '1301');
--  Data for word_search_doc
INSERT INTO word_search_doc (document_id)
VALUES ('1301');
-- Data for project
INSERT INTO project (project_id, project_status_id, project_category_id, create_user, create_date, modify_user, modify_date)
VALUES ('661', '1', '2', '132457', '2010-05-21 07:26:30.0', '132457', '2010-05-21 07:26:30.0');
--  Data for project_info
INSERT INTO project_info (project_id, project_info_type_id, value, create_user, create_date, modify_user, modify_date)
VALUES ('661', '1', '1323', '132457', '2010-05-21 07:26:30.0', '132457', '2010-05-21 07:26:30.0');
INSERT INTO project_info (project_id, project_info_type_id, value, create_user, create_date, modify_user, modify_date)
VALUES ('661', '2', '1321', '132457', '2010-05-21 07:26:30.0', '132457', '2010-05-21 07:26:30.0');
INSERT INTO project_info (project_id, project_info_type_id, value, create_user, create_date, modify_user, modify_date)
VALUES ('661', '3', '1', '132457', '2010-05-21 07:26:30.0', '132457', '2010-05-21 07:26:30.0');
INSERT INTO project_info (project_id, project_info_type_id, value, create_user, create_date, modify_user, modify_date)
VALUES ('661', '4', '0', '132457', '2010-05-21 07:26:30.0', '132457', '2010-05-21 07:26:30.0');
INSERT INTO project_info (project_id, project_info_type_id, value, create_user, create_date, modify_user, modify_date)
VALUES ('661', '5', '5801779', '132457', '2010-05-21 07:26:30.0', '132457', '2010-05-21 07:26:30.0');
INSERT INTO project_info (project_id, project_info_type_id, value, create_user, create_date, modify_user, modify_date)
VALUES ('661', '6', 'Component 67', '132457', '2010-05-21 07:26:30.0', '132457', '2010-05-21 07:26:30.0');
INSERT INTO project_info (project_id, project_info_type_id, value, create_user, create_date, modify_user, modify_date)
VALUES ('661', '7', '1.0                 ', '132457', '2010-05-21 07:26:30.0', '132457', '2010-05-21 07:26:30.0');
INSERT INTO project_info (project_id, project_info_type_id, value, create_user, create_date, modify_user, modify_date)
VALUES ('661', '9', 'Off', '132457', '2010-05-21 07:26:30.0', '132457', '2010-05-21 07:26:30.0');
INSERT INTO project_info (project_id, project_info_type_id, value, create_user, create_date, modify_user, modify_date)
VALUES ('661', '10', 'On', '132457', '2010-05-21 07:26:30.0', '132457', '2010-05-21 07:26:30.0');
INSERT INTO project_info (project_id, project_info_type_id, value, create_user, create_date, modify_user, modify_date)
VALUES ('661', '11', 'On', '132457', '2010-05-21 07:26:30.0', '132457', '2010-05-21 07:26:30.0');
INSERT INTO project_info (project_id, project_info_type_id, value, create_user, create_date, modify_user, modify_date)
VALUES ('661', '12', 'Yes', '132457', '2010-05-21 07:26:30.0', '132457', '2010-05-21 07:26:30.0');
INSERT INTO project_info (project_id, project_info_type_id, value, create_user, create_date, modify_user, modify_date)
VALUES ('661', '13', 'Yes', '132457', '2010-05-21 07:26:30.0', '132457', '2010-05-21 07:26:30.0');
INSERT INTO project_info (project_id, project_info_type_id, value, create_user, create_date, modify_user, modify_date)
VALUES ('661', '14', 'Open', '132457', '2010-05-21 07:26:30.0', '132457', '2010-05-21 07:26:30.0');
INSERT INTO project_info (project_id, project_info_type_id, value, create_user, create_date, modify_user, modify_date)
VALUES ('661', '16', '0.0', '132457', '2010-05-21 07:26:30.0', '132457', '2010-05-21 07:26:30.0');
INSERT INTO project_info (project_id, project_info_type_id, value, create_user, create_date, modify_user, modify_date)
VALUES ('661', '26', 'On', '132457', '2010-05-21 07:26:30.0', '132457', '2010-05-21 07:26:30.0');
INSERT INTO project_info (project_id, project_info_type_id, value, create_user, create_date, modify_user, modify_date)
VALUES ('661', '29', 'On', '132457', '2010-05-21 07:26:30.0', '132457', '2010-05-21 07:26:30.0');
INSERT INTO project_info (project_id, project_info_type_id, value, create_user, create_date, modify_user, modify_date)
VALUES ('661', '41', 'true', '132457', '2010-05-21 07:26:30.0', '132457', '2010-05-21 07:26:30.0');
INSERT INTO project_info (project_id, project_info_type_id, value, create_user, create_date, modify_user, modify_date)
VALUES ('661', '43', 'true', '132457', '2010-05-21 07:26:30.0', '132457', '2010-05-21 07:26:30.0');
--  Data for project_phase
INSERT INTO project_phase (project_phase_id, project_id, phase_type_id, phase_status_id, fixed_start_time, scheduled_start_time, scheduled_end_time, actual_start_time, actual_end_time, duration, create_user, create_date, modify_user, modify_date)
VALUES ('661', '661', '1', '1', '2010-05-27 09:00:00.0', '2010-05-27 09:00:00.0', '2010-06-01 09:00:00.0', NULL, NULL, '259200000', '132457', '2010-05-21 07:26:30.0', '132457', '2010-05-21 07:26:30.0');
INSERT INTO project_phase (project_phase_id, project_id, phase_type_id, phase_status_id, fixed_start_time, scheduled_start_time, scheduled_end_time, actual_start_time, actual_end_time, duration, create_user, create_date, modify_user, modify_date)
VALUES ('662', '661', '2', '1', '2010-05-27 09:00:00.0', '2010-05-27 09:00:00.0', '2010-06-07 09:00:00.0', NULL, NULL, '604800000', '132457', '2010-05-21 07:26:30.0', '132457', '2010-05-21 07:26:30.0');
INSERT INTO project_phase (project_phase_id, project_id, phase_type_id, phase_status_id, fixed_start_time, scheduled_start_time, scheduled_end_time, actual_start_time, actual_end_time, duration, create_user, create_date, modify_user, modify_date)
VALUES ('663', '661', '3', '1', '2010-06-07 09:00:00.0', '2010-06-07 09:00:00.0', '2010-06-08 09:00:00.0', NULL, NULL, '86400000', '132457', '2010-05-21 07:26:30.0', '132457', '2010-05-21 07:26:30.0');
INSERT INTO project_phase (project_phase_id, project_id, phase_type_id, phase_status_id, fixed_start_time, scheduled_start_time, scheduled_end_time, actual_start_time, actual_end_time, duration, create_user, create_date, modify_user, modify_date)
VALUES ('664', '661', '4', '1', '2010-06-08 09:00:00.0', '2010-06-08 09:00:00.0', '2010-06-14 09:00:00.0', NULL, NULL, '345600000', '132457', '2010-05-21 07:26:30.0', '132457', '2010-05-21 07:26:30.0');
INSERT INTO project_phase (project_phase_id, project_id, phase_type_id, phase_status_id, fixed_start_time, scheduled_start_time, scheduled_end_time, actual_start_time, actual_end_time, duration, create_user, create_date, modify_user, modify_date)
VALUES ('665', '661', '5', '1', '2010-06-14 09:00:00.0', '2010-06-14 09:00:00.0', '2010-06-15 09:00:00.0', NULL, NULL, '86400000', '132457', '2010-05-21 07:26:30.0', '132457', '2010-05-21 07:26:30.0');
INSERT INTO project_phase (project_phase_id, project_id, phase_type_id, phase_status_id, fixed_start_time, scheduled_start_time, scheduled_end_time, actual_start_time, actual_end_time, duration, create_user, create_date, modify_user, modify_date)
VALUES ('666', '661', '6', '1', '2010-06-15 09:00:00.0', '2010-06-15 09:00:00.0', '2010-06-16 09:00:00.0', NULL, NULL, '86400000', '132457', '2010-05-21 07:26:30.0', '132457', '2010-05-21 07:26:30.0');
INSERT INTO project_phase (project_phase_id, project_id, phase_type_id, phase_status_id, fixed_start_time, scheduled_start_time, scheduled_end_time, actual_start_time, actual_end_time, duration, create_user, create_date, modify_user, modify_date)
VALUES ('667', '661', '7', '1', '2010-06-16 09:00:00.0', '2010-06-16 09:00:00.0', '2010-06-16 21:00:00.0', NULL, NULL, '43200000', '132457', '2010-05-21 07:26:30.0', '132457', '2010-05-21 07:26:30.0');
INSERT INTO project_phase (project_phase_id, project_id, phase_type_id, phase_status_id, fixed_start_time, scheduled_start_time, scheduled_end_time, actual_start_time, actual_end_time, duration, create_user, create_date, modify_user, modify_date)
VALUES ('668', '661', '8', '1', '2010-06-16 21:00:00.0', '2010-06-16 21:00:00.0', '2010-06-17 09:00:00.0', NULL, NULL, '43200000', '132457', '2010-05-21 07:26:30.0', '132457', '2010-05-21 07:26:30.0');
INSERT INTO project_phase (project_phase_id, project_id, phase_type_id, phase_status_id, fixed_start_time, scheduled_start_time, scheduled_end_time, actual_start_time, actual_end_time, duration, create_user, create_date, modify_user, modify_date)
VALUES ('669', '661', '9', '1', '2010-06-17 09:00:00.0', '2010-06-17 09:00:00.0', '2010-06-22 09:00:00.0', NULL, NULL, '259200000', '132457', '2010-05-21 07:26:30.0', '132457', '2010-05-21 07:26:30.0');
INSERT INTO project_phase (project_phase_id, project_id, phase_type_id, phase_status_id, fixed_start_time, scheduled_start_time, scheduled_end_time, actual_start_time, actual_end_time, duration, create_user, create_date, modify_user, modify_date)
VALUES ('670', '661', '10', '1', '2010-06-22 09:00:00.0', '2010-06-22 09:00:00.0', '2010-06-23 09:00:00.0', NULL, NULL, '86400000', '132457', '2010-05-21 07:26:30.0', '132457', '2010-05-21 07:26:30.0');
--  Data for comp_catalog
INSERT INTO comp_catalog (component_id, current_version, short_desc, component_name, description, function_desc, create_time, status_id, root_category_id, modify_date, public_ind)
VALUES ('1321', '1', 'Coolest component ever', 'Component 67', 'Coolest component ever', 'Component', '2010-05-21 07:20:14.48', '102', '5801779', '2010-05-21 07:23:44.0', '0');
--  Data for comp_versions
INSERT INTO comp_versions (comp_vers_id, component_id, version, version_text, create_time, phase_id, phase_time, price, comments, modify_date,
                           suspended_ind)
VALUES ('1323', '1321', '1', '1.0                 ', '2010-05-21 07:20:14.48', '112', '1976-05-04 00:00:00.0', '1000.00', 'Cool', '2010-05-21 07:27:01.0', '0');
--  Data for comp_categories
INSERT INTO comp_categories (comp_categories_id, component_id, category_id)
VALUES ('1325', '1321', '11');
--  Data for comp_keywords
INSERT INTO comp_keywords (comp_keywords_id, component_id, keyword)
VALUES ('1331', '1321', 'development');
--  Data for comp_technology
INSERT INTO comp_technology (comp_tech_id, comp_vers_id, technology_type_id)
VALUES ('1332', '1323', '1');
--  Data for comp_documentation
INSERT INTO comp_documentation (document_id, comp_vers_id, document_type_id, document_name, url)
VALUES ('1333', '1323', '0', 'Requirements Specification', '1321/1323/MQTTBroker_Requirements_Specification.pdf');
--  Data for comp_jive_category_xref
INSERT INTO comp_jive_category_xref (comp_vers_id, jive_category_id)
VALUES ('1323', '0');
--  Data for comp_version_dates
INSERT INTO comp_version_dates (comp_version_dates_id, comp_vers_id, phase_id, posting_date, initial_submission_date, winner_announced_date, final_submission_date,
                                estimated_dev_date, price, total_submissions, status_id, create_time, level_id, screening_complete_date, review_complete_date,
                                aggregation_complete_date, phase_complete_date, production_date, aggregation_complete_date_comment, phase_complete_date_comment,
                                review_complete_date_comment, winner_announced_date_comment, initial_submission_date_comment, screening_complete_date_comment,
                                final_submission_date_comment, production_date_comment, modify_date)
VALUES ('1334', '1323', '112', '1976-05-05', '2000-01-01', '2000-01-01', 
        '2000-01-01', '2000-01-01', NULL, '0', '301', '2010-05-21 07:27:01.0', '100', '2000-01-01',
        '2000-01-01', '2000-01-01', '2000-01-01', '2010-12-01', 
        NULL, NULL, NULL, NULL, NULL, NULL, NULL, '', '2010-05-21 07:27:01.0');
--  Data for phase_criteria
INSERT INTO phase_criteria (project_phase_id, phase_criteria_type_id, parameter, create_user, create_date, modify_user, modify_date)
VALUES ('661', '2', '0', '132457', '2010-05-21 07:26:30.0', '132457', '2010-05-21 07:26:30.0');
INSERT INTO phase_criteria (project_phase_id, phase_criteria_type_id, parameter, create_user, create_date, modify_user, modify_date)
VALUES ('661', '5', 'No', '132457', '2010-05-21 07:26:30.0', '132457', '2010-05-21 07:26:30.0');
INSERT INTO phase_criteria (project_phase_id, phase_criteria_type_id, parameter, create_user, create_date, modify_user, modify_date)
VALUES ('662', '3', '0', '132457', '2010-05-21 07:26:30.0', '132457', '2010-05-21 07:26:30.0');
INSERT INTO phase_criteria (project_phase_id, phase_criteria_type_id, parameter, create_user, create_date, modify_user, modify_date)
VALUES ('662', '5', 'No', '132457', '2010-05-21 07:26:30.0', '132457', '2010-05-21 07:26:30.0');
INSERT INTO phase_criteria (project_phase_id, phase_criteria_type_id, parameter, create_user, create_date, modify_user, modify_date)
VALUES ('663', '5', 'No', '132457', '2010-05-21 07:26:30.0', '132457', '2010-05-21 07:26:30.0');
INSERT INTO phase_criteria (project_phase_id, phase_criteria_type_id, parameter, create_user, create_date, modify_user, modify_date)
VALUES ('663', '1', '30000410', '132457', '2010-05-21 07:26:30.0', '132457', '2010-05-21 07:26:30.0');
INSERT INTO phase_criteria (project_phase_id, phase_criteria_type_id, parameter, create_user, create_date, modify_user, modify_date)
VALUES ('664', '5', 'No', '132457', '2010-05-21 07:26:30.0', '132457', '2010-05-21 07:26:30.0');
INSERT INTO phase_criteria (project_phase_id, phase_criteria_type_id, parameter, create_user, create_date, modify_user, modify_date)
VALUES ('664', '1', '30000411', '132457', '2010-05-21 07:26:30.0', '132457', '2010-05-21 07:26:30.0');
INSERT INTO phase_criteria (project_phase_id, phase_criteria_type_id, parameter, create_user, create_date, modify_user, modify_date)
VALUES ('664', '6', '3', '132457', '2010-05-21 07:26:30.0', '132457', '2010-05-21 07:26:30.0');
INSERT INTO phase_criteria (project_phase_id, phase_criteria_type_id, parameter, create_user, create_date, modify_user, modify_date)
VALUES ('665', '5', 'No', '132457', '2010-05-21 07:26:30.0', '132457', '2010-05-21 07:26:30.0');
INSERT INTO phase_criteria (project_phase_id, phase_criteria_type_id, parameter, create_user, create_date, modify_user, modify_date)
VALUES ('665', '4', 'No', '132457', '2010-05-21 07:26:30.0', '132457', '2010-05-21 07:26:30.0');
INSERT INTO phase_criteria (project_phase_id, phase_criteria_type_id, parameter, create_user, create_date, modify_user, modify_date)
VALUES ('666', '5', 'No', '132457', '2010-05-21 07:26:30.0', '132457', '2010-05-21 07:26:30.0');
INSERT INTO phase_criteria (project_phase_id, phase_criteria_type_id, parameter, create_user, create_date, modify_user, modify_date)
VALUES ('667', '5', 'No', '132457', '2010-05-21 07:26:30.0', '132457', '2010-05-21 07:26:30.0');
INSERT INTO phase_criteria (project_phase_id, phase_criteria_type_id, parameter, create_user, create_date, modify_user, modify_date)
VALUES ('668', '5', 'No', '132457', '2010-05-21 07:26:30.0', '132457', '2010-05-21 07:26:30.0');
INSERT INTO phase_criteria (project_phase_id, phase_criteria_type_id, parameter, create_user, create_date, modify_user, modify_date)
VALUES ('669', '5', 'No', '132457', '2010-05-21 07:26:30.0', '132457', '2010-05-21 07:26:30.0');
INSERT INTO phase_criteria (project_phase_id, phase_criteria_type_id, parameter, create_user, create_date, modify_user, modify_date)
VALUES ('670', '5', 'No', '132457', '2010-05-21 07:26:30.0', '132457', '2010-05-21 07:26:30.0');
--  Data for phase_dependency
INSERT INTO phase_dependency (dependency_phase_id, dependent_phase_id, dependency_start, dependent_start, lag_time, create_user, create_date, modify_user, modify_date)
VALUES ('661', '662', '1', '1', '0', '132457', '2010-05-21 07:26:30.0', '132457', '2010-05-21 07:26:30.0');
INSERT INTO phase_dependency (dependency_phase_id, dependent_phase_id, dependency_start, dependent_start, lag_time, create_user, create_date, modify_user, modify_date)
VALUES ('662', '663', '0', '1', '0', '132457', '2010-05-21 07:26:30.0', '132457', '2010-05-21 07:26:30.0');
INSERT INTO phase_dependency (dependency_phase_id, dependent_phase_id, dependency_start, dependent_start, lag_time, create_user, create_date, modify_user, modify_date)
VALUES ('663', '664', '0', '1', '0', '132457', '2010-05-21 07:26:30.0', '132457', '2010-05-21 07:26:30.0');
INSERT INTO phase_dependency (dependency_phase_id, dependent_phase_id, dependency_start, dependent_start, lag_time, create_user, create_date, modify_user, modify_date)
VALUES ('664', '665', '0', '1', '0', '132457', '2010-05-21 07:26:30.0', '132457', '2010-05-21 07:26:30.0');
INSERT INTO phase_dependency (dependency_phase_id, dependent_phase_id, dependency_start, dependent_start, lag_time, create_user, create_date, modify_user, modify_date)
VALUES ('665', '666', '0', '1', '0', '132457', '2010-05-21 07:26:30.0', '132457', '2010-05-21 07:26:30.0');
INSERT INTO phase_dependency (dependency_phase_id, dependent_phase_id, dependency_start, dependent_start, lag_time, create_user, create_date, modify_user, modify_date)
VALUES ('666', '667', '0', '1', '0', '132457', '2010-05-21 07:26:30.0', '132457', '2010-05-21 07:26:30.0');
INSERT INTO phase_dependency (dependency_phase_id, dependent_phase_id, dependency_start, dependent_start, lag_time, create_user, create_date, modify_user, modify_date)
VALUES ('667', '668', '0', '1', '0', '132457', '2010-05-21 07:26:30.0', '132457', '2010-05-21 07:26:30.0');
INSERT INTO phase_dependency (dependency_phase_id, dependent_phase_id, dependency_start, dependent_start, lag_time, create_user, create_date, modify_user, modify_date)
VALUES ('668', '669', '0', '1', '0', '132457', '2010-05-21 07:26:30.0', '132457', '2010-05-21 07:26:30.0');
INSERT INTO phase_dependency (dependency_phase_id, dependent_phase_id, dependency_start, dependent_start, lag_time, create_user, create_date, modify_user, modify_date)
VALUES ('669', '670', '0', '1', '0', '132457', '2010-05-21 07:26:30.0', '132457', '2010-05-21 07:26:30.0');
--  Data for resource
INSERT INTO resource (resource_id, resource_role_id, project_id, project_phase_id, create_user, create_date, modify_user, modify_date)
VALUES ('661', '13', '661', NULL, '132457', '2010-05-21 07:26:30.0', '132457', '2010-05-21 07:26:30.0');
--  Data for resource_info
INSERT INTO resource_info (resource_id, resource_info_type_id, value, create_user, create_date, modify_user, modify_date)
VALUES ('661', '1', '132457', '132457', '2010-05-21 07:26:30.0', '132457', '2010-05-21 07:26:30.0');
INSERT INTO resource_info (resource_id, resource_info_type_id, value, create_user, create_date, modify_user, modify_date)
VALUES ('661', '2', 'super', '132457', '2010-05-21 07:26:30.0', '132457', '2010-05-21 07:26:30.0');
--  Data for user_role
INSERT INTO user_role (user_role_id, comp_vers_id, role_id, login_id, description)
VALUES ('1324', '1323', '1', '132457', '');
--  Data for word_search
INSERT INTO word_search (word_search_id, document_id, index_word, nbr_occurrences)
VALUES ('1327', '1321', 'ever                                                                                                ', '2');
INSERT INTO word_search (word_search_id, document_id, index_word, nbr_occurrences)
VALUES ('1328', '1321', 'component                                                                                           ', '4');
INSERT INTO word_search (word_search_id, document_id, index_word, nbr_occurrences)
VALUES ('1329', '1321', 'coolest                                                                                             ', '2');
INSERT INTO word_search (word_search_id, document_id, index_word, nbr_occurrences)
VALUES ('1330', '1321', 'development                                                    ', '2');
--  Data for word_search_ctgy
INSERT INTO word_search_ctgy (word_srch_ctgy_id, category_id, document_id)
VALUES ('1326', 'DDECATALOG                                        ', '1321');
--  Data for word_search_doc
INSERT INTO word_search_doc (document_id)
VALUES ('1321');
-- Data for project
INSERT INTO project (project_id, project_status_id, project_category_id, create_user, create_date, modify_user, modify_date)
VALUES ('671', '1', '14', '132456', '2010-05-21 07:26:30.0', '132456', '2010-05-21 07:26:30.0');
--  Data for project_info
INSERT INTO project_info (project_id, project_info_type_id, value, create_user, create_date, modify_user, modify_date)
VALUES ('671', '1', '1343', '132456', '2010-05-21 07:26:30.0', '132456', '2010-05-21 07:26:30.0');
INSERT INTO project_info (project_id, project_info_type_id, value, create_user, create_date, modify_user, modify_date)
VALUES ('671', '2', '1341', '132456', '2010-05-21 07:26:30.0', '132456', '2010-05-21 07:26:30.0');
INSERT INTO project_info (project_id, project_info_type_id, value, create_user, create_date, modify_user, modify_date)
VALUES ('671', '3', '1', '132456', '2010-05-21 07:26:30.0', '132456', '2010-05-21 07:26:30.0');
INSERT INTO project_info (project_id, project_info_type_id, value, create_user, create_date, modify_user, modify_date)
VALUES ('671', '4', '0', '132456', '2010-05-21 07:26:30.0', '132456', '2010-05-21 07:26:30.0');
INSERT INTO project_info (project_id, project_info_type_id, value, create_user, create_date, modify_user, modify_date)
VALUES ('671', '5', '5801779', '132456', '2010-05-21 07:26:30.0', '132456', '2010-05-21 07:26:30.0');
INSERT INTO project_info (project_id, project_info_type_id, value, create_user, create_date, modify_user, modify_date)
VALUES ('671', '6', 'Component 68', '132456', '2010-05-21 07:26:30.0', '132456', '2010-05-21 07:26:30.0');
INSERT INTO project_info (project_id, project_info_type_id, value, create_user, create_date, modify_user, modify_date)
VALUES ('671', '7', '1.0                 ', '132456', '2010-05-21 07:26:30.0', '132456', '2010-05-21 07:26:30.0');
INSERT INTO project_info (project_id, project_info_type_id, value, create_user, create_date, modify_user, modify_date)
VALUES ('671', '9', 'Off', '132456', '2010-05-21 07:26:30.0', '132456', '2010-05-21 07:26:30.0');
INSERT INTO project_info (project_id, project_info_type_id, value, create_user, create_date, modify_user, modify_date)
VALUES ('671', '10', 'On', '132456', '2010-05-21 07:26:30.0', '132456', '2010-05-21 07:26:30.0');
INSERT INTO project_info (project_id, project_info_type_id, value, create_user, create_date, modify_user, modify_date)
VALUES ('671', '11', 'On', '132456', '2010-05-21 07:26:30.0', '132456', '2010-05-21 07:26:30.0');
INSERT INTO project_info (project_id, project_info_type_id, value, create_user, create_date, modify_user, modify_date)
VALUES ('671', '12', 'Yes', '132456', '2010-05-21 07:26:30.0', '132456', '2010-05-21 07:26:30.0');
INSERT INTO project_info (project_id, project_info_type_id, value, create_user, create_date, modify_user, modify_date)
VALUES ('671', '13', 'Yes', '132456', '2010-05-21 07:26:30.0', '132456', '2010-05-21 07:26:30.0');
INSERT INTO project_info (project_id, project_info_type_id, value, create_user, create_date, modify_user, modify_date)
VALUES ('671', '14', 'Open', '132456', '2010-05-21 07:26:30.0', '132456', '2010-05-21 07:26:30.0');
INSERT INTO project_info (project_id, project_info_type_id, value, create_user, create_date, modify_user, modify_date)
VALUES ('671', '16', '0.0', '132456', '2010-05-21 07:26:30.0', '132456', '2010-05-21 07:26:30.0');
INSERT INTO project_info (project_id, project_info_type_id, value, create_user, create_date, modify_user, modify_date)
VALUES ('671', '26', 'On', '132456', '2010-05-21 07:26:30.0', '132456', '2010-05-21 07:26:30.0');
INSERT INTO project_info (project_id, project_info_type_id, value, create_user, create_date, modify_user, modify_date)
VALUES ('671', '29', 'On', '132456', '2010-05-21 07:26:30.0', '132456', '2010-05-21 07:26:30.0');
INSERT INTO project_info (project_id, project_info_type_id, value, create_user, create_date, modify_user, modify_date)
VALUES ('671', '41', 'true', '132456', '2010-05-21 07:26:30.0', '132456', '2010-05-21 07:26:30.0');
INSERT INTO project_info (project_id, project_info_type_id, value, create_user, create_date, modify_user, modify_date)
VALUES ('671', '43', 'true', '132456', '2010-05-21 07:26:30.0', '132456', '2010-05-21 07:26:30.0');
--  Data for project_phase
INSERT INTO project_phase (project_phase_id, project_id, phase_type_id, phase_status_id, fixed_start_time, scheduled_start_time, scheduled_end_time, actual_start_time, actual_end_time, duration, create_user, create_date, modify_user, modify_date)
VALUES ('671', '671', '1', '1', '2010-05-27 09:00:00.0', '2010-05-27 09:00:00.0', '2010-06-01 09:00:00.0', NULL, NULL, '259200000', '132456', '2010-05-21 07:26:30.0', '132456', '2010-05-21 07:26:30.0');
INSERT INTO project_phase (project_phase_id, project_id, phase_type_id, phase_status_id, fixed_start_time, scheduled_start_time, scheduled_end_time, actual_start_time, actual_end_time, duration, create_user, create_date, modify_user, modify_date)
VALUES ('672', '671', '2', '1', '2010-05-27 09:00:00.0', '2010-05-27 09:00:00.0', '2010-06-07 09:00:00.0', NULL, NULL, '604800000', '132456', '2010-05-21 07:26:30.0', '132456', '2010-05-21 07:26:30.0');
INSERT INTO project_phase (project_phase_id, project_id, phase_type_id, phase_status_id, fixed_start_time, scheduled_start_time, scheduled_end_time, actual_start_time, actual_end_time, duration, create_user, create_date, modify_user, modify_date)
VALUES ('673', '671', '3', '1', '2010-06-07 09:00:00.0', '2010-06-07 09:00:00.0', '2010-06-08 09:00:00.0', NULL, NULL, '86400000', '132456', '2010-05-21 07:26:30.0', '132456', '2010-05-21 07:26:30.0');
INSERT INTO project_phase (project_phase_id, project_id, phase_type_id, phase_status_id, fixed_start_time, scheduled_start_time, scheduled_end_time, actual_start_time, actual_end_time, duration, create_user, create_date, modify_user, modify_date)
VALUES ('674', '671', '4', '1', '2010-06-08 09:00:00.0', '2010-06-08 09:00:00.0', '2010-06-14 09:00:00.0', NULL, NULL, '345600000', '132456', '2010-05-21 07:26:30.0', '132456', '2010-05-21 07:26:30.0');
INSERT INTO project_phase (project_phase_id, project_id, phase_type_id, phase_status_id, fixed_start_time, scheduled_start_time, scheduled_end_time, actual_start_time, actual_end_time, duration, create_user, create_date, modify_user, modify_date)
VALUES ('675', '671', '5', '1', '2010-06-14 09:00:00.0', '2010-06-14 09:00:00.0', '2010-06-15 09:00:00.0', NULL, NULL, '86400000', '132456', '2010-05-21 07:26:30.0', '132456', '2010-05-21 07:26:30.0');
INSERT INTO project_phase (project_phase_id, project_id, phase_type_id, phase_status_id, fixed_start_time, scheduled_start_time, scheduled_end_time, actual_start_time, actual_end_time, duration, create_user, create_date, modify_user, modify_date)
VALUES ('676', '671', '6', '1', '2010-06-15 09:00:00.0', '2010-06-15 09:00:00.0', '2010-06-16 09:00:00.0', NULL, NULL, '86400000', '132456', '2010-05-21 07:26:30.0', '132456', '2010-05-21 07:26:30.0');
INSERT INTO project_phase (project_phase_id, project_id, phase_type_id, phase_status_id, fixed_start_time, scheduled_start_time, scheduled_end_time, actual_start_time, actual_end_time, duration, create_user, create_date, modify_user, modify_date)
VALUES ('677', '671', '7', '1', '2010-06-16 09:00:00.0', '2010-06-16 09:00:00.0', '2010-06-16 21:00:00.0', NULL, NULL, '43200000', '132456', '2010-05-21 07:26:30.0', '132456', '2010-05-21 07:26:30.0');
INSERT INTO project_phase (project_phase_id, project_id, phase_type_id, phase_status_id, fixed_start_time, scheduled_start_time, scheduled_end_time, actual_start_time, actual_end_time, duration, create_user, create_date, modify_user, modify_date)
VALUES ('678', '671', '8', '1', '2010-06-16 21:00:00.0', '2010-06-16 21:00:00.0', '2010-06-17 09:00:00.0', NULL, NULL, '43200000', '132456', '2010-05-21 07:26:30.0', '132456', '2010-05-21 07:26:30.0');
INSERT INTO project_phase (project_phase_id, project_id, phase_type_id, phase_status_id, fixed_start_time, scheduled_start_time, scheduled_end_time, actual_start_time, actual_end_time, duration, create_user, create_date, modify_user, modify_date)
VALUES ('679', '671', '9', '1', '2010-06-17 09:00:00.0', '2010-06-17 09:00:00.0', '2010-06-22 09:00:00.0', NULL, NULL, '259200000', '132456', '2010-05-21 07:26:30.0', '132456', '2010-05-21 07:26:30.0');
INSERT INTO project_phase (project_phase_id, project_id, phase_type_id, phase_status_id, fixed_start_time, scheduled_start_time, scheduled_end_time, actual_start_time, actual_end_time, duration, create_user, create_date, modify_user, modify_date)
VALUES ('680', '671', '10', '1', '2010-06-22 09:00:00.0', '2010-06-22 09:00:00.0', '2010-06-23 09:00:00.0', NULL, NULL, '86400000', '132456', '2010-05-21 07:26:30.0', '132456', '2010-05-21 07:26:30.0');
--  Data for comp_catalog
INSERT INTO comp_catalog (component_id, current_version, short_desc, component_name, description, function_desc, create_time, status_id, root_category_id, modify_date, public_ind)
VALUES ('1341', '1', 'Coolest component ever', 'Component 68', 'Coolest component ever', 'Component', '2010-05-21 07:20:14.48', '102', '5801779', '2010-05-21 07:23:44.0', '0');
--  Data for comp_versions
INSERT INTO comp_versions (comp_vers_id, component_id, version, version_text, create_time, phase_id, phase_time, price, comments, modify_date,
                           suspended_ind)
VALUES ('1343', '1341', '1', '1.0                 ', '2010-05-21 07:20:14.48', '112', '1976-05-04 00:00:00.0', '1000.00', 'Cool', '2010-05-21 07:27:01.0', '0');
--  Data for comp_categories
INSERT INTO comp_categories (comp_categories_id, component_id, category_id)
VALUES ('1345', '1341', '11');
--  Data for comp_keywords
INSERT INTO comp_keywords (comp_keywords_id, component_id, keyword)
VALUES ('1351', '1341', 'assembly');
--  Data for comp_technology
INSERT INTO comp_technology (comp_tech_id, comp_vers_id, technology_type_id)
VALUES ('1352', '1343', '1');
--  Data for comp_documentation
INSERT INTO comp_documentation (document_id, comp_vers_id, document_type_id, document_name, url)
VALUES ('1353', '1343', '0', 'Requirements Specification', '1341/1343/MQTTBroker_Requirements_Specification.pdf');
--  Data for comp_jive_category_xref
INSERT INTO comp_jive_category_xref (comp_vers_id, jive_category_id)
VALUES ('1343', '0');
--  Data for comp_version_dates
INSERT INTO comp_version_dates (comp_version_dates_id, comp_vers_id, phase_id, posting_date, initial_submission_date, winner_announced_date, final_submission_date,
                                estimated_dev_date, price, total_submissions, status_id, create_time, level_id, screening_complete_date, review_complete_date,
                                aggregation_complete_date, phase_complete_date, production_date, aggregation_complete_date_comment, phase_complete_date_comment,
                                review_complete_date_comment, winner_announced_date_comment, initial_submission_date_comment, screening_complete_date_comment,
                                final_submission_date_comment, production_date_comment, modify_date)
VALUES ('1354', '1343', '112', '1976-05-05', '2000-01-01', '2000-01-01', 
        '2000-01-01', '2000-01-01', NULL, '0', '301', '2010-05-21 07:27:01.0', '100', '2000-01-01',
        '2000-01-01', '2000-01-01', '2000-01-01', '2010-12-01', 
        NULL, NULL, NULL, NULL, NULL, NULL, NULL, '', '2010-05-21 07:27:01.0');
--  Data for phase_criteria
INSERT INTO phase_criteria (project_phase_id, phase_criteria_type_id, parameter, create_user, create_date, modify_user, modify_date)
VALUES ('671', '2', '0', '132456', '2010-05-21 07:26:30.0', '132456', '2010-05-21 07:26:30.0');
INSERT INTO phase_criteria (project_phase_id, phase_criteria_type_id, parameter, create_user, create_date, modify_user, modify_date)
VALUES ('671', '5', 'No', '132456', '2010-05-21 07:26:30.0', '132456', '2010-05-21 07:26:30.0');
INSERT INTO phase_criteria (project_phase_id, phase_criteria_type_id, parameter, create_user, create_date, modify_user, modify_date)
VALUES ('672', '3', '0', '132456', '2010-05-21 07:26:30.0', '132456', '2010-05-21 07:26:30.0');
INSERT INTO phase_criteria (project_phase_id, phase_criteria_type_id, parameter, create_user, create_date, modify_user, modify_date)
VALUES ('672', '5', 'No', '132456', '2010-05-21 07:26:30.0', '132456', '2010-05-21 07:26:30.0');
INSERT INTO phase_criteria (project_phase_id, phase_criteria_type_id, parameter, create_user, create_date, modify_user, modify_date)
VALUES ('673', '5', 'No', '132456', '2010-05-21 07:26:30.0', '132456', '2010-05-21 07:26:30.0');
INSERT INTO phase_criteria (project_phase_id, phase_criteria_type_id, parameter, create_user, create_date, modify_user, modify_date)
VALUES ('673', '1', '30000410', '132456', '2010-05-21 07:26:30.0', '132456', '2010-05-21 07:26:30.0');
INSERT INTO phase_criteria (project_phase_id, phase_criteria_type_id, parameter, create_user, create_date, modify_user, modify_date)
VALUES ('674', '5', 'No', '132456', '2010-05-21 07:26:30.0', '132456', '2010-05-21 07:26:30.0');
INSERT INTO phase_criteria (project_phase_id, phase_criteria_type_id, parameter, create_user, create_date, modify_user, modify_date)
VALUES ('674', '1', '30000411', '132456', '2010-05-21 07:26:30.0', '132456', '2010-05-21 07:26:30.0');
INSERT INTO phase_criteria (project_phase_id, phase_criteria_type_id, parameter, create_user, create_date, modify_user, modify_date)
VALUES ('674', '6', '3', '132456', '2010-05-21 07:26:30.0', '132456', '2010-05-21 07:26:30.0');
INSERT INTO phase_criteria (project_phase_id, phase_criteria_type_id, parameter, create_user, create_date, modify_user, modify_date)
VALUES ('675', '5', 'No', '132456', '2010-05-21 07:26:30.0', '132456', '2010-05-21 07:26:30.0');
INSERT INTO phase_criteria (project_phase_id, phase_criteria_type_id, parameter, create_user, create_date, modify_user, modify_date)
VALUES ('675', '4', 'No', '132456', '2010-05-21 07:26:30.0', '132456', '2010-05-21 07:26:30.0');
INSERT INTO phase_criteria (project_phase_id, phase_criteria_type_id, parameter, create_user, create_date, modify_user, modify_date)
VALUES ('676', '5', 'No', '132456', '2010-05-21 07:26:30.0', '132456', '2010-05-21 07:26:30.0');
INSERT INTO phase_criteria (project_phase_id, phase_criteria_type_id, parameter, create_user, create_date, modify_user, modify_date)
VALUES ('677', '5', 'No', '132456', '2010-05-21 07:26:30.0', '132456', '2010-05-21 07:26:30.0');
INSERT INTO phase_criteria (project_phase_id, phase_criteria_type_id, parameter, create_user, create_date, modify_user, modify_date)
VALUES ('678', '5', 'No', '132456', '2010-05-21 07:26:30.0', '132456', '2010-05-21 07:26:30.0');
INSERT INTO phase_criteria (project_phase_id, phase_criteria_type_id, parameter, create_user, create_date, modify_user, modify_date)
VALUES ('679', '5', 'No', '132456', '2010-05-21 07:26:30.0', '132456', '2010-05-21 07:26:30.0');
INSERT INTO phase_criteria (project_phase_id, phase_criteria_type_id, parameter, create_user, create_date, modify_user, modify_date)
VALUES ('680', '5', 'No', '132456', '2010-05-21 07:26:30.0', '132456', '2010-05-21 07:26:30.0');
--  Data for phase_dependency
INSERT INTO phase_dependency (dependency_phase_id, dependent_phase_id, dependency_start, dependent_start, lag_time, create_user, create_date, modify_user, modify_date)
VALUES ('671', '672', '1', '1', '0', '132456', '2010-05-21 07:26:30.0', '132456', '2010-05-21 07:26:30.0');
INSERT INTO phase_dependency (dependency_phase_id, dependent_phase_id, dependency_start, dependent_start, lag_time, create_user, create_date, modify_user, modify_date)
VALUES ('672', '673', '0', '1', '0', '132456', '2010-05-21 07:26:30.0', '132456', '2010-05-21 07:26:30.0');
INSERT INTO phase_dependency (dependency_phase_id, dependent_phase_id, dependency_start, dependent_start, lag_time, create_user, create_date, modify_user, modify_date)
VALUES ('673', '674', '0', '1', '0', '132456', '2010-05-21 07:26:30.0', '132456', '2010-05-21 07:26:30.0');
INSERT INTO phase_dependency (dependency_phase_id, dependent_phase_id, dependency_start, dependent_start, lag_time, create_user, create_date, modify_user, modify_date)
VALUES ('674', '675', '0', '1', '0', '132456', '2010-05-21 07:26:30.0', '132456', '2010-05-21 07:26:30.0');
INSERT INTO phase_dependency (dependency_phase_id, dependent_phase_id, dependency_start, dependent_start, lag_time, create_user, create_date, modify_user, modify_date)
VALUES ('675', '676', '0', '1', '0', '132456', '2010-05-21 07:26:30.0', '132456', '2010-05-21 07:26:30.0');
INSERT INTO phase_dependency (dependency_phase_id, dependent_phase_id, dependency_start, dependent_start, lag_time, create_user, create_date, modify_user, modify_date)
VALUES ('676', '677', '0', '1', '0', '132456', '2010-05-21 07:26:30.0', '132456', '2010-05-21 07:26:30.0');
INSERT INTO phase_dependency (dependency_phase_id, dependent_phase_id, dependency_start, dependent_start, lag_time, create_user, create_date, modify_user, modify_date)
VALUES ('677', '678', '0', '1', '0', '132456', '2010-05-21 07:26:30.0', '132456', '2010-05-21 07:26:30.0');
INSERT INTO phase_dependency (dependency_phase_id, dependent_phase_id, dependency_start, dependent_start, lag_time, create_user, create_date, modify_user, modify_date)
VALUES ('678', '679', '0', '1', '0', '132456', '2010-05-21 07:26:30.0', '132456', '2010-05-21 07:26:30.0');
INSERT INTO phase_dependency (dependency_phase_id, dependent_phase_id, dependency_start, dependent_start, lag_time, create_user, create_date, modify_user, modify_date)
VALUES ('679', '680', '0', '1', '0', '132456', '2010-05-21 07:26:30.0', '132456', '2010-05-21 07:26:30.0');
--  Data for resource
INSERT INTO resource (resource_id, resource_role_id, project_id, project_phase_id, create_user, create_date, modify_user, modify_date)
VALUES ('671', '13', '671', NULL, '132456', '2010-05-21 07:26:30.0', '132456', '2010-05-21 07:26:30.0');
--  Data for resource_info
INSERT INTO resource_info (resource_id, resource_info_type_id, value, create_user, create_date, modify_user, modify_date)
VALUES ('671', '1', '132456', '132456', '2010-05-21 07:26:30.0', '132456', '2010-05-21 07:26:30.0');
INSERT INTO resource_info (resource_id, resource_info_type_id, value, create_user, create_date, modify_user, modify_date)
VALUES ('671', '2', 'heffan', '132456', '2010-05-21 07:26:30.0', '132456', '2010-05-21 07:26:30.0');
--  Data for user_role
INSERT INTO user_role (user_role_id, comp_vers_id, role_id, login_id, description)
VALUES ('1344', '1343', '1', '132456', '');
--  Data for word_search
INSERT INTO word_search (word_search_id, document_id, index_word, nbr_occurrences)
VALUES ('1347', '1341', 'ever                                                                                                ', '2');
INSERT INTO word_search (word_search_id, document_id, index_word, nbr_occurrences)
VALUES ('1348', '1341', 'component                                                                                           ', '4');
INSERT INTO word_search (word_search_id, document_id, index_word, nbr_occurrences)
VALUES ('1349', '1341', 'coolest                                                                                             ', '2');
INSERT INTO word_search (word_search_id, document_id, index_word, nbr_occurrences)
VALUES ('1350', '1341', 'assembly                                                    ', '2');
--  Data for word_search_ctgy
INSERT INTO word_search_ctgy (word_srch_ctgy_id, category_id, document_id)
VALUES ('1346', 'DDECATALOG                                        ', '1341');
--  Data for word_search_doc
INSERT INTO word_search_doc (document_id)
VALUES ('1341');
-- Data for project
INSERT INTO project (project_id, project_status_id, project_category_id, create_user, create_date, modify_user, modify_date)
VALUES ('681', '2', '1', '132456', '2010-05-21 07:26:30.0', '132456', '2010-05-21 07:26:30.0');
--  Data for project_info
INSERT INTO project_info (project_id, project_info_type_id, value, create_user, create_date, modify_user, modify_date)
VALUES ('681', '1', '1363', '132456', '2010-05-21 07:26:30.0', '132456', '2010-05-21 07:26:30.0');
INSERT INTO project_info (project_id, project_info_type_id, value, create_user, create_date, modify_user, modify_date)
VALUES ('681', '2', '1361', '132456', '2010-05-21 07:26:30.0', '132456', '2010-05-21 07:26:30.0');
INSERT INTO project_info (project_id, project_info_type_id, value, create_user, create_date, modify_user, modify_date)
VALUES ('681', '3', '1', '132456', '2010-05-21 07:26:30.0', '132456', '2010-05-21 07:26:30.0');
INSERT INTO project_info (project_id, project_info_type_id, value, create_user, create_date, modify_user, modify_date)
VALUES ('681', '4', '0', '132456', '2010-05-21 07:26:30.0', '132456', '2010-05-21 07:26:30.0');
INSERT INTO project_info (project_id, project_info_type_id, value, create_user, create_date, modify_user, modify_date)
VALUES ('681', '5', '5801778', '132456', '2010-05-21 07:26:30.0', '132456', '2010-05-21 07:26:30.0');
INSERT INTO project_info (project_id, project_info_type_id, value, create_user, create_date, modify_user, modify_date)
VALUES ('681', '6', 'Component 69', '132456', '2010-05-21 07:26:30.0', '132456', '2010-05-21 07:26:30.0');
INSERT INTO project_info (project_id, project_info_type_id, value, create_user, create_date, modify_user, modify_date)
VALUES ('681', '7', '1.0                 ', '132456', '2010-05-21 07:26:30.0', '132456', '2010-05-21 07:26:30.0');
INSERT INTO project_info (project_id, project_info_type_id, value, create_user, create_date, modify_user, modify_date)
VALUES ('681', '9', 'Off', '132456', '2010-05-21 07:26:30.0', '132456', '2010-05-21 07:26:30.0');
INSERT INTO project_info (project_id, project_info_type_id, value, create_user, create_date, modify_user, modify_date)
VALUES ('681', '10', 'On', '132456', '2010-05-21 07:26:30.0', '132456', '2010-05-21 07:26:30.0');
INSERT INTO project_info (project_id, project_info_type_id, value, create_user, create_date, modify_user, modify_date)
VALUES ('681', '11', 'On', '132456', '2010-05-21 07:26:30.0', '132456', '2010-05-21 07:26:30.0');
INSERT INTO project_info (project_id, project_info_type_id, value, create_user, create_date, modify_user, modify_date)
VALUES ('681', '12', 'Yes', '132456', '2010-05-21 07:26:30.0', '132456', '2010-05-21 07:26:30.0');
INSERT INTO project_info (project_id, project_info_type_id, value, create_user, create_date, modify_user, modify_date)
VALUES ('681', '13', 'Yes', '132456', '2010-05-21 07:26:30.0', '132456', '2010-05-21 07:26:30.0');
INSERT INTO project_info (project_id, project_info_type_id, value, create_user, create_date, modify_user, modify_date)
VALUES ('681', '14', 'Open', '132456', '2010-05-21 07:26:30.0', '132456', '2010-05-21 07:26:30.0');
INSERT INTO project_info (project_id, project_info_type_id, value, create_user, create_date, modify_user, modify_date)
VALUES ('681', '16', '0.0', '132456', '2010-05-21 07:26:30.0', '132456', '2010-05-21 07:26:30.0');
INSERT INTO project_info (project_id, project_info_type_id, value, create_user, create_date, modify_user, modify_date)
VALUES ('681', '26', 'On', '132456', '2010-05-21 07:26:30.0', '132456', '2010-05-21 07:26:30.0');
INSERT INTO project_info (project_id, project_info_type_id, value, create_user, create_date, modify_user, modify_date)
VALUES ('681', '29', 'On', '132456', '2010-05-21 07:26:30.0', '132456', '2010-05-21 07:26:30.0');
INSERT INTO project_info (project_id, project_info_type_id, value, create_user, create_date, modify_user, modify_date)
VALUES ('681', '41', 'true', '132456', '2010-05-21 07:26:30.0', '132456', '2010-05-21 07:26:30.0');
INSERT INTO project_info (project_id, project_info_type_id, value, create_user, create_date, modify_user, modify_date)
VALUES ('681', '43', 'true', '132456', '2010-05-21 07:26:30.0', '132456', '2010-05-21 07:26:30.0');
--  Data for project_phase
INSERT INTO project_phase (project_phase_id, project_id, phase_type_id, phase_status_id, fixed_start_time, scheduled_start_time, scheduled_end_time, actual_start_time, actual_end_time, duration, create_user, create_date, modify_user, modify_date)
VALUES ('681', '681', '1', '1', '2010-05-27 09:00:00.0', '2010-05-27 09:00:00.0', '2010-06-01 09:00:00.0', NULL, NULL, '259200000', '132456', '2010-05-21 07:26:30.0', '132456', '2010-05-21 07:26:30.0');
INSERT INTO project_phase (project_phase_id, project_id, phase_type_id, phase_status_id, fixed_start_time, scheduled_start_time, scheduled_end_time, actual_start_time, actual_end_time, duration, create_user, create_date, modify_user, modify_date)
VALUES ('682', '681', '2', '1', '2010-05-27 09:00:00.0', '2010-05-27 09:00:00.0', '2010-06-07 09:00:00.0', NULL, NULL, '604800000', '132456', '2010-05-21 07:26:30.0', '132456', '2010-05-21 07:26:30.0');
INSERT INTO project_phase (project_phase_id, project_id, phase_type_id, phase_status_id, fixed_start_time, scheduled_start_time, scheduled_end_time, actual_start_time, actual_end_time, duration, create_user, create_date, modify_user, modify_date)
VALUES ('683', '681', '3', '1', '2010-06-07 09:00:00.0', '2010-06-07 09:00:00.0', '2010-06-08 09:00:00.0', NULL, NULL, '86400000', '132456', '2010-05-21 07:26:30.0', '132456', '2010-05-21 07:26:30.0');
INSERT INTO project_phase (project_phase_id, project_id, phase_type_id, phase_status_id, fixed_start_time, scheduled_start_time, scheduled_end_time, actual_start_time, actual_end_time, duration, create_user, create_date, modify_user, modify_date)
VALUES ('684', '681', '4', '1', '2010-06-08 09:00:00.0', '2010-06-08 09:00:00.0', '2010-06-14 09:00:00.0', NULL, NULL, '345600000', '132456', '2010-05-21 07:26:30.0', '132456', '2010-05-21 07:26:30.0');
INSERT INTO project_phase (project_phase_id, project_id, phase_type_id, phase_status_id, fixed_start_time, scheduled_start_time, scheduled_end_time, actual_start_time, actual_end_time, duration, create_user, create_date, modify_user, modify_date)
VALUES ('685', '681', '5', '1', '2010-06-14 09:00:00.0', '2010-06-14 09:00:00.0', '2010-06-15 09:00:00.0', NULL, NULL, '86400000', '132456', '2010-05-21 07:26:30.0', '132456', '2010-05-21 07:26:30.0');
INSERT INTO project_phase (project_phase_id, project_id, phase_type_id, phase_status_id, fixed_start_time, scheduled_start_time, scheduled_end_time, actual_start_time, actual_end_time, duration, create_user, create_date, modify_user, modify_date)
VALUES ('686', '681', '6', '1', '2010-06-15 09:00:00.0', '2010-06-15 09:00:00.0', '2010-06-16 09:00:00.0', NULL, NULL, '86400000', '132456', '2010-05-21 07:26:30.0', '132456', '2010-05-21 07:26:30.0');
INSERT INTO project_phase (project_phase_id, project_id, phase_type_id, phase_status_id, fixed_start_time, scheduled_start_time, scheduled_end_time, actual_start_time, actual_end_time, duration, create_user, create_date, modify_user, modify_date)
VALUES ('687', '681', '7', '1', '2010-06-16 09:00:00.0', '2010-06-16 09:00:00.0', '2010-06-16 21:00:00.0', NULL, NULL, '43200000', '132456', '2010-05-21 07:26:30.0', '132456', '2010-05-21 07:26:30.0');
INSERT INTO project_phase (project_phase_id, project_id, phase_type_id, phase_status_id, fixed_start_time, scheduled_start_time, scheduled_end_time, actual_start_time, actual_end_time, duration, create_user, create_date, modify_user, modify_date)
VALUES ('688', '681', '8', '1', '2010-06-16 21:00:00.0', '2010-06-16 21:00:00.0', '2010-06-17 09:00:00.0', NULL, NULL, '43200000', '132456', '2010-05-21 07:26:30.0', '132456', '2010-05-21 07:26:30.0');
INSERT INTO project_phase (project_phase_id, project_id, phase_type_id, phase_status_id, fixed_start_time, scheduled_start_time, scheduled_end_time, actual_start_time, actual_end_time, duration, create_user, create_date, modify_user, modify_date)
VALUES ('689', '681', '9', '1', '2010-06-17 09:00:00.0', '2010-06-17 09:00:00.0', '2010-06-22 09:00:00.0', NULL, NULL, '259200000', '132456', '2010-05-21 07:26:30.0', '132456', '2010-05-21 07:26:30.0');
INSERT INTO project_phase (project_phase_id, project_id, phase_type_id, phase_status_id, fixed_start_time, scheduled_start_time, scheduled_end_time, actual_start_time, actual_end_time, duration, create_user, create_date, modify_user, modify_date)
VALUES ('690', '681', '10', '1', '2010-06-22 09:00:00.0', '2010-06-22 09:00:00.0', '2010-06-23 09:00:00.0', NULL, NULL, '86400000', '132456', '2010-05-21 07:26:30.0', '132456', '2010-05-21 07:26:30.0');
--  Data for comp_catalog
INSERT INTO comp_catalog (component_id, current_version, short_desc, component_name, description, function_desc, create_time, status_id, root_category_id, modify_date, public_ind)
VALUES ('1361', '1', 'Coolest component ever', 'Component 69', 'Coolest component ever', 'Component', '2010-05-21 07:20:14.48', '102', '5801778', '2010-05-21 07:23:44.0', '0');
--  Data for comp_versions
INSERT INTO comp_versions (comp_vers_id, component_id, version, version_text, create_time, phase_id, phase_time, price, comments, modify_date,
                           suspended_ind)
VALUES ('1363', '1361', '1', '1.0                 ', '2010-05-21 07:20:14.48', '112', '1976-05-04 00:00:00.0', '1000.00', 'Cool', '2010-05-21 07:27:01.0', '0');
--  Data for comp_categories
INSERT INTO comp_categories (comp_categories_id, component_id, category_id)
VALUES ('1365', '1361', '11');
--  Data for comp_keywords
INSERT INTO comp_keywords (comp_keywords_id, component_id, keyword)
VALUES ('1371', '1361', 'design');
--  Data for comp_technology
INSERT INTO comp_technology (comp_tech_id, comp_vers_id, technology_type_id)
VALUES ('1372', '1363', '1');
--  Data for comp_documentation
INSERT INTO comp_documentation (document_id, comp_vers_id, document_type_id, document_name, url)
VALUES ('1373', '1363', '0', 'Requirements Specification', '1361/1363/MQTTBroker_Requirements_Specification.pdf');
--  Data for comp_jive_category_xref
INSERT INTO comp_jive_category_xref (comp_vers_id, jive_category_id)
VALUES ('1363', '0');
--  Data for comp_version_dates
INSERT INTO comp_version_dates (comp_version_dates_id, comp_vers_id, phase_id, posting_date, initial_submission_date, winner_announced_date, final_submission_date,
                                estimated_dev_date, price, total_submissions, status_id, create_time, level_id, screening_complete_date, review_complete_date,
                                aggregation_complete_date, phase_complete_date, production_date, aggregation_complete_date_comment, phase_complete_date_comment,
                                review_complete_date_comment, winner_announced_date_comment, initial_submission_date_comment, screening_complete_date_comment,
                                final_submission_date_comment, production_date_comment, modify_date)
VALUES ('1374', '1363', '112', '1976-05-05', '2000-01-01', '2000-01-01', 
        '2000-01-01', '2000-01-01', NULL, '0', '301', '2010-05-21 07:27:01.0', '100', '2000-01-01',
        '2000-01-01', '2000-01-01', '2000-01-01', '2010-12-01', 
        NULL, NULL, NULL, NULL, NULL, NULL, NULL, '', '2010-05-21 07:27:01.0');
--  Data for phase_criteria
INSERT INTO phase_criteria (project_phase_id, phase_criteria_type_id, parameter, create_user, create_date, modify_user, modify_date)
VALUES ('681', '2', '0', '132456', '2010-05-21 07:26:30.0', '132456', '2010-05-21 07:26:30.0');
INSERT INTO phase_criteria (project_phase_id, phase_criteria_type_id, parameter, create_user, create_date, modify_user, modify_date)
VALUES ('681', '5', 'No', '132456', '2010-05-21 07:26:30.0', '132456', '2010-05-21 07:26:30.0');
INSERT INTO phase_criteria (project_phase_id, phase_criteria_type_id, parameter, create_user, create_date, modify_user, modify_date)
VALUES ('682', '3', '0', '132456', '2010-05-21 07:26:30.0', '132456', '2010-05-21 07:26:30.0');
INSERT INTO phase_criteria (project_phase_id, phase_criteria_type_id, parameter, create_user, create_date, modify_user, modify_date)
VALUES ('682', '5', 'No', '132456', '2010-05-21 07:26:30.0', '132456', '2010-05-21 07:26:30.0');
INSERT INTO phase_criteria (project_phase_id, phase_criteria_type_id, parameter, create_user, create_date, modify_user, modify_date)
VALUES ('683', '5', 'No', '132456', '2010-05-21 07:26:30.0', '132456', '2010-05-21 07:26:30.0');
INSERT INTO phase_criteria (project_phase_id, phase_criteria_type_id, parameter, create_user, create_date, modify_user, modify_date)
VALUES ('683', '1', '30000410', '132456', '2010-05-21 07:26:30.0', '132456', '2010-05-21 07:26:30.0');
INSERT INTO phase_criteria (project_phase_id, phase_criteria_type_id, parameter, create_user, create_date, modify_user, modify_date)
VALUES ('684', '5', 'No', '132456', '2010-05-21 07:26:30.0', '132456', '2010-05-21 07:26:30.0');
INSERT INTO phase_criteria (project_phase_id, phase_criteria_type_id, parameter, create_user, create_date, modify_user, modify_date)
VALUES ('684', '1', '30000411', '132456', '2010-05-21 07:26:30.0', '132456', '2010-05-21 07:26:30.0');
INSERT INTO phase_criteria (project_phase_id, phase_criteria_type_id, parameter, create_user, create_date, modify_user, modify_date)
VALUES ('684', '6', '3', '132456', '2010-05-21 07:26:30.0', '132456', '2010-05-21 07:26:30.0');
INSERT INTO phase_criteria (project_phase_id, phase_criteria_type_id, parameter, create_user, create_date, modify_user, modify_date)
VALUES ('685', '5', 'No', '132456', '2010-05-21 07:26:30.0', '132456', '2010-05-21 07:26:30.0');
INSERT INTO phase_criteria (project_phase_id, phase_criteria_type_id, parameter, create_user, create_date, modify_user, modify_date)
VALUES ('685', '4', 'No', '132456', '2010-05-21 07:26:30.0', '132456', '2010-05-21 07:26:30.0');
INSERT INTO phase_criteria (project_phase_id, phase_criteria_type_id, parameter, create_user, create_date, modify_user, modify_date)
VALUES ('686', '5', 'No', '132456', '2010-05-21 07:26:30.0', '132456', '2010-05-21 07:26:30.0');
INSERT INTO phase_criteria (project_phase_id, phase_criteria_type_id, parameter, create_user, create_date, modify_user, modify_date)
VALUES ('687', '5', 'No', '132456', '2010-05-21 07:26:30.0', '132456', '2010-05-21 07:26:30.0');
INSERT INTO phase_criteria (project_phase_id, phase_criteria_type_id, parameter, create_user, create_date, modify_user, modify_date)
VALUES ('688', '5', 'No', '132456', '2010-05-21 07:26:30.0', '132456', '2010-05-21 07:26:30.0');
INSERT INTO phase_criteria (project_phase_id, phase_criteria_type_id, parameter, create_user, create_date, modify_user, modify_date)
VALUES ('689', '5', 'No', '132456', '2010-05-21 07:26:30.0', '132456', '2010-05-21 07:26:30.0');
INSERT INTO phase_criteria (project_phase_id, phase_criteria_type_id, parameter, create_user, create_date, modify_user, modify_date)
VALUES ('690', '5', 'No', '132456', '2010-05-21 07:26:30.0', '132456', '2010-05-21 07:26:30.0');
--  Data for phase_dependency
INSERT INTO phase_dependency (dependency_phase_id, dependent_phase_id, dependency_start, dependent_start, lag_time, create_user, create_date, modify_user, modify_date)
VALUES ('681', '682', '1', '1', '0', '132456', '2010-05-21 07:26:30.0', '132456', '2010-05-21 07:26:30.0');
INSERT INTO phase_dependency (dependency_phase_id, dependent_phase_id, dependency_start, dependent_start, lag_time, create_user, create_date, modify_user, modify_date)
VALUES ('682', '683', '0', '1', '0', '132456', '2010-05-21 07:26:30.0', '132456', '2010-05-21 07:26:30.0');
INSERT INTO phase_dependency (dependency_phase_id, dependent_phase_id, dependency_start, dependent_start, lag_time, create_user, create_date, modify_user, modify_date)
VALUES ('683', '684', '0', '1', '0', '132456', '2010-05-21 07:26:30.0', '132456', '2010-05-21 07:26:30.0');
INSERT INTO phase_dependency (dependency_phase_id, dependent_phase_id, dependency_start, dependent_start, lag_time, create_user, create_date, modify_user, modify_date)
VALUES ('684', '685', '0', '1', '0', '132456', '2010-05-21 07:26:30.0', '132456', '2010-05-21 07:26:30.0');
INSERT INTO phase_dependency (dependency_phase_id, dependent_phase_id, dependency_start, dependent_start, lag_time, create_user, create_date, modify_user, modify_date)
VALUES ('685', '686', '0', '1', '0', '132456', '2010-05-21 07:26:30.0', '132456', '2010-05-21 07:26:30.0');
INSERT INTO phase_dependency (dependency_phase_id, dependent_phase_id, dependency_start, dependent_start, lag_time, create_user, create_date, modify_user, modify_date)
VALUES ('686', '687', '0', '1', '0', '132456', '2010-05-21 07:26:30.0', '132456', '2010-05-21 07:26:30.0');
INSERT INTO phase_dependency (dependency_phase_id, dependent_phase_id, dependency_start, dependent_start, lag_time, create_user, create_date, modify_user, modify_date)
VALUES ('687', '688', '0', '1', '0', '132456', '2010-05-21 07:26:30.0', '132456', '2010-05-21 07:26:30.0');
INSERT INTO phase_dependency (dependency_phase_id, dependent_phase_id, dependency_start, dependent_start, lag_time, create_user, create_date, modify_user, modify_date)
VALUES ('688', '689', '0', '1', '0', '132456', '2010-05-21 07:26:30.0', '132456', '2010-05-21 07:26:30.0');
INSERT INTO phase_dependency (dependency_phase_id, dependent_phase_id, dependency_start, dependent_start, lag_time, create_user, create_date, modify_user, modify_date)
VALUES ('689', '690', '0', '1', '0', '132456', '2010-05-21 07:26:30.0', '132456', '2010-05-21 07:26:30.0');
--  Data for resource
INSERT INTO resource (resource_id, resource_role_id, project_id, project_phase_id, create_user, create_date, modify_user, modify_date)
VALUES ('681', '13', '681', NULL, '132456', '2010-05-21 07:26:30.0', '132456', '2010-05-21 07:26:30.0');
--  Data for resource_info
INSERT INTO resource_info (resource_id, resource_info_type_id, value, create_user, create_date, modify_user, modify_date)
VALUES ('681', '1', '132456', '132456', '2010-05-21 07:26:30.0', '132456', '2010-05-21 07:26:30.0');
INSERT INTO resource_info (resource_id, resource_info_type_id, value, create_user, create_date, modify_user, modify_date)
VALUES ('681', '2', 'heffan', '132456', '2010-05-21 07:26:30.0', '132456', '2010-05-21 07:26:30.0');
--  Data for user_role
INSERT INTO user_role (user_role_id, comp_vers_id, role_id, login_id, description)
VALUES ('1364', '1363', '1', '132456', '');
--  Data for word_search
INSERT INTO word_search (word_search_id, document_id, index_word, nbr_occurrences)
VALUES ('1367', '1361', 'ever                                                                                                ', '2');
INSERT INTO word_search (word_search_id, document_id, index_word, nbr_occurrences)
VALUES ('1368', '1361', 'component                                                                                           ', '4');
INSERT INTO word_search (word_search_id, document_id, index_word, nbr_occurrences)
VALUES ('1369', '1361', 'coolest                                                                                             ', '2');
INSERT INTO word_search (word_search_id, document_id, index_word, nbr_occurrences)
VALUES ('1370', '1361', 'design                                                    ', '2');
--  Data for word_search_ctgy
INSERT INTO word_search_ctgy (word_srch_ctgy_id, category_id, document_id)
VALUES ('1366', 'DDECATALOG                                        ', '1361');
--  Data for word_search_doc
INSERT INTO word_search_doc (document_id)
VALUES ('1361');
-- Data for project
INSERT INTO project (project_id, project_status_id, project_category_id, create_user, create_date, modify_user, modify_date)
VALUES ('691', '1', '2', '132457', '2010-05-21 07:26:30.0', '132457', '2010-05-21 07:26:30.0');
--  Data for project_info
INSERT INTO project_info (project_id, project_info_type_id, value, create_user, create_date, modify_user, modify_date)
VALUES ('691', '1', '1383', '132457', '2010-05-21 07:26:30.0', '132457', '2010-05-21 07:26:30.0');
INSERT INTO project_info (project_id, project_info_type_id, value, create_user, create_date, modify_user, modify_date)
VALUES ('691', '2', '1381', '132457', '2010-05-21 07:26:30.0', '132457', '2010-05-21 07:26:30.0');
INSERT INTO project_info (project_id, project_info_type_id, value, create_user, create_date, modify_user, modify_date)
VALUES ('691', '3', '1', '132457', '2010-05-21 07:26:30.0', '132457', '2010-05-21 07:26:30.0');
INSERT INTO project_info (project_id, project_info_type_id, value, create_user, create_date, modify_user, modify_date)
VALUES ('691', '4', '0', '132457', '2010-05-21 07:26:30.0', '132457', '2010-05-21 07:26:30.0');
INSERT INTO project_info (project_id, project_info_type_id, value, create_user, create_date, modify_user, modify_date)
VALUES ('691', '5', '5801778', '132457', '2010-05-21 07:26:30.0', '132457', '2010-05-21 07:26:30.0');
INSERT INTO project_info (project_id, project_info_type_id, value, create_user, create_date, modify_user, modify_date)
VALUES ('691', '6', 'Component 70', '132457', '2010-05-21 07:26:30.0', '132457', '2010-05-21 07:26:30.0');
INSERT INTO project_info (project_id, project_info_type_id, value, create_user, create_date, modify_user, modify_date)
VALUES ('691', '7', '1.0                 ', '132457', '2010-05-21 07:26:30.0', '132457', '2010-05-21 07:26:30.0');
INSERT INTO project_info (project_id, project_info_type_id, value, create_user, create_date, modify_user, modify_date)
VALUES ('691', '9', 'Off', '132457', '2010-05-21 07:26:30.0', '132457', '2010-05-21 07:26:30.0');
INSERT INTO project_info (project_id, project_info_type_id, value, create_user, create_date, modify_user, modify_date)
VALUES ('691', '10', 'On', '132457', '2010-05-21 07:26:30.0', '132457', '2010-05-21 07:26:30.0');
INSERT INTO project_info (project_id, project_info_type_id, value, create_user, create_date, modify_user, modify_date)
VALUES ('691', '11', 'On', '132457', '2010-05-21 07:26:30.0', '132457', '2010-05-21 07:26:30.0');
INSERT INTO project_info (project_id, project_info_type_id, value, create_user, create_date, modify_user, modify_date)
VALUES ('691', '12', 'Yes', '132457', '2010-05-21 07:26:30.0', '132457', '2010-05-21 07:26:30.0');
INSERT INTO project_info (project_id, project_info_type_id, value, create_user, create_date, modify_user, modify_date)
VALUES ('691', '13', 'Yes', '132457', '2010-05-21 07:26:30.0', '132457', '2010-05-21 07:26:30.0');
INSERT INTO project_info (project_id, project_info_type_id, value, create_user, create_date, modify_user, modify_date)
VALUES ('691', '14', 'Open', '132457', '2010-05-21 07:26:30.0', '132457', '2010-05-21 07:26:30.0');
INSERT INTO project_info (project_id, project_info_type_id, value, create_user, create_date, modify_user, modify_date)
VALUES ('691', '16', '0.0', '132457', '2010-05-21 07:26:30.0', '132457', '2010-05-21 07:26:30.0');
INSERT INTO project_info (project_id, project_info_type_id, value, create_user, create_date, modify_user, modify_date)
VALUES ('691', '26', 'On', '132457', '2010-05-21 07:26:30.0', '132457', '2010-05-21 07:26:30.0');
INSERT INTO project_info (project_id, project_info_type_id, value, create_user, create_date, modify_user, modify_date)
VALUES ('691', '29', 'On', '132457', '2010-05-21 07:26:30.0', '132457', '2010-05-21 07:26:30.0');
INSERT INTO project_info (project_id, project_info_type_id, value, create_user, create_date, modify_user, modify_date)
VALUES ('691', '41', 'true', '132457', '2010-05-21 07:26:30.0', '132457', '2010-05-21 07:26:30.0');
INSERT INTO project_info (project_id, project_info_type_id, value, create_user, create_date, modify_user, modify_date)
VALUES ('691', '43', 'true', '132457', '2010-05-21 07:26:30.0', '132457', '2010-05-21 07:26:30.0');
--  Data for project_phase
INSERT INTO project_phase (project_phase_id, project_id, phase_type_id, phase_status_id, fixed_start_time, scheduled_start_time, scheduled_end_time, actual_start_time, actual_end_time, duration, create_user, create_date, modify_user, modify_date)
VALUES ('691', '691', '1', '1', '2010-05-27 09:00:00.0', '2010-05-27 09:00:00.0', '2010-06-01 09:00:00.0', NULL, NULL, '259200000', '132457', '2010-05-21 07:26:30.0', '132457', '2010-05-21 07:26:30.0');
INSERT INTO project_phase (project_phase_id, project_id, phase_type_id, phase_status_id, fixed_start_time, scheduled_start_time, scheduled_end_time, actual_start_time, actual_end_time, duration, create_user, create_date, modify_user, modify_date)
VALUES ('692', '691', '2', '1', '2010-05-27 09:00:00.0', '2010-05-27 09:00:00.0', '2010-06-07 09:00:00.0', NULL, NULL, '604800000', '132457', '2010-05-21 07:26:30.0', '132457', '2010-05-21 07:26:30.0');
INSERT INTO project_phase (project_phase_id, project_id, phase_type_id, phase_status_id, fixed_start_time, scheduled_start_time, scheduled_end_time, actual_start_time, actual_end_time, duration, create_user, create_date, modify_user, modify_date)
VALUES ('693', '691', '3', '1', '2010-06-07 09:00:00.0', '2010-06-07 09:00:00.0', '2010-06-08 09:00:00.0', NULL, NULL, '86400000', '132457', '2010-05-21 07:26:30.0', '132457', '2010-05-21 07:26:30.0');
INSERT INTO project_phase (project_phase_id, project_id, phase_type_id, phase_status_id, fixed_start_time, scheduled_start_time, scheduled_end_time, actual_start_time, actual_end_time, duration, create_user, create_date, modify_user, modify_date)
VALUES ('694', '691', '4', '1', '2010-06-08 09:00:00.0', '2010-06-08 09:00:00.0', '2010-06-14 09:00:00.0', NULL, NULL, '345600000', '132457', '2010-05-21 07:26:30.0', '132457', '2010-05-21 07:26:30.0');
INSERT INTO project_phase (project_phase_id, project_id, phase_type_id, phase_status_id, fixed_start_time, scheduled_start_time, scheduled_end_time, actual_start_time, actual_end_time, duration, create_user, create_date, modify_user, modify_date)
VALUES ('695', '691', '5', '1', '2010-06-14 09:00:00.0', '2010-06-14 09:00:00.0', '2010-06-15 09:00:00.0', NULL, NULL, '86400000', '132457', '2010-05-21 07:26:30.0', '132457', '2010-05-21 07:26:30.0');
INSERT INTO project_phase (project_phase_id, project_id, phase_type_id, phase_status_id, fixed_start_time, scheduled_start_time, scheduled_end_time, actual_start_time, actual_end_time, duration, create_user, create_date, modify_user, modify_date)
VALUES ('696', '691', '6', '1', '2010-06-15 09:00:00.0', '2010-06-15 09:00:00.0', '2010-06-16 09:00:00.0', NULL, NULL, '86400000', '132457', '2010-05-21 07:26:30.0', '132457', '2010-05-21 07:26:30.0');
INSERT INTO project_phase (project_phase_id, project_id, phase_type_id, phase_status_id, fixed_start_time, scheduled_start_time, scheduled_end_time, actual_start_time, actual_end_time, duration, create_user, create_date, modify_user, modify_date)
VALUES ('697', '691', '7', '1', '2010-06-16 09:00:00.0', '2010-06-16 09:00:00.0', '2010-06-16 21:00:00.0', NULL, NULL, '43200000', '132457', '2010-05-21 07:26:30.0', '132457', '2010-05-21 07:26:30.0');
INSERT INTO project_phase (project_phase_id, project_id, phase_type_id, phase_status_id, fixed_start_time, scheduled_start_time, scheduled_end_time, actual_start_time, actual_end_time, duration, create_user, create_date, modify_user, modify_date)
VALUES ('698', '691', '8', '1', '2010-06-16 21:00:00.0', '2010-06-16 21:00:00.0', '2010-06-17 09:00:00.0', NULL, NULL, '43200000', '132457', '2010-05-21 07:26:30.0', '132457', '2010-05-21 07:26:30.0');
INSERT INTO project_phase (project_phase_id, project_id, phase_type_id, phase_status_id, fixed_start_time, scheduled_start_time, scheduled_end_time, actual_start_time, actual_end_time, duration, create_user, create_date, modify_user, modify_date)
VALUES ('699', '691', '9', '1', '2010-06-17 09:00:00.0', '2010-06-17 09:00:00.0', '2010-06-22 09:00:00.0', NULL, NULL, '259200000', '132457', '2010-05-21 07:26:30.0', '132457', '2010-05-21 07:26:30.0');
INSERT INTO project_phase (project_phase_id, project_id, phase_type_id, phase_status_id, fixed_start_time, scheduled_start_time, scheduled_end_time, actual_start_time, actual_end_time, duration, create_user, create_date, modify_user, modify_date)
VALUES ('700', '691', '10', '1', '2010-06-22 09:00:00.0', '2010-06-22 09:00:00.0', '2010-06-23 09:00:00.0', NULL, NULL, '86400000', '132457', '2010-05-21 07:26:30.0', '132457', '2010-05-21 07:26:30.0');
--  Data for comp_catalog
INSERT INTO comp_catalog (component_id, current_version, short_desc, component_name, description, function_desc, create_time, status_id, root_category_id, modify_date, public_ind)
VALUES ('1381', '1', 'Coolest component ever', 'Component 70', 'Coolest component ever', 'Component', '2010-05-21 07:20:14.48', '102', '5801778', '2010-05-21 07:23:44.0', '0');
--  Data for comp_versions
INSERT INTO comp_versions (comp_vers_id, component_id, version, version_text, create_time, phase_id, phase_time, price, comments, modify_date,
                           suspended_ind)
VALUES ('1383', '1381', '1', '1.0                 ', '2010-05-21 07:20:14.48', '112', '1976-05-04 00:00:00.0', '1000.00', 'Cool', '2010-05-21 07:27:01.0', '0');
--  Data for comp_categories
INSERT INTO comp_categories (comp_categories_id, component_id, category_id)
VALUES ('1385', '1381', '11');
--  Data for comp_keywords
INSERT INTO comp_keywords (comp_keywords_id, component_id, keyword)
VALUES ('1391', '1381', 'development');
--  Data for comp_technology
INSERT INTO comp_technology (comp_tech_id, comp_vers_id, technology_type_id)
VALUES ('1392', '1383', '1');
--  Data for comp_documentation
INSERT INTO comp_documentation (document_id, comp_vers_id, document_type_id, document_name, url)
VALUES ('1393', '1383', '0', 'Requirements Specification', '1381/1383/MQTTBroker_Requirements_Specification.pdf');
--  Data for comp_jive_category_xref
INSERT INTO comp_jive_category_xref (comp_vers_id, jive_category_id)
VALUES ('1383', '0');
--  Data for comp_version_dates
INSERT INTO comp_version_dates (comp_version_dates_id, comp_vers_id, phase_id, posting_date, initial_submission_date, winner_announced_date, final_submission_date,
                                estimated_dev_date, price, total_submissions, status_id, create_time, level_id, screening_complete_date, review_complete_date,
                                aggregation_complete_date, phase_complete_date, production_date, aggregation_complete_date_comment, phase_complete_date_comment,
                                review_complete_date_comment, winner_announced_date_comment, initial_submission_date_comment, screening_complete_date_comment,
                                final_submission_date_comment, production_date_comment, modify_date)
VALUES ('1394', '1383', '112', '1976-05-05', '2000-01-01', '2000-01-01', 
        '2000-01-01', '2000-01-01', NULL, '0', '301', '2010-05-21 07:27:01.0', '100', '2000-01-01',
        '2000-01-01', '2000-01-01', '2000-01-01', '2010-12-01', 
        NULL, NULL, NULL, NULL, NULL, NULL, NULL, '', '2010-05-21 07:27:01.0');
--  Data for phase_criteria
INSERT INTO phase_criteria (project_phase_id, phase_criteria_type_id, parameter, create_user, create_date, modify_user, modify_date)
VALUES ('691', '2', '0', '132457', '2010-05-21 07:26:30.0', '132457', '2010-05-21 07:26:30.0');
INSERT INTO phase_criteria (project_phase_id, phase_criteria_type_id, parameter, create_user, create_date, modify_user, modify_date)
VALUES ('691', '5', 'No', '132457', '2010-05-21 07:26:30.0', '132457', '2010-05-21 07:26:30.0');
INSERT INTO phase_criteria (project_phase_id, phase_criteria_type_id, parameter, create_user, create_date, modify_user, modify_date)
VALUES ('692', '3', '0', '132457', '2010-05-21 07:26:30.0', '132457', '2010-05-21 07:26:30.0');
INSERT INTO phase_criteria (project_phase_id, phase_criteria_type_id, parameter, create_user, create_date, modify_user, modify_date)
VALUES ('692', '5', 'No', '132457', '2010-05-21 07:26:30.0', '132457', '2010-05-21 07:26:30.0');
INSERT INTO phase_criteria (project_phase_id, phase_criteria_type_id, parameter, create_user, create_date, modify_user, modify_date)
VALUES ('693', '5', 'No', '132457', '2010-05-21 07:26:30.0', '132457', '2010-05-21 07:26:30.0');
INSERT INTO phase_criteria (project_phase_id, phase_criteria_type_id, parameter, create_user, create_date, modify_user, modify_date)
VALUES ('693', '1', '30000410', '132457', '2010-05-21 07:26:30.0', '132457', '2010-05-21 07:26:30.0');
INSERT INTO phase_criteria (project_phase_id, phase_criteria_type_id, parameter, create_user, create_date, modify_user, modify_date)
VALUES ('694', '5', 'No', '132457', '2010-05-21 07:26:30.0', '132457', '2010-05-21 07:26:30.0');
INSERT INTO phase_criteria (project_phase_id, phase_criteria_type_id, parameter, create_user, create_date, modify_user, modify_date)
VALUES ('694', '1', '30000411', '132457', '2010-05-21 07:26:30.0', '132457', '2010-05-21 07:26:30.0');
INSERT INTO phase_criteria (project_phase_id, phase_criteria_type_id, parameter, create_user, create_date, modify_user, modify_date)
VALUES ('694', '6', '3', '132457', '2010-05-21 07:26:30.0', '132457', '2010-05-21 07:26:30.0');
INSERT INTO phase_criteria (project_phase_id, phase_criteria_type_id, parameter, create_user, create_date, modify_user, modify_date)
VALUES ('695', '5', 'No', '132457', '2010-05-21 07:26:30.0', '132457', '2010-05-21 07:26:30.0');
INSERT INTO phase_criteria (project_phase_id, phase_criteria_type_id, parameter, create_user, create_date, modify_user, modify_date)
VALUES ('695', '4', 'No', '132457', '2010-05-21 07:26:30.0', '132457', '2010-05-21 07:26:30.0');
INSERT INTO phase_criteria (project_phase_id, phase_criteria_type_id, parameter, create_user, create_date, modify_user, modify_date)
VALUES ('696', '5', 'No', '132457', '2010-05-21 07:26:30.0', '132457', '2010-05-21 07:26:30.0');
INSERT INTO phase_criteria (project_phase_id, phase_criteria_type_id, parameter, create_user, create_date, modify_user, modify_date)
VALUES ('697', '5', 'No', '132457', '2010-05-21 07:26:30.0', '132457', '2010-05-21 07:26:30.0');
INSERT INTO phase_criteria (project_phase_id, phase_criteria_type_id, parameter, create_user, create_date, modify_user, modify_date)
VALUES ('698', '5', 'No', '132457', '2010-05-21 07:26:30.0', '132457', '2010-05-21 07:26:30.0');
INSERT INTO phase_criteria (project_phase_id, phase_criteria_type_id, parameter, create_user, create_date, modify_user, modify_date)
VALUES ('699', '5', 'No', '132457', '2010-05-21 07:26:30.0', '132457', '2010-05-21 07:26:30.0');
INSERT INTO phase_criteria (project_phase_id, phase_criteria_type_id, parameter, create_user, create_date, modify_user, modify_date)
VALUES ('700', '5', 'No', '132457', '2010-05-21 07:26:30.0', '132457', '2010-05-21 07:26:30.0');
--  Data for phase_dependency
INSERT INTO phase_dependency (dependency_phase_id, dependent_phase_id, dependency_start, dependent_start, lag_time, create_user, create_date, modify_user, modify_date)
VALUES ('691', '692', '1', '1', '0', '132457', '2010-05-21 07:26:30.0', '132457', '2010-05-21 07:26:30.0');
INSERT INTO phase_dependency (dependency_phase_id, dependent_phase_id, dependency_start, dependent_start, lag_time, create_user, create_date, modify_user, modify_date)
VALUES ('692', '693', '0', '1', '0', '132457', '2010-05-21 07:26:30.0', '132457', '2010-05-21 07:26:30.0');
INSERT INTO phase_dependency (dependency_phase_id, dependent_phase_id, dependency_start, dependent_start, lag_time, create_user, create_date, modify_user, modify_date)
VALUES ('693', '694', '0', '1', '0', '132457', '2010-05-21 07:26:30.0', '132457', '2010-05-21 07:26:30.0');
INSERT INTO phase_dependency (dependency_phase_id, dependent_phase_id, dependency_start, dependent_start, lag_time, create_user, create_date, modify_user, modify_date)
VALUES ('694', '695', '0', '1', '0', '132457', '2010-05-21 07:26:30.0', '132457', '2010-05-21 07:26:30.0');
INSERT INTO phase_dependency (dependency_phase_id, dependent_phase_id, dependency_start, dependent_start, lag_time, create_user, create_date, modify_user, modify_date)
VALUES ('695', '696', '0', '1', '0', '132457', '2010-05-21 07:26:30.0', '132457', '2010-05-21 07:26:30.0');
INSERT INTO phase_dependency (dependency_phase_id, dependent_phase_id, dependency_start, dependent_start, lag_time, create_user, create_date, modify_user, modify_date)
VALUES ('696', '697', '0', '1', '0', '132457', '2010-05-21 07:26:30.0', '132457', '2010-05-21 07:26:30.0');
INSERT INTO phase_dependency (dependency_phase_id, dependent_phase_id, dependency_start, dependent_start, lag_time, create_user, create_date, modify_user, modify_date)
VALUES ('697', '698', '0', '1', '0', '132457', '2010-05-21 07:26:30.0', '132457', '2010-05-21 07:26:30.0');
INSERT INTO phase_dependency (dependency_phase_id, dependent_phase_id, dependency_start, dependent_start, lag_time, create_user, create_date, modify_user, modify_date)
VALUES ('698', '699', '0', '1', '0', '132457', '2010-05-21 07:26:30.0', '132457', '2010-05-21 07:26:30.0');
INSERT INTO phase_dependency (dependency_phase_id, dependent_phase_id, dependency_start, dependent_start, lag_time, create_user, create_date, modify_user, modify_date)
VALUES ('699', '700', '0', '1', '0', '132457', '2010-05-21 07:26:30.0', '132457', '2010-05-21 07:26:30.0');
--  Data for resource
INSERT INTO resource (resource_id, resource_role_id, project_id, project_phase_id, create_user, create_date, modify_user, modify_date)
VALUES ('691', '13', '691', NULL, '132457', '2010-05-21 07:26:30.0', '132457', '2010-05-21 07:26:30.0');
--  Data for resource_info
INSERT INTO resource_info (resource_id, resource_info_type_id, value, create_user, create_date, modify_user, modify_date)
VALUES ('691', '1', '132457', '132457', '2010-05-21 07:26:30.0', '132457', '2010-05-21 07:26:30.0');
INSERT INTO resource_info (resource_id, resource_info_type_id, value, create_user, create_date, modify_user, modify_date)
VALUES ('691', '2', 'super', '132457', '2010-05-21 07:26:30.0', '132457', '2010-05-21 07:26:30.0');
--  Data for user_role
INSERT INTO user_role (user_role_id, comp_vers_id, role_id, login_id, description)
VALUES ('1384', '1383', '1', '132457', '');
--  Data for word_search
INSERT INTO word_search (word_search_id, document_id, index_word, nbr_occurrences)
VALUES ('1387', '1381', 'ever                                                                                                ', '2');
INSERT INTO word_search (word_search_id, document_id, index_word, nbr_occurrences)
VALUES ('1388', '1381', 'component                                                                                           ', '4');
INSERT INTO word_search (word_search_id, document_id, index_word, nbr_occurrences)
VALUES ('1389', '1381', 'coolest                                                                                             ', '2');
INSERT INTO word_search (word_search_id, document_id, index_word, nbr_occurrences)
VALUES ('1390', '1381', 'development                                                    ', '2');
--  Data for word_search_ctgy
INSERT INTO word_search_ctgy (word_srch_ctgy_id, category_id, document_id)
VALUES ('1386', 'DDECATALOG                                        ', '1381');
--  Data for word_search_doc
INSERT INTO word_search_doc (document_id)
VALUES ('1381');
-- Data for project
INSERT INTO project (project_id, project_status_id, project_category_id, create_user, create_date, modify_user, modify_date)
VALUES ('701', '2', '2', '132456', '2010-05-21 07:26:30.0', '132456', '2010-05-21 07:26:30.0');
--  Data for project_info
INSERT INTO project_info (project_id, project_info_type_id, value, create_user, create_date, modify_user, modify_date)
VALUES ('701', '1', '1403', '132456', '2010-05-21 07:26:30.0', '132456', '2010-05-21 07:26:30.0');
INSERT INTO project_info (project_id, project_info_type_id, value, create_user, create_date, modify_user, modify_date)
VALUES ('701', '2', '1401', '132456', '2010-05-21 07:26:30.0', '132456', '2010-05-21 07:26:30.0');
INSERT INTO project_info (project_id, project_info_type_id, value, create_user, create_date, modify_user, modify_date)
VALUES ('701', '3', '1', '132456', '2010-05-21 07:26:30.0', '132456', '2010-05-21 07:26:30.0');
INSERT INTO project_info (project_id, project_info_type_id, value, create_user, create_date, modify_user, modify_date)
VALUES ('701', '4', '0', '132456', '2010-05-21 07:26:30.0', '132456', '2010-05-21 07:26:30.0');
INSERT INTO project_info (project_id, project_info_type_id, value, create_user, create_date, modify_user, modify_date)
VALUES ('701', '5', '5801778', '132456', '2010-05-21 07:26:30.0', '132456', '2010-05-21 07:26:30.0');
INSERT INTO project_info (project_id, project_info_type_id, value, create_user, create_date, modify_user, modify_date)
VALUES ('701', '6', 'Component 71', '132456', '2010-05-21 07:26:30.0', '132456', '2010-05-21 07:26:30.0');
INSERT INTO project_info (project_id, project_info_type_id, value, create_user, create_date, modify_user, modify_date)
VALUES ('701', '7', '1.0                 ', '132456', '2010-05-21 07:26:30.0', '132456', '2010-05-21 07:26:30.0');
INSERT INTO project_info (project_id, project_info_type_id, value, create_user, create_date, modify_user, modify_date)
VALUES ('701', '9', 'Off', '132456', '2010-05-21 07:26:30.0', '132456', '2010-05-21 07:26:30.0');
INSERT INTO project_info (project_id, project_info_type_id, value, create_user, create_date, modify_user, modify_date)
VALUES ('701', '10', 'On', '132456', '2010-05-21 07:26:30.0', '132456', '2010-05-21 07:26:30.0');
INSERT INTO project_info (project_id, project_info_type_id, value, create_user, create_date, modify_user, modify_date)
VALUES ('701', '11', 'On', '132456', '2010-05-21 07:26:30.0', '132456', '2010-05-21 07:26:30.0');
INSERT INTO project_info (project_id, project_info_type_id, value, create_user, create_date, modify_user, modify_date)
VALUES ('701', '12', 'Yes', '132456', '2010-05-21 07:26:30.0', '132456', '2010-05-21 07:26:30.0');
INSERT INTO project_info (project_id, project_info_type_id, value, create_user, create_date, modify_user, modify_date)
VALUES ('701', '13', 'Yes', '132456', '2010-05-21 07:26:30.0', '132456', '2010-05-21 07:26:30.0');
INSERT INTO project_info (project_id, project_info_type_id, value, create_user, create_date, modify_user, modify_date)
VALUES ('701', '14', 'Open', '132456', '2010-05-21 07:26:30.0', '132456', '2010-05-21 07:26:30.0');
INSERT INTO project_info (project_id, project_info_type_id, value, create_user, create_date, modify_user, modify_date)
VALUES ('701', '16', '0.0', '132456', '2010-05-21 07:26:30.0', '132456', '2010-05-21 07:26:30.0');
INSERT INTO project_info (project_id, project_info_type_id, value, create_user, create_date, modify_user, modify_date)
VALUES ('701', '26', 'On', '132456', '2010-05-21 07:26:30.0', '132456', '2010-05-21 07:26:30.0');
INSERT INTO project_info (project_id, project_info_type_id, value, create_user, create_date, modify_user, modify_date)
VALUES ('701', '29', 'On', '132456', '2010-05-21 07:26:30.0', '132456', '2010-05-21 07:26:30.0');
INSERT INTO project_info (project_id, project_info_type_id, value, create_user, create_date, modify_user, modify_date)
VALUES ('701', '41', 'true', '132456', '2010-05-21 07:26:30.0', '132456', '2010-05-21 07:26:30.0');
INSERT INTO project_info (project_id, project_info_type_id, value, create_user, create_date, modify_user, modify_date)
VALUES ('701', '43', 'true', '132456', '2010-05-21 07:26:30.0', '132456', '2010-05-21 07:26:30.0');
--  Data for project_phase
INSERT INTO project_phase (project_phase_id, project_id, phase_type_id, phase_status_id, fixed_start_time, scheduled_start_time, scheduled_end_time, actual_start_time, actual_end_time, duration, create_user, create_date, modify_user, modify_date)
VALUES ('701', '701', '1', '1', '2010-05-27 09:00:00.0', '2010-05-27 09:00:00.0', '2010-06-01 09:00:00.0', NULL, NULL, '259200000', '132456', '2010-05-21 07:26:30.0', '132456', '2010-05-21 07:26:30.0');
INSERT INTO project_phase (project_phase_id, project_id, phase_type_id, phase_status_id, fixed_start_time, scheduled_start_time, scheduled_end_time, actual_start_time, actual_end_time, duration, create_user, create_date, modify_user, modify_date)
VALUES ('702', '701', '2', '1', '2010-05-27 09:00:00.0', '2010-05-27 09:00:00.0', '2010-06-07 09:00:00.0', NULL, NULL, '604800000', '132456', '2010-05-21 07:26:30.0', '132456', '2010-05-21 07:26:30.0');
INSERT INTO project_phase (project_phase_id, project_id, phase_type_id, phase_status_id, fixed_start_time, scheduled_start_time, scheduled_end_time, actual_start_time, actual_end_time, duration, create_user, create_date, modify_user, modify_date)
VALUES ('703', '701', '3', '1', '2010-06-07 09:00:00.0', '2010-06-07 09:00:00.0', '2010-06-08 09:00:00.0', NULL, NULL, '86400000', '132456', '2010-05-21 07:26:30.0', '132456', '2010-05-21 07:26:30.0');
INSERT INTO project_phase (project_phase_id, project_id, phase_type_id, phase_status_id, fixed_start_time, scheduled_start_time, scheduled_end_time, actual_start_time, actual_end_time, duration, create_user, create_date, modify_user, modify_date)
VALUES ('704', '701', '4', '1', '2010-06-08 09:00:00.0', '2010-06-08 09:00:00.0', '2010-06-14 09:00:00.0', NULL, NULL, '345600000', '132456', '2010-05-21 07:26:30.0', '132456', '2010-05-21 07:26:30.0');
INSERT INTO project_phase (project_phase_id, project_id, phase_type_id, phase_status_id, fixed_start_time, scheduled_start_time, scheduled_end_time, actual_start_time, actual_end_time, duration, create_user, create_date, modify_user, modify_date)
VALUES ('705', '701', '5', '1', '2010-06-14 09:00:00.0', '2010-06-14 09:00:00.0', '2010-06-15 09:00:00.0', NULL, NULL, '86400000', '132456', '2010-05-21 07:26:30.0', '132456', '2010-05-21 07:26:30.0');
INSERT INTO project_phase (project_phase_id, project_id, phase_type_id, phase_status_id, fixed_start_time, scheduled_start_time, scheduled_end_time, actual_start_time, actual_end_time, duration, create_user, create_date, modify_user, modify_date)
VALUES ('706', '701', '6', '1', '2010-06-15 09:00:00.0', '2010-06-15 09:00:00.0', '2010-06-16 09:00:00.0', NULL, NULL, '86400000', '132456', '2010-05-21 07:26:30.0', '132456', '2010-05-21 07:26:30.0');
INSERT INTO project_phase (project_phase_id, project_id, phase_type_id, phase_status_id, fixed_start_time, scheduled_start_time, scheduled_end_time, actual_start_time, actual_end_time, duration, create_user, create_date, modify_user, modify_date)
VALUES ('707', '701', '7', '1', '2010-06-16 09:00:00.0', '2010-06-16 09:00:00.0', '2010-06-16 21:00:00.0', NULL, NULL, '43200000', '132456', '2010-05-21 07:26:30.0', '132456', '2010-05-21 07:26:30.0');
INSERT INTO project_phase (project_phase_id, project_id, phase_type_id, phase_status_id, fixed_start_time, scheduled_start_time, scheduled_end_time, actual_start_time, actual_end_time, duration, create_user, create_date, modify_user, modify_date)
VALUES ('708', '701', '8', '1', '2010-06-16 21:00:00.0', '2010-06-16 21:00:00.0', '2010-06-17 09:00:00.0', NULL, NULL, '43200000', '132456', '2010-05-21 07:26:30.0', '132456', '2010-05-21 07:26:30.0');
INSERT INTO project_phase (project_phase_id, project_id, phase_type_id, phase_status_id, fixed_start_time, scheduled_start_time, scheduled_end_time, actual_start_time, actual_end_time, duration, create_user, create_date, modify_user, modify_date)
VALUES ('709', '701', '9', '1', '2010-06-17 09:00:00.0', '2010-06-17 09:00:00.0', '2010-06-22 09:00:00.0', NULL, NULL, '259200000', '132456', '2010-05-21 07:26:30.0', '132456', '2010-05-21 07:26:30.0');
INSERT INTO project_phase (project_phase_id, project_id, phase_type_id, phase_status_id, fixed_start_time, scheduled_start_time, scheduled_end_time, actual_start_time, actual_end_time, duration, create_user, create_date, modify_user, modify_date)
VALUES ('710', '701', '10', '1', '2010-06-22 09:00:00.0', '2010-06-22 09:00:00.0', '2010-06-23 09:00:00.0', NULL, NULL, '86400000', '132456', '2010-05-21 07:26:30.0', '132456', '2010-05-21 07:26:30.0');
--  Data for comp_catalog
INSERT INTO comp_catalog (component_id, current_version, short_desc, component_name, description, function_desc, create_time, status_id, root_category_id, modify_date, public_ind)
VALUES ('1401', '1', 'Coolest component ever', 'Component 71', 'Coolest component ever', 'Component', '2010-05-21 07:20:14.48', '102', '5801778', '2010-05-21 07:23:44.0', '0');
--  Data for comp_versions
INSERT INTO comp_versions (comp_vers_id, component_id, version, version_text, create_time, phase_id, phase_time, price, comments, modify_date,
                           suspended_ind)
VALUES ('1403', '1401', '1', '1.0                 ', '2010-05-21 07:20:14.48', '112', '1976-05-04 00:00:00.0', '1000.00', 'Cool', '2010-05-21 07:27:01.0', '0');
--  Data for comp_categories
INSERT INTO comp_categories (comp_categories_id, component_id, category_id)
VALUES ('1405', '1401', '11');
--  Data for comp_keywords
INSERT INTO comp_keywords (comp_keywords_id, component_id, keyword)
VALUES ('1411', '1401', 'development');
--  Data for comp_technology
INSERT INTO comp_technology (comp_tech_id, comp_vers_id, technology_type_id)
VALUES ('1412', '1403', '1');
--  Data for comp_documentation
INSERT INTO comp_documentation (document_id, comp_vers_id, document_type_id, document_name, url)
VALUES ('1413', '1403', '0', 'Requirements Specification', '1401/1403/MQTTBroker_Requirements_Specification.pdf');
--  Data for comp_jive_category_xref
INSERT INTO comp_jive_category_xref (comp_vers_id, jive_category_id)
VALUES ('1403', '0');
--  Data for comp_version_dates
INSERT INTO comp_version_dates (comp_version_dates_id, comp_vers_id, phase_id, posting_date, initial_submission_date, winner_announced_date, final_submission_date,
                                estimated_dev_date, price, total_submissions, status_id, create_time, level_id, screening_complete_date, review_complete_date,
                                aggregation_complete_date, phase_complete_date, production_date, aggregation_complete_date_comment, phase_complete_date_comment,
                                review_complete_date_comment, winner_announced_date_comment, initial_submission_date_comment, screening_complete_date_comment,
                                final_submission_date_comment, production_date_comment, modify_date)
VALUES ('1414', '1403', '112', '1976-05-05', '2000-01-01', '2000-01-01', 
        '2000-01-01', '2000-01-01', NULL, '0', '301', '2010-05-21 07:27:01.0', '100', '2000-01-01',
        '2000-01-01', '2000-01-01', '2000-01-01', '2010-12-01', 
        NULL, NULL, NULL, NULL, NULL, NULL, NULL, '', '2010-05-21 07:27:01.0');
--  Data for phase_criteria
INSERT INTO phase_criteria (project_phase_id, phase_criteria_type_id, parameter, create_user, create_date, modify_user, modify_date)
VALUES ('701', '2', '0', '132456', '2010-05-21 07:26:30.0', '132456', '2010-05-21 07:26:30.0');
INSERT INTO phase_criteria (project_phase_id, phase_criteria_type_id, parameter, create_user, create_date, modify_user, modify_date)
VALUES ('701', '5', 'No', '132456', '2010-05-21 07:26:30.0', '132456', '2010-05-21 07:26:30.0');
INSERT INTO phase_criteria (project_phase_id, phase_criteria_type_id, parameter, create_user, create_date, modify_user, modify_date)
VALUES ('702', '3', '0', '132456', '2010-05-21 07:26:30.0', '132456', '2010-05-21 07:26:30.0');
INSERT INTO phase_criteria (project_phase_id, phase_criteria_type_id, parameter, create_user, create_date, modify_user, modify_date)
VALUES ('702', '5', 'No', '132456', '2010-05-21 07:26:30.0', '132456', '2010-05-21 07:26:30.0');
INSERT INTO phase_criteria (project_phase_id, phase_criteria_type_id, parameter, create_user, create_date, modify_user, modify_date)
VALUES ('703', '5', 'No', '132456', '2010-05-21 07:26:30.0', '132456', '2010-05-21 07:26:30.0');
INSERT INTO phase_criteria (project_phase_id, phase_criteria_type_id, parameter, create_user, create_date, modify_user, modify_date)
VALUES ('703', '1', '30000410', '132456', '2010-05-21 07:26:30.0', '132456', '2010-05-21 07:26:30.0');
INSERT INTO phase_criteria (project_phase_id, phase_criteria_type_id, parameter, create_user, create_date, modify_user, modify_date)
VALUES ('704', '5', 'No', '132456', '2010-05-21 07:26:30.0', '132456', '2010-05-21 07:26:30.0');
INSERT INTO phase_criteria (project_phase_id, phase_criteria_type_id, parameter, create_user, create_date, modify_user, modify_date)
VALUES ('704', '1', '30000411', '132456', '2010-05-21 07:26:30.0', '132456', '2010-05-21 07:26:30.0');
INSERT INTO phase_criteria (project_phase_id, phase_criteria_type_id, parameter, create_user, create_date, modify_user, modify_date)
VALUES ('704', '6', '3', '132456', '2010-05-21 07:26:30.0', '132456', '2010-05-21 07:26:30.0');
INSERT INTO phase_criteria (project_phase_id, phase_criteria_type_id, parameter, create_user, create_date, modify_user, modify_date)
VALUES ('705', '5', 'No', '132456', '2010-05-21 07:26:30.0', '132456', '2010-05-21 07:26:30.0');
INSERT INTO phase_criteria (project_phase_id, phase_criteria_type_id, parameter, create_user, create_date, modify_user, modify_date)
VALUES ('705', '4', 'No', '132456', '2010-05-21 07:26:30.0', '132456', '2010-05-21 07:26:30.0');
INSERT INTO phase_criteria (project_phase_id, phase_criteria_type_id, parameter, create_user, create_date, modify_user, modify_date)
VALUES ('706', '5', 'No', '132456', '2010-05-21 07:26:30.0', '132456', '2010-05-21 07:26:30.0');
INSERT INTO phase_criteria (project_phase_id, phase_criteria_type_id, parameter, create_user, create_date, modify_user, modify_date)
VALUES ('707', '5', 'No', '132456', '2010-05-21 07:26:30.0', '132456', '2010-05-21 07:26:30.0');
INSERT INTO phase_criteria (project_phase_id, phase_criteria_type_id, parameter, create_user, create_date, modify_user, modify_date)
VALUES ('708', '5', 'No', '132456', '2010-05-21 07:26:30.0', '132456', '2010-05-21 07:26:30.0');
INSERT INTO phase_criteria (project_phase_id, phase_criteria_type_id, parameter, create_user, create_date, modify_user, modify_date)
VALUES ('709', '5', 'No', '132456', '2010-05-21 07:26:30.0', '132456', '2010-05-21 07:26:30.0');
INSERT INTO phase_criteria (project_phase_id, phase_criteria_type_id, parameter, create_user, create_date, modify_user, modify_date)
VALUES ('710', '5', 'No', '132456', '2010-05-21 07:26:30.0', '132456', '2010-05-21 07:26:30.0');
--  Data for phase_dependency
INSERT INTO phase_dependency (dependency_phase_id, dependent_phase_id, dependency_start, dependent_start, lag_time, create_user, create_date, modify_user, modify_date)
VALUES ('701', '702', '1', '1', '0', '132456', '2010-05-21 07:26:30.0', '132456', '2010-05-21 07:26:30.0');
INSERT INTO phase_dependency (dependency_phase_id, dependent_phase_id, dependency_start, dependent_start, lag_time, create_user, create_date, modify_user, modify_date)
VALUES ('702', '703', '0', '1', '0', '132456', '2010-05-21 07:26:30.0', '132456', '2010-05-21 07:26:30.0');
INSERT INTO phase_dependency (dependency_phase_id, dependent_phase_id, dependency_start, dependent_start, lag_time, create_user, create_date, modify_user, modify_date)
VALUES ('703', '704', '0', '1', '0', '132456', '2010-05-21 07:26:30.0', '132456', '2010-05-21 07:26:30.0');
INSERT INTO phase_dependency (dependency_phase_id, dependent_phase_id, dependency_start, dependent_start, lag_time, create_user, create_date, modify_user, modify_date)
VALUES ('704', '705', '0', '1', '0', '132456', '2010-05-21 07:26:30.0', '132456', '2010-05-21 07:26:30.0');
INSERT INTO phase_dependency (dependency_phase_id, dependent_phase_id, dependency_start, dependent_start, lag_time, create_user, create_date, modify_user, modify_date)
VALUES ('705', '706', '0', '1', '0', '132456', '2010-05-21 07:26:30.0', '132456', '2010-05-21 07:26:30.0');
INSERT INTO phase_dependency (dependency_phase_id, dependent_phase_id, dependency_start, dependent_start, lag_time, create_user, create_date, modify_user, modify_date)
VALUES ('706', '707', '0', '1', '0', '132456', '2010-05-21 07:26:30.0', '132456', '2010-05-21 07:26:30.0');
INSERT INTO phase_dependency (dependency_phase_id, dependent_phase_id, dependency_start, dependent_start, lag_time, create_user, create_date, modify_user, modify_date)
VALUES ('707', '708', '0', '1', '0', '132456', '2010-05-21 07:26:30.0', '132456', '2010-05-21 07:26:30.0');
INSERT INTO phase_dependency (dependency_phase_id, dependent_phase_id, dependency_start, dependent_start, lag_time, create_user, create_date, modify_user, modify_date)
VALUES ('708', '709', '0', '1', '0', '132456', '2010-05-21 07:26:30.0', '132456', '2010-05-21 07:26:30.0');
INSERT INTO phase_dependency (dependency_phase_id, dependent_phase_id, dependency_start, dependent_start, lag_time, create_user, create_date, modify_user, modify_date)
VALUES ('709', '710', '0', '1', '0', '132456', '2010-05-21 07:26:30.0', '132456', '2010-05-21 07:26:30.0');
--  Data for resource
INSERT INTO resource (resource_id, resource_role_id, project_id, project_phase_id, create_user, create_date, modify_user, modify_date)
VALUES ('701', '13', '701', NULL, '132456', '2010-05-21 07:26:30.0', '132456', '2010-05-21 07:26:30.0');
--  Data for resource_info
INSERT INTO resource_info (resource_id, resource_info_type_id, value, create_user, create_date, modify_user, modify_date)
VALUES ('701', '1', '132456', '132456', '2010-05-21 07:26:30.0', '132456', '2010-05-21 07:26:30.0');
INSERT INTO resource_info (resource_id, resource_info_type_id, value, create_user, create_date, modify_user, modify_date)
VALUES ('701', '2', 'heffan', '132456', '2010-05-21 07:26:30.0', '132456', '2010-05-21 07:26:30.0');
--  Data for user_role
INSERT INTO user_role (user_role_id, comp_vers_id, role_id, login_id, description)
VALUES ('1404', '1403', '1', '132456', '');
--  Data for word_search
INSERT INTO word_search (word_search_id, document_id, index_word, nbr_occurrences)
VALUES ('1407', '1401', 'ever                                                                                                ', '2');
INSERT INTO word_search (word_search_id, document_id, index_word, nbr_occurrences)
VALUES ('1408', '1401', 'component                                                                                           ', '4');
INSERT INTO word_search (word_search_id, document_id, index_word, nbr_occurrences)
VALUES ('1409', '1401', 'coolest                                                                                             ', '2');
INSERT INTO word_search (word_search_id, document_id, index_word, nbr_occurrences)
VALUES ('1410', '1401', 'development                                                    ', '2');
--  Data for word_search_ctgy
INSERT INTO word_search_ctgy (word_srch_ctgy_id, category_id, document_id)
VALUES ('1406', 'DDECATALOG                                        ', '1401');
--  Data for word_search_doc
INSERT INTO word_search_doc (document_id)
VALUES ('1401');
-- Data for project
INSERT INTO project (project_id, project_status_id, project_category_id, create_user, create_date, modify_user, modify_date)
VALUES ('711', '1', '2', '132458', '2010-05-21 07:26:30.0', '132458', '2010-05-21 07:26:30.0');
--  Data for project_info
INSERT INTO project_info (project_id, project_info_type_id, value, create_user, create_date, modify_user, modify_date)
VALUES ('711', '1', '1423', '132458', '2010-05-21 07:26:30.0', '132458', '2010-05-21 07:26:30.0');
INSERT INTO project_info (project_id, project_info_type_id, value, create_user, create_date, modify_user, modify_date)
VALUES ('711', '2', '1421', '132458', '2010-05-21 07:26:30.0', '132458', '2010-05-21 07:26:30.0');
INSERT INTO project_info (project_id, project_info_type_id, value, create_user, create_date, modify_user, modify_date)
VALUES ('711', '3', '1', '132458', '2010-05-21 07:26:30.0', '132458', '2010-05-21 07:26:30.0');
INSERT INTO project_info (project_id, project_info_type_id, value, create_user, create_date, modify_user, modify_date)
VALUES ('711', '4', '0', '132458', '2010-05-21 07:26:30.0', '132458', '2010-05-21 07:26:30.0');
INSERT INTO project_info (project_id, project_info_type_id, value, create_user, create_date, modify_user, modify_date)
VALUES ('711', '5', '5801779', '132458', '2010-05-21 07:26:30.0', '132458', '2010-05-21 07:26:30.0');
INSERT INTO project_info (project_id, project_info_type_id, value, create_user, create_date, modify_user, modify_date)
VALUES ('711', '6', 'Component 72', '132458', '2010-05-21 07:26:30.0', '132458', '2010-05-21 07:26:30.0');
INSERT INTO project_info (project_id, project_info_type_id, value, create_user, create_date, modify_user, modify_date)
VALUES ('711', '7', '1.0                 ', '132458', '2010-05-21 07:26:30.0', '132458', '2010-05-21 07:26:30.0');
INSERT INTO project_info (project_id, project_info_type_id, value, create_user, create_date, modify_user, modify_date)
VALUES ('711', '9', 'Off', '132458', '2010-05-21 07:26:30.0', '132458', '2010-05-21 07:26:30.0');
INSERT INTO project_info (project_id, project_info_type_id, value, create_user, create_date, modify_user, modify_date)
VALUES ('711', '10', 'On', '132458', '2010-05-21 07:26:30.0', '132458', '2010-05-21 07:26:30.0');
INSERT INTO project_info (project_id, project_info_type_id, value, create_user, create_date, modify_user, modify_date)
VALUES ('711', '11', 'On', '132458', '2010-05-21 07:26:30.0', '132458', '2010-05-21 07:26:30.0');
INSERT INTO project_info (project_id, project_info_type_id, value, create_user, create_date, modify_user, modify_date)
VALUES ('711', '12', 'Yes', '132458', '2010-05-21 07:26:30.0', '132458', '2010-05-21 07:26:30.0');
INSERT INTO project_info (project_id, project_info_type_id, value, create_user, create_date, modify_user, modify_date)
VALUES ('711', '13', 'Yes', '132458', '2010-05-21 07:26:30.0', '132458', '2010-05-21 07:26:30.0');
INSERT INTO project_info (project_id, project_info_type_id, value, create_user, create_date, modify_user, modify_date)
VALUES ('711', '14', 'Open', '132458', '2010-05-21 07:26:30.0', '132458', '2010-05-21 07:26:30.0');
INSERT INTO project_info (project_id, project_info_type_id, value, create_user, create_date, modify_user, modify_date)
VALUES ('711', '16', '0.0', '132458', '2010-05-21 07:26:30.0', '132458', '2010-05-21 07:26:30.0');
INSERT INTO project_info (project_id, project_info_type_id, value, create_user, create_date, modify_user, modify_date)
VALUES ('711', '26', 'On', '132458', '2010-05-21 07:26:30.0', '132458', '2010-05-21 07:26:30.0');
INSERT INTO project_info (project_id, project_info_type_id, value, create_user, create_date, modify_user, modify_date)
VALUES ('711', '29', 'On', '132458', '2010-05-21 07:26:30.0', '132458', '2010-05-21 07:26:30.0');
INSERT INTO project_info (project_id, project_info_type_id, value, create_user, create_date, modify_user, modify_date)
VALUES ('711', '41', 'true', '132458', '2010-05-21 07:26:30.0', '132458', '2010-05-21 07:26:30.0');
INSERT INTO project_info (project_id, project_info_type_id, value, create_user, create_date, modify_user, modify_date)
VALUES ('711', '43', 'true', '132458', '2010-05-21 07:26:30.0', '132458', '2010-05-21 07:26:30.0');
--  Data for project_phase
INSERT INTO project_phase (project_phase_id, project_id, phase_type_id, phase_status_id, fixed_start_time, scheduled_start_time, scheduled_end_time, actual_start_time, actual_end_time, duration, create_user, create_date, modify_user, modify_date)
VALUES ('711', '711', '1', '1', '2010-05-27 09:00:00.0', '2010-05-27 09:00:00.0', '2010-06-01 09:00:00.0', NULL, NULL, '259200000', '132458', '2010-05-21 07:26:30.0', '132458', '2010-05-21 07:26:30.0');
INSERT INTO project_phase (project_phase_id, project_id, phase_type_id, phase_status_id, fixed_start_time, scheduled_start_time, scheduled_end_time, actual_start_time, actual_end_time, duration, create_user, create_date, modify_user, modify_date)
VALUES ('712', '711', '2', '1', '2010-05-27 09:00:00.0', '2010-05-27 09:00:00.0', '2010-06-07 09:00:00.0', NULL, NULL, '604800000', '132458', '2010-05-21 07:26:30.0', '132458', '2010-05-21 07:26:30.0');
INSERT INTO project_phase (project_phase_id, project_id, phase_type_id, phase_status_id, fixed_start_time, scheduled_start_time, scheduled_end_time, actual_start_time, actual_end_time, duration, create_user, create_date, modify_user, modify_date)
VALUES ('713', '711', '3', '1', '2010-06-07 09:00:00.0', '2010-06-07 09:00:00.0', '2010-06-08 09:00:00.0', NULL, NULL, '86400000', '132458', '2010-05-21 07:26:30.0', '132458', '2010-05-21 07:26:30.0');
INSERT INTO project_phase (project_phase_id, project_id, phase_type_id, phase_status_id, fixed_start_time, scheduled_start_time, scheduled_end_time, actual_start_time, actual_end_time, duration, create_user, create_date, modify_user, modify_date)
VALUES ('714', '711', '4', '1', '2010-06-08 09:00:00.0', '2010-06-08 09:00:00.0', '2010-06-14 09:00:00.0', NULL, NULL, '345600000', '132458', '2010-05-21 07:26:30.0', '132458', '2010-05-21 07:26:30.0');
INSERT INTO project_phase (project_phase_id, project_id, phase_type_id, phase_status_id, fixed_start_time, scheduled_start_time, scheduled_end_time, actual_start_time, actual_end_time, duration, create_user, create_date, modify_user, modify_date)
VALUES ('715', '711', '5', '1', '2010-06-14 09:00:00.0', '2010-06-14 09:00:00.0', '2010-06-15 09:00:00.0', NULL, NULL, '86400000', '132458', '2010-05-21 07:26:30.0', '132458', '2010-05-21 07:26:30.0');
INSERT INTO project_phase (project_phase_id, project_id, phase_type_id, phase_status_id, fixed_start_time, scheduled_start_time, scheduled_end_time, actual_start_time, actual_end_time, duration, create_user, create_date, modify_user, modify_date)
VALUES ('716', '711', '6', '1', '2010-06-15 09:00:00.0', '2010-06-15 09:00:00.0', '2010-06-16 09:00:00.0', NULL, NULL, '86400000', '132458', '2010-05-21 07:26:30.0', '132458', '2010-05-21 07:26:30.0');
INSERT INTO project_phase (project_phase_id, project_id, phase_type_id, phase_status_id, fixed_start_time, scheduled_start_time, scheduled_end_time, actual_start_time, actual_end_time, duration, create_user, create_date, modify_user, modify_date)
VALUES ('717', '711', '7', '1', '2010-06-16 09:00:00.0', '2010-06-16 09:00:00.0', '2010-06-16 21:00:00.0', NULL, NULL, '43200000', '132458', '2010-05-21 07:26:30.0', '132458', '2010-05-21 07:26:30.0');
INSERT INTO project_phase (project_phase_id, project_id, phase_type_id, phase_status_id, fixed_start_time, scheduled_start_time, scheduled_end_time, actual_start_time, actual_end_time, duration, create_user, create_date, modify_user, modify_date)
VALUES ('718', '711', '8', '1', '2010-06-16 21:00:00.0', '2010-06-16 21:00:00.0', '2010-06-17 09:00:00.0', NULL, NULL, '43200000', '132458', '2010-05-21 07:26:30.0', '132458', '2010-05-21 07:26:30.0');
INSERT INTO project_phase (project_phase_id, project_id, phase_type_id, phase_status_id, fixed_start_time, scheduled_start_time, scheduled_end_time, actual_start_time, actual_end_time, duration, create_user, create_date, modify_user, modify_date)
VALUES ('719', '711', '9', '1', '2010-06-17 09:00:00.0', '2010-06-17 09:00:00.0', '2010-06-22 09:00:00.0', NULL, NULL, '259200000', '132458', '2010-05-21 07:26:30.0', '132458', '2010-05-21 07:26:30.0');
INSERT INTO project_phase (project_phase_id, project_id, phase_type_id, phase_status_id, fixed_start_time, scheduled_start_time, scheduled_end_time, actual_start_time, actual_end_time, duration, create_user, create_date, modify_user, modify_date)
VALUES ('720', '711', '10', '1', '2010-06-22 09:00:00.0', '2010-06-22 09:00:00.0', '2010-06-23 09:00:00.0', NULL, NULL, '86400000', '132458', '2010-05-21 07:26:30.0', '132458', '2010-05-21 07:26:30.0');
--  Data for comp_catalog
INSERT INTO comp_catalog (component_id, current_version, short_desc, component_name, description, function_desc, create_time, status_id, root_category_id, modify_date, public_ind)
VALUES ('1421', '1', 'Coolest component ever', 'Component 72', 'Coolest component ever', 'Component', '2010-05-21 07:20:14.48', '102', '5801779', '2010-05-21 07:23:44.0', '0');
--  Data for comp_versions
INSERT INTO comp_versions (comp_vers_id, component_id, version, version_text, create_time, phase_id, phase_time, price, comments, modify_date,
                           suspended_ind)
VALUES ('1423', '1421', '1', '1.0                 ', '2010-05-21 07:20:14.48', '112', '1976-05-04 00:00:00.0', '1000.00', 'Cool', '2010-05-21 07:27:01.0', '0');
--  Data for comp_categories
INSERT INTO comp_categories (comp_categories_id, component_id, category_id)
VALUES ('1425', '1421', '11');
--  Data for comp_keywords
INSERT INTO comp_keywords (comp_keywords_id, component_id, keyword)
VALUES ('1431', '1421', 'development');
--  Data for comp_technology
INSERT INTO comp_technology (comp_tech_id, comp_vers_id, technology_type_id)
VALUES ('1432', '1423', '1');
--  Data for comp_documentation
INSERT INTO comp_documentation (document_id, comp_vers_id, document_type_id, document_name, url)
VALUES ('1433', '1423', '0', 'Requirements Specification', '1421/1423/MQTTBroker_Requirements_Specification.pdf');
--  Data for comp_jive_category_xref
INSERT INTO comp_jive_category_xref (comp_vers_id, jive_category_id)
VALUES ('1423', '0');
--  Data for comp_version_dates
INSERT INTO comp_version_dates (comp_version_dates_id, comp_vers_id, phase_id, posting_date, initial_submission_date, winner_announced_date, final_submission_date,
                                estimated_dev_date, price, total_submissions, status_id, create_time, level_id, screening_complete_date, review_complete_date,
                                aggregation_complete_date, phase_complete_date, production_date, aggregation_complete_date_comment, phase_complete_date_comment,
                                review_complete_date_comment, winner_announced_date_comment, initial_submission_date_comment, screening_complete_date_comment,
                                final_submission_date_comment, production_date_comment, modify_date)
VALUES ('1434', '1423', '112', '1976-05-05', '2000-01-01', '2000-01-01', 
        '2000-01-01', '2000-01-01', NULL, '0', '301', '2010-05-21 07:27:01.0', '100', '2000-01-01',
        '2000-01-01', '2000-01-01', '2000-01-01', '2010-12-01', 
        NULL, NULL, NULL, NULL, NULL, NULL, NULL, '', '2010-05-21 07:27:01.0');
--  Data for phase_criteria
INSERT INTO phase_criteria (project_phase_id, phase_criteria_type_id, parameter, create_user, create_date, modify_user, modify_date)
VALUES ('711', '2', '0', '132458', '2010-05-21 07:26:30.0', '132458', '2010-05-21 07:26:30.0');
INSERT INTO phase_criteria (project_phase_id, phase_criteria_type_id, parameter, create_user, create_date, modify_user, modify_date)
VALUES ('711', '5', 'No', '132458', '2010-05-21 07:26:30.0', '132458', '2010-05-21 07:26:30.0');
INSERT INTO phase_criteria (project_phase_id, phase_criteria_type_id, parameter, create_user, create_date, modify_user, modify_date)
VALUES ('712', '3', '0', '132458', '2010-05-21 07:26:30.0', '132458', '2010-05-21 07:26:30.0');
INSERT INTO phase_criteria (project_phase_id, phase_criteria_type_id, parameter, create_user, create_date, modify_user, modify_date)
VALUES ('712', '5', 'No', '132458', '2010-05-21 07:26:30.0', '132458', '2010-05-21 07:26:30.0');
INSERT INTO phase_criteria (project_phase_id, phase_criteria_type_id, parameter, create_user, create_date, modify_user, modify_date)
VALUES ('713', '5', 'No', '132458', '2010-05-21 07:26:30.0', '132458', '2010-05-21 07:26:30.0');
INSERT INTO phase_criteria (project_phase_id, phase_criteria_type_id, parameter, create_user, create_date, modify_user, modify_date)
VALUES ('713', '1', '30000410', '132458', '2010-05-21 07:26:30.0', '132458', '2010-05-21 07:26:30.0');
INSERT INTO phase_criteria (project_phase_id, phase_criteria_type_id, parameter, create_user, create_date, modify_user, modify_date)
VALUES ('714', '5', 'No', '132458', '2010-05-21 07:26:30.0', '132458', '2010-05-21 07:26:30.0');
INSERT INTO phase_criteria (project_phase_id, phase_criteria_type_id, parameter, create_user, create_date, modify_user, modify_date)
VALUES ('714', '1', '30000411', '132458', '2010-05-21 07:26:30.0', '132458', '2010-05-21 07:26:30.0');
INSERT INTO phase_criteria (project_phase_id, phase_criteria_type_id, parameter, create_user, create_date, modify_user, modify_date)
VALUES ('714', '6', '3', '132458', '2010-05-21 07:26:30.0', '132458', '2010-05-21 07:26:30.0');
INSERT INTO phase_criteria (project_phase_id, phase_criteria_type_id, parameter, create_user, create_date, modify_user, modify_date)
VALUES ('715', '5', 'No', '132458', '2010-05-21 07:26:30.0', '132458', '2010-05-21 07:26:30.0');
INSERT INTO phase_criteria (project_phase_id, phase_criteria_type_id, parameter, create_user, create_date, modify_user, modify_date)
VALUES ('715', '4', 'No', '132458', '2010-05-21 07:26:30.0', '132458', '2010-05-21 07:26:30.0');
INSERT INTO phase_criteria (project_phase_id, phase_criteria_type_id, parameter, create_user, create_date, modify_user, modify_date)
VALUES ('716', '5', 'No', '132458', '2010-05-21 07:26:30.0', '132458', '2010-05-21 07:26:30.0');
INSERT INTO phase_criteria (project_phase_id, phase_criteria_type_id, parameter, create_user, create_date, modify_user, modify_date)
VALUES ('717', '5', 'No', '132458', '2010-05-21 07:26:30.0', '132458', '2010-05-21 07:26:30.0');
INSERT INTO phase_criteria (project_phase_id, phase_criteria_type_id, parameter, create_user, create_date, modify_user, modify_date)
VALUES ('718', '5', 'No', '132458', '2010-05-21 07:26:30.0', '132458', '2010-05-21 07:26:30.0');
INSERT INTO phase_criteria (project_phase_id, phase_criteria_type_id, parameter, create_user, create_date, modify_user, modify_date)
VALUES ('719', '5', 'No', '132458', '2010-05-21 07:26:30.0', '132458', '2010-05-21 07:26:30.0');
INSERT INTO phase_criteria (project_phase_id, phase_criteria_type_id, parameter, create_user, create_date, modify_user, modify_date)
VALUES ('720', '5', 'No', '132458', '2010-05-21 07:26:30.0', '132458', '2010-05-21 07:26:30.0');
--  Data for phase_dependency
INSERT INTO phase_dependency (dependency_phase_id, dependent_phase_id, dependency_start, dependent_start, lag_time, create_user, create_date, modify_user, modify_date)
VALUES ('711', '712', '1', '1', '0', '132458', '2010-05-21 07:26:30.0', '132458', '2010-05-21 07:26:30.0');
INSERT INTO phase_dependency (dependency_phase_id, dependent_phase_id, dependency_start, dependent_start, lag_time, create_user, create_date, modify_user, modify_date)
VALUES ('712', '713', '0', '1', '0', '132458', '2010-05-21 07:26:30.0', '132458', '2010-05-21 07:26:30.0');
INSERT INTO phase_dependency (dependency_phase_id, dependent_phase_id, dependency_start, dependent_start, lag_time, create_user, create_date, modify_user, modify_date)
VALUES ('713', '714', '0', '1', '0', '132458', '2010-05-21 07:26:30.0', '132458', '2010-05-21 07:26:30.0');
INSERT INTO phase_dependency (dependency_phase_id, dependent_phase_id, dependency_start, dependent_start, lag_time, create_user, create_date, modify_user, modify_date)
VALUES ('714', '715', '0', '1', '0', '132458', '2010-05-21 07:26:30.0', '132458', '2010-05-21 07:26:30.0');
INSERT INTO phase_dependency (dependency_phase_id, dependent_phase_id, dependency_start, dependent_start, lag_time, create_user, create_date, modify_user, modify_date)
VALUES ('715', '716', '0', '1', '0', '132458', '2010-05-21 07:26:30.0', '132458', '2010-05-21 07:26:30.0');
INSERT INTO phase_dependency (dependency_phase_id, dependent_phase_id, dependency_start, dependent_start, lag_time, create_user, create_date, modify_user, modify_date)
VALUES ('716', '717', '0', '1', '0', '132458', '2010-05-21 07:26:30.0', '132458', '2010-05-21 07:26:30.0');
INSERT INTO phase_dependency (dependency_phase_id, dependent_phase_id, dependency_start, dependent_start, lag_time, create_user, create_date, modify_user, modify_date)
VALUES ('717', '718', '0', '1', '0', '132458', '2010-05-21 07:26:30.0', '132458', '2010-05-21 07:26:30.0');
INSERT INTO phase_dependency (dependency_phase_id, dependent_phase_id, dependency_start, dependent_start, lag_time, create_user, create_date, modify_user, modify_date)
VALUES ('718', '719', '0', '1', '0', '132458', '2010-05-21 07:26:30.0', '132458', '2010-05-21 07:26:30.0');
INSERT INTO phase_dependency (dependency_phase_id, dependent_phase_id, dependency_start, dependent_start, lag_time, create_user, create_date, modify_user, modify_date)
VALUES ('719', '720', '0', '1', '0', '132458', '2010-05-21 07:26:30.0', '132458', '2010-05-21 07:26:30.0');
--  Data for resource
INSERT INTO resource (resource_id, resource_role_id, project_id, project_phase_id, create_user, create_date, modify_user, modify_date)
VALUES ('711', '13', '711', NULL, '132458', '2010-05-21 07:26:30.0', '132458', '2010-05-21 07:26:30.0');
--  Data for resource_info
INSERT INTO resource_info (resource_id, resource_info_type_id, value, create_user, create_date, modify_user, modify_date)
VALUES ('711', '1', '132458', '132458', '2010-05-21 07:26:30.0', '132458', '2010-05-21 07:26:30.0');
INSERT INTO resource_info (resource_id, resource_info_type_id, value, create_user, create_date, modify_user, modify_date)
VALUES ('711', '2', 'user', '132458', '2010-05-21 07:26:30.0', '132458', '2010-05-21 07:26:30.0');
--  Data for user_role
INSERT INTO user_role (user_role_id, comp_vers_id, role_id, login_id, description)
VALUES ('1424', '1423', '1', '132458', '');
--  Data for word_search
INSERT INTO word_search (word_search_id, document_id, index_word, nbr_occurrences)
VALUES ('1427', '1421', 'ever                                                                                                ', '2');
INSERT INTO word_search (word_search_id, document_id, index_word, nbr_occurrences)
VALUES ('1428', '1421', 'component                                                                                           ', '4');
INSERT INTO word_search (word_search_id, document_id, index_word, nbr_occurrences)
VALUES ('1429', '1421', 'coolest                                                                                             ', '2');
INSERT INTO word_search (word_search_id, document_id, index_word, nbr_occurrences)
VALUES ('1430', '1421', 'development                                                    ', '2');
--  Data for word_search_ctgy
INSERT INTO word_search_ctgy (word_srch_ctgy_id, category_id, document_id)
VALUES ('1426', 'DDECATALOG                                        ', '1421');
--  Data for word_search_doc
INSERT INTO word_search_doc (document_id)
VALUES ('1421');
-- Data for project
INSERT INTO project (project_id, project_status_id, project_category_id, create_user, create_date, modify_user, modify_date)
VALUES ('721', '1', '14', '132456', '2010-05-21 07:26:30.0', '132456', '2010-05-21 07:26:30.0');
--  Data for project_info
INSERT INTO project_info (project_id, project_info_type_id, value, create_user, create_date, modify_user, modify_date)
VALUES ('721', '1', '1443', '132456', '2010-05-21 07:26:30.0', '132456', '2010-05-21 07:26:30.0');
INSERT INTO project_info (project_id, project_info_type_id, value, create_user, create_date, modify_user, modify_date)
VALUES ('721', '2', '1441', '132456', '2010-05-21 07:26:30.0', '132456', '2010-05-21 07:26:30.0');
INSERT INTO project_info (project_id, project_info_type_id, value, create_user, create_date, modify_user, modify_date)
VALUES ('721', '3', '1', '132456', '2010-05-21 07:26:30.0', '132456', '2010-05-21 07:26:30.0');
INSERT INTO project_info (project_id, project_info_type_id, value, create_user, create_date, modify_user, modify_date)
VALUES ('721', '4', '0', '132456', '2010-05-21 07:26:30.0', '132456', '2010-05-21 07:26:30.0');
INSERT INTO project_info (project_id, project_info_type_id, value, create_user, create_date, modify_user, modify_date)
VALUES ('721', '5', '5801777', '132456', '2010-05-21 07:26:30.0', '132456', '2010-05-21 07:26:30.0');
INSERT INTO project_info (project_id, project_info_type_id, value, create_user, create_date, modify_user, modify_date)
VALUES ('721', '6', 'Component 73', '132456', '2010-05-21 07:26:30.0', '132456', '2010-05-21 07:26:30.0');
INSERT INTO project_info (project_id, project_info_type_id, value, create_user, create_date, modify_user, modify_date)
VALUES ('721', '7', '1.0                 ', '132456', '2010-05-21 07:26:30.0', '132456', '2010-05-21 07:26:30.0');
INSERT INTO project_info (project_id, project_info_type_id, value, create_user, create_date, modify_user, modify_date)
VALUES ('721', '9', 'Off', '132456', '2010-05-21 07:26:30.0', '132456', '2010-05-21 07:26:30.0');
INSERT INTO project_info (project_id, project_info_type_id, value, create_user, create_date, modify_user, modify_date)
VALUES ('721', '10', 'On', '132456', '2010-05-21 07:26:30.0', '132456', '2010-05-21 07:26:30.0');
INSERT INTO project_info (project_id, project_info_type_id, value, create_user, create_date, modify_user, modify_date)
VALUES ('721', '11', 'On', '132456', '2010-05-21 07:26:30.0', '132456', '2010-05-21 07:26:30.0');
INSERT INTO project_info (project_id, project_info_type_id, value, create_user, create_date, modify_user, modify_date)
VALUES ('721', '12', 'Yes', '132456', '2010-05-21 07:26:30.0', '132456', '2010-05-21 07:26:30.0');
INSERT INTO project_info (project_id, project_info_type_id, value, create_user, create_date, modify_user, modify_date)
VALUES ('721', '13', 'Yes', '132456', '2010-05-21 07:26:30.0', '132456', '2010-05-21 07:26:30.0');
INSERT INTO project_info (project_id, project_info_type_id, value, create_user, create_date, modify_user, modify_date)
VALUES ('721', '14', 'Open', '132456', '2010-05-21 07:26:30.0', '132456', '2010-05-21 07:26:30.0');
INSERT INTO project_info (project_id, project_info_type_id, value, create_user, create_date, modify_user, modify_date)
VALUES ('721', '16', '0.0', '132456', '2010-05-21 07:26:30.0', '132456', '2010-05-21 07:26:30.0');
INSERT INTO project_info (project_id, project_info_type_id, value, create_user, create_date, modify_user, modify_date)
VALUES ('721', '26', 'On', '132456', '2010-05-21 07:26:30.0', '132456', '2010-05-21 07:26:30.0');
INSERT INTO project_info (project_id, project_info_type_id, value, create_user, create_date, modify_user, modify_date)
VALUES ('721', '29', 'On', '132456', '2010-05-21 07:26:30.0', '132456', '2010-05-21 07:26:30.0');
INSERT INTO project_info (project_id, project_info_type_id, value, create_user, create_date, modify_user, modify_date)
VALUES ('721', '41', 'true', '132456', '2010-05-21 07:26:30.0', '132456', '2010-05-21 07:26:30.0');
INSERT INTO project_info (project_id, project_info_type_id, value, create_user, create_date, modify_user, modify_date)
VALUES ('721', '43', 'true', '132456', '2010-05-21 07:26:30.0', '132456', '2010-05-21 07:26:30.0');
--  Data for project_phase
INSERT INTO project_phase (project_phase_id, project_id, phase_type_id, phase_status_id, fixed_start_time, scheduled_start_time, scheduled_end_time, actual_start_time, actual_end_time, duration, create_user, create_date, modify_user, modify_date)
VALUES ('721', '721', '1', '1', '2010-05-27 09:00:00.0', '2010-05-27 09:00:00.0', '2010-06-01 09:00:00.0', NULL, NULL, '259200000', '132456', '2010-05-21 07:26:30.0', '132456', '2010-05-21 07:26:30.0');
INSERT INTO project_phase (project_phase_id, project_id, phase_type_id, phase_status_id, fixed_start_time, scheduled_start_time, scheduled_end_time, actual_start_time, actual_end_time, duration, create_user, create_date, modify_user, modify_date)
VALUES ('722', '721', '2', '1', '2010-05-27 09:00:00.0', '2010-05-27 09:00:00.0', '2010-06-07 09:00:00.0', NULL, NULL, '604800000', '132456', '2010-05-21 07:26:30.0', '132456', '2010-05-21 07:26:30.0');
INSERT INTO project_phase (project_phase_id, project_id, phase_type_id, phase_status_id, fixed_start_time, scheduled_start_time, scheduled_end_time, actual_start_time, actual_end_time, duration, create_user, create_date, modify_user, modify_date)
VALUES ('723', '721', '3', '1', '2010-06-07 09:00:00.0', '2010-06-07 09:00:00.0', '2010-06-08 09:00:00.0', NULL, NULL, '86400000', '132456', '2010-05-21 07:26:30.0', '132456', '2010-05-21 07:26:30.0');
INSERT INTO project_phase (project_phase_id, project_id, phase_type_id, phase_status_id, fixed_start_time, scheduled_start_time, scheduled_end_time, actual_start_time, actual_end_time, duration, create_user, create_date, modify_user, modify_date)
VALUES ('724', '721', '4', '1', '2010-06-08 09:00:00.0', '2010-06-08 09:00:00.0', '2010-06-14 09:00:00.0', NULL, NULL, '345600000', '132456', '2010-05-21 07:26:30.0', '132456', '2010-05-21 07:26:30.0');
INSERT INTO project_phase (project_phase_id, project_id, phase_type_id, phase_status_id, fixed_start_time, scheduled_start_time, scheduled_end_time, actual_start_time, actual_end_time, duration, create_user, create_date, modify_user, modify_date)
VALUES ('725', '721', '5', '1', '2010-06-14 09:00:00.0', '2010-06-14 09:00:00.0', '2010-06-15 09:00:00.0', NULL, NULL, '86400000', '132456', '2010-05-21 07:26:30.0', '132456', '2010-05-21 07:26:30.0');
INSERT INTO project_phase (project_phase_id, project_id, phase_type_id, phase_status_id, fixed_start_time, scheduled_start_time, scheduled_end_time, actual_start_time, actual_end_time, duration, create_user, create_date, modify_user, modify_date)
VALUES ('726', '721', '6', '1', '2010-06-15 09:00:00.0', '2010-06-15 09:00:00.0', '2010-06-16 09:00:00.0', NULL, NULL, '86400000', '132456', '2010-05-21 07:26:30.0', '132456', '2010-05-21 07:26:30.0');
INSERT INTO project_phase (project_phase_id, project_id, phase_type_id, phase_status_id, fixed_start_time, scheduled_start_time, scheduled_end_time, actual_start_time, actual_end_time, duration, create_user, create_date, modify_user, modify_date)
VALUES ('727', '721', '7', '1', '2010-06-16 09:00:00.0', '2010-06-16 09:00:00.0', '2010-06-16 21:00:00.0', NULL, NULL, '43200000', '132456', '2010-05-21 07:26:30.0', '132456', '2010-05-21 07:26:30.0');
INSERT INTO project_phase (project_phase_id, project_id, phase_type_id, phase_status_id, fixed_start_time, scheduled_start_time, scheduled_end_time, actual_start_time, actual_end_time, duration, create_user, create_date, modify_user, modify_date)
VALUES ('728', '721', '8', '1', '2010-06-16 21:00:00.0', '2010-06-16 21:00:00.0', '2010-06-17 09:00:00.0', NULL, NULL, '43200000', '132456', '2010-05-21 07:26:30.0', '132456', '2010-05-21 07:26:30.0');
INSERT INTO project_phase (project_phase_id, project_id, phase_type_id, phase_status_id, fixed_start_time, scheduled_start_time, scheduled_end_time, actual_start_time, actual_end_time, duration, create_user, create_date, modify_user, modify_date)
VALUES ('729', '721', '9', '1', '2010-06-17 09:00:00.0', '2010-06-17 09:00:00.0', '2010-06-22 09:00:00.0', NULL, NULL, '259200000', '132456', '2010-05-21 07:26:30.0', '132456', '2010-05-21 07:26:30.0');
INSERT INTO project_phase (project_phase_id, project_id, phase_type_id, phase_status_id, fixed_start_time, scheduled_start_time, scheduled_end_time, actual_start_time, actual_end_time, duration, create_user, create_date, modify_user, modify_date)
VALUES ('730', '721', '10', '1', '2010-06-22 09:00:00.0', '2010-06-22 09:00:00.0', '2010-06-23 09:00:00.0', NULL, NULL, '86400000', '132456', '2010-05-21 07:26:30.0', '132456', '2010-05-21 07:26:30.0');
--  Data for comp_catalog
INSERT INTO comp_catalog (component_id, current_version, short_desc, component_name, description, function_desc, create_time, status_id, root_category_id, modify_date, public_ind)
VALUES ('1441', '1', 'Coolest component ever', 'Component 73', 'Coolest component ever', 'Component', '2010-05-21 07:20:14.48', '102', '5801777', '2010-05-21 07:23:44.0', '0');
--  Data for comp_versions
INSERT INTO comp_versions (comp_vers_id, component_id, version, version_text, create_time, phase_id, phase_time, price, comments, modify_date,
                           suspended_ind)
VALUES ('1443', '1441', '1', '1.0                 ', '2010-05-21 07:20:14.48', '112', '1976-05-04 00:00:00.0', '1000.00', 'Cool', '2010-05-21 07:27:01.0', '0');
--  Data for comp_categories
INSERT INTO comp_categories (comp_categories_id, component_id, category_id)
VALUES ('1445', '1441', '11');
--  Data for comp_keywords
INSERT INTO comp_keywords (comp_keywords_id, component_id, keyword)
VALUES ('1451', '1441', 'assembly');
--  Data for comp_technology
INSERT INTO comp_technology (comp_tech_id, comp_vers_id, technology_type_id)
VALUES ('1452', '1443', '1');
--  Data for comp_documentation
INSERT INTO comp_documentation (document_id, comp_vers_id, document_type_id, document_name, url)
VALUES ('1453', '1443', '0', 'Requirements Specification', '1441/1443/MQTTBroker_Requirements_Specification.pdf');
--  Data for comp_jive_category_xref
INSERT INTO comp_jive_category_xref (comp_vers_id, jive_category_id)
VALUES ('1443', '0');
--  Data for comp_version_dates
INSERT INTO comp_version_dates (comp_version_dates_id, comp_vers_id, phase_id, posting_date, initial_submission_date, winner_announced_date, final_submission_date,
                                estimated_dev_date, price, total_submissions, status_id, create_time, level_id, screening_complete_date, review_complete_date,
                                aggregation_complete_date, phase_complete_date, production_date, aggregation_complete_date_comment, phase_complete_date_comment,
                                review_complete_date_comment, winner_announced_date_comment, initial_submission_date_comment, screening_complete_date_comment,
                                final_submission_date_comment, production_date_comment, modify_date)
VALUES ('1454', '1443', '112', '1976-05-05', '2000-01-01', '2000-01-01', 
        '2000-01-01', '2000-01-01', NULL, '0', '301', '2010-05-21 07:27:01.0', '100', '2000-01-01',
        '2000-01-01', '2000-01-01', '2000-01-01', '2010-12-01', 
        NULL, NULL, NULL, NULL, NULL, NULL, NULL, '', '2010-05-21 07:27:01.0');
--  Data for phase_criteria
INSERT INTO phase_criteria (project_phase_id, phase_criteria_type_id, parameter, create_user, create_date, modify_user, modify_date)
VALUES ('721', '2', '0', '132456', '2010-05-21 07:26:30.0', '132456', '2010-05-21 07:26:30.0');
INSERT INTO phase_criteria (project_phase_id, phase_criteria_type_id, parameter, create_user, create_date, modify_user, modify_date)
VALUES ('721', '5', 'No', '132456', '2010-05-21 07:26:30.0', '132456', '2010-05-21 07:26:30.0');
INSERT INTO phase_criteria (project_phase_id, phase_criteria_type_id, parameter, create_user, create_date, modify_user, modify_date)
VALUES ('722', '3', '0', '132456', '2010-05-21 07:26:30.0', '132456', '2010-05-21 07:26:30.0');
INSERT INTO phase_criteria (project_phase_id, phase_criteria_type_id, parameter, create_user, create_date, modify_user, modify_date)
VALUES ('722', '5', 'No', '132456', '2010-05-21 07:26:30.0', '132456', '2010-05-21 07:26:30.0');
INSERT INTO phase_criteria (project_phase_id, phase_criteria_type_id, parameter, create_user, create_date, modify_user, modify_date)
VALUES ('723', '5', 'No', '132456', '2010-05-21 07:26:30.0', '132456', '2010-05-21 07:26:30.0');
INSERT INTO phase_criteria (project_phase_id, phase_criteria_type_id, parameter, create_user, create_date, modify_user, modify_date)
VALUES ('723', '1', '30000410', '132456', '2010-05-21 07:26:30.0', '132456', '2010-05-21 07:26:30.0');
INSERT INTO phase_criteria (project_phase_id, phase_criteria_type_id, parameter, create_user, create_date, modify_user, modify_date)
VALUES ('724', '5', 'No', '132456', '2010-05-21 07:26:30.0', '132456', '2010-05-21 07:26:30.0');
INSERT INTO phase_criteria (project_phase_id, phase_criteria_type_id, parameter, create_user, create_date, modify_user, modify_date)
VALUES ('724', '1', '30000411', '132456', '2010-05-21 07:26:30.0', '132456', '2010-05-21 07:26:30.0');
INSERT INTO phase_criteria (project_phase_id, phase_criteria_type_id, parameter, create_user, create_date, modify_user, modify_date)
VALUES ('724', '6', '3', '132456', '2010-05-21 07:26:30.0', '132456', '2010-05-21 07:26:30.0');
INSERT INTO phase_criteria (project_phase_id, phase_criteria_type_id, parameter, create_user, create_date, modify_user, modify_date)
VALUES ('725', '5', 'No', '132456', '2010-05-21 07:26:30.0', '132456', '2010-05-21 07:26:30.0');
INSERT INTO phase_criteria (project_phase_id, phase_criteria_type_id, parameter, create_user, create_date, modify_user, modify_date)
VALUES ('725', '4', 'No', '132456', '2010-05-21 07:26:30.0', '132456', '2010-05-21 07:26:30.0');
INSERT INTO phase_criteria (project_phase_id, phase_criteria_type_id, parameter, create_user, create_date, modify_user, modify_date)
VALUES ('726', '5', 'No', '132456', '2010-05-21 07:26:30.0', '132456', '2010-05-21 07:26:30.0');
INSERT INTO phase_criteria (project_phase_id, phase_criteria_type_id, parameter, create_user, create_date, modify_user, modify_date)
VALUES ('727', '5', 'No', '132456', '2010-05-21 07:26:30.0', '132456', '2010-05-21 07:26:30.0');
INSERT INTO phase_criteria (project_phase_id, phase_criteria_type_id, parameter, create_user, create_date, modify_user, modify_date)
VALUES ('728', '5', 'No', '132456', '2010-05-21 07:26:30.0', '132456', '2010-05-21 07:26:30.0');
INSERT INTO phase_criteria (project_phase_id, phase_criteria_type_id, parameter, create_user, create_date, modify_user, modify_date)
VALUES ('729', '5', 'No', '132456', '2010-05-21 07:26:30.0', '132456', '2010-05-21 07:26:30.0');
INSERT INTO phase_criteria (project_phase_id, phase_criteria_type_id, parameter, create_user, create_date, modify_user, modify_date)
VALUES ('730', '5', 'No', '132456', '2010-05-21 07:26:30.0', '132456', '2010-05-21 07:26:30.0');
--  Data for phase_dependency
INSERT INTO phase_dependency (dependency_phase_id, dependent_phase_id, dependency_start, dependent_start, lag_time, create_user, create_date, modify_user, modify_date)
VALUES ('721', '722', '1', '1', '0', '132456', '2010-05-21 07:26:30.0', '132456', '2010-05-21 07:26:30.0');
INSERT INTO phase_dependency (dependency_phase_id, dependent_phase_id, dependency_start, dependent_start, lag_time, create_user, create_date, modify_user, modify_date)
VALUES ('722', '723', '0', '1', '0', '132456', '2010-05-21 07:26:30.0', '132456', '2010-05-21 07:26:30.0');
INSERT INTO phase_dependency (dependency_phase_id, dependent_phase_id, dependency_start, dependent_start, lag_time, create_user, create_date, modify_user, modify_date)
VALUES ('723', '724', '0', '1', '0', '132456', '2010-05-21 07:26:30.0', '132456', '2010-05-21 07:26:30.0');
INSERT INTO phase_dependency (dependency_phase_id, dependent_phase_id, dependency_start, dependent_start, lag_time, create_user, create_date, modify_user, modify_date)
VALUES ('724', '725', '0', '1', '0', '132456', '2010-05-21 07:26:30.0', '132456', '2010-05-21 07:26:30.0');
INSERT INTO phase_dependency (dependency_phase_id, dependent_phase_id, dependency_start, dependent_start, lag_time, create_user, create_date, modify_user, modify_date)
VALUES ('725', '726', '0', '1', '0', '132456', '2010-05-21 07:26:30.0', '132456', '2010-05-21 07:26:30.0');
INSERT INTO phase_dependency (dependency_phase_id, dependent_phase_id, dependency_start, dependent_start, lag_time, create_user, create_date, modify_user, modify_date)
VALUES ('726', '727', '0', '1', '0', '132456', '2010-05-21 07:26:30.0', '132456', '2010-05-21 07:26:30.0');
INSERT INTO phase_dependency (dependency_phase_id, dependent_phase_id, dependency_start, dependent_start, lag_time, create_user, create_date, modify_user, modify_date)
VALUES ('727', '728', '0', '1', '0', '132456', '2010-05-21 07:26:30.0', '132456', '2010-05-21 07:26:30.0');
INSERT INTO phase_dependency (dependency_phase_id, dependent_phase_id, dependency_start, dependent_start, lag_time, create_user, create_date, modify_user, modify_date)
VALUES ('728', '729', '0', '1', '0', '132456', '2010-05-21 07:26:30.0', '132456', '2010-05-21 07:26:30.0');
INSERT INTO phase_dependency (dependency_phase_id, dependent_phase_id, dependency_start, dependent_start, lag_time, create_user, create_date, modify_user, modify_date)
VALUES ('729', '730', '0', '1', '0', '132456', '2010-05-21 07:26:30.0', '132456', '2010-05-21 07:26:30.0');
--  Data for resource
INSERT INTO resource (resource_id, resource_role_id, project_id, project_phase_id, create_user, create_date, modify_user, modify_date)
VALUES ('721', '13', '721', NULL, '132456', '2010-05-21 07:26:30.0', '132456', '2010-05-21 07:26:30.0');
--  Data for resource_info
INSERT INTO resource_info (resource_id, resource_info_type_id, value, create_user, create_date, modify_user, modify_date)
VALUES ('721', '1', '132456', '132456', '2010-05-21 07:26:30.0', '132456', '2010-05-21 07:26:30.0');
INSERT INTO resource_info (resource_id, resource_info_type_id, value, create_user, create_date, modify_user, modify_date)
VALUES ('721', '2', 'heffan', '132456', '2010-05-21 07:26:30.0', '132456', '2010-05-21 07:26:30.0');
--  Data for user_role
INSERT INTO user_role (user_role_id, comp_vers_id, role_id, login_id, description)
VALUES ('1444', '1443', '1', '132456', '');
--  Data for word_search
INSERT INTO word_search (word_search_id, document_id, index_word, nbr_occurrences)
VALUES ('1447', '1441', 'ever                                                                                                ', '2');
INSERT INTO word_search (word_search_id, document_id, index_word, nbr_occurrences)
VALUES ('1448', '1441', 'component                                                                                           ', '4');
INSERT INTO word_search (word_search_id, document_id, index_word, nbr_occurrences)
VALUES ('1449', '1441', 'coolest                                                                                             ', '2');
INSERT INTO word_search (word_search_id, document_id, index_word, nbr_occurrences)
VALUES ('1450', '1441', 'assembly                                                    ', '2');
--  Data for word_search_ctgy
INSERT INTO word_search_ctgy (word_srch_ctgy_id, category_id, document_id)
VALUES ('1446', 'DDECATALOG                                        ', '1441');
--  Data for word_search_doc
INSERT INTO word_search_doc (document_id)
VALUES ('1441');
-- Data for project
INSERT INTO project (project_id, project_status_id, project_category_id, create_user, create_date, modify_user, modify_date)
VALUES ('731', '2', '14', '132456', '2010-05-21 07:26:30.0', '132456', '2010-05-21 07:26:30.0');
--  Data for project_info
INSERT INTO project_info (project_id, project_info_type_id, value, create_user, create_date, modify_user, modify_date)
VALUES ('731', '1', '1463', '132456', '2010-05-21 07:26:30.0', '132456', '2010-05-21 07:26:30.0');
INSERT INTO project_info (project_id, project_info_type_id, value, create_user, create_date, modify_user, modify_date)
VALUES ('731', '2', '1461', '132456', '2010-05-21 07:26:30.0', '132456', '2010-05-21 07:26:30.0');
INSERT INTO project_info (project_id, project_info_type_id, value, create_user, create_date, modify_user, modify_date)
VALUES ('731', '3', '1', '132456', '2010-05-21 07:26:30.0', '132456', '2010-05-21 07:26:30.0');
INSERT INTO project_info (project_id, project_info_type_id, value, create_user, create_date, modify_user, modify_date)
VALUES ('731', '4', '0', '132456', '2010-05-21 07:26:30.0', '132456', '2010-05-21 07:26:30.0');
INSERT INTO project_info (project_id, project_info_type_id, value, create_user, create_date, modify_user, modify_date)
VALUES ('731', '5', '5801778', '132456', '2010-05-21 07:26:30.0', '132456', '2010-05-21 07:26:30.0');
INSERT INTO project_info (project_id, project_info_type_id, value, create_user, create_date, modify_user, modify_date)
VALUES ('731', '6', 'Component 74', '132456', '2010-05-21 07:26:30.0', '132456', '2010-05-21 07:26:30.0');
INSERT INTO project_info (project_id, project_info_type_id, value, create_user, create_date, modify_user, modify_date)
VALUES ('731', '7', '1.0                 ', '132456', '2010-05-21 07:26:30.0', '132456', '2010-05-21 07:26:30.0');
INSERT INTO project_info (project_id, project_info_type_id, value, create_user, create_date, modify_user, modify_date)
VALUES ('731', '9', 'Off', '132456', '2010-05-21 07:26:30.0', '132456', '2010-05-21 07:26:30.0');
INSERT INTO project_info (project_id, project_info_type_id, value, create_user, create_date, modify_user, modify_date)
VALUES ('731', '10', 'On', '132456', '2010-05-21 07:26:30.0', '132456', '2010-05-21 07:26:30.0');
INSERT INTO project_info (project_id, project_info_type_id, value, create_user, create_date, modify_user, modify_date)
VALUES ('731', '11', 'On', '132456', '2010-05-21 07:26:30.0', '132456', '2010-05-21 07:26:30.0');
INSERT INTO project_info (project_id, project_info_type_id, value, create_user, create_date, modify_user, modify_date)
VALUES ('731', '12', 'Yes', '132456', '2010-05-21 07:26:30.0', '132456', '2010-05-21 07:26:30.0');
INSERT INTO project_info (project_id, project_info_type_id, value, create_user, create_date, modify_user, modify_date)
VALUES ('731', '13', 'Yes', '132456', '2010-05-21 07:26:30.0', '132456', '2010-05-21 07:26:30.0');
INSERT INTO project_info (project_id, project_info_type_id, value, create_user, create_date, modify_user, modify_date)
VALUES ('731', '14', 'Open', '132456', '2010-05-21 07:26:30.0', '132456', '2010-05-21 07:26:30.0');
INSERT INTO project_info (project_id, project_info_type_id, value, create_user, create_date, modify_user, modify_date)
VALUES ('731', '16', '0.0', '132456', '2010-05-21 07:26:30.0', '132456', '2010-05-21 07:26:30.0');
INSERT INTO project_info (project_id, project_info_type_id, value, create_user, create_date, modify_user, modify_date)
VALUES ('731', '26', 'On', '132456', '2010-05-21 07:26:30.0', '132456', '2010-05-21 07:26:30.0');
INSERT INTO project_info (project_id, project_info_type_id, value, create_user, create_date, modify_user, modify_date)
VALUES ('731', '29', 'On', '132456', '2010-05-21 07:26:30.0', '132456', '2010-05-21 07:26:30.0');
INSERT INTO project_info (project_id, project_info_type_id, value, create_user, create_date, modify_user, modify_date)
VALUES ('731', '41', 'true', '132456', '2010-05-21 07:26:30.0', '132456', '2010-05-21 07:26:30.0');
INSERT INTO project_info (project_id, project_info_type_id, value, create_user, create_date, modify_user, modify_date)
VALUES ('731', '43', 'true', '132456', '2010-05-21 07:26:30.0', '132456', '2010-05-21 07:26:30.0');
--  Data for project_phase
INSERT INTO project_phase (project_phase_id, project_id, phase_type_id, phase_status_id, fixed_start_time, scheduled_start_time, scheduled_end_time, actual_start_time, actual_end_time, duration, create_user, create_date, modify_user, modify_date)
VALUES ('731', '731', '1', '1', '2010-05-27 09:00:00.0', '2010-05-27 09:00:00.0', '2010-06-01 09:00:00.0', NULL, NULL, '259200000', '132456', '2010-05-21 07:26:30.0', '132456', '2010-05-21 07:26:30.0');
INSERT INTO project_phase (project_phase_id, project_id, phase_type_id, phase_status_id, fixed_start_time, scheduled_start_time, scheduled_end_time, actual_start_time, actual_end_time, duration, create_user, create_date, modify_user, modify_date)
VALUES ('732', '731', '2', '1', '2010-05-27 09:00:00.0', '2010-05-27 09:00:00.0', '2010-06-07 09:00:00.0', NULL, NULL, '604800000', '132456', '2010-05-21 07:26:30.0', '132456', '2010-05-21 07:26:30.0');
INSERT INTO project_phase (project_phase_id, project_id, phase_type_id, phase_status_id, fixed_start_time, scheduled_start_time, scheduled_end_time, actual_start_time, actual_end_time, duration, create_user, create_date, modify_user, modify_date)
VALUES ('733', '731', '3', '1', '2010-06-07 09:00:00.0', '2010-06-07 09:00:00.0', '2010-06-08 09:00:00.0', NULL, NULL, '86400000', '132456', '2010-05-21 07:26:30.0', '132456', '2010-05-21 07:26:30.0');
INSERT INTO project_phase (project_phase_id, project_id, phase_type_id, phase_status_id, fixed_start_time, scheduled_start_time, scheduled_end_time, actual_start_time, actual_end_time, duration, create_user, create_date, modify_user, modify_date)
VALUES ('734', '731', '4', '1', '2010-06-08 09:00:00.0', '2010-06-08 09:00:00.0', '2010-06-14 09:00:00.0', NULL, NULL, '345600000', '132456', '2010-05-21 07:26:30.0', '132456', '2010-05-21 07:26:30.0');
INSERT INTO project_phase (project_phase_id, project_id, phase_type_id, phase_status_id, fixed_start_time, scheduled_start_time, scheduled_end_time, actual_start_time, actual_end_time, duration, create_user, create_date, modify_user, modify_date)
VALUES ('735', '731', '5', '1', '2010-06-14 09:00:00.0', '2010-06-14 09:00:00.0', '2010-06-15 09:00:00.0', NULL, NULL, '86400000', '132456', '2010-05-21 07:26:30.0', '132456', '2010-05-21 07:26:30.0');
INSERT INTO project_phase (project_phase_id, project_id, phase_type_id, phase_status_id, fixed_start_time, scheduled_start_time, scheduled_end_time, actual_start_time, actual_end_time, duration, create_user, create_date, modify_user, modify_date)
VALUES ('736', '731', '6', '1', '2010-06-15 09:00:00.0', '2010-06-15 09:00:00.0', '2010-06-16 09:00:00.0', NULL, NULL, '86400000', '132456', '2010-05-21 07:26:30.0', '132456', '2010-05-21 07:26:30.0');
INSERT INTO project_phase (project_phase_id, project_id, phase_type_id, phase_status_id, fixed_start_time, scheduled_start_time, scheduled_end_time, actual_start_time, actual_end_time, duration, create_user, create_date, modify_user, modify_date)
VALUES ('737', '731', '7', '1', '2010-06-16 09:00:00.0', '2010-06-16 09:00:00.0', '2010-06-16 21:00:00.0', NULL, NULL, '43200000', '132456', '2010-05-21 07:26:30.0', '132456', '2010-05-21 07:26:30.0');
INSERT INTO project_phase (project_phase_id, project_id, phase_type_id, phase_status_id, fixed_start_time, scheduled_start_time, scheduled_end_time, actual_start_time, actual_end_time, duration, create_user, create_date, modify_user, modify_date)
VALUES ('738', '731', '8', '1', '2010-06-16 21:00:00.0', '2010-06-16 21:00:00.0', '2010-06-17 09:00:00.0', NULL, NULL, '43200000', '132456', '2010-05-21 07:26:30.0', '132456', '2010-05-21 07:26:30.0');
INSERT INTO project_phase (project_phase_id, project_id, phase_type_id, phase_status_id, fixed_start_time, scheduled_start_time, scheduled_end_time, actual_start_time, actual_end_time, duration, create_user, create_date, modify_user, modify_date)
VALUES ('739', '731', '9', '1', '2010-06-17 09:00:00.0', '2010-06-17 09:00:00.0', '2010-06-22 09:00:00.0', NULL, NULL, '259200000', '132456', '2010-05-21 07:26:30.0', '132456', '2010-05-21 07:26:30.0');
INSERT INTO project_phase (project_phase_id, project_id, phase_type_id, phase_status_id, fixed_start_time, scheduled_start_time, scheduled_end_time, actual_start_time, actual_end_time, duration, create_user, create_date, modify_user, modify_date)
VALUES ('740', '731', '10', '1', '2010-06-22 09:00:00.0', '2010-06-22 09:00:00.0', '2010-06-23 09:00:00.0', NULL, NULL, '86400000', '132456', '2010-05-21 07:26:30.0', '132456', '2010-05-21 07:26:30.0');
--  Data for comp_catalog
INSERT INTO comp_catalog (component_id, current_version, short_desc, component_name, description, function_desc, create_time, status_id, root_category_id, modify_date, public_ind)
VALUES ('1461', '1', 'Coolest component ever', 'Component 74', 'Coolest component ever', 'Component', '2010-05-21 07:20:14.48', '102', '5801778', '2010-05-21 07:23:44.0', '0');
--  Data for comp_versions
INSERT INTO comp_versions (comp_vers_id, component_id, version, version_text, create_time, phase_id, phase_time, price, comments, modify_date,
                           suspended_ind)
VALUES ('1463', '1461', '1', '1.0                 ', '2010-05-21 07:20:14.48', '112', '1976-05-04 00:00:00.0', '1000.00', 'Cool', '2010-05-21 07:27:01.0', '0');
--  Data for comp_categories
INSERT INTO comp_categories (comp_categories_id, component_id, category_id)
VALUES ('1465', '1461', '11');
--  Data for comp_keywords
INSERT INTO comp_keywords (comp_keywords_id, component_id, keyword)
VALUES ('1471', '1461', 'assembly');
--  Data for comp_technology
INSERT INTO comp_technology (comp_tech_id, comp_vers_id, technology_type_id)
VALUES ('1472', '1463', '1');
--  Data for comp_documentation
INSERT INTO comp_documentation (document_id, comp_vers_id, document_type_id, document_name, url)
VALUES ('1473', '1463', '0', 'Requirements Specification', '1461/1463/MQTTBroker_Requirements_Specification.pdf');
--  Data for comp_jive_category_xref
INSERT INTO comp_jive_category_xref (comp_vers_id, jive_category_id)
VALUES ('1463', '0');
--  Data for comp_version_dates
INSERT INTO comp_version_dates (comp_version_dates_id, comp_vers_id, phase_id, posting_date, initial_submission_date, winner_announced_date, final_submission_date,
                                estimated_dev_date, price, total_submissions, status_id, create_time, level_id, screening_complete_date, review_complete_date,
                                aggregation_complete_date, phase_complete_date, production_date, aggregation_complete_date_comment, phase_complete_date_comment,
                                review_complete_date_comment, winner_announced_date_comment, initial_submission_date_comment, screening_complete_date_comment,
                                final_submission_date_comment, production_date_comment, modify_date)
VALUES ('1474', '1463', '112', '1976-05-05', '2000-01-01', '2000-01-01', 
        '2000-01-01', '2000-01-01', NULL, '0', '301', '2010-05-21 07:27:01.0', '100', '2000-01-01',
        '2000-01-01', '2000-01-01', '2000-01-01', '2010-12-01', 
        NULL, NULL, NULL, NULL, NULL, NULL, NULL, '', '2010-05-21 07:27:01.0');
--  Data for phase_criteria
INSERT INTO phase_criteria (project_phase_id, phase_criteria_type_id, parameter, create_user, create_date, modify_user, modify_date)
VALUES ('731', '2', '0', '132456', '2010-05-21 07:26:30.0', '132456', '2010-05-21 07:26:30.0');
INSERT INTO phase_criteria (project_phase_id, phase_criteria_type_id, parameter, create_user, create_date, modify_user, modify_date)
VALUES ('731', '5', 'No', '132456', '2010-05-21 07:26:30.0', '132456', '2010-05-21 07:26:30.0');
INSERT INTO phase_criteria (project_phase_id, phase_criteria_type_id, parameter, create_user, create_date, modify_user, modify_date)
VALUES ('732', '3', '0', '132456', '2010-05-21 07:26:30.0', '132456', '2010-05-21 07:26:30.0');
INSERT INTO phase_criteria (project_phase_id, phase_criteria_type_id, parameter, create_user, create_date, modify_user, modify_date)
VALUES ('732', '5', 'No', '132456', '2010-05-21 07:26:30.0', '132456', '2010-05-21 07:26:30.0');
INSERT INTO phase_criteria (project_phase_id, phase_criteria_type_id, parameter, create_user, create_date, modify_user, modify_date)
VALUES ('733', '5', 'No', '132456', '2010-05-21 07:26:30.0', '132456', '2010-05-21 07:26:30.0');
INSERT INTO phase_criteria (project_phase_id, phase_criteria_type_id, parameter, create_user, create_date, modify_user, modify_date)
VALUES ('733', '1', '30000410', '132456', '2010-05-21 07:26:30.0', '132456', '2010-05-21 07:26:30.0');
INSERT INTO phase_criteria (project_phase_id, phase_criteria_type_id, parameter, create_user, create_date, modify_user, modify_date)
VALUES ('734', '5', 'No', '132456', '2010-05-21 07:26:30.0', '132456', '2010-05-21 07:26:30.0');
INSERT INTO phase_criteria (project_phase_id, phase_criteria_type_id, parameter, create_user, create_date, modify_user, modify_date)
VALUES ('734', '1', '30000411', '132456', '2010-05-21 07:26:30.0', '132456', '2010-05-21 07:26:30.0');
INSERT INTO phase_criteria (project_phase_id, phase_criteria_type_id, parameter, create_user, create_date, modify_user, modify_date)
VALUES ('734', '6', '3', '132456', '2010-05-21 07:26:30.0', '132456', '2010-05-21 07:26:30.0');
INSERT INTO phase_criteria (project_phase_id, phase_criteria_type_id, parameter, create_user, create_date, modify_user, modify_date)
VALUES ('735', '5', 'No', '132456', '2010-05-21 07:26:30.0', '132456', '2010-05-21 07:26:30.0');
INSERT INTO phase_criteria (project_phase_id, phase_criteria_type_id, parameter, create_user, create_date, modify_user, modify_date)
VALUES ('735', '4', 'No', '132456', '2010-05-21 07:26:30.0', '132456', '2010-05-21 07:26:30.0');
INSERT INTO phase_criteria (project_phase_id, phase_criteria_type_id, parameter, create_user, create_date, modify_user, modify_date)
VALUES ('736', '5', 'No', '132456', '2010-05-21 07:26:30.0', '132456', '2010-05-21 07:26:30.0');
INSERT INTO phase_criteria (project_phase_id, phase_criteria_type_id, parameter, create_user, create_date, modify_user, modify_date)
VALUES ('737', '5', 'No', '132456', '2010-05-21 07:26:30.0', '132456', '2010-05-21 07:26:30.0');
INSERT INTO phase_criteria (project_phase_id, phase_criteria_type_id, parameter, create_user, create_date, modify_user, modify_date)
VALUES ('738', '5', 'No', '132456', '2010-05-21 07:26:30.0', '132456', '2010-05-21 07:26:30.0');
INSERT INTO phase_criteria (project_phase_id, phase_criteria_type_id, parameter, create_user, create_date, modify_user, modify_date)
VALUES ('739', '5', 'No', '132456', '2010-05-21 07:26:30.0', '132456', '2010-05-21 07:26:30.0');
INSERT INTO phase_criteria (project_phase_id, phase_criteria_type_id, parameter, create_user, create_date, modify_user, modify_date)
VALUES ('740', '5', 'No', '132456', '2010-05-21 07:26:30.0', '132456', '2010-05-21 07:26:30.0');
--  Data for phase_dependency
INSERT INTO phase_dependency (dependency_phase_id, dependent_phase_id, dependency_start, dependent_start, lag_time, create_user, create_date, modify_user, modify_date)
VALUES ('731', '732', '1', '1', '0', '132456', '2010-05-21 07:26:30.0', '132456', '2010-05-21 07:26:30.0');
INSERT INTO phase_dependency (dependency_phase_id, dependent_phase_id, dependency_start, dependent_start, lag_time, create_user, create_date, modify_user, modify_date)
VALUES ('732', '733', '0', '1', '0', '132456', '2010-05-21 07:26:30.0', '132456', '2010-05-21 07:26:30.0');
INSERT INTO phase_dependency (dependency_phase_id, dependent_phase_id, dependency_start, dependent_start, lag_time, create_user, create_date, modify_user, modify_date)
VALUES ('733', '734', '0', '1', '0', '132456', '2010-05-21 07:26:30.0', '132456', '2010-05-21 07:26:30.0');
INSERT INTO phase_dependency (dependency_phase_id, dependent_phase_id, dependency_start, dependent_start, lag_time, create_user, create_date, modify_user, modify_date)
VALUES ('734', '735', '0', '1', '0', '132456', '2010-05-21 07:26:30.0', '132456', '2010-05-21 07:26:30.0');
INSERT INTO phase_dependency (dependency_phase_id, dependent_phase_id, dependency_start, dependent_start, lag_time, create_user, create_date, modify_user, modify_date)
VALUES ('735', '736', '0', '1', '0', '132456', '2010-05-21 07:26:30.0', '132456', '2010-05-21 07:26:30.0');
INSERT INTO phase_dependency (dependency_phase_id, dependent_phase_id, dependency_start, dependent_start, lag_time, create_user, create_date, modify_user, modify_date)
VALUES ('736', '737', '0', '1', '0', '132456', '2010-05-21 07:26:30.0', '132456', '2010-05-21 07:26:30.0');
INSERT INTO phase_dependency (dependency_phase_id, dependent_phase_id, dependency_start, dependent_start, lag_time, create_user, create_date, modify_user, modify_date)
VALUES ('737', '738', '0', '1', '0', '132456', '2010-05-21 07:26:30.0', '132456', '2010-05-21 07:26:30.0');
INSERT INTO phase_dependency (dependency_phase_id, dependent_phase_id, dependency_start, dependent_start, lag_time, create_user, create_date, modify_user, modify_date)
VALUES ('738', '739', '0', '1', '0', '132456', '2010-05-21 07:26:30.0', '132456', '2010-05-21 07:26:30.0');
INSERT INTO phase_dependency (dependency_phase_id, dependent_phase_id, dependency_start, dependent_start, lag_time, create_user, create_date, modify_user, modify_date)
VALUES ('739', '740', '0', '1', '0', '132456', '2010-05-21 07:26:30.0', '132456', '2010-05-21 07:26:30.0');
--  Data for resource
INSERT INTO resource (resource_id, resource_role_id, project_id, project_phase_id, create_user, create_date, modify_user, modify_date)
VALUES ('731', '13', '731', NULL, '132456', '2010-05-21 07:26:30.0', '132456', '2010-05-21 07:26:30.0');
--  Data for resource_info
INSERT INTO resource_info (resource_id, resource_info_type_id, value, create_user, create_date, modify_user, modify_date)
VALUES ('731', '1', '132456', '132456', '2010-05-21 07:26:30.0', '132456', '2010-05-21 07:26:30.0');
INSERT INTO resource_info (resource_id, resource_info_type_id, value, create_user, create_date, modify_user, modify_date)
VALUES ('731', '2', 'heffan', '132456', '2010-05-21 07:26:30.0', '132456', '2010-05-21 07:26:30.0');
--  Data for user_role
INSERT INTO user_role (user_role_id, comp_vers_id, role_id, login_id, description)
VALUES ('1464', '1463', '1', '132456', '');
--  Data for word_search
INSERT INTO word_search (word_search_id, document_id, index_word, nbr_occurrences)
VALUES ('1467', '1461', 'ever                                                                                                ', '2');
INSERT INTO word_search (word_search_id, document_id, index_word, nbr_occurrences)
VALUES ('1468', '1461', 'component                                                                                           ', '4');
INSERT INTO word_search (word_search_id, document_id, index_word, nbr_occurrences)
VALUES ('1469', '1461', 'coolest                                                                                             ', '2');
INSERT INTO word_search (word_search_id, document_id, index_word, nbr_occurrences)
VALUES ('1470', '1461', 'assembly                                                    ', '2');
--  Data for word_search_ctgy
INSERT INTO word_search_ctgy (word_srch_ctgy_id, category_id, document_id)
VALUES ('1466', 'DDECATALOG                                        ', '1461');
--  Data for word_search_doc
INSERT INTO word_search_doc (document_id)
VALUES ('1461');
-- Data for project
INSERT INTO project (project_id, project_status_id, project_category_id, create_user, create_date, modify_user, modify_date)
VALUES ('741', '2', '2', '132458', '2010-05-21 07:26:30.0', '132458', '2010-05-21 07:26:30.0');
--  Data for project_info
INSERT INTO project_info (project_id, project_info_type_id, value, create_user, create_date, modify_user, modify_date)
VALUES ('741', '1', '1483', '132458', '2010-05-21 07:26:30.0', '132458', '2010-05-21 07:26:30.0');
INSERT INTO project_info (project_id, project_info_type_id, value, create_user, create_date, modify_user, modify_date)
VALUES ('741', '2', '1481', '132458', '2010-05-21 07:26:30.0', '132458', '2010-05-21 07:26:30.0');
INSERT INTO project_info (project_id, project_info_type_id, value, create_user, create_date, modify_user, modify_date)
VALUES ('741', '3', '1', '132458', '2010-05-21 07:26:30.0', '132458', '2010-05-21 07:26:30.0');
INSERT INTO project_info (project_id, project_info_type_id, value, create_user, create_date, modify_user, modify_date)
VALUES ('741', '4', '0', '132458', '2010-05-21 07:26:30.0', '132458', '2010-05-21 07:26:30.0');
INSERT INTO project_info (project_id, project_info_type_id, value, create_user, create_date, modify_user, modify_date)
VALUES ('741', '5', '5801778', '132458', '2010-05-21 07:26:30.0', '132458', '2010-05-21 07:26:30.0');
INSERT INTO project_info (project_id, project_info_type_id, value, create_user, create_date, modify_user, modify_date)
VALUES ('741', '6', 'Component 75', '132458', '2010-05-21 07:26:30.0', '132458', '2010-05-21 07:26:30.0');
INSERT INTO project_info (project_id, project_info_type_id, value, create_user, create_date, modify_user, modify_date)
VALUES ('741', '7', '1.0                 ', '132458', '2010-05-21 07:26:30.0', '132458', '2010-05-21 07:26:30.0');
INSERT INTO project_info (project_id, project_info_type_id, value, create_user, create_date, modify_user, modify_date)
VALUES ('741', '9', 'Off', '132458', '2010-05-21 07:26:30.0', '132458', '2010-05-21 07:26:30.0');
INSERT INTO project_info (project_id, project_info_type_id, value, create_user, create_date, modify_user, modify_date)
VALUES ('741', '10', 'On', '132458', '2010-05-21 07:26:30.0', '132458', '2010-05-21 07:26:30.0');
INSERT INTO project_info (project_id, project_info_type_id, value, create_user, create_date, modify_user, modify_date)
VALUES ('741', '11', 'On', '132458', '2010-05-21 07:26:30.0', '132458', '2010-05-21 07:26:30.0');
INSERT INTO project_info (project_id, project_info_type_id, value, create_user, create_date, modify_user, modify_date)
VALUES ('741', '12', 'Yes', '132458', '2010-05-21 07:26:30.0', '132458', '2010-05-21 07:26:30.0');
INSERT INTO project_info (project_id, project_info_type_id, value, create_user, create_date, modify_user, modify_date)
VALUES ('741', '13', 'Yes', '132458', '2010-05-21 07:26:30.0', '132458', '2010-05-21 07:26:30.0');
INSERT INTO project_info (project_id, project_info_type_id, value, create_user, create_date, modify_user, modify_date)
VALUES ('741', '14', 'Open', '132458', '2010-05-21 07:26:30.0', '132458', '2010-05-21 07:26:30.0');
INSERT INTO project_info (project_id, project_info_type_id, value, create_user, create_date, modify_user, modify_date)
VALUES ('741', '16', '0.0', '132458', '2010-05-21 07:26:30.0', '132458', '2010-05-21 07:26:30.0');
INSERT INTO project_info (project_id, project_info_type_id, value, create_user, create_date, modify_user, modify_date)
VALUES ('741', '26', 'On', '132458', '2010-05-21 07:26:30.0', '132458', '2010-05-21 07:26:30.0');
INSERT INTO project_info (project_id, project_info_type_id, value, create_user, create_date, modify_user, modify_date)
VALUES ('741', '29', 'On', '132458', '2010-05-21 07:26:30.0', '132458', '2010-05-21 07:26:30.0');
INSERT INTO project_info (project_id, project_info_type_id, value, create_user, create_date, modify_user, modify_date)
VALUES ('741', '41', 'true', '132458', '2010-05-21 07:26:30.0', '132458', '2010-05-21 07:26:30.0');
INSERT INTO project_info (project_id, project_info_type_id, value, create_user, create_date, modify_user, modify_date)
VALUES ('741', '43', 'true', '132458', '2010-05-21 07:26:30.0', '132458', '2010-05-21 07:26:30.0');
--  Data for project_phase
INSERT INTO project_phase (project_phase_id, project_id, phase_type_id, phase_status_id, fixed_start_time, scheduled_start_time, scheduled_end_time, actual_start_time, actual_end_time, duration, create_user, create_date, modify_user, modify_date)
VALUES ('741', '741', '1', '1', '2010-05-27 09:00:00.0', '2010-05-27 09:00:00.0', '2010-06-01 09:00:00.0', NULL, NULL, '259200000', '132458', '2010-05-21 07:26:30.0', '132458', '2010-05-21 07:26:30.0');
INSERT INTO project_phase (project_phase_id, project_id, phase_type_id, phase_status_id, fixed_start_time, scheduled_start_time, scheduled_end_time, actual_start_time, actual_end_time, duration, create_user, create_date, modify_user, modify_date)
VALUES ('742', '741', '2', '1', '2010-05-27 09:00:00.0', '2010-05-27 09:00:00.0', '2010-06-07 09:00:00.0', NULL, NULL, '604800000', '132458', '2010-05-21 07:26:30.0', '132458', '2010-05-21 07:26:30.0');
INSERT INTO project_phase (project_phase_id, project_id, phase_type_id, phase_status_id, fixed_start_time, scheduled_start_time, scheduled_end_time, actual_start_time, actual_end_time, duration, create_user, create_date, modify_user, modify_date)
VALUES ('743', '741', '3', '1', '2010-06-07 09:00:00.0', '2010-06-07 09:00:00.0', '2010-06-08 09:00:00.0', NULL, NULL, '86400000', '132458', '2010-05-21 07:26:30.0', '132458', '2010-05-21 07:26:30.0');
INSERT INTO project_phase (project_phase_id, project_id, phase_type_id, phase_status_id, fixed_start_time, scheduled_start_time, scheduled_end_time, actual_start_time, actual_end_time, duration, create_user, create_date, modify_user, modify_date)
VALUES ('744', '741', '4', '1', '2010-06-08 09:00:00.0', '2010-06-08 09:00:00.0', '2010-06-14 09:00:00.0', NULL, NULL, '345600000', '132458', '2010-05-21 07:26:30.0', '132458', '2010-05-21 07:26:30.0');
INSERT INTO project_phase (project_phase_id, project_id, phase_type_id, phase_status_id, fixed_start_time, scheduled_start_time, scheduled_end_time, actual_start_time, actual_end_time, duration, create_user, create_date, modify_user, modify_date)
VALUES ('745', '741', '5', '1', '2010-06-14 09:00:00.0', '2010-06-14 09:00:00.0', '2010-06-15 09:00:00.0', NULL, NULL, '86400000', '132458', '2010-05-21 07:26:30.0', '132458', '2010-05-21 07:26:30.0');
INSERT INTO project_phase (project_phase_id, project_id, phase_type_id, phase_status_id, fixed_start_time, scheduled_start_time, scheduled_end_time, actual_start_time, actual_end_time, duration, create_user, create_date, modify_user, modify_date)
VALUES ('746', '741', '6', '1', '2010-06-15 09:00:00.0', '2010-06-15 09:00:00.0', '2010-06-16 09:00:00.0', NULL, NULL, '86400000', '132458', '2010-05-21 07:26:30.0', '132458', '2010-05-21 07:26:30.0');
INSERT INTO project_phase (project_phase_id, project_id, phase_type_id, phase_status_id, fixed_start_time, scheduled_start_time, scheduled_end_time, actual_start_time, actual_end_time, duration, create_user, create_date, modify_user, modify_date)
VALUES ('747', '741', '7', '1', '2010-06-16 09:00:00.0', '2010-06-16 09:00:00.0', '2010-06-16 21:00:00.0', NULL, NULL, '43200000', '132458', '2010-05-21 07:26:30.0', '132458', '2010-05-21 07:26:30.0');
INSERT INTO project_phase (project_phase_id, project_id, phase_type_id, phase_status_id, fixed_start_time, scheduled_start_time, scheduled_end_time, actual_start_time, actual_end_time, duration, create_user, create_date, modify_user, modify_date)
VALUES ('748', '741', '8', '1', '2010-06-16 21:00:00.0', '2010-06-16 21:00:00.0', '2010-06-17 09:00:00.0', NULL, NULL, '43200000', '132458', '2010-05-21 07:26:30.0', '132458', '2010-05-21 07:26:30.0');
INSERT INTO project_phase (project_phase_id, project_id, phase_type_id, phase_status_id, fixed_start_time, scheduled_start_time, scheduled_end_time, actual_start_time, actual_end_time, duration, create_user, create_date, modify_user, modify_date)
VALUES ('749', '741', '9', '1', '2010-06-17 09:00:00.0', '2010-06-17 09:00:00.0', '2010-06-22 09:00:00.0', NULL, NULL, '259200000', '132458', '2010-05-21 07:26:30.0', '132458', '2010-05-21 07:26:30.0');
INSERT INTO project_phase (project_phase_id, project_id, phase_type_id, phase_status_id, fixed_start_time, scheduled_start_time, scheduled_end_time, actual_start_time, actual_end_time, duration, create_user, create_date, modify_user, modify_date)
VALUES ('750', '741', '10', '1', '2010-06-22 09:00:00.0', '2010-06-22 09:00:00.0', '2010-06-23 09:00:00.0', NULL, NULL, '86400000', '132458', '2010-05-21 07:26:30.0', '132458', '2010-05-21 07:26:30.0');
--  Data for comp_catalog
INSERT INTO comp_catalog (component_id, current_version, short_desc, component_name, description, function_desc, create_time, status_id, root_category_id, modify_date, public_ind)
VALUES ('1481', '1', 'Coolest component ever', 'Component 75', 'Coolest component ever', 'Component', '2010-05-21 07:20:14.48', '102', '5801778', '2010-05-21 07:23:44.0', '0');
--  Data for comp_versions
INSERT INTO comp_versions (comp_vers_id, component_id, version, version_text, create_time, phase_id, phase_time, price, comments, modify_date,
                           suspended_ind)
VALUES ('1483', '1481', '1', '1.0                 ', '2010-05-21 07:20:14.48', '112', '1976-05-04 00:00:00.0', '1000.00', 'Cool', '2010-05-21 07:27:01.0', '0');
--  Data for comp_categories
INSERT INTO comp_categories (comp_categories_id, component_id, category_id)
VALUES ('1485', '1481', '11');
--  Data for comp_keywords
INSERT INTO comp_keywords (comp_keywords_id, component_id, keyword)
VALUES ('1491', '1481', 'development');
--  Data for comp_technology
INSERT INTO comp_technology (comp_tech_id, comp_vers_id, technology_type_id)
VALUES ('1492', '1483', '1');
--  Data for comp_documentation
INSERT INTO comp_documentation (document_id, comp_vers_id, document_type_id, document_name, url)
VALUES ('1493', '1483', '0', 'Requirements Specification', '1481/1483/MQTTBroker_Requirements_Specification.pdf');
--  Data for comp_jive_category_xref
INSERT INTO comp_jive_category_xref (comp_vers_id, jive_category_id)
VALUES ('1483', '0');
--  Data for comp_version_dates
INSERT INTO comp_version_dates (comp_version_dates_id, comp_vers_id, phase_id, posting_date, initial_submission_date, winner_announced_date, final_submission_date,
                                estimated_dev_date, price, total_submissions, status_id, create_time, level_id, screening_complete_date, review_complete_date,
                                aggregation_complete_date, phase_complete_date, production_date, aggregation_complete_date_comment, phase_complete_date_comment,
                                review_complete_date_comment, winner_announced_date_comment, initial_submission_date_comment, screening_complete_date_comment,
                                final_submission_date_comment, production_date_comment, modify_date)
VALUES ('1494', '1483', '112', '1976-05-05', '2000-01-01', '2000-01-01', 
        '2000-01-01', '2000-01-01', NULL, '0', '301', '2010-05-21 07:27:01.0', '100', '2000-01-01',
        '2000-01-01', '2000-01-01', '2000-01-01', '2010-12-01', 
        NULL, NULL, NULL, NULL, NULL, NULL, NULL, '', '2010-05-21 07:27:01.0');
--  Data for phase_criteria
INSERT INTO phase_criteria (project_phase_id, phase_criteria_type_id, parameter, create_user, create_date, modify_user, modify_date)
VALUES ('741', '2', '0', '132458', '2010-05-21 07:26:30.0', '132458', '2010-05-21 07:26:30.0');
INSERT INTO phase_criteria (project_phase_id, phase_criteria_type_id, parameter, create_user, create_date, modify_user, modify_date)
VALUES ('741', '5', 'No', '132458', '2010-05-21 07:26:30.0', '132458', '2010-05-21 07:26:30.0');
INSERT INTO phase_criteria (project_phase_id, phase_criteria_type_id, parameter, create_user, create_date, modify_user, modify_date)
VALUES ('742', '3', '0', '132458', '2010-05-21 07:26:30.0', '132458', '2010-05-21 07:26:30.0');
INSERT INTO phase_criteria (project_phase_id, phase_criteria_type_id, parameter, create_user, create_date, modify_user, modify_date)
VALUES ('742', '5', 'No', '132458', '2010-05-21 07:26:30.0', '132458', '2010-05-21 07:26:30.0');
INSERT INTO phase_criteria (project_phase_id, phase_criteria_type_id, parameter, create_user, create_date, modify_user, modify_date)
VALUES ('743', '5', 'No', '132458', '2010-05-21 07:26:30.0', '132458', '2010-05-21 07:26:30.0');
INSERT INTO phase_criteria (project_phase_id, phase_criteria_type_id, parameter, create_user, create_date, modify_user, modify_date)
VALUES ('743', '1', '30000410', '132458', '2010-05-21 07:26:30.0', '132458', '2010-05-21 07:26:30.0');
INSERT INTO phase_criteria (project_phase_id, phase_criteria_type_id, parameter, create_user, create_date, modify_user, modify_date)
VALUES ('744', '5', 'No', '132458', '2010-05-21 07:26:30.0', '132458', '2010-05-21 07:26:30.0');
INSERT INTO phase_criteria (project_phase_id, phase_criteria_type_id, parameter, create_user, create_date, modify_user, modify_date)
VALUES ('744', '1', '30000411', '132458', '2010-05-21 07:26:30.0', '132458', '2010-05-21 07:26:30.0');
INSERT INTO phase_criteria (project_phase_id, phase_criteria_type_id, parameter, create_user, create_date, modify_user, modify_date)
VALUES ('744', '6', '3', '132458', '2010-05-21 07:26:30.0', '132458', '2010-05-21 07:26:30.0');
INSERT INTO phase_criteria (project_phase_id, phase_criteria_type_id, parameter, create_user, create_date, modify_user, modify_date)
VALUES ('745', '5', 'No', '132458', '2010-05-21 07:26:30.0', '132458', '2010-05-21 07:26:30.0');
INSERT INTO phase_criteria (project_phase_id, phase_criteria_type_id, parameter, create_user, create_date, modify_user, modify_date)
VALUES ('745', '4', 'No', '132458', '2010-05-21 07:26:30.0', '132458', '2010-05-21 07:26:30.0');
INSERT INTO phase_criteria (project_phase_id, phase_criteria_type_id, parameter, create_user, create_date, modify_user, modify_date)
VALUES ('746', '5', 'No', '132458', '2010-05-21 07:26:30.0', '132458', '2010-05-21 07:26:30.0');
INSERT INTO phase_criteria (project_phase_id, phase_criteria_type_id, parameter, create_user, create_date, modify_user, modify_date)
VALUES ('747', '5', 'No', '132458', '2010-05-21 07:26:30.0', '132458', '2010-05-21 07:26:30.0');
INSERT INTO phase_criteria (project_phase_id, phase_criteria_type_id, parameter, create_user, create_date, modify_user, modify_date)
VALUES ('748', '5', 'No', '132458', '2010-05-21 07:26:30.0', '132458', '2010-05-21 07:26:30.0');
INSERT INTO phase_criteria (project_phase_id, phase_criteria_type_id, parameter, create_user, create_date, modify_user, modify_date)
VALUES ('749', '5', 'No', '132458', '2010-05-21 07:26:30.0', '132458', '2010-05-21 07:26:30.0');
INSERT INTO phase_criteria (project_phase_id, phase_criteria_type_id, parameter, create_user, create_date, modify_user, modify_date)
VALUES ('750', '5', 'No', '132458', '2010-05-21 07:26:30.0', '132458', '2010-05-21 07:26:30.0');
--  Data for phase_dependency
INSERT INTO phase_dependency (dependency_phase_id, dependent_phase_id, dependency_start, dependent_start, lag_time, create_user, create_date, modify_user, modify_date)
VALUES ('741', '742', '1', '1', '0', '132458', '2010-05-21 07:26:30.0', '132458', '2010-05-21 07:26:30.0');
INSERT INTO phase_dependency (dependency_phase_id, dependent_phase_id, dependency_start, dependent_start, lag_time, create_user, create_date, modify_user, modify_date)
VALUES ('742', '743', '0', '1', '0', '132458', '2010-05-21 07:26:30.0', '132458', '2010-05-21 07:26:30.0');
INSERT INTO phase_dependency (dependency_phase_id, dependent_phase_id, dependency_start, dependent_start, lag_time, create_user, create_date, modify_user, modify_date)
VALUES ('743', '744', '0', '1', '0', '132458', '2010-05-21 07:26:30.0', '132458', '2010-05-21 07:26:30.0');
INSERT INTO phase_dependency (dependency_phase_id, dependent_phase_id, dependency_start, dependent_start, lag_time, create_user, create_date, modify_user, modify_date)
VALUES ('744', '745', '0', '1', '0', '132458', '2010-05-21 07:26:30.0', '132458', '2010-05-21 07:26:30.0');
INSERT INTO phase_dependency (dependency_phase_id, dependent_phase_id, dependency_start, dependent_start, lag_time, create_user, create_date, modify_user, modify_date)
VALUES ('745', '746', '0', '1', '0', '132458', '2010-05-21 07:26:30.0', '132458', '2010-05-21 07:26:30.0');
INSERT INTO phase_dependency (dependency_phase_id, dependent_phase_id, dependency_start, dependent_start, lag_time, create_user, create_date, modify_user, modify_date)
VALUES ('746', '747', '0', '1', '0', '132458', '2010-05-21 07:26:30.0', '132458', '2010-05-21 07:26:30.0');
INSERT INTO phase_dependency (dependency_phase_id, dependent_phase_id, dependency_start, dependent_start, lag_time, create_user, create_date, modify_user, modify_date)
VALUES ('747', '748', '0', '1', '0', '132458', '2010-05-21 07:26:30.0', '132458', '2010-05-21 07:26:30.0');
INSERT INTO phase_dependency (dependency_phase_id, dependent_phase_id, dependency_start, dependent_start, lag_time, create_user, create_date, modify_user, modify_date)
VALUES ('748', '749', '0', '1', '0', '132458', '2010-05-21 07:26:30.0', '132458', '2010-05-21 07:26:30.0');
INSERT INTO phase_dependency (dependency_phase_id, dependent_phase_id, dependency_start, dependent_start, lag_time, create_user, create_date, modify_user, modify_date)
VALUES ('749', '750', '0', '1', '0', '132458', '2010-05-21 07:26:30.0', '132458', '2010-05-21 07:26:30.0');
--  Data for resource
INSERT INTO resource (resource_id, resource_role_id, project_id, project_phase_id, create_user, create_date, modify_user, modify_date)
VALUES ('741', '13', '741', NULL, '132458', '2010-05-21 07:26:30.0', '132458', '2010-05-21 07:26:30.0');
--  Data for resource_info
INSERT INTO resource_info (resource_id, resource_info_type_id, value, create_user, create_date, modify_user, modify_date)
VALUES ('741', '1', '132458', '132458', '2010-05-21 07:26:30.0', '132458', '2010-05-21 07:26:30.0');
INSERT INTO resource_info (resource_id, resource_info_type_id, value, create_user, create_date, modify_user, modify_date)
VALUES ('741', '2', 'user', '132458', '2010-05-21 07:26:30.0', '132458', '2010-05-21 07:26:30.0');
--  Data for user_role
INSERT INTO user_role (user_role_id, comp_vers_id, role_id, login_id, description)
VALUES ('1484', '1483', '1', '132458', '');
--  Data for word_search
INSERT INTO word_search (word_search_id, document_id, index_word, nbr_occurrences)
VALUES ('1487', '1481', 'ever                                                                                                ', '2');
INSERT INTO word_search (word_search_id, document_id, index_word, nbr_occurrences)
VALUES ('1488', '1481', 'component                                                                                           ', '4');
INSERT INTO word_search (word_search_id, document_id, index_word, nbr_occurrences)
VALUES ('1489', '1481', 'coolest                                                                                             ', '2');
INSERT INTO word_search (word_search_id, document_id, index_word, nbr_occurrences)
VALUES ('1490', '1481', 'development                                                    ', '2');
--  Data for word_search_ctgy
INSERT INTO word_search_ctgy (word_srch_ctgy_id, category_id, document_id)
VALUES ('1486', 'DDECATALOG                                        ', '1481');
--  Data for word_search_doc
INSERT INTO word_search_doc (document_id)
VALUES ('1481');
-- Data for project
INSERT INTO project (project_id, project_status_id, project_category_id, create_user, create_date, modify_user, modify_date)
VALUES ('751', '2', '2', '132456', '2010-05-21 07:26:30.0', '132456', '2010-05-21 07:26:30.0');
--  Data for project_info
INSERT INTO project_info (project_id, project_info_type_id, value, create_user, create_date, modify_user, modify_date)
VALUES ('751', '1', '1503', '132456', '2010-05-21 07:26:30.0', '132456', '2010-05-21 07:26:30.0');
INSERT INTO project_info (project_id, project_info_type_id, value, create_user, create_date, modify_user, modify_date)
VALUES ('751', '2', '1501', '132456', '2010-05-21 07:26:30.0', '132456', '2010-05-21 07:26:30.0');
INSERT INTO project_info (project_id, project_info_type_id, value, create_user, create_date, modify_user, modify_date)
VALUES ('751', '3', '1', '132456', '2010-05-21 07:26:30.0', '132456', '2010-05-21 07:26:30.0');
INSERT INTO project_info (project_id, project_info_type_id, value, create_user, create_date, modify_user, modify_date)
VALUES ('751', '4', '0', '132456', '2010-05-21 07:26:30.0', '132456', '2010-05-21 07:26:30.0');
INSERT INTO project_info (project_id, project_info_type_id, value, create_user, create_date, modify_user, modify_date)
VALUES ('751', '5', '5801776', '132456', '2010-05-21 07:26:30.0', '132456', '2010-05-21 07:26:30.0');
INSERT INTO project_info (project_id, project_info_type_id, value, create_user, create_date, modify_user, modify_date)
VALUES ('751', '6', 'Component 76', '132456', '2010-05-21 07:26:30.0', '132456', '2010-05-21 07:26:30.0');
INSERT INTO project_info (project_id, project_info_type_id, value, create_user, create_date, modify_user, modify_date)
VALUES ('751', '7', '1.0                 ', '132456', '2010-05-21 07:26:30.0', '132456', '2010-05-21 07:26:30.0');
INSERT INTO project_info (project_id, project_info_type_id, value, create_user, create_date, modify_user, modify_date)
VALUES ('751', '9', 'Off', '132456', '2010-05-21 07:26:30.0', '132456', '2010-05-21 07:26:30.0');
INSERT INTO project_info (project_id, project_info_type_id, value, create_user, create_date, modify_user, modify_date)
VALUES ('751', '10', 'On', '132456', '2010-05-21 07:26:30.0', '132456', '2010-05-21 07:26:30.0');
INSERT INTO project_info (project_id, project_info_type_id, value, create_user, create_date, modify_user, modify_date)
VALUES ('751', '11', 'On', '132456', '2010-05-21 07:26:30.0', '132456', '2010-05-21 07:26:30.0');
INSERT INTO project_info (project_id, project_info_type_id, value, create_user, create_date, modify_user, modify_date)
VALUES ('751', '12', 'Yes', '132456', '2010-05-21 07:26:30.0', '132456', '2010-05-21 07:26:30.0');
INSERT INTO project_info (project_id, project_info_type_id, value, create_user, create_date, modify_user, modify_date)
VALUES ('751', '13', 'Yes', '132456', '2010-05-21 07:26:30.0', '132456', '2010-05-21 07:26:30.0');
INSERT INTO project_info (project_id, project_info_type_id, value, create_user, create_date, modify_user, modify_date)
VALUES ('751', '14', 'Open', '132456', '2010-05-21 07:26:30.0', '132456', '2010-05-21 07:26:30.0');
INSERT INTO project_info (project_id, project_info_type_id, value, create_user, create_date, modify_user, modify_date)
VALUES ('751', '16', '0.0', '132456', '2010-05-21 07:26:30.0', '132456', '2010-05-21 07:26:30.0');
INSERT INTO project_info (project_id, project_info_type_id, value, create_user, create_date, modify_user, modify_date)
VALUES ('751', '26', 'On', '132456', '2010-05-21 07:26:30.0', '132456', '2010-05-21 07:26:30.0');
INSERT INTO project_info (project_id, project_info_type_id, value, create_user, create_date, modify_user, modify_date)
VALUES ('751', '29', 'On', '132456', '2010-05-21 07:26:30.0', '132456', '2010-05-21 07:26:30.0');
INSERT INTO project_info (project_id, project_info_type_id, value, create_user, create_date, modify_user, modify_date)
VALUES ('751', '41', 'true', '132456', '2010-05-21 07:26:30.0', '132456', '2010-05-21 07:26:30.0');
INSERT INTO project_info (project_id, project_info_type_id, value, create_user, create_date, modify_user, modify_date)
VALUES ('751', '43', 'true', '132456', '2010-05-21 07:26:30.0', '132456', '2010-05-21 07:26:30.0');
--  Data for project_phase
INSERT INTO project_phase (project_phase_id, project_id, phase_type_id, phase_status_id, fixed_start_time, scheduled_start_time, scheduled_end_time, actual_start_time, actual_end_time, duration, create_user, create_date, modify_user, modify_date)
VALUES ('751', '751', '1', '1', '2010-05-27 09:00:00.0', '2010-05-27 09:00:00.0', '2010-06-01 09:00:00.0', NULL, NULL, '259200000', '132456', '2010-05-21 07:26:30.0', '132456', '2010-05-21 07:26:30.0');
INSERT INTO project_phase (project_phase_id, project_id, phase_type_id, phase_status_id, fixed_start_time, scheduled_start_time, scheduled_end_time, actual_start_time, actual_end_time, duration, create_user, create_date, modify_user, modify_date)
VALUES ('752', '751', '2', '1', '2010-05-27 09:00:00.0', '2010-05-27 09:00:00.0', '2010-06-07 09:00:00.0', NULL, NULL, '604800000', '132456', '2010-05-21 07:26:30.0', '132456', '2010-05-21 07:26:30.0');
INSERT INTO project_phase (project_phase_id, project_id, phase_type_id, phase_status_id, fixed_start_time, scheduled_start_time, scheduled_end_time, actual_start_time, actual_end_time, duration, create_user, create_date, modify_user, modify_date)
VALUES ('753', '751', '3', '1', '2010-06-07 09:00:00.0', '2010-06-07 09:00:00.0', '2010-06-08 09:00:00.0', NULL, NULL, '86400000', '132456', '2010-05-21 07:26:30.0', '132456', '2010-05-21 07:26:30.0');
INSERT INTO project_phase (project_phase_id, project_id, phase_type_id, phase_status_id, fixed_start_time, scheduled_start_time, scheduled_end_time, actual_start_time, actual_end_time, duration, create_user, create_date, modify_user, modify_date)
VALUES ('754', '751', '4', '1', '2010-06-08 09:00:00.0', '2010-06-08 09:00:00.0', '2010-06-14 09:00:00.0', NULL, NULL, '345600000', '132456', '2010-05-21 07:26:30.0', '132456', '2010-05-21 07:26:30.0');
INSERT INTO project_phase (project_phase_id, project_id, phase_type_id, phase_status_id, fixed_start_time, scheduled_start_time, scheduled_end_time, actual_start_time, actual_end_time, duration, create_user, create_date, modify_user, modify_date)
VALUES ('755', '751', '5', '1', '2010-06-14 09:00:00.0', '2010-06-14 09:00:00.0', '2010-06-15 09:00:00.0', NULL, NULL, '86400000', '132456', '2010-05-21 07:26:30.0', '132456', '2010-05-21 07:26:30.0');
INSERT INTO project_phase (project_phase_id, project_id, phase_type_id, phase_status_id, fixed_start_time, scheduled_start_time, scheduled_end_time, actual_start_time, actual_end_time, duration, create_user, create_date, modify_user, modify_date)
VALUES ('756', '751', '6', '1', '2010-06-15 09:00:00.0', '2010-06-15 09:00:00.0', '2010-06-16 09:00:00.0', NULL, NULL, '86400000', '132456', '2010-05-21 07:26:30.0', '132456', '2010-05-21 07:26:30.0');
INSERT INTO project_phase (project_phase_id, project_id, phase_type_id, phase_status_id, fixed_start_time, scheduled_start_time, scheduled_end_time, actual_start_time, actual_end_time, duration, create_user, create_date, modify_user, modify_date)
VALUES ('757', '751', '7', '1', '2010-06-16 09:00:00.0', '2010-06-16 09:00:00.0', '2010-06-16 21:00:00.0', NULL, NULL, '43200000', '132456', '2010-05-21 07:26:30.0', '132456', '2010-05-21 07:26:30.0');
INSERT INTO project_phase (project_phase_id, project_id, phase_type_id, phase_status_id, fixed_start_time, scheduled_start_time, scheduled_end_time, actual_start_time, actual_end_time, duration, create_user, create_date, modify_user, modify_date)
VALUES ('758', '751', '8', '1', '2010-06-16 21:00:00.0', '2010-06-16 21:00:00.0', '2010-06-17 09:00:00.0', NULL, NULL, '43200000', '132456', '2010-05-21 07:26:30.0', '132456', '2010-05-21 07:26:30.0');
INSERT INTO project_phase (project_phase_id, project_id, phase_type_id, phase_status_id, fixed_start_time, scheduled_start_time, scheduled_end_time, actual_start_time, actual_end_time, duration, create_user, create_date, modify_user, modify_date)
VALUES ('759', '751', '9', '1', '2010-06-17 09:00:00.0', '2010-06-17 09:00:00.0', '2010-06-22 09:00:00.0', NULL, NULL, '259200000', '132456', '2010-05-21 07:26:30.0', '132456', '2010-05-21 07:26:30.0');
INSERT INTO project_phase (project_phase_id, project_id, phase_type_id, phase_status_id, fixed_start_time, scheduled_start_time, scheduled_end_time, actual_start_time, actual_end_time, duration, create_user, create_date, modify_user, modify_date)
VALUES ('760', '751', '10', '1', '2010-06-22 09:00:00.0', '2010-06-22 09:00:00.0', '2010-06-23 09:00:00.0', NULL, NULL, '86400000', '132456', '2010-05-21 07:26:30.0', '132456', '2010-05-21 07:26:30.0');
--  Data for comp_catalog
INSERT INTO comp_catalog (component_id, current_version, short_desc, component_name, description, function_desc, create_time, status_id, root_category_id, modify_date, public_ind)
VALUES ('1501', '1', 'Coolest component ever', 'Component 76', 'Coolest component ever', 'Component', '2010-05-21 07:20:14.48', '102', '5801776', '2010-05-21 07:23:44.0', '0');
--  Data for comp_versions
INSERT INTO comp_versions (comp_vers_id, component_id, version, version_text, create_time, phase_id, phase_time, price, comments, modify_date,
                           suspended_ind)
VALUES ('1503', '1501', '1', '1.0                 ', '2010-05-21 07:20:14.48', '112', '1976-05-04 00:00:00.0', '1000.00', 'Cool', '2010-05-21 07:27:01.0', '0');
--  Data for comp_categories
INSERT INTO comp_categories (comp_categories_id, component_id, category_id)
VALUES ('1505', '1501', '11');
--  Data for comp_keywords
INSERT INTO comp_keywords (comp_keywords_id, component_id, keyword)
VALUES ('1511', '1501', 'development');
--  Data for comp_technology
INSERT INTO comp_technology (comp_tech_id, comp_vers_id, technology_type_id)
VALUES ('1512', '1503', '1');
--  Data for comp_documentation
INSERT INTO comp_documentation (document_id, comp_vers_id, document_type_id, document_name, url)
VALUES ('1513', '1503', '0', 'Requirements Specification', '1501/1503/MQTTBroker_Requirements_Specification.pdf');
--  Data for comp_jive_category_xref
INSERT INTO comp_jive_category_xref (comp_vers_id, jive_category_id)
VALUES ('1503', '0');
--  Data for comp_version_dates
INSERT INTO comp_version_dates (comp_version_dates_id, comp_vers_id, phase_id, posting_date, initial_submission_date, winner_announced_date, final_submission_date,
                                estimated_dev_date, price, total_submissions, status_id, create_time, level_id, screening_complete_date, review_complete_date,
                                aggregation_complete_date, phase_complete_date, production_date, aggregation_complete_date_comment, phase_complete_date_comment,
                                review_complete_date_comment, winner_announced_date_comment, initial_submission_date_comment, screening_complete_date_comment,
                                final_submission_date_comment, production_date_comment, modify_date)
VALUES ('1514', '1503', '112', '1976-05-05', '2000-01-01', '2000-01-01', 
        '2000-01-01', '2000-01-01', NULL, '0', '301', '2010-05-21 07:27:01.0', '100', '2000-01-01',
        '2000-01-01', '2000-01-01', '2000-01-01', '2010-12-01', 
        NULL, NULL, NULL, NULL, NULL, NULL, NULL, '', '2010-05-21 07:27:01.0');
--  Data for phase_criteria
INSERT INTO phase_criteria (project_phase_id, phase_criteria_type_id, parameter, create_user, create_date, modify_user, modify_date)
VALUES ('751', '2', '0', '132456', '2010-05-21 07:26:30.0', '132456', '2010-05-21 07:26:30.0');
INSERT INTO phase_criteria (project_phase_id, phase_criteria_type_id, parameter, create_user, create_date, modify_user, modify_date)
VALUES ('751', '5', 'No', '132456', '2010-05-21 07:26:30.0', '132456', '2010-05-21 07:26:30.0');
INSERT INTO phase_criteria (project_phase_id, phase_criteria_type_id, parameter, create_user, create_date, modify_user, modify_date)
VALUES ('752', '3', '0', '132456', '2010-05-21 07:26:30.0', '132456', '2010-05-21 07:26:30.0');
INSERT INTO phase_criteria (project_phase_id, phase_criteria_type_id, parameter, create_user, create_date, modify_user, modify_date)
VALUES ('752', '5', 'No', '132456', '2010-05-21 07:26:30.0', '132456', '2010-05-21 07:26:30.0');
INSERT INTO phase_criteria (project_phase_id, phase_criteria_type_id, parameter, create_user, create_date, modify_user, modify_date)
VALUES ('753', '5', 'No', '132456', '2010-05-21 07:26:30.0', '132456', '2010-05-21 07:26:30.0');
INSERT INTO phase_criteria (project_phase_id, phase_criteria_type_id, parameter, create_user, create_date, modify_user, modify_date)
VALUES ('753', '1', '30000410', '132456', '2010-05-21 07:26:30.0', '132456', '2010-05-21 07:26:30.0');
INSERT INTO phase_criteria (project_phase_id, phase_criteria_type_id, parameter, create_user, create_date, modify_user, modify_date)
VALUES ('754', '5', 'No', '132456', '2010-05-21 07:26:30.0', '132456', '2010-05-21 07:26:30.0');
INSERT INTO phase_criteria (project_phase_id, phase_criteria_type_id, parameter, create_user, create_date, modify_user, modify_date)
VALUES ('754', '1', '30000411', '132456', '2010-05-21 07:26:30.0', '132456', '2010-05-21 07:26:30.0');
INSERT INTO phase_criteria (project_phase_id, phase_criteria_type_id, parameter, create_user, create_date, modify_user, modify_date)
VALUES ('754', '6', '3', '132456', '2010-05-21 07:26:30.0', '132456', '2010-05-21 07:26:30.0');
INSERT INTO phase_criteria (project_phase_id, phase_criteria_type_id, parameter, create_user, create_date, modify_user, modify_date)
VALUES ('755', '5', 'No', '132456', '2010-05-21 07:26:30.0', '132456', '2010-05-21 07:26:30.0');
INSERT INTO phase_criteria (project_phase_id, phase_criteria_type_id, parameter, create_user, create_date, modify_user, modify_date)
VALUES ('755', '4', 'No', '132456', '2010-05-21 07:26:30.0', '132456', '2010-05-21 07:26:30.0');
INSERT INTO phase_criteria (project_phase_id, phase_criteria_type_id, parameter, create_user, create_date, modify_user, modify_date)
VALUES ('756', '5', 'No', '132456', '2010-05-21 07:26:30.0', '132456', '2010-05-21 07:26:30.0');
INSERT INTO phase_criteria (project_phase_id, phase_criteria_type_id, parameter, create_user, create_date, modify_user, modify_date)
VALUES ('757', '5', 'No', '132456', '2010-05-21 07:26:30.0', '132456', '2010-05-21 07:26:30.0');
INSERT INTO phase_criteria (project_phase_id, phase_criteria_type_id, parameter, create_user, create_date, modify_user, modify_date)
VALUES ('758', '5', 'No', '132456', '2010-05-21 07:26:30.0', '132456', '2010-05-21 07:26:30.0');
INSERT INTO phase_criteria (project_phase_id, phase_criteria_type_id, parameter, create_user, create_date, modify_user, modify_date)
VALUES ('759', '5', 'No', '132456', '2010-05-21 07:26:30.0', '132456', '2010-05-21 07:26:30.0');
INSERT INTO phase_criteria (project_phase_id, phase_criteria_type_id, parameter, create_user, create_date, modify_user, modify_date)
VALUES ('760', '5', 'No', '132456', '2010-05-21 07:26:30.0', '132456', '2010-05-21 07:26:30.0');
--  Data for phase_dependency
INSERT INTO phase_dependency (dependency_phase_id, dependent_phase_id, dependency_start, dependent_start, lag_time, create_user, create_date, modify_user, modify_date)
VALUES ('751', '752', '1', '1', '0', '132456', '2010-05-21 07:26:30.0', '132456', '2010-05-21 07:26:30.0');
INSERT INTO phase_dependency (dependency_phase_id, dependent_phase_id, dependency_start, dependent_start, lag_time, create_user, create_date, modify_user, modify_date)
VALUES ('752', '753', '0', '1', '0', '132456', '2010-05-21 07:26:30.0', '132456', '2010-05-21 07:26:30.0');
INSERT INTO phase_dependency (dependency_phase_id, dependent_phase_id, dependency_start, dependent_start, lag_time, create_user, create_date, modify_user, modify_date)
VALUES ('753', '754', '0', '1', '0', '132456', '2010-05-21 07:26:30.0', '132456', '2010-05-21 07:26:30.0');
INSERT INTO phase_dependency (dependency_phase_id, dependent_phase_id, dependency_start, dependent_start, lag_time, create_user, create_date, modify_user, modify_date)
VALUES ('754', '755', '0', '1', '0', '132456', '2010-05-21 07:26:30.0', '132456', '2010-05-21 07:26:30.0');
INSERT INTO phase_dependency (dependency_phase_id, dependent_phase_id, dependency_start, dependent_start, lag_time, create_user, create_date, modify_user, modify_date)
VALUES ('755', '756', '0', '1', '0', '132456', '2010-05-21 07:26:30.0', '132456', '2010-05-21 07:26:30.0');
INSERT INTO phase_dependency (dependency_phase_id, dependent_phase_id, dependency_start, dependent_start, lag_time, create_user, create_date, modify_user, modify_date)
VALUES ('756', '757', '0', '1', '0', '132456', '2010-05-21 07:26:30.0', '132456', '2010-05-21 07:26:30.0');
INSERT INTO phase_dependency (dependency_phase_id, dependent_phase_id, dependency_start, dependent_start, lag_time, create_user, create_date, modify_user, modify_date)
VALUES ('757', '758', '0', '1', '0', '132456', '2010-05-21 07:26:30.0', '132456', '2010-05-21 07:26:30.0');
INSERT INTO phase_dependency (dependency_phase_id, dependent_phase_id, dependency_start, dependent_start, lag_time, create_user, create_date, modify_user, modify_date)
VALUES ('758', '759', '0', '1', '0', '132456', '2010-05-21 07:26:30.0', '132456', '2010-05-21 07:26:30.0');
INSERT INTO phase_dependency (dependency_phase_id, dependent_phase_id, dependency_start, dependent_start, lag_time, create_user, create_date, modify_user, modify_date)
VALUES ('759', '760', '0', '1', '0', '132456', '2010-05-21 07:26:30.0', '132456', '2010-05-21 07:26:30.0');
--  Data for resource
INSERT INTO resource (resource_id, resource_role_id, project_id, project_phase_id, create_user, create_date, modify_user, modify_date)
VALUES ('751', '13', '751', NULL, '132456', '2010-05-21 07:26:30.0', '132456', '2010-05-21 07:26:30.0');
--  Data for resource_info
INSERT INTO resource_info (resource_id, resource_info_type_id, value, create_user, create_date, modify_user, modify_date)
VALUES ('751', '1', '132456', '132456', '2010-05-21 07:26:30.0', '132456', '2010-05-21 07:26:30.0');
INSERT INTO resource_info (resource_id, resource_info_type_id, value, create_user, create_date, modify_user, modify_date)
VALUES ('751', '2', 'heffan', '132456', '2010-05-21 07:26:30.0', '132456', '2010-05-21 07:26:30.0');
--  Data for user_role
INSERT INTO user_role (user_role_id, comp_vers_id, role_id, login_id, description)
VALUES ('1504', '1503', '1', '132456', '');
--  Data for word_search
INSERT INTO word_search (word_search_id, document_id, index_word, nbr_occurrences)
VALUES ('1507', '1501', 'ever                                                                                                ', '2');
INSERT INTO word_search (word_search_id, document_id, index_word, nbr_occurrences)
VALUES ('1508', '1501', 'component                                                                                           ', '4');
INSERT INTO word_search (word_search_id, document_id, index_word, nbr_occurrences)
VALUES ('1509', '1501', 'coolest                                                                                             ', '2');
INSERT INTO word_search (word_search_id, document_id, index_word, nbr_occurrences)
VALUES ('1510', '1501', 'development                                                    ', '2');
--  Data for word_search_ctgy
INSERT INTO word_search_ctgy (word_srch_ctgy_id, category_id, document_id)
VALUES ('1506', 'DDECATALOG                                        ', '1501');
--  Data for word_search_doc
INSERT INTO word_search_doc (document_id)
VALUES ('1501');
-- Data for project
INSERT INTO project (project_id, project_status_id, project_category_id, create_user, create_date, modify_user, modify_date)
VALUES ('761', '1', '14', '132456', '2010-05-21 07:26:30.0', '132456', '2010-05-21 07:26:30.0');
--  Data for project_info
INSERT INTO project_info (project_id, project_info_type_id, value, create_user, create_date, modify_user, modify_date)
VALUES ('761', '1', '1523', '132456', '2010-05-21 07:26:30.0', '132456', '2010-05-21 07:26:30.0');
INSERT INTO project_info (project_id, project_info_type_id, value, create_user, create_date, modify_user, modify_date)
VALUES ('761', '2', '1521', '132456', '2010-05-21 07:26:30.0', '132456', '2010-05-21 07:26:30.0');
INSERT INTO project_info (project_id, project_info_type_id, value, create_user, create_date, modify_user, modify_date)
VALUES ('761', '3', '1', '132456', '2010-05-21 07:26:30.0', '132456', '2010-05-21 07:26:30.0');
INSERT INTO project_info (project_id, project_info_type_id, value, create_user, create_date, modify_user, modify_date)
VALUES ('761', '4', '0', '132456', '2010-05-21 07:26:30.0', '132456', '2010-05-21 07:26:30.0');
INSERT INTO project_info (project_id, project_info_type_id, value, create_user, create_date, modify_user, modify_date)
VALUES ('761', '5', '5801776', '132456', '2010-05-21 07:26:30.0', '132456', '2010-05-21 07:26:30.0');
INSERT INTO project_info (project_id, project_info_type_id, value, create_user, create_date, modify_user, modify_date)
VALUES ('761', '6', 'Component 77', '132456', '2010-05-21 07:26:30.0', '132456', '2010-05-21 07:26:30.0');
INSERT INTO project_info (project_id, project_info_type_id, value, create_user, create_date, modify_user, modify_date)
VALUES ('761', '7', '1.0                 ', '132456', '2010-05-21 07:26:30.0', '132456', '2010-05-21 07:26:30.0');
INSERT INTO project_info (project_id, project_info_type_id, value, create_user, create_date, modify_user, modify_date)
VALUES ('761', '9', 'Off', '132456', '2010-05-21 07:26:30.0', '132456', '2010-05-21 07:26:30.0');
INSERT INTO project_info (project_id, project_info_type_id, value, create_user, create_date, modify_user, modify_date)
VALUES ('761', '10', 'On', '132456', '2010-05-21 07:26:30.0', '132456', '2010-05-21 07:26:30.0');
INSERT INTO project_info (project_id, project_info_type_id, value, create_user, create_date, modify_user, modify_date)
VALUES ('761', '11', 'On', '132456', '2010-05-21 07:26:30.0', '132456', '2010-05-21 07:26:30.0');
INSERT INTO project_info (project_id, project_info_type_id, value, create_user, create_date, modify_user, modify_date)
VALUES ('761', '12', 'Yes', '132456', '2010-05-21 07:26:30.0', '132456', '2010-05-21 07:26:30.0');
INSERT INTO project_info (project_id, project_info_type_id, value, create_user, create_date, modify_user, modify_date)
VALUES ('761', '13', 'Yes', '132456', '2010-05-21 07:26:30.0', '132456', '2010-05-21 07:26:30.0');
INSERT INTO project_info (project_id, project_info_type_id, value, create_user, create_date, modify_user, modify_date)
VALUES ('761', '14', 'Open', '132456', '2010-05-21 07:26:30.0', '132456', '2010-05-21 07:26:30.0');
INSERT INTO project_info (project_id, project_info_type_id, value, create_user, create_date, modify_user, modify_date)
VALUES ('761', '16', '0.0', '132456', '2010-05-21 07:26:30.0', '132456', '2010-05-21 07:26:30.0');
INSERT INTO project_info (project_id, project_info_type_id, value, create_user, create_date, modify_user, modify_date)
VALUES ('761', '26', 'On', '132456', '2010-05-21 07:26:30.0', '132456', '2010-05-21 07:26:30.0');
INSERT INTO project_info (project_id, project_info_type_id, value, create_user, create_date, modify_user, modify_date)
VALUES ('761', '29', 'On', '132456', '2010-05-21 07:26:30.0', '132456', '2010-05-21 07:26:30.0');
INSERT INTO project_info (project_id, project_info_type_id, value, create_user, create_date, modify_user, modify_date)
VALUES ('761', '41', 'true', '132456', '2010-05-21 07:26:30.0', '132456', '2010-05-21 07:26:30.0');
INSERT INTO project_info (project_id, project_info_type_id, value, create_user, create_date, modify_user, modify_date)
VALUES ('761', '43', 'true', '132456', '2010-05-21 07:26:30.0', '132456', '2010-05-21 07:26:30.0');
--  Data for project_phase
INSERT INTO project_phase (project_phase_id, project_id, phase_type_id, phase_status_id, fixed_start_time, scheduled_start_time, scheduled_end_time, actual_start_time, actual_end_time, duration, create_user, create_date, modify_user, modify_date)
VALUES ('761', '761', '1', '1', '2010-05-27 09:00:00.0', '2010-05-27 09:00:00.0', '2010-06-01 09:00:00.0', NULL, NULL, '259200000', '132456', '2010-05-21 07:26:30.0', '132456', '2010-05-21 07:26:30.0');
INSERT INTO project_phase (project_phase_id, project_id, phase_type_id, phase_status_id, fixed_start_time, scheduled_start_time, scheduled_end_time, actual_start_time, actual_end_time, duration, create_user, create_date, modify_user, modify_date)
VALUES ('762', '761', '2', '1', '2010-05-27 09:00:00.0', '2010-05-27 09:00:00.0', '2010-06-07 09:00:00.0', NULL, NULL, '604800000', '132456', '2010-05-21 07:26:30.0', '132456', '2010-05-21 07:26:30.0');
INSERT INTO project_phase (project_phase_id, project_id, phase_type_id, phase_status_id, fixed_start_time, scheduled_start_time, scheduled_end_time, actual_start_time, actual_end_time, duration, create_user, create_date, modify_user, modify_date)
VALUES ('763', '761', '3', '1', '2010-06-07 09:00:00.0', '2010-06-07 09:00:00.0', '2010-06-08 09:00:00.0', NULL, NULL, '86400000', '132456', '2010-05-21 07:26:30.0', '132456', '2010-05-21 07:26:30.0');
INSERT INTO project_phase (project_phase_id, project_id, phase_type_id, phase_status_id, fixed_start_time, scheduled_start_time, scheduled_end_time, actual_start_time, actual_end_time, duration, create_user, create_date, modify_user, modify_date)
VALUES ('764', '761', '4', '1', '2010-06-08 09:00:00.0', '2010-06-08 09:00:00.0', '2010-06-14 09:00:00.0', NULL, NULL, '345600000', '132456', '2010-05-21 07:26:30.0', '132456', '2010-05-21 07:26:30.0');
INSERT INTO project_phase (project_phase_id, project_id, phase_type_id, phase_status_id, fixed_start_time, scheduled_start_time, scheduled_end_time, actual_start_time, actual_end_time, duration, create_user, create_date, modify_user, modify_date)
VALUES ('765', '761', '5', '1', '2010-06-14 09:00:00.0', '2010-06-14 09:00:00.0', '2010-06-15 09:00:00.0', NULL, NULL, '86400000', '132456', '2010-05-21 07:26:30.0', '132456', '2010-05-21 07:26:30.0');
INSERT INTO project_phase (project_phase_id, project_id, phase_type_id, phase_status_id, fixed_start_time, scheduled_start_time, scheduled_end_time, actual_start_time, actual_end_time, duration, create_user, create_date, modify_user, modify_date)
VALUES ('766', '761', '6', '1', '2010-06-15 09:00:00.0', '2010-06-15 09:00:00.0', '2010-06-16 09:00:00.0', NULL, NULL, '86400000', '132456', '2010-05-21 07:26:30.0', '132456', '2010-05-21 07:26:30.0');
INSERT INTO project_phase (project_phase_id, project_id, phase_type_id, phase_status_id, fixed_start_time, scheduled_start_time, scheduled_end_time, actual_start_time, actual_end_time, duration, create_user, create_date, modify_user, modify_date)
VALUES ('767', '761', '7', '1', '2010-06-16 09:00:00.0', '2010-06-16 09:00:00.0', '2010-06-16 21:00:00.0', NULL, NULL, '43200000', '132456', '2010-05-21 07:26:30.0', '132456', '2010-05-21 07:26:30.0');
INSERT INTO project_phase (project_phase_id, project_id, phase_type_id, phase_status_id, fixed_start_time, scheduled_start_time, scheduled_end_time, actual_start_time, actual_end_time, duration, create_user, create_date, modify_user, modify_date)
VALUES ('768', '761', '8', '1', '2010-06-16 21:00:00.0', '2010-06-16 21:00:00.0', '2010-06-17 09:00:00.0', NULL, NULL, '43200000', '132456', '2010-05-21 07:26:30.0', '132456', '2010-05-21 07:26:30.0');
INSERT INTO project_phase (project_phase_id, project_id, phase_type_id, phase_status_id, fixed_start_time, scheduled_start_time, scheduled_end_time, actual_start_time, actual_end_time, duration, create_user, create_date, modify_user, modify_date)
VALUES ('769', '761', '9', '1', '2010-06-17 09:00:00.0', '2010-06-17 09:00:00.0', '2010-06-22 09:00:00.0', NULL, NULL, '259200000', '132456', '2010-05-21 07:26:30.0', '132456', '2010-05-21 07:26:30.0');
INSERT INTO project_phase (project_phase_id, project_id, phase_type_id, phase_status_id, fixed_start_time, scheduled_start_time, scheduled_end_time, actual_start_time, actual_end_time, duration, create_user, create_date, modify_user, modify_date)
VALUES ('770', '761', '10', '1', '2010-06-22 09:00:00.0', '2010-06-22 09:00:00.0', '2010-06-23 09:00:00.0', NULL, NULL, '86400000', '132456', '2010-05-21 07:26:30.0', '132456', '2010-05-21 07:26:30.0');
--  Data for comp_catalog
INSERT INTO comp_catalog (component_id, current_version, short_desc, component_name, description, function_desc, create_time, status_id, root_category_id, modify_date, public_ind)
VALUES ('1521', '1', 'Coolest component ever', 'Component 77', 'Coolest component ever', 'Component', '2010-05-21 07:20:14.48', '102', '5801776', '2010-05-21 07:23:44.0', '0');
--  Data for comp_versions
INSERT INTO comp_versions (comp_vers_id, component_id, version, version_text, create_time, phase_id, phase_time, price, comments, modify_date,
                           suspended_ind)
VALUES ('1523', '1521', '1', '1.0                 ', '2010-05-21 07:20:14.48', '112', '1976-05-04 00:00:00.0', '1000.00', 'Cool', '2010-05-21 07:27:01.0', '0');
--  Data for comp_categories
INSERT INTO comp_categories (comp_categories_id, component_id, category_id)
VALUES ('1525', '1521', '11');
--  Data for comp_keywords
INSERT INTO comp_keywords (comp_keywords_id, component_id, keyword)
VALUES ('1531', '1521', 'assembly');
--  Data for comp_technology
INSERT INTO comp_technology (comp_tech_id, comp_vers_id, technology_type_id)
VALUES ('1532', '1523', '1');
--  Data for comp_documentation
INSERT INTO comp_documentation (document_id, comp_vers_id, document_type_id, document_name, url)
VALUES ('1533', '1523', '0', 'Requirements Specification', '1521/1523/MQTTBroker_Requirements_Specification.pdf');
--  Data for comp_jive_category_xref
INSERT INTO comp_jive_category_xref (comp_vers_id, jive_category_id)
VALUES ('1523', '0');
--  Data for comp_version_dates
INSERT INTO comp_version_dates (comp_version_dates_id, comp_vers_id, phase_id, posting_date, initial_submission_date, winner_announced_date, final_submission_date,
                                estimated_dev_date, price, total_submissions, status_id, create_time, level_id, screening_complete_date, review_complete_date,
                                aggregation_complete_date, phase_complete_date, production_date, aggregation_complete_date_comment, phase_complete_date_comment,
                                review_complete_date_comment, winner_announced_date_comment, initial_submission_date_comment, screening_complete_date_comment,
                                final_submission_date_comment, production_date_comment, modify_date)
VALUES ('1534', '1523', '112', '1976-05-05', '2000-01-01', '2000-01-01', 
        '2000-01-01', '2000-01-01', NULL, '0', '301', '2010-05-21 07:27:01.0', '100', '2000-01-01',
        '2000-01-01', '2000-01-01', '2000-01-01', '2010-12-01', 
        NULL, NULL, NULL, NULL, NULL, NULL, NULL, '', '2010-05-21 07:27:01.0');
--  Data for phase_criteria
INSERT INTO phase_criteria (project_phase_id, phase_criteria_type_id, parameter, create_user, create_date, modify_user, modify_date)
VALUES ('761', '2', '0', '132456', '2010-05-21 07:26:30.0', '132456', '2010-05-21 07:26:30.0');
INSERT INTO phase_criteria (project_phase_id, phase_criteria_type_id, parameter, create_user, create_date, modify_user, modify_date)
VALUES ('761', '5', 'No', '132456', '2010-05-21 07:26:30.0', '132456', '2010-05-21 07:26:30.0');
INSERT INTO phase_criteria (project_phase_id, phase_criteria_type_id, parameter, create_user, create_date, modify_user, modify_date)
VALUES ('762', '3', '0', '132456', '2010-05-21 07:26:30.0', '132456', '2010-05-21 07:26:30.0');
INSERT INTO phase_criteria (project_phase_id, phase_criteria_type_id, parameter, create_user, create_date, modify_user, modify_date)
VALUES ('762', '5', 'No', '132456', '2010-05-21 07:26:30.0', '132456', '2010-05-21 07:26:30.0');
INSERT INTO phase_criteria (project_phase_id, phase_criteria_type_id, parameter, create_user, create_date, modify_user, modify_date)
VALUES ('763', '5', 'No', '132456', '2010-05-21 07:26:30.0', '132456', '2010-05-21 07:26:30.0');
INSERT INTO phase_criteria (project_phase_id, phase_criteria_type_id, parameter, create_user, create_date, modify_user, modify_date)
VALUES ('763', '1', '30000410', '132456', '2010-05-21 07:26:30.0', '132456', '2010-05-21 07:26:30.0');
INSERT INTO phase_criteria (project_phase_id, phase_criteria_type_id, parameter, create_user, create_date, modify_user, modify_date)
VALUES ('764', '5', 'No', '132456', '2010-05-21 07:26:30.0', '132456', '2010-05-21 07:26:30.0');
INSERT INTO phase_criteria (project_phase_id, phase_criteria_type_id, parameter, create_user, create_date, modify_user, modify_date)
VALUES ('764', '1', '30000411', '132456', '2010-05-21 07:26:30.0', '132456', '2010-05-21 07:26:30.0');
INSERT INTO phase_criteria (project_phase_id, phase_criteria_type_id, parameter, create_user, create_date, modify_user, modify_date)
VALUES ('764', '6', '3', '132456', '2010-05-21 07:26:30.0', '132456', '2010-05-21 07:26:30.0');
INSERT INTO phase_criteria (project_phase_id, phase_criteria_type_id, parameter, create_user, create_date, modify_user, modify_date)
VALUES ('765', '5', 'No', '132456', '2010-05-21 07:26:30.0', '132456', '2010-05-21 07:26:30.0');
INSERT INTO phase_criteria (project_phase_id, phase_criteria_type_id, parameter, create_user, create_date, modify_user, modify_date)
VALUES ('765', '4', 'No', '132456', '2010-05-21 07:26:30.0', '132456', '2010-05-21 07:26:30.0');
INSERT INTO phase_criteria (project_phase_id, phase_criteria_type_id, parameter, create_user, create_date, modify_user, modify_date)
VALUES ('766', '5', 'No', '132456', '2010-05-21 07:26:30.0', '132456', '2010-05-21 07:26:30.0');
INSERT INTO phase_criteria (project_phase_id, phase_criteria_type_id, parameter, create_user, create_date, modify_user, modify_date)
VALUES ('767', '5', 'No', '132456', '2010-05-21 07:26:30.0', '132456', '2010-05-21 07:26:30.0');
INSERT INTO phase_criteria (project_phase_id, phase_criteria_type_id, parameter, create_user, create_date, modify_user, modify_date)
VALUES ('768', '5', 'No', '132456', '2010-05-21 07:26:30.0', '132456', '2010-05-21 07:26:30.0');
INSERT INTO phase_criteria (project_phase_id, phase_criteria_type_id, parameter, create_user, create_date, modify_user, modify_date)
VALUES ('769', '5', 'No', '132456', '2010-05-21 07:26:30.0', '132456', '2010-05-21 07:26:30.0');
INSERT INTO phase_criteria (project_phase_id, phase_criteria_type_id, parameter, create_user, create_date, modify_user, modify_date)
VALUES ('770', '5', 'No', '132456', '2010-05-21 07:26:30.0', '132456', '2010-05-21 07:26:30.0');
--  Data for phase_dependency
INSERT INTO phase_dependency (dependency_phase_id, dependent_phase_id, dependency_start, dependent_start, lag_time, create_user, create_date, modify_user, modify_date)
VALUES ('761', '762', '1', '1', '0', '132456', '2010-05-21 07:26:30.0', '132456', '2010-05-21 07:26:30.0');
INSERT INTO phase_dependency (dependency_phase_id, dependent_phase_id, dependency_start, dependent_start, lag_time, create_user, create_date, modify_user, modify_date)
VALUES ('762', '763', '0', '1', '0', '132456', '2010-05-21 07:26:30.0', '132456', '2010-05-21 07:26:30.0');
INSERT INTO phase_dependency (dependency_phase_id, dependent_phase_id, dependency_start, dependent_start, lag_time, create_user, create_date, modify_user, modify_date)
VALUES ('763', '764', '0', '1', '0', '132456', '2010-05-21 07:26:30.0', '132456', '2010-05-21 07:26:30.0');
INSERT INTO phase_dependency (dependency_phase_id, dependent_phase_id, dependency_start, dependent_start, lag_time, create_user, create_date, modify_user, modify_date)
VALUES ('764', '765', '0', '1', '0', '132456', '2010-05-21 07:26:30.0', '132456', '2010-05-21 07:26:30.0');
INSERT INTO phase_dependency (dependency_phase_id, dependent_phase_id, dependency_start, dependent_start, lag_time, create_user, create_date, modify_user, modify_date)
VALUES ('765', '766', '0', '1', '0', '132456', '2010-05-21 07:26:30.0', '132456', '2010-05-21 07:26:30.0');
INSERT INTO phase_dependency (dependency_phase_id, dependent_phase_id, dependency_start, dependent_start, lag_time, create_user, create_date, modify_user, modify_date)
VALUES ('766', '767', '0', '1', '0', '132456', '2010-05-21 07:26:30.0', '132456', '2010-05-21 07:26:30.0');
INSERT INTO phase_dependency (dependency_phase_id, dependent_phase_id, dependency_start, dependent_start, lag_time, create_user, create_date, modify_user, modify_date)
VALUES ('767', '768', '0', '1', '0', '132456', '2010-05-21 07:26:30.0', '132456', '2010-05-21 07:26:30.0');
INSERT INTO phase_dependency (dependency_phase_id, dependent_phase_id, dependency_start, dependent_start, lag_time, create_user, create_date, modify_user, modify_date)
VALUES ('768', '769', '0', '1', '0', '132456', '2010-05-21 07:26:30.0', '132456', '2010-05-21 07:26:30.0');
INSERT INTO phase_dependency (dependency_phase_id, dependent_phase_id, dependency_start, dependent_start, lag_time, create_user, create_date, modify_user, modify_date)
VALUES ('769', '770', '0', '1', '0', '132456', '2010-05-21 07:26:30.0', '132456', '2010-05-21 07:26:30.0');
--  Data for resource
INSERT INTO resource (resource_id, resource_role_id, project_id, project_phase_id, create_user, create_date, modify_user, modify_date)
VALUES ('761', '13', '761', NULL, '132456', '2010-05-21 07:26:30.0', '132456', '2010-05-21 07:26:30.0');
--  Data for resource_info
INSERT INTO resource_info (resource_id, resource_info_type_id, value, create_user, create_date, modify_user, modify_date)
VALUES ('761', '1', '132456', '132456', '2010-05-21 07:26:30.0', '132456', '2010-05-21 07:26:30.0');
INSERT INTO resource_info (resource_id, resource_info_type_id, value, create_user, create_date, modify_user, modify_date)
VALUES ('761', '2', 'heffan', '132456', '2010-05-21 07:26:30.0', '132456', '2010-05-21 07:26:30.0');
--  Data for user_role
INSERT INTO user_role (user_role_id, comp_vers_id, role_id, login_id, description)
VALUES ('1524', '1523', '1', '132456', '');
--  Data for word_search
INSERT INTO word_search (word_search_id, document_id, index_word, nbr_occurrences)
VALUES ('1527', '1521', 'ever                                                                                                ', '2');
INSERT INTO word_search (word_search_id, document_id, index_word, nbr_occurrences)
VALUES ('1528', '1521', 'component                                                                                           ', '4');
INSERT INTO word_search (word_search_id, document_id, index_word, nbr_occurrences)
VALUES ('1529', '1521', 'coolest                                                                                             ', '2');
INSERT INTO word_search (word_search_id, document_id, index_word, nbr_occurrences)
VALUES ('1530', '1521', 'assembly                                                    ', '2');
--  Data for word_search_ctgy
INSERT INTO word_search_ctgy (word_srch_ctgy_id, category_id, document_id)
VALUES ('1526', 'DDECATALOG                                        ', '1521');
--  Data for word_search_doc
INSERT INTO word_search_doc (document_id)
VALUES ('1521');
-- Data for project
INSERT INTO project (project_id, project_status_id, project_category_id, create_user, create_date, modify_user, modify_date)
VALUES ('771', '2', '14', '132458', '2010-05-21 07:26:30.0', '132458', '2010-05-21 07:26:30.0');
--  Data for project_info
INSERT INTO project_info (project_id, project_info_type_id, value, create_user, create_date, modify_user, modify_date)
VALUES ('771', '1', '1543', '132458', '2010-05-21 07:26:30.0', '132458', '2010-05-21 07:26:30.0');
INSERT INTO project_info (project_id, project_info_type_id, value, create_user, create_date, modify_user, modify_date)
VALUES ('771', '2', '1541', '132458', '2010-05-21 07:26:30.0', '132458', '2010-05-21 07:26:30.0');
INSERT INTO project_info (project_id, project_info_type_id, value, create_user, create_date, modify_user, modify_date)
VALUES ('771', '3', '1', '132458', '2010-05-21 07:26:30.0', '132458', '2010-05-21 07:26:30.0');
INSERT INTO project_info (project_id, project_info_type_id, value, create_user, create_date, modify_user, modify_date)
VALUES ('771', '4', '0', '132458', '2010-05-21 07:26:30.0', '132458', '2010-05-21 07:26:30.0');
INSERT INTO project_info (project_id, project_info_type_id, value, create_user, create_date, modify_user, modify_date)
VALUES ('771', '5', '5801778', '132458', '2010-05-21 07:26:30.0', '132458', '2010-05-21 07:26:30.0');
INSERT INTO project_info (project_id, project_info_type_id, value, create_user, create_date, modify_user, modify_date)
VALUES ('771', '6', 'Component 78', '132458', '2010-05-21 07:26:30.0', '132458', '2010-05-21 07:26:30.0');
INSERT INTO project_info (project_id, project_info_type_id, value, create_user, create_date, modify_user, modify_date)
VALUES ('771', '7', '1.0                 ', '132458', '2010-05-21 07:26:30.0', '132458', '2010-05-21 07:26:30.0');
INSERT INTO project_info (project_id, project_info_type_id, value, create_user, create_date, modify_user, modify_date)
VALUES ('771', '9', 'Off', '132458', '2010-05-21 07:26:30.0', '132458', '2010-05-21 07:26:30.0');
INSERT INTO project_info (project_id, project_info_type_id, value, create_user, create_date, modify_user, modify_date)
VALUES ('771', '10', 'On', '132458', '2010-05-21 07:26:30.0', '132458', '2010-05-21 07:26:30.0');
INSERT INTO project_info (project_id, project_info_type_id, value, create_user, create_date, modify_user, modify_date)
VALUES ('771', '11', 'On', '132458', '2010-05-21 07:26:30.0', '132458', '2010-05-21 07:26:30.0');
INSERT INTO project_info (project_id, project_info_type_id, value, create_user, create_date, modify_user, modify_date)
VALUES ('771', '12', 'Yes', '132458', '2010-05-21 07:26:30.0', '132458', '2010-05-21 07:26:30.0');
INSERT INTO project_info (project_id, project_info_type_id, value, create_user, create_date, modify_user, modify_date)
VALUES ('771', '13', 'Yes', '132458', '2010-05-21 07:26:30.0', '132458', '2010-05-21 07:26:30.0');
INSERT INTO project_info (project_id, project_info_type_id, value, create_user, create_date, modify_user, modify_date)
VALUES ('771', '14', 'Open', '132458', '2010-05-21 07:26:30.0', '132458', '2010-05-21 07:26:30.0');
INSERT INTO project_info (project_id, project_info_type_id, value, create_user, create_date, modify_user, modify_date)
VALUES ('771', '16', '0.0', '132458', '2010-05-21 07:26:30.0', '132458', '2010-05-21 07:26:30.0');
INSERT INTO project_info (project_id, project_info_type_id, value, create_user, create_date, modify_user, modify_date)
VALUES ('771', '26', 'On', '132458', '2010-05-21 07:26:30.0', '132458', '2010-05-21 07:26:30.0');
INSERT INTO project_info (project_id, project_info_type_id, value, create_user, create_date, modify_user, modify_date)
VALUES ('771', '29', 'On', '132458', '2010-05-21 07:26:30.0', '132458', '2010-05-21 07:26:30.0');
INSERT INTO project_info (project_id, project_info_type_id, value, create_user, create_date, modify_user, modify_date)
VALUES ('771', '41', 'true', '132458', '2010-05-21 07:26:30.0', '132458', '2010-05-21 07:26:30.0');
INSERT INTO project_info (project_id, project_info_type_id, value, create_user, create_date, modify_user, modify_date)
VALUES ('771', '43', 'true', '132458', '2010-05-21 07:26:30.0', '132458', '2010-05-21 07:26:30.0');
--  Data for project_phase
INSERT INTO project_phase (project_phase_id, project_id, phase_type_id, phase_status_id, fixed_start_time, scheduled_start_time, scheduled_end_time, actual_start_time, actual_end_time, duration, create_user, create_date, modify_user, modify_date)
VALUES ('771', '771', '1', '1', '2010-05-27 09:00:00.0', '2010-05-27 09:00:00.0', '2010-06-01 09:00:00.0', NULL, NULL, '259200000', '132458', '2010-05-21 07:26:30.0', '132458', '2010-05-21 07:26:30.0');
INSERT INTO project_phase (project_phase_id, project_id, phase_type_id, phase_status_id, fixed_start_time, scheduled_start_time, scheduled_end_time, actual_start_time, actual_end_time, duration, create_user, create_date, modify_user, modify_date)
VALUES ('772', '771', '2', '1', '2010-05-27 09:00:00.0', '2010-05-27 09:00:00.0', '2010-06-07 09:00:00.0', NULL, NULL, '604800000', '132458', '2010-05-21 07:26:30.0', '132458', '2010-05-21 07:26:30.0');
INSERT INTO project_phase (project_phase_id, project_id, phase_type_id, phase_status_id, fixed_start_time, scheduled_start_time, scheduled_end_time, actual_start_time, actual_end_time, duration, create_user, create_date, modify_user, modify_date)
VALUES ('773', '771', '3', '1', '2010-06-07 09:00:00.0', '2010-06-07 09:00:00.0', '2010-06-08 09:00:00.0', NULL, NULL, '86400000', '132458', '2010-05-21 07:26:30.0', '132458', '2010-05-21 07:26:30.0');
INSERT INTO project_phase (project_phase_id, project_id, phase_type_id, phase_status_id, fixed_start_time, scheduled_start_time, scheduled_end_time, actual_start_time, actual_end_time, duration, create_user, create_date, modify_user, modify_date)
VALUES ('774', '771', '4', '1', '2010-06-08 09:00:00.0', '2010-06-08 09:00:00.0', '2010-06-14 09:00:00.0', NULL, NULL, '345600000', '132458', '2010-05-21 07:26:30.0', '132458', '2010-05-21 07:26:30.0');
INSERT INTO project_phase (project_phase_id, project_id, phase_type_id, phase_status_id, fixed_start_time, scheduled_start_time, scheduled_end_time, actual_start_time, actual_end_time, duration, create_user, create_date, modify_user, modify_date)
VALUES ('775', '771', '5', '1', '2010-06-14 09:00:00.0', '2010-06-14 09:00:00.0', '2010-06-15 09:00:00.0', NULL, NULL, '86400000', '132458', '2010-05-21 07:26:30.0', '132458', '2010-05-21 07:26:30.0');
INSERT INTO project_phase (project_phase_id, project_id, phase_type_id, phase_status_id, fixed_start_time, scheduled_start_time, scheduled_end_time, actual_start_time, actual_end_time, duration, create_user, create_date, modify_user, modify_date)
VALUES ('776', '771', '6', '1', '2010-06-15 09:00:00.0', '2010-06-15 09:00:00.0', '2010-06-16 09:00:00.0', NULL, NULL, '86400000', '132458', '2010-05-21 07:26:30.0', '132458', '2010-05-21 07:26:30.0');
INSERT INTO project_phase (project_phase_id, project_id, phase_type_id, phase_status_id, fixed_start_time, scheduled_start_time, scheduled_end_time, actual_start_time, actual_end_time, duration, create_user, create_date, modify_user, modify_date)
VALUES ('777', '771', '7', '1', '2010-06-16 09:00:00.0', '2010-06-16 09:00:00.0', '2010-06-16 21:00:00.0', NULL, NULL, '43200000', '132458', '2010-05-21 07:26:30.0', '132458', '2010-05-21 07:26:30.0');
INSERT INTO project_phase (project_phase_id, project_id, phase_type_id, phase_status_id, fixed_start_time, scheduled_start_time, scheduled_end_time, actual_start_time, actual_end_time, duration, create_user, create_date, modify_user, modify_date)
VALUES ('778', '771', '8', '1', '2010-06-16 21:00:00.0', '2010-06-16 21:00:00.0', '2010-06-17 09:00:00.0', NULL, NULL, '43200000', '132458', '2010-05-21 07:26:30.0', '132458', '2010-05-21 07:26:30.0');
INSERT INTO project_phase (project_phase_id, project_id, phase_type_id, phase_status_id, fixed_start_time, scheduled_start_time, scheduled_end_time, actual_start_time, actual_end_time, duration, create_user, create_date, modify_user, modify_date)
VALUES ('779', '771', '9', '1', '2010-06-17 09:00:00.0', '2010-06-17 09:00:00.0', '2010-06-22 09:00:00.0', NULL, NULL, '259200000', '132458', '2010-05-21 07:26:30.0', '132458', '2010-05-21 07:26:30.0');
INSERT INTO project_phase (project_phase_id, project_id, phase_type_id, phase_status_id, fixed_start_time, scheduled_start_time, scheduled_end_time, actual_start_time, actual_end_time, duration, create_user, create_date, modify_user, modify_date)
VALUES ('780', '771', '10', '1', '2010-06-22 09:00:00.0', '2010-06-22 09:00:00.0', '2010-06-23 09:00:00.0', NULL, NULL, '86400000', '132458', '2010-05-21 07:26:30.0', '132458', '2010-05-21 07:26:30.0');
--  Data for comp_catalog
INSERT INTO comp_catalog (component_id, current_version, short_desc, component_name, description, function_desc, create_time, status_id, root_category_id, modify_date, public_ind)
VALUES ('1541', '1', 'Coolest component ever', 'Component 78', 'Coolest component ever', 'Component', '2010-05-21 07:20:14.48', '102', '5801778', '2010-05-21 07:23:44.0', '0');
--  Data for comp_versions
INSERT INTO comp_versions (comp_vers_id, component_id, version, version_text, create_time, phase_id, phase_time, price, comments, modify_date,
                           suspended_ind)
VALUES ('1543', '1541', '1', '1.0                 ', '2010-05-21 07:20:14.48', '112', '1976-05-04 00:00:00.0', '1000.00', 'Cool', '2010-05-21 07:27:01.0', '0');
--  Data for comp_categories
INSERT INTO comp_categories (comp_categories_id, component_id, category_id)
VALUES ('1545', '1541', '11');
--  Data for comp_keywords
INSERT INTO comp_keywords (comp_keywords_id, component_id, keyword)
VALUES ('1551', '1541', 'assembly');
--  Data for comp_technology
INSERT INTO comp_technology (comp_tech_id, comp_vers_id, technology_type_id)
VALUES ('1552', '1543', '1');
--  Data for comp_documentation
INSERT INTO comp_documentation (document_id, comp_vers_id, document_type_id, document_name, url)
VALUES ('1553', '1543', '0', 'Requirements Specification', '1541/1543/MQTTBroker_Requirements_Specification.pdf');
--  Data for comp_jive_category_xref
INSERT INTO comp_jive_category_xref (comp_vers_id, jive_category_id)
VALUES ('1543', '0');
--  Data for comp_version_dates
INSERT INTO comp_version_dates (comp_version_dates_id, comp_vers_id, phase_id, posting_date, initial_submission_date, winner_announced_date, final_submission_date,
                                estimated_dev_date, price, total_submissions, status_id, create_time, level_id, screening_complete_date, review_complete_date,
                                aggregation_complete_date, phase_complete_date, production_date, aggregation_complete_date_comment, phase_complete_date_comment,
                                review_complete_date_comment, winner_announced_date_comment, initial_submission_date_comment, screening_complete_date_comment,
                                final_submission_date_comment, production_date_comment, modify_date)
VALUES ('1554', '1543', '112', '1976-05-05', '2000-01-01', '2000-01-01', 
        '2000-01-01', '2000-01-01', NULL, '0', '301', '2010-05-21 07:27:01.0', '100', '2000-01-01',
        '2000-01-01', '2000-01-01', '2000-01-01', '2010-12-01', 
        NULL, NULL, NULL, NULL, NULL, NULL, NULL, '', '2010-05-21 07:27:01.0');
--  Data for phase_criteria
INSERT INTO phase_criteria (project_phase_id, phase_criteria_type_id, parameter, create_user, create_date, modify_user, modify_date)
VALUES ('771', '2', '0', '132458', '2010-05-21 07:26:30.0', '132458', '2010-05-21 07:26:30.0');
INSERT INTO phase_criteria (project_phase_id, phase_criteria_type_id, parameter, create_user, create_date, modify_user, modify_date)
VALUES ('771', '5', 'No', '132458', '2010-05-21 07:26:30.0', '132458', '2010-05-21 07:26:30.0');
INSERT INTO phase_criteria (project_phase_id, phase_criteria_type_id, parameter, create_user, create_date, modify_user, modify_date)
VALUES ('772', '3', '0', '132458', '2010-05-21 07:26:30.0', '132458', '2010-05-21 07:26:30.0');
INSERT INTO phase_criteria (project_phase_id, phase_criteria_type_id, parameter, create_user, create_date, modify_user, modify_date)
VALUES ('772', '5', 'No', '132458', '2010-05-21 07:26:30.0', '132458', '2010-05-21 07:26:30.0');
INSERT INTO phase_criteria (project_phase_id, phase_criteria_type_id, parameter, create_user, create_date, modify_user, modify_date)
VALUES ('773', '5', 'No', '132458', '2010-05-21 07:26:30.0', '132458', '2010-05-21 07:26:30.0');
INSERT INTO phase_criteria (project_phase_id, phase_criteria_type_id, parameter, create_user, create_date, modify_user, modify_date)
VALUES ('773', '1', '30000410', '132458', '2010-05-21 07:26:30.0', '132458', '2010-05-21 07:26:30.0');
INSERT INTO phase_criteria (project_phase_id, phase_criteria_type_id, parameter, create_user, create_date, modify_user, modify_date)
VALUES ('774', '5', 'No', '132458', '2010-05-21 07:26:30.0', '132458', '2010-05-21 07:26:30.0');
INSERT INTO phase_criteria (project_phase_id, phase_criteria_type_id, parameter, create_user, create_date, modify_user, modify_date)
VALUES ('774', '1', '30000411', '132458', '2010-05-21 07:26:30.0', '132458', '2010-05-21 07:26:30.0');
INSERT INTO phase_criteria (project_phase_id, phase_criteria_type_id, parameter, create_user, create_date, modify_user, modify_date)
VALUES ('774', '6', '3', '132458', '2010-05-21 07:26:30.0', '132458', '2010-05-21 07:26:30.0');
INSERT INTO phase_criteria (project_phase_id, phase_criteria_type_id, parameter, create_user, create_date, modify_user, modify_date)
VALUES ('775', '5', 'No', '132458', '2010-05-21 07:26:30.0', '132458', '2010-05-21 07:26:30.0');
INSERT INTO phase_criteria (project_phase_id, phase_criteria_type_id, parameter, create_user, create_date, modify_user, modify_date)
VALUES ('775', '4', 'No', '132458', '2010-05-21 07:26:30.0', '132458', '2010-05-21 07:26:30.0');
INSERT INTO phase_criteria (project_phase_id, phase_criteria_type_id, parameter, create_user, create_date, modify_user, modify_date)
VALUES ('776', '5', 'No', '132458', '2010-05-21 07:26:30.0', '132458', '2010-05-21 07:26:30.0');
INSERT INTO phase_criteria (project_phase_id, phase_criteria_type_id, parameter, create_user, create_date, modify_user, modify_date)
VALUES ('777', '5', 'No', '132458', '2010-05-21 07:26:30.0', '132458', '2010-05-21 07:26:30.0');
INSERT INTO phase_criteria (project_phase_id, phase_criteria_type_id, parameter, create_user, create_date, modify_user, modify_date)
VALUES ('778', '5', 'No', '132458', '2010-05-21 07:26:30.0', '132458', '2010-05-21 07:26:30.0');
INSERT INTO phase_criteria (project_phase_id, phase_criteria_type_id, parameter, create_user, create_date, modify_user, modify_date)
VALUES ('779', '5', 'No', '132458', '2010-05-21 07:26:30.0', '132458', '2010-05-21 07:26:30.0');
INSERT INTO phase_criteria (project_phase_id, phase_criteria_type_id, parameter, create_user, create_date, modify_user, modify_date)
VALUES ('780', '5', 'No', '132458', '2010-05-21 07:26:30.0', '132458', '2010-05-21 07:26:30.0');
--  Data for phase_dependency
INSERT INTO phase_dependency (dependency_phase_id, dependent_phase_id, dependency_start, dependent_start, lag_time, create_user, create_date, modify_user, modify_date)
VALUES ('771', '772', '1', '1', '0', '132458', '2010-05-21 07:26:30.0', '132458', '2010-05-21 07:26:30.0');
INSERT INTO phase_dependency (dependency_phase_id, dependent_phase_id, dependency_start, dependent_start, lag_time, create_user, create_date, modify_user, modify_date)
VALUES ('772', '773', '0', '1', '0', '132458', '2010-05-21 07:26:30.0', '132458', '2010-05-21 07:26:30.0');
INSERT INTO phase_dependency (dependency_phase_id, dependent_phase_id, dependency_start, dependent_start, lag_time, create_user, create_date, modify_user, modify_date)
VALUES ('773', '774', '0', '1', '0', '132458', '2010-05-21 07:26:30.0', '132458', '2010-05-21 07:26:30.0');
INSERT INTO phase_dependency (dependency_phase_id, dependent_phase_id, dependency_start, dependent_start, lag_time, create_user, create_date, modify_user, modify_date)
VALUES ('774', '775', '0', '1', '0', '132458', '2010-05-21 07:26:30.0', '132458', '2010-05-21 07:26:30.0');
INSERT INTO phase_dependency (dependency_phase_id, dependent_phase_id, dependency_start, dependent_start, lag_time, create_user, create_date, modify_user, modify_date)
VALUES ('775', '776', '0', '1', '0', '132458', '2010-05-21 07:26:30.0', '132458', '2010-05-21 07:26:30.0');
INSERT INTO phase_dependency (dependency_phase_id, dependent_phase_id, dependency_start, dependent_start, lag_time, create_user, create_date, modify_user, modify_date)
VALUES ('776', '777', '0', '1', '0', '132458', '2010-05-21 07:26:30.0', '132458', '2010-05-21 07:26:30.0');
INSERT INTO phase_dependency (dependency_phase_id, dependent_phase_id, dependency_start, dependent_start, lag_time, create_user, create_date, modify_user, modify_date)
VALUES ('777', '778', '0', '1', '0', '132458', '2010-05-21 07:26:30.0', '132458', '2010-05-21 07:26:30.0');
INSERT INTO phase_dependency (dependency_phase_id, dependent_phase_id, dependency_start, dependent_start, lag_time, create_user, create_date, modify_user, modify_date)
VALUES ('778', '779', '0', '1', '0', '132458', '2010-05-21 07:26:30.0', '132458', '2010-05-21 07:26:30.0');
INSERT INTO phase_dependency (dependency_phase_id, dependent_phase_id, dependency_start, dependent_start, lag_time, create_user, create_date, modify_user, modify_date)
VALUES ('779', '780', '0', '1', '0', '132458', '2010-05-21 07:26:30.0', '132458', '2010-05-21 07:26:30.0');
--  Data for resource
INSERT INTO resource (resource_id, resource_role_id, project_id, project_phase_id, create_user, create_date, modify_user, modify_date)
VALUES ('771', '13', '771', NULL, '132458', '2010-05-21 07:26:30.0', '132458', '2010-05-21 07:26:30.0');
--  Data for resource_info
INSERT INTO resource_info (resource_id, resource_info_type_id, value, create_user, create_date, modify_user, modify_date)
VALUES ('771', '1', '132458', '132458', '2010-05-21 07:26:30.0', '132458', '2010-05-21 07:26:30.0');
INSERT INTO resource_info (resource_id, resource_info_type_id, value, create_user, create_date, modify_user, modify_date)
VALUES ('771', '2', 'user', '132458', '2010-05-21 07:26:30.0', '132458', '2010-05-21 07:26:30.0');
--  Data for user_role
INSERT INTO user_role (user_role_id, comp_vers_id, role_id, login_id, description)
VALUES ('1544', '1543', '1', '132458', '');
--  Data for word_search
INSERT INTO word_search (word_search_id, document_id, index_word, nbr_occurrences)
VALUES ('1547', '1541', 'ever                                                                                                ', '2');
INSERT INTO word_search (word_search_id, document_id, index_word, nbr_occurrences)
VALUES ('1548', '1541', 'component                                                                                           ', '4');
INSERT INTO word_search (word_search_id, document_id, index_word, nbr_occurrences)
VALUES ('1549', '1541', 'coolest                                                                                             ', '2');
INSERT INTO word_search (word_search_id, document_id, index_word, nbr_occurrences)
VALUES ('1550', '1541', 'assembly                                                    ', '2');
--  Data for word_search_ctgy
INSERT INTO word_search_ctgy (word_srch_ctgy_id, category_id, document_id)
VALUES ('1546', 'DDECATALOG                                        ', '1541');
--  Data for word_search_doc
INSERT INTO word_search_doc (document_id)
VALUES ('1541');
-- Data for project
INSERT INTO project (project_id, project_status_id, project_category_id, create_user, create_date, modify_user, modify_date)
VALUES ('781', '2', '2', '132457', '2010-05-21 07:26:30.0', '132457', '2010-05-21 07:26:30.0');
--  Data for project_info
INSERT INTO project_info (project_id, project_info_type_id, value, create_user, create_date, modify_user, modify_date)
VALUES ('781', '1', '1563', '132457', '2010-05-21 07:26:30.0', '132457', '2010-05-21 07:26:30.0');
INSERT INTO project_info (project_id, project_info_type_id, value, create_user, create_date, modify_user, modify_date)
VALUES ('781', '2', '1561', '132457', '2010-05-21 07:26:30.0', '132457', '2010-05-21 07:26:30.0');
INSERT INTO project_info (project_id, project_info_type_id, value, create_user, create_date, modify_user, modify_date)
VALUES ('781', '3', '1', '132457', '2010-05-21 07:26:30.0', '132457', '2010-05-21 07:26:30.0');
INSERT INTO project_info (project_id, project_info_type_id, value, create_user, create_date, modify_user, modify_date)
VALUES ('781', '4', '0', '132457', '2010-05-21 07:26:30.0', '132457', '2010-05-21 07:26:30.0');
INSERT INTO project_info (project_id, project_info_type_id, value, create_user, create_date, modify_user, modify_date)
VALUES ('781', '5', '5801776', '132457', '2010-05-21 07:26:30.0', '132457', '2010-05-21 07:26:30.0');
INSERT INTO project_info (project_id, project_info_type_id, value, create_user, create_date, modify_user, modify_date)
VALUES ('781', '6', 'Component 79', '132457', '2010-05-21 07:26:30.0', '132457', '2010-05-21 07:26:30.0');
INSERT INTO project_info (project_id, project_info_type_id, value, create_user, create_date, modify_user, modify_date)
VALUES ('781', '7', '1.0                 ', '132457', '2010-05-21 07:26:30.0', '132457', '2010-05-21 07:26:30.0');
INSERT INTO project_info (project_id, project_info_type_id, value, create_user, create_date, modify_user, modify_date)
VALUES ('781', '9', 'Off', '132457', '2010-05-21 07:26:30.0', '132457', '2010-05-21 07:26:30.0');
INSERT INTO project_info (project_id, project_info_type_id, value, create_user, create_date, modify_user, modify_date)
VALUES ('781', '10', 'On', '132457', '2010-05-21 07:26:30.0', '132457', '2010-05-21 07:26:30.0');
INSERT INTO project_info (project_id, project_info_type_id, value, create_user, create_date, modify_user, modify_date)
VALUES ('781', '11', 'On', '132457', '2010-05-21 07:26:30.0', '132457', '2010-05-21 07:26:30.0');
INSERT INTO project_info (project_id, project_info_type_id, value, create_user, create_date, modify_user, modify_date)
VALUES ('781', '12', 'Yes', '132457', '2010-05-21 07:26:30.0', '132457', '2010-05-21 07:26:30.0');
INSERT INTO project_info (project_id, project_info_type_id, value, create_user, create_date, modify_user, modify_date)
VALUES ('781', '13', 'Yes', '132457', '2010-05-21 07:26:30.0', '132457', '2010-05-21 07:26:30.0');
INSERT INTO project_info (project_id, project_info_type_id, value, create_user, create_date, modify_user, modify_date)
VALUES ('781', '14', 'Open', '132457', '2010-05-21 07:26:30.0', '132457', '2010-05-21 07:26:30.0');
INSERT INTO project_info (project_id, project_info_type_id, value, create_user, create_date, modify_user, modify_date)
VALUES ('781', '16', '0.0', '132457', '2010-05-21 07:26:30.0', '132457', '2010-05-21 07:26:30.0');
INSERT INTO project_info (project_id, project_info_type_id, value, create_user, create_date, modify_user, modify_date)
VALUES ('781', '26', 'On', '132457', '2010-05-21 07:26:30.0', '132457', '2010-05-21 07:26:30.0');
INSERT INTO project_info (project_id, project_info_type_id, value, create_user, create_date, modify_user, modify_date)
VALUES ('781', '29', 'On', '132457', '2010-05-21 07:26:30.0', '132457', '2010-05-21 07:26:30.0');
INSERT INTO project_info (project_id, project_info_type_id, value, create_user, create_date, modify_user, modify_date)
VALUES ('781', '41', 'true', '132457', '2010-05-21 07:26:30.0', '132457', '2010-05-21 07:26:30.0');
INSERT INTO project_info (project_id, project_info_type_id, value, create_user, create_date, modify_user, modify_date)
VALUES ('781', '43', 'true', '132457', '2010-05-21 07:26:30.0', '132457', '2010-05-21 07:26:30.0');
--  Data for project_phase
INSERT INTO project_phase (project_phase_id, project_id, phase_type_id, phase_status_id, fixed_start_time, scheduled_start_time, scheduled_end_time, actual_start_time, actual_end_time, duration, create_user, create_date, modify_user, modify_date)
VALUES ('781', '781', '1', '1', '2010-05-27 09:00:00.0', '2010-05-27 09:00:00.0', '2010-06-01 09:00:00.0', NULL, NULL, '259200000', '132457', '2010-05-21 07:26:30.0', '132457', '2010-05-21 07:26:30.0');
INSERT INTO project_phase (project_phase_id, project_id, phase_type_id, phase_status_id, fixed_start_time, scheduled_start_time, scheduled_end_time, actual_start_time, actual_end_time, duration, create_user, create_date, modify_user, modify_date)
VALUES ('782', '781', '2', '1', '2010-05-27 09:00:00.0', '2010-05-27 09:00:00.0', '2010-06-07 09:00:00.0', NULL, NULL, '604800000', '132457', '2010-05-21 07:26:30.0', '132457', '2010-05-21 07:26:30.0');
INSERT INTO project_phase (project_phase_id, project_id, phase_type_id, phase_status_id, fixed_start_time, scheduled_start_time, scheduled_end_time, actual_start_time, actual_end_time, duration, create_user, create_date, modify_user, modify_date)
VALUES ('783', '781', '3', '1', '2010-06-07 09:00:00.0', '2010-06-07 09:00:00.0', '2010-06-08 09:00:00.0', NULL, NULL, '86400000', '132457', '2010-05-21 07:26:30.0', '132457', '2010-05-21 07:26:30.0');
INSERT INTO project_phase (project_phase_id, project_id, phase_type_id, phase_status_id, fixed_start_time, scheduled_start_time, scheduled_end_time, actual_start_time, actual_end_time, duration, create_user, create_date, modify_user, modify_date)
VALUES ('784', '781', '4', '1', '2010-06-08 09:00:00.0', '2010-06-08 09:00:00.0', '2010-06-14 09:00:00.0', NULL, NULL, '345600000', '132457', '2010-05-21 07:26:30.0', '132457', '2010-05-21 07:26:30.0');
INSERT INTO project_phase (project_phase_id, project_id, phase_type_id, phase_status_id, fixed_start_time, scheduled_start_time, scheduled_end_time, actual_start_time, actual_end_time, duration, create_user, create_date, modify_user, modify_date)
VALUES ('785', '781', '5', '1', '2010-06-14 09:00:00.0', '2010-06-14 09:00:00.0', '2010-06-15 09:00:00.0', NULL, NULL, '86400000', '132457', '2010-05-21 07:26:30.0', '132457', '2010-05-21 07:26:30.0');
INSERT INTO project_phase (project_phase_id, project_id, phase_type_id, phase_status_id, fixed_start_time, scheduled_start_time, scheduled_end_time, actual_start_time, actual_end_time, duration, create_user, create_date, modify_user, modify_date)
VALUES ('786', '781', '6', '1', '2010-06-15 09:00:00.0', '2010-06-15 09:00:00.0', '2010-06-16 09:00:00.0', NULL, NULL, '86400000', '132457', '2010-05-21 07:26:30.0', '132457', '2010-05-21 07:26:30.0');
INSERT INTO project_phase (project_phase_id, project_id, phase_type_id, phase_status_id, fixed_start_time, scheduled_start_time, scheduled_end_time, actual_start_time, actual_end_time, duration, create_user, create_date, modify_user, modify_date)
VALUES ('787', '781', '7', '1', '2010-06-16 09:00:00.0', '2010-06-16 09:00:00.0', '2010-06-16 21:00:00.0', NULL, NULL, '43200000', '132457', '2010-05-21 07:26:30.0', '132457', '2010-05-21 07:26:30.0');
INSERT INTO project_phase (project_phase_id, project_id, phase_type_id, phase_status_id, fixed_start_time, scheduled_start_time, scheduled_end_time, actual_start_time, actual_end_time, duration, create_user, create_date, modify_user, modify_date)
VALUES ('788', '781', '8', '1', '2010-06-16 21:00:00.0', '2010-06-16 21:00:00.0', '2010-06-17 09:00:00.0', NULL, NULL, '43200000', '132457', '2010-05-21 07:26:30.0', '132457', '2010-05-21 07:26:30.0');
INSERT INTO project_phase (project_phase_id, project_id, phase_type_id, phase_status_id, fixed_start_time, scheduled_start_time, scheduled_end_time, actual_start_time, actual_end_time, duration, create_user, create_date, modify_user, modify_date)
VALUES ('789', '781', '9', '1', '2010-06-17 09:00:00.0', '2010-06-17 09:00:00.0', '2010-06-22 09:00:00.0', NULL, NULL, '259200000', '132457', '2010-05-21 07:26:30.0', '132457', '2010-05-21 07:26:30.0');
INSERT INTO project_phase (project_phase_id, project_id, phase_type_id, phase_status_id, fixed_start_time, scheduled_start_time, scheduled_end_time, actual_start_time, actual_end_time, duration, create_user, create_date, modify_user, modify_date)
VALUES ('790', '781', '10', '1', '2010-06-22 09:00:00.0', '2010-06-22 09:00:00.0', '2010-06-23 09:00:00.0', NULL, NULL, '86400000', '132457', '2010-05-21 07:26:30.0', '132457', '2010-05-21 07:26:30.0');
--  Data for comp_catalog
INSERT INTO comp_catalog (component_id, current_version, short_desc, component_name, description, function_desc, create_time, status_id, root_category_id, modify_date, public_ind)
VALUES ('1561', '1', 'Coolest component ever', 'Component 79', 'Coolest component ever', 'Component', '2010-05-21 07:20:14.48', '102', '5801776', '2010-05-21 07:23:44.0', '0');
--  Data for comp_versions
INSERT INTO comp_versions (comp_vers_id, component_id, version, version_text, create_time, phase_id, phase_time, price, comments, modify_date,
                           suspended_ind)
VALUES ('1563', '1561', '1', '1.0                 ', '2010-05-21 07:20:14.48', '112', '1976-05-04 00:00:00.0', '1000.00', 'Cool', '2010-05-21 07:27:01.0', '0');
--  Data for comp_categories
INSERT INTO comp_categories (comp_categories_id, component_id, category_id)
VALUES ('1565', '1561', '11');
--  Data for comp_keywords
INSERT INTO comp_keywords (comp_keywords_id, component_id, keyword)
VALUES ('1571', '1561', 'development');
--  Data for comp_technology
INSERT INTO comp_technology (comp_tech_id, comp_vers_id, technology_type_id)
VALUES ('1572', '1563', '1');
--  Data for comp_documentation
INSERT INTO comp_documentation (document_id, comp_vers_id, document_type_id, document_name, url)
VALUES ('1573', '1563', '0', 'Requirements Specification', '1561/1563/MQTTBroker_Requirements_Specification.pdf');
--  Data for comp_jive_category_xref
INSERT INTO comp_jive_category_xref (comp_vers_id, jive_category_id)
VALUES ('1563', '0');
--  Data for comp_version_dates
INSERT INTO comp_version_dates (comp_version_dates_id, comp_vers_id, phase_id, posting_date, initial_submission_date, winner_announced_date, final_submission_date,
                                estimated_dev_date, price, total_submissions, status_id, create_time, level_id, screening_complete_date, review_complete_date,
                                aggregation_complete_date, phase_complete_date, production_date, aggregation_complete_date_comment, phase_complete_date_comment,
                                review_complete_date_comment, winner_announced_date_comment, initial_submission_date_comment, screening_complete_date_comment,
                                final_submission_date_comment, production_date_comment, modify_date)
VALUES ('1574', '1563', '112', '1976-05-05', '2000-01-01', '2000-01-01', 
        '2000-01-01', '2000-01-01', NULL, '0', '301', '2010-05-21 07:27:01.0', '100', '2000-01-01',
        '2000-01-01', '2000-01-01', '2000-01-01', '2010-12-01', 
        NULL, NULL, NULL, NULL, NULL, NULL, NULL, '', '2010-05-21 07:27:01.0');
--  Data for phase_criteria
INSERT INTO phase_criteria (project_phase_id, phase_criteria_type_id, parameter, create_user, create_date, modify_user, modify_date)
VALUES ('781', '2', '0', '132457', '2010-05-21 07:26:30.0', '132457', '2010-05-21 07:26:30.0');
INSERT INTO phase_criteria (project_phase_id, phase_criteria_type_id, parameter, create_user, create_date, modify_user, modify_date)
VALUES ('781', '5', 'No', '132457', '2010-05-21 07:26:30.0', '132457', '2010-05-21 07:26:30.0');
INSERT INTO phase_criteria (project_phase_id, phase_criteria_type_id, parameter, create_user, create_date, modify_user, modify_date)
VALUES ('782', '3', '0', '132457', '2010-05-21 07:26:30.0', '132457', '2010-05-21 07:26:30.0');
INSERT INTO phase_criteria (project_phase_id, phase_criteria_type_id, parameter, create_user, create_date, modify_user, modify_date)
VALUES ('782', '5', 'No', '132457', '2010-05-21 07:26:30.0', '132457', '2010-05-21 07:26:30.0');
INSERT INTO phase_criteria (project_phase_id, phase_criteria_type_id, parameter, create_user, create_date, modify_user, modify_date)
VALUES ('783', '5', 'No', '132457', '2010-05-21 07:26:30.0', '132457', '2010-05-21 07:26:30.0');
INSERT INTO phase_criteria (project_phase_id, phase_criteria_type_id, parameter, create_user, create_date, modify_user, modify_date)
VALUES ('783', '1', '30000410', '132457', '2010-05-21 07:26:30.0', '132457', '2010-05-21 07:26:30.0');
INSERT INTO phase_criteria (project_phase_id, phase_criteria_type_id, parameter, create_user, create_date, modify_user, modify_date)
VALUES ('784', '5', 'No', '132457', '2010-05-21 07:26:30.0', '132457', '2010-05-21 07:26:30.0');
INSERT INTO phase_criteria (project_phase_id, phase_criteria_type_id, parameter, create_user, create_date, modify_user, modify_date)
VALUES ('784', '1', '30000411', '132457', '2010-05-21 07:26:30.0', '132457', '2010-05-21 07:26:30.0');
INSERT INTO phase_criteria (project_phase_id, phase_criteria_type_id, parameter, create_user, create_date, modify_user, modify_date)
VALUES ('784', '6', '3', '132457', '2010-05-21 07:26:30.0', '132457', '2010-05-21 07:26:30.0');
INSERT INTO phase_criteria (project_phase_id, phase_criteria_type_id, parameter, create_user, create_date, modify_user, modify_date)
VALUES ('785', '5', 'No', '132457', '2010-05-21 07:26:30.0', '132457', '2010-05-21 07:26:30.0');
INSERT INTO phase_criteria (project_phase_id, phase_criteria_type_id, parameter, create_user, create_date, modify_user, modify_date)
VALUES ('785', '4', 'No', '132457', '2010-05-21 07:26:30.0', '132457', '2010-05-21 07:26:30.0');
INSERT INTO phase_criteria (project_phase_id, phase_criteria_type_id, parameter, create_user, create_date, modify_user, modify_date)
VALUES ('786', '5', 'No', '132457', '2010-05-21 07:26:30.0', '132457', '2010-05-21 07:26:30.0');
INSERT INTO phase_criteria (project_phase_id, phase_criteria_type_id, parameter, create_user, create_date, modify_user, modify_date)
VALUES ('787', '5', 'No', '132457', '2010-05-21 07:26:30.0', '132457', '2010-05-21 07:26:30.0');
INSERT INTO phase_criteria (project_phase_id, phase_criteria_type_id, parameter, create_user, create_date, modify_user, modify_date)
VALUES ('788', '5', 'No', '132457', '2010-05-21 07:26:30.0', '132457', '2010-05-21 07:26:30.0');
INSERT INTO phase_criteria (project_phase_id, phase_criteria_type_id, parameter, create_user, create_date, modify_user, modify_date)
VALUES ('789', '5', 'No', '132457', '2010-05-21 07:26:30.0', '132457', '2010-05-21 07:26:30.0');
INSERT INTO phase_criteria (project_phase_id, phase_criteria_type_id, parameter, create_user, create_date, modify_user, modify_date)
VALUES ('790', '5', 'No', '132457', '2010-05-21 07:26:30.0', '132457', '2010-05-21 07:26:30.0');
--  Data for phase_dependency
INSERT INTO phase_dependency (dependency_phase_id, dependent_phase_id, dependency_start, dependent_start, lag_time, create_user, create_date, modify_user, modify_date)
VALUES ('781', '782', '1', '1', '0', '132457', '2010-05-21 07:26:30.0', '132457', '2010-05-21 07:26:30.0');
INSERT INTO phase_dependency (dependency_phase_id, dependent_phase_id, dependency_start, dependent_start, lag_time, create_user, create_date, modify_user, modify_date)
VALUES ('782', '783', '0', '1', '0', '132457', '2010-05-21 07:26:30.0', '132457', '2010-05-21 07:26:30.0');
INSERT INTO phase_dependency (dependency_phase_id, dependent_phase_id, dependency_start, dependent_start, lag_time, create_user, create_date, modify_user, modify_date)
VALUES ('783', '784', '0', '1', '0', '132457', '2010-05-21 07:26:30.0', '132457', '2010-05-21 07:26:30.0');
INSERT INTO phase_dependency (dependency_phase_id, dependent_phase_id, dependency_start, dependent_start, lag_time, create_user, create_date, modify_user, modify_date)
VALUES ('784', '785', '0', '1', '0', '132457', '2010-05-21 07:26:30.0', '132457', '2010-05-21 07:26:30.0');
INSERT INTO phase_dependency (dependency_phase_id, dependent_phase_id, dependency_start, dependent_start, lag_time, create_user, create_date, modify_user, modify_date)
VALUES ('785', '786', '0', '1', '0', '132457', '2010-05-21 07:26:30.0', '132457', '2010-05-21 07:26:30.0');
INSERT INTO phase_dependency (dependency_phase_id, dependent_phase_id, dependency_start, dependent_start, lag_time, create_user, create_date, modify_user, modify_date)
VALUES ('786', '787', '0', '1', '0', '132457', '2010-05-21 07:26:30.0', '132457', '2010-05-21 07:26:30.0');
INSERT INTO phase_dependency (dependency_phase_id, dependent_phase_id, dependency_start, dependent_start, lag_time, create_user, create_date, modify_user, modify_date)
VALUES ('787', '788', '0', '1', '0', '132457', '2010-05-21 07:26:30.0', '132457', '2010-05-21 07:26:30.0');
INSERT INTO phase_dependency (dependency_phase_id, dependent_phase_id, dependency_start, dependent_start, lag_time, create_user, create_date, modify_user, modify_date)
VALUES ('788', '789', '0', '1', '0', '132457', '2010-05-21 07:26:30.0', '132457', '2010-05-21 07:26:30.0');
INSERT INTO phase_dependency (dependency_phase_id, dependent_phase_id, dependency_start, dependent_start, lag_time, create_user, create_date, modify_user, modify_date)
VALUES ('789', '790', '0', '1', '0', '132457', '2010-05-21 07:26:30.0', '132457', '2010-05-21 07:26:30.0');
--  Data for resource
INSERT INTO resource (resource_id, resource_role_id, project_id, project_phase_id, create_user, create_date, modify_user, modify_date)
VALUES ('781', '13', '781', NULL, '132457', '2010-05-21 07:26:30.0', '132457', '2010-05-21 07:26:30.0');
--  Data for resource_info
INSERT INTO resource_info (resource_id, resource_info_type_id, value, create_user, create_date, modify_user, modify_date)
VALUES ('781', '1', '132457', '132457', '2010-05-21 07:26:30.0', '132457', '2010-05-21 07:26:30.0');
INSERT INTO resource_info (resource_id, resource_info_type_id, value, create_user, create_date, modify_user, modify_date)
VALUES ('781', '2', 'super', '132457', '2010-05-21 07:26:30.0', '132457', '2010-05-21 07:26:30.0');
--  Data for user_role
INSERT INTO user_role (user_role_id, comp_vers_id, role_id, login_id, description)
VALUES ('1564', '1563', '1', '132457', '');
--  Data for word_search
INSERT INTO word_search (word_search_id, document_id, index_word, nbr_occurrences)
VALUES ('1567', '1561', 'ever                                                                                                ', '2');
INSERT INTO word_search (word_search_id, document_id, index_word, nbr_occurrences)
VALUES ('1568', '1561', 'component                                                                                           ', '4');
INSERT INTO word_search (word_search_id, document_id, index_word, nbr_occurrences)
VALUES ('1569', '1561', 'coolest                                                                                             ', '2');
INSERT INTO word_search (word_search_id, document_id, index_word, nbr_occurrences)
VALUES ('1570', '1561', 'development                                                    ', '2');
--  Data for word_search_ctgy
INSERT INTO word_search_ctgy (word_srch_ctgy_id, category_id, document_id)
VALUES ('1566', 'DDECATALOG                                        ', '1561');
--  Data for word_search_doc
INSERT INTO word_search_doc (document_id)
VALUES ('1561');
-- Data for project
INSERT INTO project (project_id, project_status_id, project_category_id, create_user, create_date, modify_user, modify_date)
VALUES ('791', '2', '2', '132456', '2010-05-21 07:26:30.0', '132456', '2010-05-21 07:26:30.0');
--  Data for project_info
INSERT INTO project_info (project_id, project_info_type_id, value, create_user, create_date, modify_user, modify_date)
VALUES ('791', '1', '1583', '132456', '2010-05-21 07:26:30.0', '132456', '2010-05-21 07:26:30.0');
INSERT INTO project_info (project_id, project_info_type_id, value, create_user, create_date, modify_user, modify_date)
VALUES ('791', '2', '1581', '132456', '2010-05-21 07:26:30.0', '132456', '2010-05-21 07:26:30.0');
INSERT INTO project_info (project_id, project_info_type_id, value, create_user, create_date, modify_user, modify_date)
VALUES ('791', '3', '1', '132456', '2010-05-21 07:26:30.0', '132456', '2010-05-21 07:26:30.0');
INSERT INTO project_info (project_id, project_info_type_id, value, create_user, create_date, modify_user, modify_date)
VALUES ('791', '4', '0', '132456', '2010-05-21 07:26:30.0', '132456', '2010-05-21 07:26:30.0');
INSERT INTO project_info (project_id, project_info_type_id, value, create_user, create_date, modify_user, modify_date)
VALUES ('791', '5', '5801776', '132456', '2010-05-21 07:26:30.0', '132456', '2010-05-21 07:26:30.0');
INSERT INTO project_info (project_id, project_info_type_id, value, create_user, create_date, modify_user, modify_date)
VALUES ('791', '6', 'Component 80', '132456', '2010-05-21 07:26:30.0', '132456', '2010-05-21 07:26:30.0');
INSERT INTO project_info (project_id, project_info_type_id, value, create_user, create_date, modify_user, modify_date)
VALUES ('791', '7', '1.0                 ', '132456', '2010-05-21 07:26:30.0', '132456', '2010-05-21 07:26:30.0');
INSERT INTO project_info (project_id, project_info_type_id, value, create_user, create_date, modify_user, modify_date)
VALUES ('791', '9', 'Off', '132456', '2010-05-21 07:26:30.0', '132456', '2010-05-21 07:26:30.0');
INSERT INTO project_info (project_id, project_info_type_id, value, create_user, create_date, modify_user, modify_date)
VALUES ('791', '10', 'On', '132456', '2010-05-21 07:26:30.0', '132456', '2010-05-21 07:26:30.0');
INSERT INTO project_info (project_id, project_info_type_id, value, create_user, create_date, modify_user, modify_date)
VALUES ('791', '11', 'On', '132456', '2010-05-21 07:26:30.0', '132456', '2010-05-21 07:26:30.0');
INSERT INTO project_info (project_id, project_info_type_id, value, create_user, create_date, modify_user, modify_date)
VALUES ('791', '12', 'Yes', '132456', '2010-05-21 07:26:30.0', '132456', '2010-05-21 07:26:30.0');
INSERT INTO project_info (project_id, project_info_type_id, value, create_user, create_date, modify_user, modify_date)
VALUES ('791', '13', 'Yes', '132456', '2010-05-21 07:26:30.0', '132456', '2010-05-21 07:26:30.0');
INSERT INTO project_info (project_id, project_info_type_id, value, create_user, create_date, modify_user, modify_date)
VALUES ('791', '14', 'Open', '132456', '2010-05-21 07:26:30.0', '132456', '2010-05-21 07:26:30.0');
INSERT INTO project_info (project_id, project_info_type_id, value, create_user, create_date, modify_user, modify_date)
VALUES ('791', '16', '0.0', '132456', '2010-05-21 07:26:30.0', '132456', '2010-05-21 07:26:30.0');
INSERT INTO project_info (project_id, project_info_type_id, value, create_user, create_date, modify_user, modify_date)
VALUES ('791', '26', 'On', '132456', '2010-05-21 07:26:30.0', '132456', '2010-05-21 07:26:30.0');
INSERT INTO project_info (project_id, project_info_type_id, value, create_user, create_date, modify_user, modify_date)
VALUES ('791', '29', 'On', '132456', '2010-05-21 07:26:30.0', '132456', '2010-05-21 07:26:30.0');
INSERT INTO project_info (project_id, project_info_type_id, value, create_user, create_date, modify_user, modify_date)
VALUES ('791', '41', 'true', '132456', '2010-05-21 07:26:30.0', '132456', '2010-05-21 07:26:30.0');
INSERT INTO project_info (project_id, project_info_type_id, value, create_user, create_date, modify_user, modify_date)
VALUES ('791', '43', 'true', '132456', '2010-05-21 07:26:30.0', '132456', '2010-05-21 07:26:30.0');
--  Data for project_phase
INSERT INTO project_phase (project_phase_id, project_id, phase_type_id, phase_status_id, fixed_start_time, scheduled_start_time, scheduled_end_time, actual_start_time, actual_end_time, duration, create_user, create_date, modify_user, modify_date)
VALUES ('791', '791', '1', '1', '2010-05-27 09:00:00.0', '2010-05-27 09:00:00.0', '2010-06-01 09:00:00.0', NULL, NULL, '259200000', '132456', '2010-05-21 07:26:30.0', '132456', '2010-05-21 07:26:30.0');
INSERT INTO project_phase (project_phase_id, project_id, phase_type_id, phase_status_id, fixed_start_time, scheduled_start_time, scheduled_end_time, actual_start_time, actual_end_time, duration, create_user, create_date, modify_user, modify_date)
VALUES ('792', '791', '2', '1', '2010-05-27 09:00:00.0', '2010-05-27 09:00:00.0', '2010-06-07 09:00:00.0', NULL, NULL, '604800000', '132456', '2010-05-21 07:26:30.0', '132456', '2010-05-21 07:26:30.0');
INSERT INTO project_phase (project_phase_id, project_id, phase_type_id, phase_status_id, fixed_start_time, scheduled_start_time, scheduled_end_time, actual_start_time, actual_end_time, duration, create_user, create_date, modify_user, modify_date)
VALUES ('793', '791', '3', '1', '2010-06-07 09:00:00.0', '2010-06-07 09:00:00.0', '2010-06-08 09:00:00.0', NULL, NULL, '86400000', '132456', '2010-05-21 07:26:30.0', '132456', '2010-05-21 07:26:30.0');
INSERT INTO project_phase (project_phase_id, project_id, phase_type_id, phase_status_id, fixed_start_time, scheduled_start_time, scheduled_end_time, actual_start_time, actual_end_time, duration, create_user, create_date, modify_user, modify_date)
VALUES ('794', '791', '4', '1', '2010-06-08 09:00:00.0', '2010-06-08 09:00:00.0', '2010-06-14 09:00:00.0', NULL, NULL, '345600000', '132456', '2010-05-21 07:26:30.0', '132456', '2010-05-21 07:26:30.0');
INSERT INTO project_phase (project_phase_id, project_id, phase_type_id, phase_status_id, fixed_start_time, scheduled_start_time, scheduled_end_time, actual_start_time, actual_end_time, duration, create_user, create_date, modify_user, modify_date)
VALUES ('795', '791', '5', '1', '2010-06-14 09:00:00.0', '2010-06-14 09:00:00.0', '2010-06-15 09:00:00.0', NULL, NULL, '86400000', '132456', '2010-05-21 07:26:30.0', '132456', '2010-05-21 07:26:30.0');
INSERT INTO project_phase (project_phase_id, project_id, phase_type_id, phase_status_id, fixed_start_time, scheduled_start_time, scheduled_end_time, actual_start_time, actual_end_time, duration, create_user, create_date, modify_user, modify_date)
VALUES ('796', '791', '6', '1', '2010-06-15 09:00:00.0', '2010-06-15 09:00:00.0', '2010-06-16 09:00:00.0', NULL, NULL, '86400000', '132456', '2010-05-21 07:26:30.0', '132456', '2010-05-21 07:26:30.0');
INSERT INTO project_phase (project_phase_id, project_id, phase_type_id, phase_status_id, fixed_start_time, scheduled_start_time, scheduled_end_time, actual_start_time, actual_end_time, duration, create_user, create_date, modify_user, modify_date)
VALUES ('797', '791', '7', '1', '2010-06-16 09:00:00.0', '2010-06-16 09:00:00.0', '2010-06-16 21:00:00.0', NULL, NULL, '43200000', '132456', '2010-05-21 07:26:30.0', '132456', '2010-05-21 07:26:30.0');
INSERT INTO project_phase (project_phase_id, project_id, phase_type_id, phase_status_id, fixed_start_time, scheduled_start_time, scheduled_end_time, actual_start_time, actual_end_time, duration, create_user, create_date, modify_user, modify_date)
VALUES ('798', '791', '8', '1', '2010-06-16 21:00:00.0', '2010-06-16 21:00:00.0', '2010-06-17 09:00:00.0', NULL, NULL, '43200000', '132456', '2010-05-21 07:26:30.0', '132456', '2010-05-21 07:26:30.0');
INSERT INTO project_phase (project_phase_id, project_id, phase_type_id, phase_status_id, fixed_start_time, scheduled_start_time, scheduled_end_time, actual_start_time, actual_end_time, duration, create_user, create_date, modify_user, modify_date)
VALUES ('799', '791', '9', '1', '2010-06-17 09:00:00.0', '2010-06-17 09:00:00.0', '2010-06-22 09:00:00.0', NULL, NULL, '259200000', '132456', '2010-05-21 07:26:30.0', '132456', '2010-05-21 07:26:30.0');
INSERT INTO project_phase (project_phase_id, project_id, phase_type_id, phase_status_id, fixed_start_time, scheduled_start_time, scheduled_end_time, actual_start_time, actual_end_time, duration, create_user, create_date, modify_user, modify_date)
VALUES ('800', '791', '10', '1', '2010-06-22 09:00:00.0', '2010-06-22 09:00:00.0', '2010-06-23 09:00:00.0', NULL, NULL, '86400000', '132456', '2010-05-21 07:26:30.0', '132456', '2010-05-21 07:26:30.0');
--  Data for comp_catalog
INSERT INTO comp_catalog (component_id, current_version, short_desc, component_name, description, function_desc, create_time, status_id, root_category_id, modify_date, public_ind)
VALUES ('1581', '1', 'Coolest component ever', 'Component 80', 'Coolest component ever', 'Component', '2010-05-21 07:20:14.48', '102', '5801776', '2010-05-21 07:23:44.0', '0');
--  Data for comp_versions
INSERT INTO comp_versions (comp_vers_id, component_id, version, version_text, create_time, phase_id, phase_time, price, comments, modify_date,
                           suspended_ind)
VALUES ('1583', '1581', '1', '1.0                 ', '2010-05-21 07:20:14.48', '112', '1976-05-04 00:00:00.0', '1000.00', 'Cool', '2010-05-21 07:27:01.0', '0');
--  Data for comp_categories
INSERT INTO comp_categories (comp_categories_id, component_id, category_id)
VALUES ('1585', '1581', '11');
--  Data for comp_keywords
INSERT INTO comp_keywords (comp_keywords_id, component_id, keyword)
VALUES ('1591', '1581', 'development');
--  Data for comp_technology
INSERT INTO comp_technology (comp_tech_id, comp_vers_id, technology_type_id)
VALUES ('1592', '1583', '1');
--  Data for comp_documentation
INSERT INTO comp_documentation (document_id, comp_vers_id, document_type_id, document_name, url)
VALUES ('1593', '1583', '0', 'Requirements Specification', '1581/1583/MQTTBroker_Requirements_Specification.pdf');
--  Data for comp_jive_category_xref
INSERT INTO comp_jive_category_xref (comp_vers_id, jive_category_id)
VALUES ('1583', '0');
--  Data for comp_version_dates
INSERT INTO comp_version_dates (comp_version_dates_id, comp_vers_id, phase_id, posting_date, initial_submission_date, winner_announced_date, final_submission_date,
                                estimated_dev_date, price, total_submissions, status_id, create_time, level_id, screening_complete_date, review_complete_date,
                                aggregation_complete_date, phase_complete_date, production_date, aggregation_complete_date_comment, phase_complete_date_comment,
                                review_complete_date_comment, winner_announced_date_comment, initial_submission_date_comment, screening_complete_date_comment,
                                final_submission_date_comment, production_date_comment, modify_date)
VALUES ('1594', '1583', '112', '1976-05-05', '2000-01-01', '2000-01-01', 
        '2000-01-01', '2000-01-01', NULL, '0', '301', '2010-05-21 07:27:01.0', '100', '2000-01-01',
        '2000-01-01', '2000-01-01', '2000-01-01', '2010-12-01', 
        NULL, NULL, NULL, NULL, NULL, NULL, NULL, '', '2010-05-21 07:27:01.0');
--  Data for phase_criteria
INSERT INTO phase_criteria (project_phase_id, phase_criteria_type_id, parameter, create_user, create_date, modify_user, modify_date)
VALUES ('791', '2', '0', '132456', '2010-05-21 07:26:30.0', '132456', '2010-05-21 07:26:30.0');
INSERT INTO phase_criteria (project_phase_id, phase_criteria_type_id, parameter, create_user, create_date, modify_user, modify_date)
VALUES ('791', '5', 'No', '132456', '2010-05-21 07:26:30.0', '132456', '2010-05-21 07:26:30.0');
INSERT INTO phase_criteria (project_phase_id, phase_criteria_type_id, parameter, create_user, create_date, modify_user, modify_date)
VALUES ('792', '3', '0', '132456', '2010-05-21 07:26:30.0', '132456', '2010-05-21 07:26:30.0');
INSERT INTO phase_criteria (project_phase_id, phase_criteria_type_id, parameter, create_user, create_date, modify_user, modify_date)
VALUES ('792', '5', 'No', '132456', '2010-05-21 07:26:30.0', '132456', '2010-05-21 07:26:30.0');
INSERT INTO phase_criteria (project_phase_id, phase_criteria_type_id, parameter, create_user, create_date, modify_user, modify_date)
VALUES ('793', '5', 'No', '132456', '2010-05-21 07:26:30.0', '132456', '2010-05-21 07:26:30.0');
INSERT INTO phase_criteria (project_phase_id, phase_criteria_type_id, parameter, create_user, create_date, modify_user, modify_date)
VALUES ('793', '1', '30000410', '132456', '2010-05-21 07:26:30.0', '132456', '2010-05-21 07:26:30.0');
INSERT INTO phase_criteria (project_phase_id, phase_criteria_type_id, parameter, create_user, create_date, modify_user, modify_date)
VALUES ('794', '5', 'No', '132456', '2010-05-21 07:26:30.0', '132456', '2010-05-21 07:26:30.0');
INSERT INTO phase_criteria (project_phase_id, phase_criteria_type_id, parameter, create_user, create_date, modify_user, modify_date)
VALUES ('794', '1', '30000411', '132456', '2010-05-21 07:26:30.0', '132456', '2010-05-21 07:26:30.0');
INSERT INTO phase_criteria (project_phase_id, phase_criteria_type_id, parameter, create_user, create_date, modify_user, modify_date)
VALUES ('794', '6', '3', '132456', '2010-05-21 07:26:30.0', '132456', '2010-05-21 07:26:30.0');
INSERT INTO phase_criteria (project_phase_id, phase_criteria_type_id, parameter, create_user, create_date, modify_user, modify_date)
VALUES ('795', '5', 'No', '132456', '2010-05-21 07:26:30.0', '132456', '2010-05-21 07:26:30.0');
INSERT INTO phase_criteria (project_phase_id, phase_criteria_type_id, parameter, create_user, create_date, modify_user, modify_date)
VALUES ('795', '4', 'No', '132456', '2010-05-21 07:26:30.0', '132456', '2010-05-21 07:26:30.0');
INSERT INTO phase_criteria (project_phase_id, phase_criteria_type_id, parameter, create_user, create_date, modify_user, modify_date)
VALUES ('796', '5', 'No', '132456', '2010-05-21 07:26:30.0', '132456', '2010-05-21 07:26:30.0');
INSERT INTO phase_criteria (project_phase_id, phase_criteria_type_id, parameter, create_user, create_date, modify_user, modify_date)
VALUES ('797', '5', 'No', '132456', '2010-05-21 07:26:30.0', '132456', '2010-05-21 07:26:30.0');
INSERT INTO phase_criteria (project_phase_id, phase_criteria_type_id, parameter, create_user, create_date, modify_user, modify_date)
VALUES ('798', '5', 'No', '132456', '2010-05-21 07:26:30.0', '132456', '2010-05-21 07:26:30.0');
INSERT INTO phase_criteria (project_phase_id, phase_criteria_type_id, parameter, create_user, create_date, modify_user, modify_date)
VALUES ('799', '5', 'No', '132456', '2010-05-21 07:26:30.0', '132456', '2010-05-21 07:26:30.0');
INSERT INTO phase_criteria (project_phase_id, phase_criteria_type_id, parameter, create_user, create_date, modify_user, modify_date)
VALUES ('800', '5', 'No', '132456', '2010-05-21 07:26:30.0', '132456', '2010-05-21 07:26:30.0');
--  Data for phase_dependency
INSERT INTO phase_dependency (dependency_phase_id, dependent_phase_id, dependency_start, dependent_start, lag_time, create_user, create_date, modify_user, modify_date)
VALUES ('791', '792', '1', '1', '0', '132456', '2010-05-21 07:26:30.0', '132456', '2010-05-21 07:26:30.0');
INSERT INTO phase_dependency (dependency_phase_id, dependent_phase_id, dependency_start, dependent_start, lag_time, create_user, create_date, modify_user, modify_date)
VALUES ('792', '793', '0', '1', '0', '132456', '2010-05-21 07:26:30.0', '132456', '2010-05-21 07:26:30.0');
INSERT INTO phase_dependency (dependency_phase_id, dependent_phase_id, dependency_start, dependent_start, lag_time, create_user, create_date, modify_user, modify_date)
VALUES ('793', '794', '0', '1', '0', '132456', '2010-05-21 07:26:30.0', '132456', '2010-05-21 07:26:30.0');
INSERT INTO phase_dependency (dependency_phase_id, dependent_phase_id, dependency_start, dependent_start, lag_time, create_user, create_date, modify_user, modify_date)
VALUES ('794', '795', '0', '1', '0', '132456', '2010-05-21 07:26:30.0', '132456', '2010-05-21 07:26:30.0');
INSERT INTO phase_dependency (dependency_phase_id, dependent_phase_id, dependency_start, dependent_start, lag_time, create_user, create_date, modify_user, modify_date)
VALUES ('795', '796', '0', '1', '0', '132456', '2010-05-21 07:26:30.0', '132456', '2010-05-21 07:26:30.0');
INSERT INTO phase_dependency (dependency_phase_id, dependent_phase_id, dependency_start, dependent_start, lag_time, create_user, create_date, modify_user, modify_date)
VALUES ('796', '797', '0', '1', '0', '132456', '2010-05-21 07:26:30.0', '132456', '2010-05-21 07:26:30.0');
INSERT INTO phase_dependency (dependency_phase_id, dependent_phase_id, dependency_start, dependent_start, lag_time, create_user, create_date, modify_user, modify_date)
VALUES ('797', '798', '0', '1', '0', '132456', '2010-05-21 07:26:30.0', '132456', '2010-05-21 07:26:30.0');
INSERT INTO phase_dependency (dependency_phase_id, dependent_phase_id, dependency_start, dependent_start, lag_time, create_user, create_date, modify_user, modify_date)
VALUES ('798', '799', '0', '1', '0', '132456', '2010-05-21 07:26:30.0', '132456', '2010-05-21 07:26:30.0');
INSERT INTO phase_dependency (dependency_phase_id, dependent_phase_id, dependency_start, dependent_start, lag_time, create_user, create_date, modify_user, modify_date)
VALUES ('799', '800', '0', '1', '0', '132456', '2010-05-21 07:26:30.0', '132456', '2010-05-21 07:26:30.0');
--  Data for resource
INSERT INTO resource (resource_id, resource_role_id, project_id, project_phase_id, create_user, create_date, modify_user, modify_date)
VALUES ('791', '13', '791', NULL, '132456', '2010-05-21 07:26:30.0', '132456', '2010-05-21 07:26:30.0');
--  Data for resource_info
INSERT INTO resource_info (resource_id, resource_info_type_id, value, create_user, create_date, modify_user, modify_date)
VALUES ('791', '1', '132456', '132456', '2010-05-21 07:26:30.0', '132456', '2010-05-21 07:26:30.0');
INSERT INTO resource_info (resource_id, resource_info_type_id, value, create_user, create_date, modify_user, modify_date)
VALUES ('791', '2', 'heffan', '132456', '2010-05-21 07:26:30.0', '132456', '2010-05-21 07:26:30.0');
--  Data for user_role
INSERT INTO user_role (user_role_id, comp_vers_id, role_id, login_id, description)
VALUES ('1584', '1583', '1', '132456', '');
--  Data for word_search
INSERT INTO word_search (word_search_id, document_id, index_word, nbr_occurrences)
VALUES ('1587', '1581', 'ever                                                                                                ', '2');
INSERT INTO word_search (word_search_id, document_id, index_word, nbr_occurrences)
VALUES ('1588', '1581', 'component                                                                                           ', '4');
INSERT INTO word_search (word_search_id, document_id, index_word, nbr_occurrences)
VALUES ('1589', '1581', 'coolest                                                                                             ', '2');
INSERT INTO word_search (word_search_id, document_id, index_word, nbr_occurrences)
VALUES ('1590', '1581', 'development                                                    ', '2');
--  Data for word_search_ctgy
INSERT INTO word_search_ctgy (word_srch_ctgy_id, category_id, document_id)
VALUES ('1586', 'DDECATALOG                                        ', '1581');
--  Data for word_search_doc
INSERT INTO word_search_doc (document_id)
VALUES ('1581');
-- Data for project
INSERT INTO project (project_id, project_status_id, project_category_id, create_user, create_date, modify_user, modify_date)
VALUES ('801', '2', '2', '132456', '2010-05-21 07:26:30.0', '132456', '2010-05-21 07:26:30.0');
--  Data for project_info
INSERT INTO project_info (project_id, project_info_type_id, value, create_user, create_date, modify_user, modify_date)
VALUES ('801', '1', '1603', '132456', '2010-05-21 07:26:30.0', '132456', '2010-05-21 07:26:30.0');
INSERT INTO project_info (project_id, project_info_type_id, value, create_user, create_date, modify_user, modify_date)
VALUES ('801', '2', '1601', '132456', '2010-05-21 07:26:30.0', '132456', '2010-05-21 07:26:30.0');
INSERT INTO project_info (project_id, project_info_type_id, value, create_user, create_date, modify_user, modify_date)
VALUES ('801', '3', '1', '132456', '2010-05-21 07:26:30.0', '132456', '2010-05-21 07:26:30.0');
INSERT INTO project_info (project_id, project_info_type_id, value, create_user, create_date, modify_user, modify_date)
VALUES ('801', '4', '0', '132456', '2010-05-21 07:26:30.0', '132456', '2010-05-21 07:26:30.0');
INSERT INTO project_info (project_id, project_info_type_id, value, create_user, create_date, modify_user, modify_date)
VALUES ('801', '5', '5801777', '132456', '2010-05-21 07:26:30.0', '132456', '2010-05-21 07:26:30.0');
INSERT INTO project_info (project_id, project_info_type_id, value, create_user, create_date, modify_user, modify_date)
VALUES ('801', '6', 'Component 81', '132456', '2010-05-21 07:26:30.0', '132456', '2010-05-21 07:26:30.0');
INSERT INTO project_info (project_id, project_info_type_id, value, create_user, create_date, modify_user, modify_date)
VALUES ('801', '7', '1.0                 ', '132456', '2010-05-21 07:26:30.0', '132456', '2010-05-21 07:26:30.0');
INSERT INTO project_info (project_id, project_info_type_id, value, create_user, create_date, modify_user, modify_date)
VALUES ('801', '9', 'Off', '132456', '2010-05-21 07:26:30.0', '132456', '2010-05-21 07:26:30.0');
INSERT INTO project_info (project_id, project_info_type_id, value, create_user, create_date, modify_user, modify_date)
VALUES ('801', '10', 'On', '132456', '2010-05-21 07:26:30.0', '132456', '2010-05-21 07:26:30.0');
INSERT INTO project_info (project_id, project_info_type_id, value, create_user, create_date, modify_user, modify_date)
VALUES ('801', '11', 'On', '132456', '2010-05-21 07:26:30.0', '132456', '2010-05-21 07:26:30.0');
INSERT INTO project_info (project_id, project_info_type_id, value, create_user, create_date, modify_user, modify_date)
VALUES ('801', '12', 'Yes', '132456', '2010-05-21 07:26:30.0', '132456', '2010-05-21 07:26:30.0');
INSERT INTO project_info (project_id, project_info_type_id, value, create_user, create_date, modify_user, modify_date)
VALUES ('801', '13', 'Yes', '132456', '2010-05-21 07:26:30.0', '132456', '2010-05-21 07:26:30.0');
INSERT INTO project_info (project_id, project_info_type_id, value, create_user, create_date, modify_user, modify_date)
VALUES ('801', '14', 'Open', '132456', '2010-05-21 07:26:30.0', '132456', '2010-05-21 07:26:30.0');
INSERT INTO project_info (project_id, project_info_type_id, value, create_user, create_date, modify_user, modify_date)
VALUES ('801', '16', '0.0', '132456', '2010-05-21 07:26:30.0', '132456', '2010-05-21 07:26:30.0');
INSERT INTO project_info (project_id, project_info_type_id, value, create_user, create_date, modify_user, modify_date)
VALUES ('801', '26', 'On', '132456', '2010-05-21 07:26:30.0', '132456', '2010-05-21 07:26:30.0');
INSERT INTO project_info (project_id, project_info_type_id, value, create_user, create_date, modify_user, modify_date)
VALUES ('801', '29', 'On', '132456', '2010-05-21 07:26:30.0', '132456', '2010-05-21 07:26:30.0');
INSERT INTO project_info (project_id, project_info_type_id, value, create_user, create_date, modify_user, modify_date)
VALUES ('801', '41', 'true', '132456', '2010-05-21 07:26:30.0', '132456', '2010-05-21 07:26:30.0');
INSERT INTO project_info (project_id, project_info_type_id, value, create_user, create_date, modify_user, modify_date)
VALUES ('801', '43', 'true', '132456', '2010-05-21 07:26:30.0', '132456', '2010-05-21 07:26:30.0');
--  Data for project_phase
INSERT INTO project_phase (project_phase_id, project_id, phase_type_id, phase_status_id, fixed_start_time, scheduled_start_time, scheduled_end_time, actual_start_time, actual_end_time, duration, create_user, create_date, modify_user, modify_date)
VALUES ('801', '801', '1', '1', '2010-05-27 09:00:00.0', '2010-05-27 09:00:00.0', '2010-06-01 09:00:00.0', NULL, NULL, '259200000', '132456', '2010-05-21 07:26:30.0', '132456', '2010-05-21 07:26:30.0');
INSERT INTO project_phase (project_phase_id, project_id, phase_type_id, phase_status_id, fixed_start_time, scheduled_start_time, scheduled_end_time, actual_start_time, actual_end_time, duration, create_user, create_date, modify_user, modify_date)
VALUES ('802', '801', '2', '1', '2010-05-27 09:00:00.0', '2010-05-27 09:00:00.0', '2010-06-07 09:00:00.0', NULL, NULL, '604800000', '132456', '2010-05-21 07:26:30.0', '132456', '2010-05-21 07:26:30.0');
INSERT INTO project_phase (project_phase_id, project_id, phase_type_id, phase_status_id, fixed_start_time, scheduled_start_time, scheduled_end_time, actual_start_time, actual_end_time, duration, create_user, create_date, modify_user, modify_date)
VALUES ('803', '801', '3', '1', '2010-06-07 09:00:00.0', '2010-06-07 09:00:00.0', '2010-06-08 09:00:00.0', NULL, NULL, '86400000', '132456', '2010-05-21 07:26:30.0', '132456', '2010-05-21 07:26:30.0');
INSERT INTO project_phase (project_phase_id, project_id, phase_type_id, phase_status_id, fixed_start_time, scheduled_start_time, scheduled_end_time, actual_start_time, actual_end_time, duration, create_user, create_date, modify_user, modify_date)
VALUES ('804', '801', '4', '1', '2010-06-08 09:00:00.0', '2010-06-08 09:00:00.0', '2010-06-14 09:00:00.0', NULL, NULL, '345600000', '132456', '2010-05-21 07:26:30.0', '132456', '2010-05-21 07:26:30.0');
INSERT INTO project_phase (project_phase_id, project_id, phase_type_id, phase_status_id, fixed_start_time, scheduled_start_time, scheduled_end_time, actual_start_time, actual_end_time, duration, create_user, create_date, modify_user, modify_date)
VALUES ('805', '801', '5', '1', '2010-06-14 09:00:00.0', '2010-06-14 09:00:00.0', '2010-06-15 09:00:00.0', NULL, NULL, '86400000', '132456', '2010-05-21 07:26:30.0', '132456', '2010-05-21 07:26:30.0');
INSERT INTO project_phase (project_phase_id, project_id, phase_type_id, phase_status_id, fixed_start_time, scheduled_start_time, scheduled_end_time, actual_start_time, actual_end_time, duration, create_user, create_date, modify_user, modify_date)
VALUES ('806', '801', '6', '1', '2010-06-15 09:00:00.0', '2010-06-15 09:00:00.0', '2010-06-16 09:00:00.0', NULL, NULL, '86400000', '132456', '2010-05-21 07:26:30.0', '132456', '2010-05-21 07:26:30.0');
INSERT INTO project_phase (project_phase_id, project_id, phase_type_id, phase_status_id, fixed_start_time, scheduled_start_time, scheduled_end_time, actual_start_time, actual_end_time, duration, create_user, create_date, modify_user, modify_date)
VALUES ('807', '801', '7', '1', '2010-06-16 09:00:00.0', '2010-06-16 09:00:00.0', '2010-06-16 21:00:00.0', NULL, NULL, '43200000', '132456', '2010-05-21 07:26:30.0', '132456', '2010-05-21 07:26:30.0');
INSERT INTO project_phase (project_phase_id, project_id, phase_type_id, phase_status_id, fixed_start_time, scheduled_start_time, scheduled_end_time, actual_start_time, actual_end_time, duration, create_user, create_date, modify_user, modify_date)
VALUES ('808', '801', '8', '1', '2010-06-16 21:00:00.0', '2010-06-16 21:00:00.0', '2010-06-17 09:00:00.0', NULL, NULL, '43200000', '132456', '2010-05-21 07:26:30.0', '132456', '2010-05-21 07:26:30.0');
INSERT INTO project_phase (project_phase_id, project_id, phase_type_id, phase_status_id, fixed_start_time, scheduled_start_time, scheduled_end_time, actual_start_time, actual_end_time, duration, create_user, create_date, modify_user, modify_date)
VALUES ('809', '801', '9', '1', '2010-06-17 09:00:00.0', '2010-06-17 09:00:00.0', '2010-06-22 09:00:00.0', NULL, NULL, '259200000', '132456', '2010-05-21 07:26:30.0', '132456', '2010-05-21 07:26:30.0');
INSERT INTO project_phase (project_phase_id, project_id, phase_type_id, phase_status_id, fixed_start_time, scheduled_start_time, scheduled_end_time, actual_start_time, actual_end_time, duration, create_user, create_date, modify_user, modify_date)
VALUES ('810', '801', '10', '1', '2010-06-22 09:00:00.0', '2010-06-22 09:00:00.0', '2010-06-23 09:00:00.0', NULL, NULL, '86400000', '132456', '2010-05-21 07:26:30.0', '132456', '2010-05-21 07:26:30.0');
--  Data for comp_catalog
INSERT INTO comp_catalog (component_id, current_version, short_desc, component_name, description, function_desc, create_time, status_id, root_category_id, modify_date, public_ind)
VALUES ('1601', '1', 'Coolest component ever', 'Component 81', 'Coolest component ever', 'Component', '2010-05-21 07:20:14.48', '102', '5801777', '2010-05-21 07:23:44.0', '0');
--  Data for comp_versions
INSERT INTO comp_versions (comp_vers_id, component_id, version, version_text, create_time, phase_id, phase_time, price, comments, modify_date,
                           suspended_ind)
VALUES ('1603', '1601', '1', '1.0                 ', '2010-05-21 07:20:14.48', '112', '1976-05-04 00:00:00.0', '1000.00', 'Cool', '2010-05-21 07:27:01.0', '0');
--  Data for comp_categories
INSERT INTO comp_categories (comp_categories_id, component_id, category_id)
VALUES ('1605', '1601', '11');
--  Data for comp_keywords
INSERT INTO comp_keywords (comp_keywords_id, component_id, keyword)
VALUES ('1611', '1601', 'development');
--  Data for comp_technology
INSERT INTO comp_technology (comp_tech_id, comp_vers_id, technology_type_id)
VALUES ('1612', '1603', '1');
--  Data for comp_documentation
INSERT INTO comp_documentation (document_id, comp_vers_id, document_type_id, document_name, url)
VALUES ('1613', '1603', '0', 'Requirements Specification', '1601/1603/MQTTBroker_Requirements_Specification.pdf');
--  Data for comp_jive_category_xref
INSERT INTO comp_jive_category_xref (comp_vers_id, jive_category_id)
VALUES ('1603', '0');
--  Data for comp_version_dates
INSERT INTO comp_version_dates (comp_version_dates_id, comp_vers_id, phase_id, posting_date, initial_submission_date, winner_announced_date, final_submission_date,
                                estimated_dev_date, price, total_submissions, status_id, create_time, level_id, screening_complete_date, review_complete_date,
                                aggregation_complete_date, phase_complete_date, production_date, aggregation_complete_date_comment, phase_complete_date_comment,
                                review_complete_date_comment, winner_announced_date_comment, initial_submission_date_comment, screening_complete_date_comment,
                                final_submission_date_comment, production_date_comment, modify_date)
VALUES ('1614', '1603', '112', '1976-05-05', '2000-01-01', '2000-01-01', 
        '2000-01-01', '2000-01-01', NULL, '0', '301', '2010-05-21 07:27:01.0', '100', '2000-01-01',
        '2000-01-01', '2000-01-01', '2000-01-01', '2010-12-01', 
        NULL, NULL, NULL, NULL, NULL, NULL, NULL, '', '2010-05-21 07:27:01.0');
--  Data for phase_criteria
INSERT INTO phase_criteria (project_phase_id, phase_criteria_type_id, parameter, create_user, create_date, modify_user, modify_date)
VALUES ('801', '2', '0', '132456', '2010-05-21 07:26:30.0', '132456', '2010-05-21 07:26:30.0');
INSERT INTO phase_criteria (project_phase_id, phase_criteria_type_id, parameter, create_user, create_date, modify_user, modify_date)
VALUES ('801', '5', 'No', '132456', '2010-05-21 07:26:30.0', '132456', '2010-05-21 07:26:30.0');
INSERT INTO phase_criteria (project_phase_id, phase_criteria_type_id, parameter, create_user, create_date, modify_user, modify_date)
VALUES ('802', '3', '0', '132456', '2010-05-21 07:26:30.0', '132456', '2010-05-21 07:26:30.0');
INSERT INTO phase_criteria (project_phase_id, phase_criteria_type_id, parameter, create_user, create_date, modify_user, modify_date)
VALUES ('802', '5', 'No', '132456', '2010-05-21 07:26:30.0', '132456', '2010-05-21 07:26:30.0');
INSERT INTO phase_criteria (project_phase_id, phase_criteria_type_id, parameter, create_user, create_date, modify_user, modify_date)
VALUES ('803', '5', 'No', '132456', '2010-05-21 07:26:30.0', '132456', '2010-05-21 07:26:30.0');
INSERT INTO phase_criteria (project_phase_id, phase_criteria_type_id, parameter, create_user, create_date, modify_user, modify_date)
VALUES ('803', '1', '30000410', '132456', '2010-05-21 07:26:30.0', '132456', '2010-05-21 07:26:30.0');
INSERT INTO phase_criteria (project_phase_id, phase_criteria_type_id, parameter, create_user, create_date, modify_user, modify_date)
VALUES ('804', '5', 'No', '132456', '2010-05-21 07:26:30.0', '132456', '2010-05-21 07:26:30.0');
INSERT INTO phase_criteria (project_phase_id, phase_criteria_type_id, parameter, create_user, create_date, modify_user, modify_date)
VALUES ('804', '1', '30000411', '132456', '2010-05-21 07:26:30.0', '132456', '2010-05-21 07:26:30.0');
INSERT INTO phase_criteria (project_phase_id, phase_criteria_type_id, parameter, create_user, create_date, modify_user, modify_date)
VALUES ('804', '6', '3', '132456', '2010-05-21 07:26:30.0', '132456', '2010-05-21 07:26:30.0');
INSERT INTO phase_criteria (project_phase_id, phase_criteria_type_id, parameter, create_user, create_date, modify_user, modify_date)
VALUES ('805', '5', 'No', '132456', '2010-05-21 07:26:30.0', '132456', '2010-05-21 07:26:30.0');
INSERT INTO phase_criteria (project_phase_id, phase_criteria_type_id, parameter, create_user, create_date, modify_user, modify_date)
VALUES ('805', '4', 'No', '132456', '2010-05-21 07:26:30.0', '132456', '2010-05-21 07:26:30.0');
INSERT INTO phase_criteria (project_phase_id, phase_criteria_type_id, parameter, create_user, create_date, modify_user, modify_date)
VALUES ('806', '5', 'No', '132456', '2010-05-21 07:26:30.0', '132456', '2010-05-21 07:26:30.0');
INSERT INTO phase_criteria (project_phase_id, phase_criteria_type_id, parameter, create_user, create_date, modify_user, modify_date)
VALUES ('807', '5', 'No', '132456', '2010-05-21 07:26:30.0', '132456', '2010-05-21 07:26:30.0');
INSERT INTO phase_criteria (project_phase_id, phase_criteria_type_id, parameter, create_user, create_date, modify_user, modify_date)
VALUES ('808', '5', 'No', '132456', '2010-05-21 07:26:30.0', '132456', '2010-05-21 07:26:30.0');
INSERT INTO phase_criteria (project_phase_id, phase_criteria_type_id, parameter, create_user, create_date, modify_user, modify_date)
VALUES ('809', '5', 'No', '132456', '2010-05-21 07:26:30.0', '132456', '2010-05-21 07:26:30.0');
INSERT INTO phase_criteria (project_phase_id, phase_criteria_type_id, parameter, create_user, create_date, modify_user, modify_date)
VALUES ('810', '5', 'No', '132456', '2010-05-21 07:26:30.0', '132456', '2010-05-21 07:26:30.0');
--  Data for phase_dependency
INSERT INTO phase_dependency (dependency_phase_id, dependent_phase_id, dependency_start, dependent_start, lag_time, create_user, create_date, modify_user, modify_date)
VALUES ('801', '802', '1', '1', '0', '132456', '2010-05-21 07:26:30.0', '132456', '2010-05-21 07:26:30.0');
INSERT INTO phase_dependency (dependency_phase_id, dependent_phase_id, dependency_start, dependent_start, lag_time, create_user, create_date, modify_user, modify_date)
VALUES ('802', '803', '0', '1', '0', '132456', '2010-05-21 07:26:30.0', '132456', '2010-05-21 07:26:30.0');
INSERT INTO phase_dependency (dependency_phase_id, dependent_phase_id, dependency_start, dependent_start, lag_time, create_user, create_date, modify_user, modify_date)
VALUES ('803', '804', '0', '1', '0', '132456', '2010-05-21 07:26:30.0', '132456', '2010-05-21 07:26:30.0');
INSERT INTO phase_dependency (dependency_phase_id, dependent_phase_id, dependency_start, dependent_start, lag_time, create_user, create_date, modify_user, modify_date)
VALUES ('804', '805', '0', '1', '0', '132456', '2010-05-21 07:26:30.0', '132456', '2010-05-21 07:26:30.0');
INSERT INTO phase_dependency (dependency_phase_id, dependent_phase_id, dependency_start, dependent_start, lag_time, create_user, create_date, modify_user, modify_date)
VALUES ('805', '806', '0', '1', '0', '132456', '2010-05-21 07:26:30.0', '132456', '2010-05-21 07:26:30.0');
INSERT INTO phase_dependency (dependency_phase_id, dependent_phase_id, dependency_start, dependent_start, lag_time, create_user, create_date, modify_user, modify_date)
VALUES ('806', '807', '0', '1', '0', '132456', '2010-05-21 07:26:30.0', '132456', '2010-05-21 07:26:30.0');
INSERT INTO phase_dependency (dependency_phase_id, dependent_phase_id, dependency_start, dependent_start, lag_time, create_user, create_date, modify_user, modify_date)
VALUES ('807', '808', '0', '1', '0', '132456', '2010-05-21 07:26:30.0', '132456', '2010-05-21 07:26:30.0');
INSERT INTO phase_dependency (dependency_phase_id, dependent_phase_id, dependency_start, dependent_start, lag_time, create_user, create_date, modify_user, modify_date)
VALUES ('808', '809', '0', '1', '0', '132456', '2010-05-21 07:26:30.0', '132456', '2010-05-21 07:26:30.0');
INSERT INTO phase_dependency (dependency_phase_id, dependent_phase_id, dependency_start, dependent_start, lag_time, create_user, create_date, modify_user, modify_date)
VALUES ('809', '810', '0', '1', '0', '132456', '2010-05-21 07:26:30.0', '132456', '2010-05-21 07:26:30.0');
--  Data for resource
INSERT INTO resource (resource_id, resource_role_id, project_id, project_phase_id, create_user, create_date, modify_user, modify_date)
VALUES ('801', '13', '801', NULL, '132456', '2010-05-21 07:26:30.0', '132456', '2010-05-21 07:26:30.0');
--  Data for resource_info
INSERT INTO resource_info (resource_id, resource_info_type_id, value, create_user, create_date, modify_user, modify_date)
VALUES ('801', '1', '132456', '132456', '2010-05-21 07:26:30.0', '132456', '2010-05-21 07:26:30.0');
INSERT INTO resource_info (resource_id, resource_info_type_id, value, create_user, create_date, modify_user, modify_date)
VALUES ('801', '2', 'heffan', '132456', '2010-05-21 07:26:30.0', '132456', '2010-05-21 07:26:30.0');
--  Data for user_role
INSERT INTO user_role (user_role_id, comp_vers_id, role_id, login_id, description)
VALUES ('1604', '1603', '1', '132456', '');
--  Data for word_search
INSERT INTO word_search (word_search_id, document_id, index_word, nbr_occurrences)
VALUES ('1607', '1601', 'ever                                                                                                ', '2');
INSERT INTO word_search (word_search_id, document_id, index_word, nbr_occurrences)
VALUES ('1608', '1601', 'component                                                                                           ', '4');
INSERT INTO word_search (word_search_id, document_id, index_word, nbr_occurrences)
VALUES ('1609', '1601', 'coolest                                                                                             ', '2');
INSERT INTO word_search (word_search_id, document_id, index_word, nbr_occurrences)
VALUES ('1610', '1601', 'development                                                    ', '2');
--  Data for word_search_ctgy
INSERT INTO word_search_ctgy (word_srch_ctgy_id, category_id, document_id)
VALUES ('1606', 'DDECATALOG                                        ', '1601');
--  Data for word_search_doc
INSERT INTO word_search_doc (document_id)
VALUES ('1601');
-- Data for project
INSERT INTO project (project_id, project_status_id, project_category_id, create_user, create_date, modify_user, modify_date)
VALUES ('811', '2', '2', '132458', '2010-05-21 07:26:30.0', '132458', '2010-05-21 07:26:30.0');
--  Data for project_info
INSERT INTO project_info (project_id, project_info_type_id, value, create_user, create_date, modify_user, modify_date)
VALUES ('811', '1', '1623', '132458', '2010-05-21 07:26:30.0', '132458', '2010-05-21 07:26:30.0');
INSERT INTO project_info (project_id, project_info_type_id, value, create_user, create_date, modify_user, modify_date)
VALUES ('811', '2', '1621', '132458', '2010-05-21 07:26:30.0', '132458', '2010-05-21 07:26:30.0');
INSERT INTO project_info (project_id, project_info_type_id, value, create_user, create_date, modify_user, modify_date)
VALUES ('811', '3', '1', '132458', '2010-05-21 07:26:30.0', '132458', '2010-05-21 07:26:30.0');
INSERT INTO project_info (project_id, project_info_type_id, value, create_user, create_date, modify_user, modify_date)
VALUES ('811', '4', '0', '132458', '2010-05-21 07:26:30.0', '132458', '2010-05-21 07:26:30.0');
INSERT INTO project_info (project_id, project_info_type_id, value, create_user, create_date, modify_user, modify_date)
VALUES ('811', '5', '5801778', '132458', '2010-05-21 07:26:30.0', '132458', '2010-05-21 07:26:30.0');
INSERT INTO project_info (project_id, project_info_type_id, value, create_user, create_date, modify_user, modify_date)
VALUES ('811', '6', 'Component 82', '132458', '2010-05-21 07:26:30.0', '132458', '2010-05-21 07:26:30.0');
INSERT INTO project_info (project_id, project_info_type_id, value, create_user, create_date, modify_user, modify_date)
VALUES ('811', '7', '1.0                 ', '132458', '2010-05-21 07:26:30.0', '132458', '2010-05-21 07:26:30.0');
INSERT INTO project_info (project_id, project_info_type_id, value, create_user, create_date, modify_user, modify_date)
VALUES ('811', '9', 'Off', '132458', '2010-05-21 07:26:30.0', '132458', '2010-05-21 07:26:30.0');
INSERT INTO project_info (project_id, project_info_type_id, value, create_user, create_date, modify_user, modify_date)
VALUES ('811', '10', 'On', '132458', '2010-05-21 07:26:30.0', '132458', '2010-05-21 07:26:30.0');
INSERT INTO project_info (project_id, project_info_type_id, value, create_user, create_date, modify_user, modify_date)
VALUES ('811', '11', 'On', '132458', '2010-05-21 07:26:30.0', '132458', '2010-05-21 07:26:30.0');
INSERT INTO project_info (project_id, project_info_type_id, value, create_user, create_date, modify_user, modify_date)
VALUES ('811', '12', 'Yes', '132458', '2010-05-21 07:26:30.0', '132458', '2010-05-21 07:26:30.0');
INSERT INTO project_info (project_id, project_info_type_id, value, create_user, create_date, modify_user, modify_date)
VALUES ('811', '13', 'Yes', '132458', '2010-05-21 07:26:30.0', '132458', '2010-05-21 07:26:30.0');
INSERT INTO project_info (project_id, project_info_type_id, value, create_user, create_date, modify_user, modify_date)
VALUES ('811', '14', 'Open', '132458', '2010-05-21 07:26:30.0', '132458', '2010-05-21 07:26:30.0');
INSERT INTO project_info (project_id, project_info_type_id, value, create_user, create_date, modify_user, modify_date)
VALUES ('811', '16', '0.0', '132458', '2010-05-21 07:26:30.0', '132458', '2010-05-21 07:26:30.0');
INSERT INTO project_info (project_id, project_info_type_id, value, create_user, create_date, modify_user, modify_date)
VALUES ('811', '26', 'On', '132458', '2010-05-21 07:26:30.0', '132458', '2010-05-21 07:26:30.0');
INSERT INTO project_info (project_id, project_info_type_id, value, create_user, create_date, modify_user, modify_date)
VALUES ('811', '29', 'On', '132458', '2010-05-21 07:26:30.0', '132458', '2010-05-21 07:26:30.0');
INSERT INTO project_info (project_id, project_info_type_id, value, create_user, create_date, modify_user, modify_date)
VALUES ('811', '41', 'true', '132458', '2010-05-21 07:26:30.0', '132458', '2010-05-21 07:26:30.0');
INSERT INTO project_info (project_id, project_info_type_id, value, create_user, create_date, modify_user, modify_date)
VALUES ('811', '43', 'true', '132458', '2010-05-21 07:26:30.0', '132458', '2010-05-21 07:26:30.0');
--  Data for project_phase
INSERT INTO project_phase (project_phase_id, project_id, phase_type_id, phase_status_id, fixed_start_time, scheduled_start_time, scheduled_end_time, actual_start_time, actual_end_time, duration, create_user, create_date, modify_user, modify_date)
VALUES ('811', '811', '1', '1', '2010-05-27 09:00:00.0', '2010-05-27 09:00:00.0', '2010-06-01 09:00:00.0', NULL, NULL, '259200000', '132458', '2010-05-21 07:26:30.0', '132458', '2010-05-21 07:26:30.0');
INSERT INTO project_phase (project_phase_id, project_id, phase_type_id, phase_status_id, fixed_start_time, scheduled_start_time, scheduled_end_time, actual_start_time, actual_end_time, duration, create_user, create_date, modify_user, modify_date)
VALUES ('812', '811', '2', '1', '2010-05-27 09:00:00.0', '2010-05-27 09:00:00.0', '2010-06-07 09:00:00.0', NULL, NULL, '604800000', '132458', '2010-05-21 07:26:30.0', '132458', '2010-05-21 07:26:30.0');
INSERT INTO project_phase (project_phase_id, project_id, phase_type_id, phase_status_id, fixed_start_time, scheduled_start_time, scheduled_end_time, actual_start_time, actual_end_time, duration, create_user, create_date, modify_user, modify_date)
VALUES ('813', '811', '3', '1', '2010-06-07 09:00:00.0', '2010-06-07 09:00:00.0', '2010-06-08 09:00:00.0', NULL, NULL, '86400000', '132458', '2010-05-21 07:26:30.0', '132458', '2010-05-21 07:26:30.0');
INSERT INTO project_phase (project_phase_id, project_id, phase_type_id, phase_status_id, fixed_start_time, scheduled_start_time, scheduled_end_time, actual_start_time, actual_end_time, duration, create_user, create_date, modify_user, modify_date)
VALUES ('814', '811', '4', '1', '2010-06-08 09:00:00.0', '2010-06-08 09:00:00.0', '2010-06-14 09:00:00.0', NULL, NULL, '345600000', '132458', '2010-05-21 07:26:30.0', '132458', '2010-05-21 07:26:30.0');
INSERT INTO project_phase (project_phase_id, project_id, phase_type_id, phase_status_id, fixed_start_time, scheduled_start_time, scheduled_end_time, actual_start_time, actual_end_time, duration, create_user, create_date, modify_user, modify_date)
VALUES ('815', '811', '5', '1', '2010-06-14 09:00:00.0', '2010-06-14 09:00:00.0', '2010-06-15 09:00:00.0', NULL, NULL, '86400000', '132458', '2010-05-21 07:26:30.0', '132458', '2010-05-21 07:26:30.0');
INSERT INTO project_phase (project_phase_id, project_id, phase_type_id, phase_status_id, fixed_start_time, scheduled_start_time, scheduled_end_time, actual_start_time, actual_end_time, duration, create_user, create_date, modify_user, modify_date)
VALUES ('816', '811', '6', '1', '2010-06-15 09:00:00.0', '2010-06-15 09:00:00.0', '2010-06-16 09:00:00.0', NULL, NULL, '86400000', '132458', '2010-05-21 07:26:30.0', '132458', '2010-05-21 07:26:30.0');
INSERT INTO project_phase (project_phase_id, project_id, phase_type_id, phase_status_id, fixed_start_time, scheduled_start_time, scheduled_end_time, actual_start_time, actual_end_time, duration, create_user, create_date, modify_user, modify_date)
VALUES ('817', '811', '7', '1', '2010-06-16 09:00:00.0', '2010-06-16 09:00:00.0', '2010-06-16 21:00:00.0', NULL, NULL, '43200000', '132458', '2010-05-21 07:26:30.0', '132458', '2010-05-21 07:26:30.0');
INSERT INTO project_phase (project_phase_id, project_id, phase_type_id, phase_status_id, fixed_start_time, scheduled_start_time, scheduled_end_time, actual_start_time, actual_end_time, duration, create_user, create_date, modify_user, modify_date)
VALUES ('818', '811', '8', '1', '2010-06-16 21:00:00.0', '2010-06-16 21:00:00.0', '2010-06-17 09:00:00.0', NULL, NULL, '43200000', '132458', '2010-05-21 07:26:30.0', '132458', '2010-05-21 07:26:30.0');
INSERT INTO project_phase (project_phase_id, project_id, phase_type_id, phase_status_id, fixed_start_time, scheduled_start_time, scheduled_end_time, actual_start_time, actual_end_time, duration, create_user, create_date, modify_user, modify_date)
VALUES ('819', '811', '9', '1', '2010-06-17 09:00:00.0', '2010-06-17 09:00:00.0', '2010-06-22 09:00:00.0', NULL, NULL, '259200000', '132458', '2010-05-21 07:26:30.0', '132458', '2010-05-21 07:26:30.0');
INSERT INTO project_phase (project_phase_id, project_id, phase_type_id, phase_status_id, fixed_start_time, scheduled_start_time, scheduled_end_time, actual_start_time, actual_end_time, duration, create_user, create_date, modify_user, modify_date)
VALUES ('820', '811', '10', '1', '2010-06-22 09:00:00.0', '2010-06-22 09:00:00.0', '2010-06-23 09:00:00.0', NULL, NULL, '86400000', '132458', '2010-05-21 07:26:30.0', '132458', '2010-05-21 07:26:30.0');
--  Data for comp_catalog
INSERT INTO comp_catalog (component_id, current_version, short_desc, component_name, description, function_desc, create_time, status_id, root_category_id, modify_date, public_ind)
VALUES ('1621', '1', 'Coolest component ever', 'Component 82', 'Coolest component ever', 'Component', '2010-05-21 07:20:14.48', '102', '5801778', '2010-05-21 07:23:44.0', '0');
--  Data for comp_versions
INSERT INTO comp_versions (comp_vers_id, component_id, version, version_text, create_time, phase_id, phase_time, price, comments, modify_date,
                           suspended_ind)
VALUES ('1623', '1621', '1', '1.0                 ', '2010-05-21 07:20:14.48', '112', '1976-05-04 00:00:00.0', '1000.00', 'Cool', '2010-05-21 07:27:01.0', '0');
--  Data for comp_categories
INSERT INTO comp_categories (comp_categories_id, component_id, category_id)
VALUES ('1625', '1621', '11');
--  Data for comp_keywords
INSERT INTO comp_keywords (comp_keywords_id, component_id, keyword)
VALUES ('1631', '1621', 'development');
--  Data for comp_technology
INSERT INTO comp_technology (comp_tech_id, comp_vers_id, technology_type_id)
VALUES ('1632', '1623', '1');
--  Data for comp_documentation
INSERT INTO comp_documentation (document_id, comp_vers_id, document_type_id, document_name, url)
VALUES ('1633', '1623', '0', 'Requirements Specification', '1621/1623/MQTTBroker_Requirements_Specification.pdf');
--  Data for comp_jive_category_xref
INSERT INTO comp_jive_category_xref (comp_vers_id, jive_category_id)
VALUES ('1623', '0');
--  Data for comp_version_dates
INSERT INTO comp_version_dates (comp_version_dates_id, comp_vers_id, phase_id, posting_date, initial_submission_date, winner_announced_date, final_submission_date,
                                estimated_dev_date, price, total_submissions, status_id, create_time, level_id, screening_complete_date, review_complete_date,
                                aggregation_complete_date, phase_complete_date, production_date, aggregation_complete_date_comment, phase_complete_date_comment,
                                review_complete_date_comment, winner_announced_date_comment, initial_submission_date_comment, screening_complete_date_comment,
                                final_submission_date_comment, production_date_comment, modify_date)
VALUES ('1634', '1623', '112', '1976-05-05', '2000-01-01', '2000-01-01', 
        '2000-01-01', '2000-01-01', NULL, '0', '301', '2010-05-21 07:27:01.0', '100', '2000-01-01',
        '2000-01-01', '2000-01-01', '2000-01-01', '2010-12-01', 
        NULL, NULL, NULL, NULL, NULL, NULL, NULL, '', '2010-05-21 07:27:01.0');
--  Data for phase_criteria
INSERT INTO phase_criteria (project_phase_id, phase_criteria_type_id, parameter, create_user, create_date, modify_user, modify_date)
VALUES ('811', '2', '0', '132458', '2010-05-21 07:26:30.0', '132458', '2010-05-21 07:26:30.0');
INSERT INTO phase_criteria (project_phase_id, phase_criteria_type_id, parameter, create_user, create_date, modify_user, modify_date)
VALUES ('811', '5', 'No', '132458', '2010-05-21 07:26:30.0', '132458', '2010-05-21 07:26:30.0');
INSERT INTO phase_criteria (project_phase_id, phase_criteria_type_id, parameter, create_user, create_date, modify_user, modify_date)
VALUES ('812', '3', '0', '132458', '2010-05-21 07:26:30.0', '132458', '2010-05-21 07:26:30.0');
INSERT INTO phase_criteria (project_phase_id, phase_criteria_type_id, parameter, create_user, create_date, modify_user, modify_date)
VALUES ('812', '5', 'No', '132458', '2010-05-21 07:26:30.0', '132458', '2010-05-21 07:26:30.0');
INSERT INTO phase_criteria (project_phase_id, phase_criteria_type_id, parameter, create_user, create_date, modify_user, modify_date)
VALUES ('813', '5', 'No', '132458', '2010-05-21 07:26:30.0', '132458', '2010-05-21 07:26:30.0');
INSERT INTO phase_criteria (project_phase_id, phase_criteria_type_id, parameter, create_user, create_date, modify_user, modify_date)
VALUES ('813', '1', '30000410', '132458', '2010-05-21 07:26:30.0', '132458', '2010-05-21 07:26:30.0');
INSERT INTO phase_criteria (project_phase_id, phase_criteria_type_id, parameter, create_user, create_date, modify_user, modify_date)
VALUES ('814', '5', 'No', '132458', '2010-05-21 07:26:30.0', '132458', '2010-05-21 07:26:30.0');
INSERT INTO phase_criteria (project_phase_id, phase_criteria_type_id, parameter, create_user, create_date, modify_user, modify_date)
VALUES ('814', '1', '30000411', '132458', '2010-05-21 07:26:30.0', '132458', '2010-05-21 07:26:30.0');
INSERT INTO phase_criteria (project_phase_id, phase_criteria_type_id, parameter, create_user, create_date, modify_user, modify_date)
VALUES ('814', '6', '3', '132458', '2010-05-21 07:26:30.0', '132458', '2010-05-21 07:26:30.0');
INSERT INTO phase_criteria (project_phase_id, phase_criteria_type_id, parameter, create_user, create_date, modify_user, modify_date)
VALUES ('815', '5', 'No', '132458', '2010-05-21 07:26:30.0', '132458', '2010-05-21 07:26:30.0');
INSERT INTO phase_criteria (project_phase_id, phase_criteria_type_id, parameter, create_user, create_date, modify_user, modify_date)
VALUES ('815', '4', 'No', '132458', '2010-05-21 07:26:30.0', '132458', '2010-05-21 07:26:30.0');
INSERT INTO phase_criteria (project_phase_id, phase_criteria_type_id, parameter, create_user, create_date, modify_user, modify_date)
VALUES ('816', '5', 'No', '132458', '2010-05-21 07:26:30.0', '132458', '2010-05-21 07:26:30.0');
INSERT INTO phase_criteria (project_phase_id, phase_criteria_type_id, parameter, create_user, create_date, modify_user, modify_date)
VALUES ('817', '5', 'No', '132458', '2010-05-21 07:26:30.0', '132458', '2010-05-21 07:26:30.0');
INSERT INTO phase_criteria (project_phase_id, phase_criteria_type_id, parameter, create_user, create_date, modify_user, modify_date)
VALUES ('818', '5', 'No', '132458', '2010-05-21 07:26:30.0', '132458', '2010-05-21 07:26:30.0');
INSERT INTO phase_criteria (project_phase_id, phase_criteria_type_id, parameter, create_user, create_date, modify_user, modify_date)
VALUES ('819', '5', 'No', '132458', '2010-05-21 07:26:30.0', '132458', '2010-05-21 07:26:30.0');
INSERT INTO phase_criteria (project_phase_id, phase_criteria_type_id, parameter, create_user, create_date, modify_user, modify_date)
VALUES ('820', '5', 'No', '132458', '2010-05-21 07:26:30.0', '132458', '2010-05-21 07:26:30.0');
--  Data for phase_dependency
INSERT INTO phase_dependency (dependency_phase_id, dependent_phase_id, dependency_start, dependent_start, lag_time, create_user, create_date, modify_user, modify_date)
VALUES ('811', '812', '1', '1', '0', '132458', '2010-05-21 07:26:30.0', '132458', '2010-05-21 07:26:30.0');
INSERT INTO phase_dependency (dependency_phase_id, dependent_phase_id, dependency_start, dependent_start, lag_time, create_user, create_date, modify_user, modify_date)
VALUES ('812', '813', '0', '1', '0', '132458', '2010-05-21 07:26:30.0', '132458', '2010-05-21 07:26:30.0');
INSERT INTO phase_dependency (dependency_phase_id, dependent_phase_id, dependency_start, dependent_start, lag_time, create_user, create_date, modify_user, modify_date)
VALUES ('813', '814', '0', '1', '0', '132458', '2010-05-21 07:26:30.0', '132458', '2010-05-21 07:26:30.0');
INSERT INTO phase_dependency (dependency_phase_id, dependent_phase_id, dependency_start, dependent_start, lag_time, create_user, create_date, modify_user, modify_date)
VALUES ('814', '815', '0', '1', '0', '132458', '2010-05-21 07:26:30.0', '132458', '2010-05-21 07:26:30.0');
INSERT INTO phase_dependency (dependency_phase_id, dependent_phase_id, dependency_start, dependent_start, lag_time, create_user, create_date, modify_user, modify_date)
VALUES ('815', '816', '0', '1', '0', '132458', '2010-05-21 07:26:30.0', '132458', '2010-05-21 07:26:30.0');
INSERT INTO phase_dependency (dependency_phase_id, dependent_phase_id, dependency_start, dependent_start, lag_time, create_user, create_date, modify_user, modify_date)
VALUES ('816', '817', '0', '1', '0', '132458', '2010-05-21 07:26:30.0', '132458', '2010-05-21 07:26:30.0');
INSERT INTO phase_dependency (dependency_phase_id, dependent_phase_id, dependency_start, dependent_start, lag_time, create_user, create_date, modify_user, modify_date)
VALUES ('817', '818', '0', '1', '0', '132458', '2010-05-21 07:26:30.0', '132458', '2010-05-21 07:26:30.0');
INSERT INTO phase_dependency (dependency_phase_id, dependent_phase_id, dependency_start, dependent_start, lag_time, create_user, create_date, modify_user, modify_date)
VALUES ('818', '819', '0', '1', '0', '132458', '2010-05-21 07:26:30.0', '132458', '2010-05-21 07:26:30.0');
INSERT INTO phase_dependency (dependency_phase_id, dependent_phase_id, dependency_start, dependent_start, lag_time, create_user, create_date, modify_user, modify_date)
VALUES ('819', '820', '0', '1', '0', '132458', '2010-05-21 07:26:30.0', '132458', '2010-05-21 07:26:30.0');
--  Data for resource
INSERT INTO resource (resource_id, resource_role_id, project_id, project_phase_id, create_user, create_date, modify_user, modify_date)
VALUES ('811', '13', '811', NULL, '132458', '2010-05-21 07:26:30.0', '132458', '2010-05-21 07:26:30.0');
--  Data for resource_info
INSERT INTO resource_info (resource_id, resource_info_type_id, value, create_user, create_date, modify_user, modify_date)
VALUES ('811', '1', '132458', '132458', '2010-05-21 07:26:30.0', '132458', '2010-05-21 07:26:30.0');
INSERT INTO resource_info (resource_id, resource_info_type_id, value, create_user, create_date, modify_user, modify_date)
VALUES ('811', '2', 'user', '132458', '2010-05-21 07:26:30.0', '132458', '2010-05-21 07:26:30.0');
--  Data for user_role
INSERT INTO user_role (user_role_id, comp_vers_id, role_id, login_id, description)
VALUES ('1624', '1623', '1', '132458', '');
--  Data for word_search
INSERT INTO word_search (word_search_id, document_id, index_word, nbr_occurrences)
VALUES ('1627', '1621', 'ever                                                                                                ', '2');
INSERT INTO word_search (word_search_id, document_id, index_word, nbr_occurrences)
VALUES ('1628', '1621', 'component                                                                                           ', '4');
INSERT INTO word_search (word_search_id, document_id, index_word, nbr_occurrences)
VALUES ('1629', '1621', 'coolest                                                                                             ', '2');
INSERT INTO word_search (word_search_id, document_id, index_word, nbr_occurrences)
VALUES ('1630', '1621', 'development                                                    ', '2');
--  Data for word_search_ctgy
INSERT INTO word_search_ctgy (word_srch_ctgy_id, category_id, document_id)
VALUES ('1626', 'DDECATALOG                                        ', '1621');
--  Data for word_search_doc
INSERT INTO word_search_doc (document_id)
VALUES ('1621');
-- Data for project
INSERT INTO project (project_id, project_status_id, project_category_id, create_user, create_date, modify_user, modify_date)
VALUES ('821', '1', '14', '132457', '2010-05-21 07:26:30.0', '132457', '2010-05-21 07:26:30.0');
--  Data for project_info
INSERT INTO project_info (project_id, project_info_type_id, value, create_user, create_date, modify_user, modify_date)
VALUES ('821', '1', '1643', '132457', '2010-05-21 07:26:30.0', '132457', '2010-05-21 07:26:30.0');
INSERT INTO project_info (project_id, project_info_type_id, value, create_user, create_date, modify_user, modify_date)
VALUES ('821', '2', '1641', '132457', '2010-05-21 07:26:30.0', '132457', '2010-05-21 07:26:30.0');
INSERT INTO project_info (project_id, project_info_type_id, value, create_user, create_date, modify_user, modify_date)
VALUES ('821', '3', '1', '132457', '2010-05-21 07:26:30.0', '132457', '2010-05-21 07:26:30.0');
INSERT INTO project_info (project_id, project_info_type_id, value, create_user, create_date, modify_user, modify_date)
VALUES ('821', '4', '0', '132457', '2010-05-21 07:26:30.0', '132457', '2010-05-21 07:26:30.0');
INSERT INTO project_info (project_id, project_info_type_id, value, create_user, create_date, modify_user, modify_date)
VALUES ('821', '5', '5801777', '132457', '2010-05-21 07:26:30.0', '132457', '2010-05-21 07:26:30.0');
INSERT INTO project_info (project_id, project_info_type_id, value, create_user, create_date, modify_user, modify_date)
VALUES ('821', '6', 'Component 83', '132457', '2010-05-21 07:26:30.0', '132457', '2010-05-21 07:26:30.0');
INSERT INTO project_info (project_id, project_info_type_id, value, create_user, create_date, modify_user, modify_date)
VALUES ('821', '7', '1.0                 ', '132457', '2010-05-21 07:26:30.0', '132457', '2010-05-21 07:26:30.0');
INSERT INTO project_info (project_id, project_info_type_id, value, create_user, create_date, modify_user, modify_date)
VALUES ('821', '9', 'Off', '132457', '2010-05-21 07:26:30.0', '132457', '2010-05-21 07:26:30.0');
INSERT INTO project_info (project_id, project_info_type_id, value, create_user, create_date, modify_user, modify_date)
VALUES ('821', '10', 'On', '132457', '2010-05-21 07:26:30.0', '132457', '2010-05-21 07:26:30.0');
INSERT INTO project_info (project_id, project_info_type_id, value, create_user, create_date, modify_user, modify_date)
VALUES ('821', '11', 'On', '132457', '2010-05-21 07:26:30.0', '132457', '2010-05-21 07:26:30.0');
INSERT INTO project_info (project_id, project_info_type_id, value, create_user, create_date, modify_user, modify_date)
VALUES ('821', '12', 'Yes', '132457', '2010-05-21 07:26:30.0', '132457', '2010-05-21 07:26:30.0');
INSERT INTO project_info (project_id, project_info_type_id, value, create_user, create_date, modify_user, modify_date)
VALUES ('821', '13', 'Yes', '132457', '2010-05-21 07:26:30.0', '132457', '2010-05-21 07:26:30.0');
INSERT INTO project_info (project_id, project_info_type_id, value, create_user, create_date, modify_user, modify_date)
VALUES ('821', '14', 'Open', '132457', '2010-05-21 07:26:30.0', '132457', '2010-05-21 07:26:30.0');
INSERT INTO project_info (project_id, project_info_type_id, value, create_user, create_date, modify_user, modify_date)
VALUES ('821', '16', '0.0', '132457', '2010-05-21 07:26:30.0', '132457', '2010-05-21 07:26:30.0');
INSERT INTO project_info (project_id, project_info_type_id, value, create_user, create_date, modify_user, modify_date)
VALUES ('821', '26', 'On', '132457', '2010-05-21 07:26:30.0', '132457', '2010-05-21 07:26:30.0');
INSERT INTO project_info (project_id, project_info_type_id, value, create_user, create_date, modify_user, modify_date)
VALUES ('821', '29', 'On', '132457', '2010-05-21 07:26:30.0', '132457', '2010-05-21 07:26:30.0');
INSERT INTO project_info (project_id, project_info_type_id, value, create_user, create_date, modify_user, modify_date)
VALUES ('821', '41', 'true', '132457', '2010-05-21 07:26:30.0', '132457', '2010-05-21 07:26:30.0');
INSERT INTO project_info (project_id, project_info_type_id, value, create_user, create_date, modify_user, modify_date)
VALUES ('821', '43', 'true', '132457', '2010-05-21 07:26:30.0', '132457', '2010-05-21 07:26:30.0');
--  Data for project_phase
INSERT INTO project_phase (project_phase_id, project_id, phase_type_id, phase_status_id, fixed_start_time, scheduled_start_time, scheduled_end_time, actual_start_time, actual_end_time, duration, create_user, create_date, modify_user, modify_date)
VALUES ('821', '821', '1', '1', '2010-05-27 09:00:00.0', '2010-05-27 09:00:00.0', '2010-06-01 09:00:00.0', NULL, NULL, '259200000', '132457', '2010-05-21 07:26:30.0', '132457', '2010-05-21 07:26:30.0');
INSERT INTO project_phase (project_phase_id, project_id, phase_type_id, phase_status_id, fixed_start_time, scheduled_start_time, scheduled_end_time, actual_start_time, actual_end_time, duration, create_user, create_date, modify_user, modify_date)
VALUES ('822', '821', '2', '1', '2010-05-27 09:00:00.0', '2010-05-27 09:00:00.0', '2010-06-07 09:00:00.0', NULL, NULL, '604800000', '132457', '2010-05-21 07:26:30.0', '132457', '2010-05-21 07:26:30.0');
INSERT INTO project_phase (project_phase_id, project_id, phase_type_id, phase_status_id, fixed_start_time, scheduled_start_time, scheduled_end_time, actual_start_time, actual_end_time, duration, create_user, create_date, modify_user, modify_date)
VALUES ('823', '821', '3', '1', '2010-06-07 09:00:00.0', '2010-06-07 09:00:00.0', '2010-06-08 09:00:00.0', NULL, NULL, '86400000', '132457', '2010-05-21 07:26:30.0', '132457', '2010-05-21 07:26:30.0');
INSERT INTO project_phase (project_phase_id, project_id, phase_type_id, phase_status_id, fixed_start_time, scheduled_start_time, scheduled_end_time, actual_start_time, actual_end_time, duration, create_user, create_date, modify_user, modify_date)
VALUES ('824', '821', '4', '1', '2010-06-08 09:00:00.0', '2010-06-08 09:00:00.0', '2010-06-14 09:00:00.0', NULL, NULL, '345600000', '132457', '2010-05-21 07:26:30.0', '132457', '2010-05-21 07:26:30.0');
INSERT INTO project_phase (project_phase_id, project_id, phase_type_id, phase_status_id, fixed_start_time, scheduled_start_time, scheduled_end_time, actual_start_time, actual_end_time, duration, create_user, create_date, modify_user, modify_date)
VALUES ('825', '821', '5', '1', '2010-06-14 09:00:00.0', '2010-06-14 09:00:00.0', '2010-06-15 09:00:00.0', NULL, NULL, '86400000', '132457', '2010-05-21 07:26:30.0', '132457', '2010-05-21 07:26:30.0');
INSERT INTO project_phase (project_phase_id, project_id, phase_type_id, phase_status_id, fixed_start_time, scheduled_start_time, scheduled_end_time, actual_start_time, actual_end_time, duration, create_user, create_date, modify_user, modify_date)
VALUES ('826', '821', '6', '1', '2010-06-15 09:00:00.0', '2010-06-15 09:00:00.0', '2010-06-16 09:00:00.0', NULL, NULL, '86400000', '132457', '2010-05-21 07:26:30.0', '132457', '2010-05-21 07:26:30.0');
INSERT INTO project_phase (project_phase_id, project_id, phase_type_id, phase_status_id, fixed_start_time, scheduled_start_time, scheduled_end_time, actual_start_time, actual_end_time, duration, create_user, create_date, modify_user, modify_date)
VALUES ('827', '821', '7', '1', '2010-06-16 09:00:00.0', '2010-06-16 09:00:00.0', '2010-06-16 21:00:00.0', NULL, NULL, '43200000', '132457', '2010-05-21 07:26:30.0', '132457', '2010-05-21 07:26:30.0');
INSERT INTO project_phase (project_phase_id, project_id, phase_type_id, phase_status_id, fixed_start_time, scheduled_start_time, scheduled_end_time, actual_start_time, actual_end_time, duration, create_user, create_date, modify_user, modify_date)
VALUES ('828', '821', '8', '1', '2010-06-16 21:00:00.0', '2010-06-16 21:00:00.0', '2010-06-17 09:00:00.0', NULL, NULL, '43200000', '132457', '2010-05-21 07:26:30.0', '132457', '2010-05-21 07:26:30.0');
INSERT INTO project_phase (project_phase_id, project_id, phase_type_id, phase_status_id, fixed_start_time, scheduled_start_time, scheduled_end_time, actual_start_time, actual_end_time, duration, create_user, create_date, modify_user, modify_date)
VALUES ('829', '821', '9', '1', '2010-06-17 09:00:00.0', '2010-06-17 09:00:00.0', '2010-06-22 09:00:00.0', NULL, NULL, '259200000', '132457', '2010-05-21 07:26:30.0', '132457', '2010-05-21 07:26:30.0');
INSERT INTO project_phase (project_phase_id, project_id, phase_type_id, phase_status_id, fixed_start_time, scheduled_start_time, scheduled_end_time, actual_start_time, actual_end_time, duration, create_user, create_date, modify_user, modify_date)
VALUES ('830', '821', '10', '1', '2010-06-22 09:00:00.0', '2010-06-22 09:00:00.0', '2010-06-23 09:00:00.0', NULL, NULL, '86400000', '132457', '2010-05-21 07:26:30.0', '132457', '2010-05-21 07:26:30.0');
--  Data for comp_catalog
INSERT INTO comp_catalog (component_id, current_version, short_desc, component_name, description, function_desc, create_time, status_id, root_category_id, modify_date, public_ind)
VALUES ('1641', '1', 'Coolest component ever', 'Component 83', 'Coolest component ever', 'Component', '2010-05-21 07:20:14.48', '102', '5801777', '2010-05-21 07:23:44.0', '0');
--  Data for comp_versions
INSERT INTO comp_versions (comp_vers_id, component_id, version, version_text, create_time, phase_id, phase_time, price, comments, modify_date,
                           suspended_ind)
VALUES ('1643', '1641', '1', '1.0                 ', '2010-05-21 07:20:14.48', '112', '1976-05-04 00:00:00.0', '1000.00', 'Cool', '2010-05-21 07:27:01.0', '0');
--  Data for comp_categories
INSERT INTO comp_categories (comp_categories_id, component_id, category_id)
VALUES ('1645', '1641', '11');
--  Data for comp_keywords
INSERT INTO comp_keywords (comp_keywords_id, component_id, keyword)
VALUES ('1651', '1641', 'assembly');
--  Data for comp_technology
INSERT INTO comp_technology (comp_tech_id, comp_vers_id, technology_type_id)
VALUES ('1652', '1643', '1');
--  Data for comp_documentation
INSERT INTO comp_documentation (document_id, comp_vers_id, document_type_id, document_name, url)
VALUES ('1653', '1643', '0', 'Requirements Specification', '1641/1643/MQTTBroker_Requirements_Specification.pdf');
--  Data for comp_jive_category_xref
INSERT INTO comp_jive_category_xref (comp_vers_id, jive_category_id)
VALUES ('1643', '0');
--  Data for comp_version_dates
INSERT INTO comp_version_dates (comp_version_dates_id, comp_vers_id, phase_id, posting_date, initial_submission_date, winner_announced_date, final_submission_date,
                                estimated_dev_date, price, total_submissions, status_id, create_time, level_id, screening_complete_date, review_complete_date,
                                aggregation_complete_date, phase_complete_date, production_date, aggregation_complete_date_comment, phase_complete_date_comment,
                                review_complete_date_comment, winner_announced_date_comment, initial_submission_date_comment, screening_complete_date_comment,
                                final_submission_date_comment, production_date_comment, modify_date)
VALUES ('1654', '1643', '112', '1976-05-05', '2000-01-01', '2000-01-01', 
        '2000-01-01', '2000-01-01', NULL, '0', '301', '2010-05-21 07:27:01.0', '100', '2000-01-01',
        '2000-01-01', '2000-01-01', '2000-01-01', '2010-12-01', 
        NULL, NULL, NULL, NULL, NULL, NULL, NULL, '', '2010-05-21 07:27:01.0');
--  Data for phase_criteria
INSERT INTO phase_criteria (project_phase_id, phase_criteria_type_id, parameter, create_user, create_date, modify_user, modify_date)
VALUES ('821', '2', '0', '132457', '2010-05-21 07:26:30.0', '132457', '2010-05-21 07:26:30.0');
INSERT INTO phase_criteria (project_phase_id, phase_criteria_type_id, parameter, create_user, create_date, modify_user, modify_date)
VALUES ('821', '5', 'No', '132457', '2010-05-21 07:26:30.0', '132457', '2010-05-21 07:26:30.0');
INSERT INTO phase_criteria (project_phase_id, phase_criteria_type_id, parameter, create_user, create_date, modify_user, modify_date)
VALUES ('822', '3', '0', '132457', '2010-05-21 07:26:30.0', '132457', '2010-05-21 07:26:30.0');
INSERT INTO phase_criteria (project_phase_id, phase_criteria_type_id, parameter, create_user, create_date, modify_user, modify_date)
VALUES ('822', '5', 'No', '132457', '2010-05-21 07:26:30.0', '132457', '2010-05-21 07:26:30.0');
INSERT INTO phase_criteria (project_phase_id, phase_criteria_type_id, parameter, create_user, create_date, modify_user, modify_date)
VALUES ('823', '5', 'No', '132457', '2010-05-21 07:26:30.0', '132457', '2010-05-21 07:26:30.0');
INSERT INTO phase_criteria (project_phase_id, phase_criteria_type_id, parameter, create_user, create_date, modify_user, modify_date)
VALUES ('823', '1', '30000410', '132457', '2010-05-21 07:26:30.0', '132457', '2010-05-21 07:26:30.0');
INSERT INTO phase_criteria (project_phase_id, phase_criteria_type_id, parameter, create_user, create_date, modify_user, modify_date)
VALUES ('824', '5', 'No', '132457', '2010-05-21 07:26:30.0', '132457', '2010-05-21 07:26:30.0');
INSERT INTO phase_criteria (project_phase_id, phase_criteria_type_id, parameter, create_user, create_date, modify_user, modify_date)
VALUES ('824', '1', '30000411', '132457', '2010-05-21 07:26:30.0', '132457', '2010-05-21 07:26:30.0');
INSERT INTO phase_criteria (project_phase_id, phase_criteria_type_id, parameter, create_user, create_date, modify_user, modify_date)
VALUES ('824', '6', '3', '132457', '2010-05-21 07:26:30.0', '132457', '2010-05-21 07:26:30.0');
INSERT INTO phase_criteria (project_phase_id, phase_criteria_type_id, parameter, create_user, create_date, modify_user, modify_date)
VALUES ('825', '5', 'No', '132457', '2010-05-21 07:26:30.0', '132457', '2010-05-21 07:26:30.0');
INSERT INTO phase_criteria (project_phase_id, phase_criteria_type_id, parameter, create_user, create_date, modify_user, modify_date)
VALUES ('825', '4', 'No', '132457', '2010-05-21 07:26:30.0', '132457', '2010-05-21 07:26:30.0');
INSERT INTO phase_criteria (project_phase_id, phase_criteria_type_id, parameter, create_user, create_date, modify_user, modify_date)
VALUES ('826', '5', 'No', '132457', '2010-05-21 07:26:30.0', '132457', '2010-05-21 07:26:30.0');
INSERT INTO phase_criteria (project_phase_id, phase_criteria_type_id, parameter, create_user, create_date, modify_user, modify_date)
VALUES ('827', '5', 'No', '132457', '2010-05-21 07:26:30.0', '132457', '2010-05-21 07:26:30.0');
INSERT INTO phase_criteria (project_phase_id, phase_criteria_type_id, parameter, create_user, create_date, modify_user, modify_date)
VALUES ('828', '5', 'No', '132457', '2010-05-21 07:26:30.0', '132457', '2010-05-21 07:26:30.0');
INSERT INTO phase_criteria (project_phase_id, phase_criteria_type_id, parameter, create_user, create_date, modify_user, modify_date)
VALUES ('829', '5', 'No', '132457', '2010-05-21 07:26:30.0', '132457', '2010-05-21 07:26:30.0');
INSERT INTO phase_criteria (project_phase_id, phase_criteria_type_id, parameter, create_user, create_date, modify_user, modify_date)
VALUES ('830', '5', 'No', '132457', '2010-05-21 07:26:30.0', '132457', '2010-05-21 07:26:30.0');
--  Data for phase_dependency
INSERT INTO phase_dependency (dependency_phase_id, dependent_phase_id, dependency_start, dependent_start, lag_time, create_user, create_date, modify_user, modify_date)
VALUES ('821', '822', '1', '1', '0', '132457', '2010-05-21 07:26:30.0', '132457', '2010-05-21 07:26:30.0');
INSERT INTO phase_dependency (dependency_phase_id, dependent_phase_id, dependency_start, dependent_start, lag_time, create_user, create_date, modify_user, modify_date)
VALUES ('822', '823', '0', '1', '0', '132457', '2010-05-21 07:26:30.0', '132457', '2010-05-21 07:26:30.0');
INSERT INTO phase_dependency (dependency_phase_id, dependent_phase_id, dependency_start, dependent_start, lag_time, create_user, create_date, modify_user, modify_date)
VALUES ('823', '824', '0', '1', '0', '132457', '2010-05-21 07:26:30.0', '132457', '2010-05-21 07:26:30.0');
INSERT INTO phase_dependency (dependency_phase_id, dependent_phase_id, dependency_start, dependent_start, lag_time, create_user, create_date, modify_user, modify_date)
VALUES ('824', '825', '0', '1', '0', '132457', '2010-05-21 07:26:30.0', '132457', '2010-05-21 07:26:30.0');
INSERT INTO phase_dependency (dependency_phase_id, dependent_phase_id, dependency_start, dependent_start, lag_time, create_user, create_date, modify_user, modify_date)
VALUES ('825', '826', '0', '1', '0', '132457', '2010-05-21 07:26:30.0', '132457', '2010-05-21 07:26:30.0');
INSERT INTO phase_dependency (dependency_phase_id, dependent_phase_id, dependency_start, dependent_start, lag_time, create_user, create_date, modify_user, modify_date)
VALUES ('826', '827', '0', '1', '0', '132457', '2010-05-21 07:26:30.0', '132457', '2010-05-21 07:26:30.0');
INSERT INTO phase_dependency (dependency_phase_id, dependent_phase_id, dependency_start, dependent_start, lag_time, create_user, create_date, modify_user, modify_date)
VALUES ('827', '828', '0', '1', '0', '132457', '2010-05-21 07:26:30.0', '132457', '2010-05-21 07:26:30.0');
INSERT INTO phase_dependency (dependency_phase_id, dependent_phase_id, dependency_start, dependent_start, lag_time, create_user, create_date, modify_user, modify_date)
VALUES ('828', '829', '0', '1', '0', '132457', '2010-05-21 07:26:30.0', '132457', '2010-05-21 07:26:30.0');
INSERT INTO phase_dependency (dependency_phase_id, dependent_phase_id, dependency_start, dependent_start, lag_time, create_user, create_date, modify_user, modify_date)
VALUES ('829', '830', '0', '1', '0', '132457', '2010-05-21 07:26:30.0', '132457', '2010-05-21 07:26:30.0');
--  Data for resource
INSERT INTO resource (resource_id, resource_role_id, project_id, project_phase_id, create_user, create_date, modify_user, modify_date)
VALUES ('821', '13', '821', NULL, '132457', '2010-05-21 07:26:30.0', '132457', '2010-05-21 07:26:30.0');
--  Data for resource_info
INSERT INTO resource_info (resource_id, resource_info_type_id, value, create_user, create_date, modify_user, modify_date)
VALUES ('821', '1', '132457', '132457', '2010-05-21 07:26:30.0', '132457', '2010-05-21 07:26:30.0');
INSERT INTO resource_info (resource_id, resource_info_type_id, value, create_user, create_date, modify_user, modify_date)
VALUES ('821', '2', 'super', '132457', '2010-05-21 07:26:30.0', '132457', '2010-05-21 07:26:30.0');
--  Data for user_role
INSERT INTO user_role (user_role_id, comp_vers_id, role_id, login_id, description)
VALUES ('1644', '1643', '1', '132457', '');
--  Data for word_search
INSERT INTO word_search (word_search_id, document_id, index_word, nbr_occurrences)
VALUES ('1647', '1641', 'ever                                                                                                ', '2');
INSERT INTO word_search (word_search_id, document_id, index_word, nbr_occurrences)
VALUES ('1648', '1641', 'component                                                                                           ', '4');
INSERT INTO word_search (word_search_id, document_id, index_word, nbr_occurrences)
VALUES ('1649', '1641', 'coolest                                                                                             ', '2');
INSERT INTO word_search (word_search_id, document_id, index_word, nbr_occurrences)
VALUES ('1650', '1641', 'assembly                                                    ', '2');
--  Data for word_search_ctgy
INSERT INTO word_search_ctgy (word_srch_ctgy_id, category_id, document_id)
VALUES ('1646', 'DDECATALOG                                        ', '1641');
--  Data for word_search_doc
INSERT INTO word_search_doc (document_id)
VALUES ('1641');
-- Data for project
INSERT INTO project (project_id, project_status_id, project_category_id, create_user, create_date, modify_user, modify_date)
VALUES ('831', '2', '1', '132458', '2010-05-21 07:26:30.0', '132458', '2010-05-21 07:26:30.0');
--  Data for project_info
INSERT INTO project_info (project_id, project_info_type_id, value, create_user, create_date, modify_user, modify_date)
VALUES ('831', '1', '1663', '132458', '2010-05-21 07:26:30.0', '132458', '2010-05-21 07:26:30.0');
INSERT INTO project_info (project_id, project_info_type_id, value, create_user, create_date, modify_user, modify_date)
VALUES ('831', '2', '1661', '132458', '2010-05-21 07:26:30.0', '132458', '2010-05-21 07:26:30.0');
INSERT INTO project_info (project_id, project_info_type_id, value, create_user, create_date, modify_user, modify_date)
VALUES ('831', '3', '1', '132458', '2010-05-21 07:26:30.0', '132458', '2010-05-21 07:26:30.0');
INSERT INTO project_info (project_id, project_info_type_id, value, create_user, create_date, modify_user, modify_date)
VALUES ('831', '4', '0', '132458', '2010-05-21 07:26:30.0', '132458', '2010-05-21 07:26:30.0');
INSERT INTO project_info (project_id, project_info_type_id, value, create_user, create_date, modify_user, modify_date)
VALUES ('831', '5', '5801777', '132458', '2010-05-21 07:26:30.0', '132458', '2010-05-21 07:26:30.0');
INSERT INTO project_info (project_id, project_info_type_id, value, create_user, create_date, modify_user, modify_date)
VALUES ('831', '6', 'Component 84', '132458', '2010-05-21 07:26:30.0', '132458', '2010-05-21 07:26:30.0');
INSERT INTO project_info (project_id, project_info_type_id, value, create_user, create_date, modify_user, modify_date)
VALUES ('831', '7', '1.0                 ', '132458', '2010-05-21 07:26:30.0', '132458', '2010-05-21 07:26:30.0');
INSERT INTO project_info (project_id, project_info_type_id, value, create_user, create_date, modify_user, modify_date)
VALUES ('831', '9', 'Off', '132458', '2010-05-21 07:26:30.0', '132458', '2010-05-21 07:26:30.0');
INSERT INTO project_info (project_id, project_info_type_id, value, create_user, create_date, modify_user, modify_date)
VALUES ('831', '10', 'On', '132458', '2010-05-21 07:26:30.0', '132458', '2010-05-21 07:26:30.0');
INSERT INTO project_info (project_id, project_info_type_id, value, create_user, create_date, modify_user, modify_date)
VALUES ('831', '11', 'On', '132458', '2010-05-21 07:26:30.0', '132458', '2010-05-21 07:26:30.0');
INSERT INTO project_info (project_id, project_info_type_id, value, create_user, create_date, modify_user, modify_date)
VALUES ('831', '12', 'Yes', '132458', '2010-05-21 07:26:30.0', '132458', '2010-05-21 07:26:30.0');
INSERT INTO project_info (project_id, project_info_type_id, value, create_user, create_date, modify_user, modify_date)
VALUES ('831', '13', 'Yes', '132458', '2010-05-21 07:26:30.0', '132458', '2010-05-21 07:26:30.0');
INSERT INTO project_info (project_id, project_info_type_id, value, create_user, create_date, modify_user, modify_date)
VALUES ('831', '14', 'Open', '132458', '2010-05-21 07:26:30.0', '132458', '2010-05-21 07:26:30.0');
INSERT INTO project_info (project_id, project_info_type_id, value, create_user, create_date, modify_user, modify_date)
VALUES ('831', '16', '0.0', '132458', '2010-05-21 07:26:30.0', '132458', '2010-05-21 07:26:30.0');
INSERT INTO project_info (project_id, project_info_type_id, value, create_user, create_date, modify_user, modify_date)
VALUES ('831', '26', 'On', '132458', '2010-05-21 07:26:30.0', '132458', '2010-05-21 07:26:30.0');
INSERT INTO project_info (project_id, project_info_type_id, value, create_user, create_date, modify_user, modify_date)
VALUES ('831', '29', 'On', '132458', '2010-05-21 07:26:30.0', '132458', '2010-05-21 07:26:30.0');
INSERT INTO project_info (project_id, project_info_type_id, value, create_user, create_date, modify_user, modify_date)
VALUES ('831', '41', 'true', '132458', '2010-05-21 07:26:30.0', '132458', '2010-05-21 07:26:30.0');
INSERT INTO project_info (project_id, project_info_type_id, value, create_user, create_date, modify_user, modify_date)
VALUES ('831', '43', 'true', '132458', '2010-05-21 07:26:30.0', '132458', '2010-05-21 07:26:30.0');
--  Data for project_phase
INSERT INTO project_phase (project_phase_id, project_id, phase_type_id, phase_status_id, fixed_start_time, scheduled_start_time, scheduled_end_time, actual_start_time, actual_end_time, duration, create_user, create_date, modify_user, modify_date)
VALUES ('831', '831', '1', '1', '2010-05-27 09:00:00.0', '2010-05-27 09:00:00.0', '2010-06-01 09:00:00.0', NULL, NULL, '259200000', '132458', '2010-05-21 07:26:30.0', '132458', '2010-05-21 07:26:30.0');
INSERT INTO project_phase (project_phase_id, project_id, phase_type_id, phase_status_id, fixed_start_time, scheduled_start_time, scheduled_end_time, actual_start_time, actual_end_time, duration, create_user, create_date, modify_user, modify_date)
VALUES ('832', '831', '2', '1', '2010-05-27 09:00:00.0', '2010-05-27 09:00:00.0', '2010-06-07 09:00:00.0', NULL, NULL, '604800000', '132458', '2010-05-21 07:26:30.0', '132458', '2010-05-21 07:26:30.0');
INSERT INTO project_phase (project_phase_id, project_id, phase_type_id, phase_status_id, fixed_start_time, scheduled_start_time, scheduled_end_time, actual_start_time, actual_end_time, duration, create_user, create_date, modify_user, modify_date)
VALUES ('833', '831', '3', '1', '2010-06-07 09:00:00.0', '2010-06-07 09:00:00.0', '2010-06-08 09:00:00.0', NULL, NULL, '86400000', '132458', '2010-05-21 07:26:30.0', '132458', '2010-05-21 07:26:30.0');
INSERT INTO project_phase (project_phase_id, project_id, phase_type_id, phase_status_id, fixed_start_time, scheduled_start_time, scheduled_end_time, actual_start_time, actual_end_time, duration, create_user, create_date, modify_user, modify_date)
VALUES ('834', '831', '4', '1', '2010-06-08 09:00:00.0', '2010-06-08 09:00:00.0', '2010-06-14 09:00:00.0', NULL, NULL, '345600000', '132458', '2010-05-21 07:26:30.0', '132458', '2010-05-21 07:26:30.0');
INSERT INTO project_phase (project_phase_id, project_id, phase_type_id, phase_status_id, fixed_start_time, scheduled_start_time, scheduled_end_time, actual_start_time, actual_end_time, duration, create_user, create_date, modify_user, modify_date)
VALUES ('835', '831', '5', '1', '2010-06-14 09:00:00.0', '2010-06-14 09:00:00.0', '2010-06-15 09:00:00.0', NULL, NULL, '86400000', '132458', '2010-05-21 07:26:30.0', '132458', '2010-05-21 07:26:30.0');
INSERT INTO project_phase (project_phase_id, project_id, phase_type_id, phase_status_id, fixed_start_time, scheduled_start_time, scheduled_end_time, actual_start_time, actual_end_time, duration, create_user, create_date, modify_user, modify_date)
VALUES ('836', '831', '6', '1', '2010-06-15 09:00:00.0', '2010-06-15 09:00:00.0', '2010-06-16 09:00:00.0', NULL, NULL, '86400000', '132458', '2010-05-21 07:26:30.0', '132458', '2010-05-21 07:26:30.0');
INSERT INTO project_phase (project_phase_id, project_id, phase_type_id, phase_status_id, fixed_start_time, scheduled_start_time, scheduled_end_time, actual_start_time, actual_end_time, duration, create_user, create_date, modify_user, modify_date)
VALUES ('837', '831', '7', '1', '2010-06-16 09:00:00.0', '2010-06-16 09:00:00.0', '2010-06-16 21:00:00.0', NULL, NULL, '43200000', '132458', '2010-05-21 07:26:30.0', '132458', '2010-05-21 07:26:30.0');
INSERT INTO project_phase (project_phase_id, project_id, phase_type_id, phase_status_id, fixed_start_time, scheduled_start_time, scheduled_end_time, actual_start_time, actual_end_time, duration, create_user, create_date, modify_user, modify_date)
VALUES ('838', '831', '8', '1', '2010-06-16 21:00:00.0', '2010-06-16 21:00:00.0', '2010-06-17 09:00:00.0', NULL, NULL, '43200000', '132458', '2010-05-21 07:26:30.0', '132458', '2010-05-21 07:26:30.0');
INSERT INTO project_phase (project_phase_id, project_id, phase_type_id, phase_status_id, fixed_start_time, scheduled_start_time, scheduled_end_time, actual_start_time, actual_end_time, duration, create_user, create_date, modify_user, modify_date)
VALUES ('839', '831', '9', '1', '2010-06-17 09:00:00.0', '2010-06-17 09:00:00.0', '2010-06-22 09:00:00.0', NULL, NULL, '259200000', '132458', '2010-05-21 07:26:30.0', '132458', '2010-05-21 07:26:30.0');
INSERT INTO project_phase (project_phase_id, project_id, phase_type_id, phase_status_id, fixed_start_time, scheduled_start_time, scheduled_end_time, actual_start_time, actual_end_time, duration, create_user, create_date, modify_user, modify_date)
VALUES ('840', '831', '10', '1', '2010-06-22 09:00:00.0', '2010-06-22 09:00:00.0', '2010-06-23 09:00:00.0', NULL, NULL, '86400000', '132458', '2010-05-21 07:26:30.0', '132458', '2010-05-21 07:26:30.0');
--  Data for comp_catalog
INSERT INTO comp_catalog (component_id, current_version, short_desc, component_name, description, function_desc, create_time, status_id, root_category_id, modify_date, public_ind)
VALUES ('1661', '1', 'Coolest component ever', 'Component 84', 'Coolest component ever', 'Component', '2010-05-21 07:20:14.48', '102', '5801777', '2010-05-21 07:23:44.0', '0');
--  Data for comp_versions
INSERT INTO comp_versions (comp_vers_id, component_id, version, version_text, create_time, phase_id, phase_time, price, comments, modify_date,
                           suspended_ind)
VALUES ('1663', '1661', '1', '1.0                 ', '2010-05-21 07:20:14.48', '112', '1976-05-04 00:00:00.0', '1000.00', 'Cool', '2010-05-21 07:27:01.0', '0');
--  Data for comp_categories
INSERT INTO comp_categories (comp_categories_id, component_id, category_id)
VALUES ('1665', '1661', '11');
--  Data for comp_keywords
INSERT INTO comp_keywords (comp_keywords_id, component_id, keyword)
VALUES ('1671', '1661', 'design');
--  Data for comp_technology
INSERT INTO comp_technology (comp_tech_id, comp_vers_id, technology_type_id)
VALUES ('1672', '1663', '1');
--  Data for comp_documentation
INSERT INTO comp_documentation (document_id, comp_vers_id, document_type_id, document_name, url)
VALUES ('1673', '1663', '0', 'Requirements Specification', '1661/1663/MQTTBroker_Requirements_Specification.pdf');
--  Data for comp_jive_category_xref
INSERT INTO comp_jive_category_xref (comp_vers_id, jive_category_id)
VALUES ('1663', '0');
--  Data for comp_version_dates
INSERT INTO comp_version_dates (comp_version_dates_id, comp_vers_id, phase_id, posting_date, initial_submission_date, winner_announced_date, final_submission_date,
                                estimated_dev_date, price, total_submissions, status_id, create_time, level_id, screening_complete_date, review_complete_date,
                                aggregation_complete_date, phase_complete_date, production_date, aggregation_complete_date_comment, phase_complete_date_comment,
                                review_complete_date_comment, winner_announced_date_comment, initial_submission_date_comment, screening_complete_date_comment,
                                final_submission_date_comment, production_date_comment, modify_date)
VALUES ('1674', '1663', '112', '1976-05-05', '2000-01-01', '2000-01-01', 
        '2000-01-01', '2000-01-01', NULL, '0', '301', '2010-05-21 07:27:01.0', '100', '2000-01-01',
        '2000-01-01', '2000-01-01', '2000-01-01', '2010-12-01', 
        NULL, NULL, NULL, NULL, NULL, NULL, NULL, '', '2010-05-21 07:27:01.0');
--  Data for phase_criteria
INSERT INTO phase_criteria (project_phase_id, phase_criteria_type_id, parameter, create_user, create_date, modify_user, modify_date)
VALUES ('831', '2', '0', '132458', '2010-05-21 07:26:30.0', '132458', '2010-05-21 07:26:30.0');
INSERT INTO phase_criteria (project_phase_id, phase_criteria_type_id, parameter, create_user, create_date, modify_user, modify_date)
VALUES ('831', '5', 'No', '132458', '2010-05-21 07:26:30.0', '132458', '2010-05-21 07:26:30.0');
INSERT INTO phase_criteria (project_phase_id, phase_criteria_type_id, parameter, create_user, create_date, modify_user, modify_date)
VALUES ('832', '3', '0', '132458', '2010-05-21 07:26:30.0', '132458', '2010-05-21 07:26:30.0');
INSERT INTO phase_criteria (project_phase_id, phase_criteria_type_id, parameter, create_user, create_date, modify_user, modify_date)
VALUES ('832', '5', 'No', '132458', '2010-05-21 07:26:30.0', '132458', '2010-05-21 07:26:30.0');
INSERT INTO phase_criteria (project_phase_id, phase_criteria_type_id, parameter, create_user, create_date, modify_user, modify_date)
VALUES ('833', '5', 'No', '132458', '2010-05-21 07:26:30.0', '132458', '2010-05-21 07:26:30.0');
INSERT INTO phase_criteria (project_phase_id, phase_criteria_type_id, parameter, create_user, create_date, modify_user, modify_date)
VALUES ('833', '1', '30000410', '132458', '2010-05-21 07:26:30.0', '132458', '2010-05-21 07:26:30.0');
INSERT INTO phase_criteria (project_phase_id, phase_criteria_type_id, parameter, create_user, create_date, modify_user, modify_date)
VALUES ('834', '5', 'No', '132458', '2010-05-21 07:26:30.0', '132458', '2010-05-21 07:26:30.0');
INSERT INTO phase_criteria (project_phase_id, phase_criteria_type_id, parameter, create_user, create_date, modify_user, modify_date)
VALUES ('834', '1', '30000411', '132458', '2010-05-21 07:26:30.0', '132458', '2010-05-21 07:26:30.0');
INSERT INTO phase_criteria (project_phase_id, phase_criteria_type_id, parameter, create_user, create_date, modify_user, modify_date)
VALUES ('834', '6', '3', '132458', '2010-05-21 07:26:30.0', '132458', '2010-05-21 07:26:30.0');
INSERT INTO phase_criteria (project_phase_id, phase_criteria_type_id, parameter, create_user, create_date, modify_user, modify_date)
VALUES ('835', '5', 'No', '132458', '2010-05-21 07:26:30.0', '132458', '2010-05-21 07:26:30.0');
INSERT INTO phase_criteria (project_phase_id, phase_criteria_type_id, parameter, create_user, create_date, modify_user, modify_date)
VALUES ('835', '4', 'No', '132458', '2010-05-21 07:26:30.0', '132458', '2010-05-21 07:26:30.0');
INSERT INTO phase_criteria (project_phase_id, phase_criteria_type_id, parameter, create_user, create_date, modify_user, modify_date)
VALUES ('836', '5', 'No', '132458', '2010-05-21 07:26:30.0', '132458', '2010-05-21 07:26:30.0');
INSERT INTO phase_criteria (project_phase_id, phase_criteria_type_id, parameter, create_user, create_date, modify_user, modify_date)
VALUES ('837', '5', 'No', '132458', '2010-05-21 07:26:30.0', '132458', '2010-05-21 07:26:30.0');
INSERT INTO phase_criteria (project_phase_id, phase_criteria_type_id, parameter, create_user, create_date, modify_user, modify_date)
VALUES ('838', '5', 'No', '132458', '2010-05-21 07:26:30.0', '132458', '2010-05-21 07:26:30.0');
INSERT INTO phase_criteria (project_phase_id, phase_criteria_type_id, parameter, create_user, create_date, modify_user, modify_date)
VALUES ('839', '5', 'No', '132458', '2010-05-21 07:26:30.0', '132458', '2010-05-21 07:26:30.0');
INSERT INTO phase_criteria (project_phase_id, phase_criteria_type_id, parameter, create_user, create_date, modify_user, modify_date)
VALUES ('840', '5', 'No', '132458', '2010-05-21 07:26:30.0', '132458', '2010-05-21 07:26:30.0');
--  Data for phase_dependency
INSERT INTO phase_dependency (dependency_phase_id, dependent_phase_id, dependency_start, dependent_start, lag_time, create_user, create_date, modify_user, modify_date)
VALUES ('831', '832', '1', '1', '0', '132458', '2010-05-21 07:26:30.0', '132458', '2010-05-21 07:26:30.0');
INSERT INTO phase_dependency (dependency_phase_id, dependent_phase_id, dependency_start, dependent_start, lag_time, create_user, create_date, modify_user, modify_date)
VALUES ('832', '833', '0', '1', '0', '132458', '2010-05-21 07:26:30.0', '132458', '2010-05-21 07:26:30.0');
INSERT INTO phase_dependency (dependency_phase_id, dependent_phase_id, dependency_start, dependent_start, lag_time, create_user, create_date, modify_user, modify_date)
VALUES ('833', '834', '0', '1', '0', '132458', '2010-05-21 07:26:30.0', '132458', '2010-05-21 07:26:30.0');
INSERT INTO phase_dependency (dependency_phase_id, dependent_phase_id, dependency_start, dependent_start, lag_time, create_user, create_date, modify_user, modify_date)
VALUES ('834', '835', '0', '1', '0', '132458', '2010-05-21 07:26:30.0', '132458', '2010-05-21 07:26:30.0');
INSERT INTO phase_dependency (dependency_phase_id, dependent_phase_id, dependency_start, dependent_start, lag_time, create_user, create_date, modify_user, modify_date)
VALUES ('835', '836', '0', '1', '0', '132458', '2010-05-21 07:26:30.0', '132458', '2010-05-21 07:26:30.0');
INSERT INTO phase_dependency (dependency_phase_id, dependent_phase_id, dependency_start, dependent_start, lag_time, create_user, create_date, modify_user, modify_date)
VALUES ('836', '837', '0', '1', '0', '132458', '2010-05-21 07:26:30.0', '132458', '2010-05-21 07:26:30.0');
INSERT INTO phase_dependency (dependency_phase_id, dependent_phase_id, dependency_start, dependent_start, lag_time, create_user, create_date, modify_user, modify_date)
VALUES ('837', '838', '0', '1', '0', '132458', '2010-05-21 07:26:30.0', '132458', '2010-05-21 07:26:30.0');
INSERT INTO phase_dependency (dependency_phase_id, dependent_phase_id, dependency_start, dependent_start, lag_time, create_user, create_date, modify_user, modify_date)
VALUES ('838', '839', '0', '1', '0', '132458', '2010-05-21 07:26:30.0', '132458', '2010-05-21 07:26:30.0');
INSERT INTO phase_dependency (dependency_phase_id, dependent_phase_id, dependency_start, dependent_start, lag_time, create_user, create_date, modify_user, modify_date)
VALUES ('839', '840', '0', '1', '0', '132458', '2010-05-21 07:26:30.0', '132458', '2010-05-21 07:26:30.0');
--  Data for resource
INSERT INTO resource (resource_id, resource_role_id, project_id, project_phase_id, create_user, create_date, modify_user, modify_date)
VALUES ('831', '13', '831', NULL, '132458', '2010-05-21 07:26:30.0', '132458', '2010-05-21 07:26:30.0');
--  Data for resource_info
INSERT INTO resource_info (resource_id, resource_info_type_id, value, create_user, create_date, modify_user, modify_date)
VALUES ('831', '1', '132458', '132458', '2010-05-21 07:26:30.0', '132458', '2010-05-21 07:26:30.0');
INSERT INTO resource_info (resource_id, resource_info_type_id, value, create_user, create_date, modify_user, modify_date)
VALUES ('831', '2', 'user', '132458', '2010-05-21 07:26:30.0', '132458', '2010-05-21 07:26:30.0');
--  Data for user_role
INSERT INTO user_role (user_role_id, comp_vers_id, role_id, login_id, description)
VALUES ('1664', '1663', '1', '132458', '');
--  Data for word_search
INSERT INTO word_search (word_search_id, document_id, index_word, nbr_occurrences)
VALUES ('1667', '1661', 'ever                                                                                                ', '2');
INSERT INTO word_search (word_search_id, document_id, index_word, nbr_occurrences)
VALUES ('1668', '1661', 'component                                                                                           ', '4');
INSERT INTO word_search (word_search_id, document_id, index_word, nbr_occurrences)
VALUES ('1669', '1661', 'coolest                                                                                             ', '2');
INSERT INTO word_search (word_search_id, document_id, index_word, nbr_occurrences)
VALUES ('1670', '1661', 'design                                                    ', '2');
--  Data for word_search_ctgy
INSERT INTO word_search_ctgy (word_srch_ctgy_id, category_id, document_id)
VALUES ('1666', 'DDECATALOG                                        ', '1661');
--  Data for word_search_doc
INSERT INTO word_search_doc (document_id)
VALUES ('1661');
-- Data for project
INSERT INTO project (project_id, project_status_id, project_category_id, create_user, create_date, modify_user, modify_date)
VALUES ('841', '2', '2', '132456', '2010-05-21 07:26:30.0', '132456', '2010-05-21 07:26:30.0');
--  Data for project_info
INSERT INTO project_info (project_id, project_info_type_id, value, create_user, create_date, modify_user, modify_date)
VALUES ('841', '1', '1683', '132456', '2010-05-21 07:26:30.0', '132456', '2010-05-21 07:26:30.0');
INSERT INTO project_info (project_id, project_info_type_id, value, create_user, create_date, modify_user, modify_date)
VALUES ('841', '2', '1681', '132456', '2010-05-21 07:26:30.0', '132456', '2010-05-21 07:26:30.0');
INSERT INTO project_info (project_id, project_info_type_id, value, create_user, create_date, modify_user, modify_date)
VALUES ('841', '3', '1', '132456', '2010-05-21 07:26:30.0', '132456', '2010-05-21 07:26:30.0');
INSERT INTO project_info (project_id, project_info_type_id, value, create_user, create_date, modify_user, modify_date)
VALUES ('841', '4', '0', '132456', '2010-05-21 07:26:30.0', '132456', '2010-05-21 07:26:30.0');
INSERT INTO project_info (project_id, project_info_type_id, value, create_user, create_date, modify_user, modify_date)
VALUES ('841', '5', '5801777', '132456', '2010-05-21 07:26:30.0', '132456', '2010-05-21 07:26:30.0');
INSERT INTO project_info (project_id, project_info_type_id, value, create_user, create_date, modify_user, modify_date)
VALUES ('841', '6', 'Component 85', '132456', '2010-05-21 07:26:30.0', '132456', '2010-05-21 07:26:30.0');
INSERT INTO project_info (project_id, project_info_type_id, value, create_user, create_date, modify_user, modify_date)
VALUES ('841', '7', '1.0                 ', '132456', '2010-05-21 07:26:30.0', '132456', '2010-05-21 07:26:30.0');
INSERT INTO project_info (project_id, project_info_type_id, value, create_user, create_date, modify_user, modify_date)
VALUES ('841', '9', 'Off', '132456', '2010-05-21 07:26:30.0', '132456', '2010-05-21 07:26:30.0');
INSERT INTO project_info (project_id, project_info_type_id, value, create_user, create_date, modify_user, modify_date)
VALUES ('841', '10', 'On', '132456', '2010-05-21 07:26:30.0', '132456', '2010-05-21 07:26:30.0');
INSERT INTO project_info (project_id, project_info_type_id, value, create_user, create_date, modify_user, modify_date)
VALUES ('841', '11', 'On', '132456', '2010-05-21 07:26:30.0', '132456', '2010-05-21 07:26:30.0');
INSERT INTO project_info (project_id, project_info_type_id, value, create_user, create_date, modify_user, modify_date)
VALUES ('841', '12', 'Yes', '132456', '2010-05-21 07:26:30.0', '132456', '2010-05-21 07:26:30.0');
INSERT INTO project_info (project_id, project_info_type_id, value, create_user, create_date, modify_user, modify_date)
VALUES ('841', '13', 'Yes', '132456', '2010-05-21 07:26:30.0', '132456', '2010-05-21 07:26:30.0');
INSERT INTO project_info (project_id, project_info_type_id, value, create_user, create_date, modify_user, modify_date)
VALUES ('841', '14', 'Open', '132456', '2010-05-21 07:26:30.0', '132456', '2010-05-21 07:26:30.0');
INSERT INTO project_info (project_id, project_info_type_id, value, create_user, create_date, modify_user, modify_date)
VALUES ('841', '16', '0.0', '132456', '2010-05-21 07:26:30.0', '132456', '2010-05-21 07:26:30.0');
INSERT INTO project_info (project_id, project_info_type_id, value, create_user, create_date, modify_user, modify_date)
VALUES ('841', '26', 'On', '132456', '2010-05-21 07:26:30.0', '132456', '2010-05-21 07:26:30.0');
INSERT INTO project_info (project_id, project_info_type_id, value, create_user, create_date, modify_user, modify_date)
VALUES ('841', '29', 'On', '132456', '2010-05-21 07:26:30.0', '132456', '2010-05-21 07:26:30.0');
INSERT INTO project_info (project_id, project_info_type_id, value, create_user, create_date, modify_user, modify_date)
VALUES ('841', '41', 'true', '132456', '2010-05-21 07:26:30.0', '132456', '2010-05-21 07:26:30.0');
INSERT INTO project_info (project_id, project_info_type_id, value, create_user, create_date, modify_user, modify_date)
VALUES ('841', '43', 'true', '132456', '2010-05-21 07:26:30.0', '132456', '2010-05-21 07:26:30.0');
--  Data for project_phase
INSERT INTO project_phase (project_phase_id, project_id, phase_type_id, phase_status_id, fixed_start_time, scheduled_start_time, scheduled_end_time, actual_start_time, actual_end_time, duration, create_user, create_date, modify_user, modify_date)
VALUES ('841', '841', '1', '1', '2010-05-27 09:00:00.0', '2010-05-27 09:00:00.0', '2010-06-01 09:00:00.0', NULL, NULL, '259200000', '132456', '2010-05-21 07:26:30.0', '132456', '2010-05-21 07:26:30.0');
INSERT INTO project_phase (project_phase_id, project_id, phase_type_id, phase_status_id, fixed_start_time, scheduled_start_time, scheduled_end_time, actual_start_time, actual_end_time, duration, create_user, create_date, modify_user, modify_date)
VALUES ('842', '841', '2', '1', '2010-05-27 09:00:00.0', '2010-05-27 09:00:00.0', '2010-06-07 09:00:00.0', NULL, NULL, '604800000', '132456', '2010-05-21 07:26:30.0', '132456', '2010-05-21 07:26:30.0');
INSERT INTO project_phase (project_phase_id, project_id, phase_type_id, phase_status_id, fixed_start_time, scheduled_start_time, scheduled_end_time, actual_start_time, actual_end_time, duration, create_user, create_date, modify_user, modify_date)
VALUES ('843', '841', '3', '1', '2010-06-07 09:00:00.0', '2010-06-07 09:00:00.0', '2010-06-08 09:00:00.0', NULL, NULL, '86400000', '132456', '2010-05-21 07:26:30.0', '132456', '2010-05-21 07:26:30.0');
INSERT INTO project_phase (project_phase_id, project_id, phase_type_id, phase_status_id, fixed_start_time, scheduled_start_time, scheduled_end_time, actual_start_time, actual_end_time, duration, create_user, create_date, modify_user, modify_date)
VALUES ('844', '841', '4', '1', '2010-06-08 09:00:00.0', '2010-06-08 09:00:00.0', '2010-06-14 09:00:00.0', NULL, NULL, '345600000', '132456', '2010-05-21 07:26:30.0', '132456', '2010-05-21 07:26:30.0');
INSERT INTO project_phase (project_phase_id, project_id, phase_type_id, phase_status_id, fixed_start_time, scheduled_start_time, scheduled_end_time, actual_start_time, actual_end_time, duration, create_user, create_date, modify_user, modify_date)
VALUES ('845', '841', '5', '1', '2010-06-14 09:00:00.0', '2010-06-14 09:00:00.0', '2010-06-15 09:00:00.0', NULL, NULL, '86400000', '132456', '2010-05-21 07:26:30.0', '132456', '2010-05-21 07:26:30.0');
INSERT INTO project_phase (project_phase_id, project_id, phase_type_id, phase_status_id, fixed_start_time, scheduled_start_time, scheduled_end_time, actual_start_time, actual_end_time, duration, create_user, create_date, modify_user, modify_date)
VALUES ('846', '841', '6', '1', '2010-06-15 09:00:00.0', '2010-06-15 09:00:00.0', '2010-06-16 09:00:00.0', NULL, NULL, '86400000', '132456', '2010-05-21 07:26:30.0', '132456', '2010-05-21 07:26:30.0');
INSERT INTO project_phase (project_phase_id, project_id, phase_type_id, phase_status_id, fixed_start_time, scheduled_start_time, scheduled_end_time, actual_start_time, actual_end_time, duration, create_user, create_date, modify_user, modify_date)
VALUES ('847', '841', '7', '1', '2010-06-16 09:00:00.0', '2010-06-16 09:00:00.0', '2010-06-16 21:00:00.0', NULL, NULL, '43200000', '132456', '2010-05-21 07:26:30.0', '132456', '2010-05-21 07:26:30.0');
INSERT INTO project_phase (project_phase_id, project_id, phase_type_id, phase_status_id, fixed_start_time, scheduled_start_time, scheduled_end_time, actual_start_time, actual_end_time, duration, create_user, create_date, modify_user, modify_date)
VALUES ('848', '841', '8', '1', '2010-06-16 21:00:00.0', '2010-06-16 21:00:00.0', '2010-06-17 09:00:00.0', NULL, NULL, '43200000', '132456', '2010-05-21 07:26:30.0', '132456', '2010-05-21 07:26:30.0');
INSERT INTO project_phase (project_phase_id, project_id, phase_type_id, phase_status_id, fixed_start_time, scheduled_start_time, scheduled_end_time, actual_start_time, actual_end_time, duration, create_user, create_date, modify_user, modify_date)
VALUES ('849', '841', '9', '1', '2010-06-17 09:00:00.0', '2010-06-17 09:00:00.0', '2010-06-22 09:00:00.0', NULL, NULL, '259200000', '132456', '2010-05-21 07:26:30.0', '132456', '2010-05-21 07:26:30.0');
INSERT INTO project_phase (project_phase_id, project_id, phase_type_id, phase_status_id, fixed_start_time, scheduled_start_time, scheduled_end_time, actual_start_time, actual_end_time, duration, create_user, create_date, modify_user, modify_date)
VALUES ('850', '841', '10', '1', '2010-06-22 09:00:00.0', '2010-06-22 09:00:00.0', '2010-06-23 09:00:00.0', NULL, NULL, '86400000', '132456', '2010-05-21 07:26:30.0', '132456', '2010-05-21 07:26:30.0');
--  Data for comp_catalog
INSERT INTO comp_catalog (component_id, current_version, short_desc, component_name, description, function_desc, create_time, status_id, root_category_id, modify_date, public_ind)
VALUES ('1681', '1', 'Coolest component ever', 'Component 85', 'Coolest component ever', 'Component', '2010-05-21 07:20:14.48', '102', '5801777', '2010-05-21 07:23:44.0', '0');
--  Data for comp_versions
INSERT INTO comp_versions (comp_vers_id, component_id, version, version_text, create_time, phase_id, phase_time, price, comments, modify_date,
                           suspended_ind)
VALUES ('1683', '1681', '1', '1.0                 ', '2010-05-21 07:20:14.48', '112', '1976-05-04 00:00:00.0', '1000.00', 'Cool', '2010-05-21 07:27:01.0', '0');
--  Data for comp_categories
INSERT INTO comp_categories (comp_categories_id, component_id, category_id)
VALUES ('1685', '1681', '11');
--  Data for comp_keywords
INSERT INTO comp_keywords (comp_keywords_id, component_id, keyword)
VALUES ('1691', '1681', 'development');
--  Data for comp_technology
INSERT INTO comp_technology (comp_tech_id, comp_vers_id, technology_type_id)
VALUES ('1692', '1683', '1');
--  Data for comp_documentation
INSERT INTO comp_documentation (document_id, comp_vers_id, document_type_id, document_name, url)
VALUES ('1693', '1683', '0', 'Requirements Specification', '1681/1683/MQTTBroker_Requirements_Specification.pdf');
--  Data for comp_jive_category_xref
INSERT INTO comp_jive_category_xref (comp_vers_id, jive_category_id)
VALUES ('1683', '0');
--  Data for comp_version_dates
INSERT INTO comp_version_dates (comp_version_dates_id, comp_vers_id, phase_id, posting_date, initial_submission_date, winner_announced_date, final_submission_date,
                                estimated_dev_date, price, total_submissions, status_id, create_time, level_id, screening_complete_date, review_complete_date,
                                aggregation_complete_date, phase_complete_date, production_date, aggregation_complete_date_comment, phase_complete_date_comment,
                                review_complete_date_comment, winner_announced_date_comment, initial_submission_date_comment, screening_complete_date_comment,
                                final_submission_date_comment, production_date_comment, modify_date)
VALUES ('1694', '1683', '112', '1976-05-05', '2000-01-01', '2000-01-01', 
        '2000-01-01', '2000-01-01', NULL, '0', '301', '2010-05-21 07:27:01.0', '100', '2000-01-01',
        '2000-01-01', '2000-01-01', '2000-01-01', '2010-12-01', 
        NULL, NULL, NULL, NULL, NULL, NULL, NULL, '', '2010-05-21 07:27:01.0');
--  Data for phase_criteria
INSERT INTO phase_criteria (project_phase_id, phase_criteria_type_id, parameter, create_user, create_date, modify_user, modify_date)
VALUES ('841', '2', '0', '132456', '2010-05-21 07:26:30.0', '132456', '2010-05-21 07:26:30.0');
INSERT INTO phase_criteria (project_phase_id, phase_criteria_type_id, parameter, create_user, create_date, modify_user, modify_date)
VALUES ('841', '5', 'No', '132456', '2010-05-21 07:26:30.0', '132456', '2010-05-21 07:26:30.0');
INSERT INTO phase_criteria (project_phase_id, phase_criteria_type_id, parameter, create_user, create_date, modify_user, modify_date)
VALUES ('842', '3', '0', '132456', '2010-05-21 07:26:30.0', '132456', '2010-05-21 07:26:30.0');
INSERT INTO phase_criteria (project_phase_id, phase_criteria_type_id, parameter, create_user, create_date, modify_user, modify_date)
VALUES ('842', '5', 'No', '132456', '2010-05-21 07:26:30.0', '132456', '2010-05-21 07:26:30.0');
INSERT INTO phase_criteria (project_phase_id, phase_criteria_type_id, parameter, create_user, create_date, modify_user, modify_date)
VALUES ('843', '5', 'No', '132456', '2010-05-21 07:26:30.0', '132456', '2010-05-21 07:26:30.0');
INSERT INTO phase_criteria (project_phase_id, phase_criteria_type_id, parameter, create_user, create_date, modify_user, modify_date)
VALUES ('843', '1', '30000410', '132456', '2010-05-21 07:26:30.0', '132456', '2010-05-21 07:26:30.0');
INSERT INTO phase_criteria (project_phase_id, phase_criteria_type_id, parameter, create_user, create_date, modify_user, modify_date)
VALUES ('844', '5', 'No', '132456', '2010-05-21 07:26:30.0', '132456', '2010-05-21 07:26:30.0');
INSERT INTO phase_criteria (project_phase_id, phase_criteria_type_id, parameter, create_user, create_date, modify_user, modify_date)
VALUES ('844', '1', '30000411', '132456', '2010-05-21 07:26:30.0', '132456', '2010-05-21 07:26:30.0');
INSERT INTO phase_criteria (project_phase_id, phase_criteria_type_id, parameter, create_user, create_date, modify_user, modify_date)
VALUES ('844', '6', '3', '132456', '2010-05-21 07:26:30.0', '132456', '2010-05-21 07:26:30.0');
INSERT INTO phase_criteria (project_phase_id, phase_criteria_type_id, parameter, create_user, create_date, modify_user, modify_date)
VALUES ('845', '5', 'No', '132456', '2010-05-21 07:26:30.0', '132456', '2010-05-21 07:26:30.0');
INSERT INTO phase_criteria (project_phase_id, phase_criteria_type_id, parameter, create_user, create_date, modify_user, modify_date)
VALUES ('845', '4', 'No', '132456', '2010-05-21 07:26:30.0', '132456', '2010-05-21 07:26:30.0');
INSERT INTO phase_criteria (project_phase_id, phase_criteria_type_id, parameter, create_user, create_date, modify_user, modify_date)
VALUES ('846', '5', 'No', '132456', '2010-05-21 07:26:30.0', '132456', '2010-05-21 07:26:30.0');
INSERT INTO phase_criteria (project_phase_id, phase_criteria_type_id, parameter, create_user, create_date, modify_user, modify_date)
VALUES ('847', '5', 'No', '132456', '2010-05-21 07:26:30.0', '132456', '2010-05-21 07:26:30.0');
INSERT INTO phase_criteria (project_phase_id, phase_criteria_type_id, parameter, create_user, create_date, modify_user, modify_date)
VALUES ('848', '5', 'No', '132456', '2010-05-21 07:26:30.0', '132456', '2010-05-21 07:26:30.0');
INSERT INTO phase_criteria (project_phase_id, phase_criteria_type_id, parameter, create_user, create_date, modify_user, modify_date)
VALUES ('849', '5', 'No', '132456', '2010-05-21 07:26:30.0', '132456', '2010-05-21 07:26:30.0');
INSERT INTO phase_criteria (project_phase_id, phase_criteria_type_id, parameter, create_user, create_date, modify_user, modify_date)
VALUES ('850', '5', 'No', '132456', '2010-05-21 07:26:30.0', '132456', '2010-05-21 07:26:30.0');
--  Data for phase_dependency
INSERT INTO phase_dependency (dependency_phase_id, dependent_phase_id, dependency_start, dependent_start, lag_time, create_user, create_date, modify_user, modify_date)
VALUES ('841', '842', '1', '1', '0', '132456', '2010-05-21 07:26:30.0', '132456', '2010-05-21 07:26:30.0');
INSERT INTO phase_dependency (dependency_phase_id, dependent_phase_id, dependency_start, dependent_start, lag_time, create_user, create_date, modify_user, modify_date)
VALUES ('842', '843', '0', '1', '0', '132456', '2010-05-21 07:26:30.0', '132456', '2010-05-21 07:26:30.0');
INSERT INTO phase_dependency (dependency_phase_id, dependent_phase_id, dependency_start, dependent_start, lag_time, create_user, create_date, modify_user, modify_date)
VALUES ('843', '844', '0', '1', '0', '132456', '2010-05-21 07:26:30.0', '132456', '2010-05-21 07:26:30.0');
INSERT INTO phase_dependency (dependency_phase_id, dependent_phase_id, dependency_start, dependent_start, lag_time, create_user, create_date, modify_user, modify_date)
VALUES ('844', '845', '0', '1', '0', '132456', '2010-05-21 07:26:30.0', '132456', '2010-05-21 07:26:30.0');
INSERT INTO phase_dependency (dependency_phase_id, dependent_phase_id, dependency_start, dependent_start, lag_time, create_user, create_date, modify_user, modify_date)
VALUES ('845', '846', '0', '1', '0', '132456', '2010-05-21 07:26:30.0', '132456', '2010-05-21 07:26:30.0');
INSERT INTO phase_dependency (dependency_phase_id, dependent_phase_id, dependency_start, dependent_start, lag_time, create_user, create_date, modify_user, modify_date)
VALUES ('846', '847', '0', '1', '0', '132456', '2010-05-21 07:26:30.0', '132456', '2010-05-21 07:26:30.0');
INSERT INTO phase_dependency (dependency_phase_id, dependent_phase_id, dependency_start, dependent_start, lag_time, create_user, create_date, modify_user, modify_date)
VALUES ('847', '848', '0', '1', '0', '132456', '2010-05-21 07:26:30.0', '132456', '2010-05-21 07:26:30.0');
INSERT INTO phase_dependency (dependency_phase_id, dependent_phase_id, dependency_start, dependent_start, lag_time, create_user, create_date, modify_user, modify_date)
VALUES ('848', '849', '0', '1', '0', '132456', '2010-05-21 07:26:30.0', '132456', '2010-05-21 07:26:30.0');
INSERT INTO phase_dependency (dependency_phase_id, dependent_phase_id, dependency_start, dependent_start, lag_time, create_user, create_date, modify_user, modify_date)
VALUES ('849', '850', '0', '1', '0', '132456', '2010-05-21 07:26:30.0', '132456', '2010-05-21 07:26:30.0');
--  Data for resource
INSERT INTO resource (resource_id, resource_role_id, project_id, project_phase_id, create_user, create_date, modify_user, modify_date)
VALUES ('841', '13', '841', NULL, '132456', '2010-05-21 07:26:30.0', '132456', '2010-05-21 07:26:30.0');
--  Data for resource_info
INSERT INTO resource_info (resource_id, resource_info_type_id, value, create_user, create_date, modify_user, modify_date)
VALUES ('841', '1', '132456', '132456', '2010-05-21 07:26:30.0', '132456', '2010-05-21 07:26:30.0');
INSERT INTO resource_info (resource_id, resource_info_type_id, value, create_user, create_date, modify_user, modify_date)
VALUES ('841', '2', 'heffan', '132456', '2010-05-21 07:26:30.0', '132456', '2010-05-21 07:26:30.0');
--  Data for user_role
INSERT INTO user_role (user_role_id, comp_vers_id, role_id, login_id, description)
VALUES ('1684', '1683', '1', '132456', '');
--  Data for word_search
INSERT INTO word_search (word_search_id, document_id, index_word, nbr_occurrences)
VALUES ('1687', '1681', 'ever                                                                                                ', '2');
INSERT INTO word_search (word_search_id, document_id, index_word, nbr_occurrences)
VALUES ('1688', '1681', 'component                                                                                           ', '4');
INSERT INTO word_search (word_search_id, document_id, index_word, nbr_occurrences)
VALUES ('1689', '1681', 'coolest                                                                                             ', '2');
INSERT INTO word_search (word_search_id, document_id, index_word, nbr_occurrences)
VALUES ('1690', '1681', 'development                                                    ', '2');
--  Data for word_search_ctgy
INSERT INTO word_search_ctgy (word_srch_ctgy_id, category_id, document_id)
VALUES ('1686', 'DDECATALOG                                        ', '1681');
--  Data for word_search_doc
INSERT INTO word_search_doc (document_id)
VALUES ('1681');
-- Data for project
INSERT INTO project (project_id, project_status_id, project_category_id, create_user, create_date, modify_user, modify_date)
VALUES ('851', '1', '1', '132458', '2010-05-21 07:26:30.0', '132458', '2010-05-21 07:26:30.0');
--  Data for project_info
INSERT INTO project_info (project_id, project_info_type_id, value, create_user, create_date, modify_user, modify_date)
VALUES ('851', '1', '1703', '132458', '2010-05-21 07:26:30.0', '132458', '2010-05-21 07:26:30.0');
INSERT INTO project_info (project_id, project_info_type_id, value, create_user, create_date, modify_user, modify_date)
VALUES ('851', '2', '1701', '132458', '2010-05-21 07:26:30.0', '132458', '2010-05-21 07:26:30.0');
INSERT INTO project_info (project_id, project_info_type_id, value, create_user, create_date, modify_user, modify_date)
VALUES ('851', '3', '1', '132458', '2010-05-21 07:26:30.0', '132458', '2010-05-21 07:26:30.0');
INSERT INTO project_info (project_id, project_info_type_id, value, create_user, create_date, modify_user, modify_date)
VALUES ('851', '4', '0', '132458', '2010-05-21 07:26:30.0', '132458', '2010-05-21 07:26:30.0');
INSERT INTO project_info (project_id, project_info_type_id, value, create_user, create_date, modify_user, modify_date)
VALUES ('851', '5', '5801776', '132458', '2010-05-21 07:26:30.0', '132458', '2010-05-21 07:26:30.0');
INSERT INTO project_info (project_id, project_info_type_id, value, create_user, create_date, modify_user, modify_date)
VALUES ('851', '6', 'Component 86', '132458', '2010-05-21 07:26:30.0', '132458', '2010-05-21 07:26:30.0');
INSERT INTO project_info (project_id, project_info_type_id, value, create_user, create_date, modify_user, modify_date)
VALUES ('851', '7', '1.0                 ', '132458', '2010-05-21 07:26:30.0', '132458', '2010-05-21 07:26:30.0');
INSERT INTO project_info (project_id, project_info_type_id, value, create_user, create_date, modify_user, modify_date)
VALUES ('851', '9', 'Off', '132458', '2010-05-21 07:26:30.0', '132458', '2010-05-21 07:26:30.0');
INSERT INTO project_info (project_id, project_info_type_id, value, create_user, create_date, modify_user, modify_date)
VALUES ('851', '10', 'On', '132458', '2010-05-21 07:26:30.0', '132458', '2010-05-21 07:26:30.0');
INSERT INTO project_info (project_id, project_info_type_id, value, create_user, create_date, modify_user, modify_date)
VALUES ('851', '11', 'On', '132458', '2010-05-21 07:26:30.0', '132458', '2010-05-21 07:26:30.0');
INSERT INTO project_info (project_id, project_info_type_id, value, create_user, create_date, modify_user, modify_date)
VALUES ('851', '12', 'Yes', '132458', '2010-05-21 07:26:30.0', '132458', '2010-05-21 07:26:30.0');
INSERT INTO project_info (project_id, project_info_type_id, value, create_user, create_date, modify_user, modify_date)
VALUES ('851', '13', 'Yes', '132458', '2010-05-21 07:26:30.0', '132458', '2010-05-21 07:26:30.0');
INSERT INTO project_info (project_id, project_info_type_id, value, create_user, create_date, modify_user, modify_date)
VALUES ('851', '14', 'Open', '132458', '2010-05-21 07:26:30.0', '132458', '2010-05-21 07:26:30.0');
INSERT INTO project_info (project_id, project_info_type_id, value, create_user, create_date, modify_user, modify_date)
VALUES ('851', '16', '0.0', '132458', '2010-05-21 07:26:30.0', '132458', '2010-05-21 07:26:30.0');
INSERT INTO project_info (project_id, project_info_type_id, value, create_user, create_date, modify_user, modify_date)
VALUES ('851', '26', 'On', '132458', '2010-05-21 07:26:30.0', '132458', '2010-05-21 07:26:30.0');
INSERT INTO project_info (project_id, project_info_type_id, value, create_user, create_date, modify_user, modify_date)
VALUES ('851', '29', 'On', '132458', '2010-05-21 07:26:30.0', '132458', '2010-05-21 07:26:30.0');
INSERT INTO project_info (project_id, project_info_type_id, value, create_user, create_date, modify_user, modify_date)
VALUES ('851', '41', 'true', '132458', '2010-05-21 07:26:30.0', '132458', '2010-05-21 07:26:30.0');
INSERT INTO project_info (project_id, project_info_type_id, value, create_user, create_date, modify_user, modify_date)
VALUES ('851', '43', 'true', '132458', '2010-05-21 07:26:30.0', '132458', '2010-05-21 07:26:30.0');
--  Data for project_phase
INSERT INTO project_phase (project_phase_id, project_id, phase_type_id, phase_status_id, fixed_start_time, scheduled_start_time, scheduled_end_time, actual_start_time, actual_end_time, duration, create_user, create_date, modify_user, modify_date)
VALUES ('851', '851', '1', '1', '2010-05-27 09:00:00.0', '2010-05-27 09:00:00.0', '2010-06-01 09:00:00.0', NULL, NULL, '259200000', '132458', '2010-05-21 07:26:30.0', '132458', '2010-05-21 07:26:30.0');
INSERT INTO project_phase (project_phase_id, project_id, phase_type_id, phase_status_id, fixed_start_time, scheduled_start_time, scheduled_end_time, actual_start_time, actual_end_time, duration, create_user, create_date, modify_user, modify_date)
VALUES ('852', '851', '2', '1', '2010-05-27 09:00:00.0', '2010-05-27 09:00:00.0', '2010-06-07 09:00:00.0', NULL, NULL, '604800000', '132458', '2010-05-21 07:26:30.0', '132458', '2010-05-21 07:26:30.0');
INSERT INTO project_phase (project_phase_id, project_id, phase_type_id, phase_status_id, fixed_start_time, scheduled_start_time, scheduled_end_time, actual_start_time, actual_end_time, duration, create_user, create_date, modify_user, modify_date)
VALUES ('853', '851', '3', '1', '2010-06-07 09:00:00.0', '2010-06-07 09:00:00.0', '2010-06-08 09:00:00.0', NULL, NULL, '86400000', '132458', '2010-05-21 07:26:30.0', '132458', '2010-05-21 07:26:30.0');
INSERT INTO project_phase (project_phase_id, project_id, phase_type_id, phase_status_id, fixed_start_time, scheduled_start_time, scheduled_end_time, actual_start_time, actual_end_time, duration, create_user, create_date, modify_user, modify_date)
VALUES ('854', '851', '4', '1', '2010-06-08 09:00:00.0', '2010-06-08 09:00:00.0', '2010-06-14 09:00:00.0', NULL, NULL, '345600000', '132458', '2010-05-21 07:26:30.0', '132458', '2010-05-21 07:26:30.0');
INSERT INTO project_phase (project_phase_id, project_id, phase_type_id, phase_status_id, fixed_start_time, scheduled_start_time, scheduled_end_time, actual_start_time, actual_end_time, duration, create_user, create_date, modify_user, modify_date)
VALUES ('855', '851', '5', '1', '2010-06-14 09:00:00.0', '2010-06-14 09:00:00.0', '2010-06-15 09:00:00.0', NULL, NULL, '86400000', '132458', '2010-05-21 07:26:30.0', '132458', '2010-05-21 07:26:30.0');
INSERT INTO project_phase (project_phase_id, project_id, phase_type_id, phase_status_id, fixed_start_time, scheduled_start_time, scheduled_end_time, actual_start_time, actual_end_time, duration, create_user, create_date, modify_user, modify_date)
VALUES ('856', '851', '6', '1', '2010-06-15 09:00:00.0', '2010-06-15 09:00:00.0', '2010-06-16 09:00:00.0', NULL, NULL, '86400000', '132458', '2010-05-21 07:26:30.0', '132458', '2010-05-21 07:26:30.0');
INSERT INTO project_phase (project_phase_id, project_id, phase_type_id, phase_status_id, fixed_start_time, scheduled_start_time, scheduled_end_time, actual_start_time, actual_end_time, duration, create_user, create_date, modify_user, modify_date)
VALUES ('857', '851', '7', '1', '2010-06-16 09:00:00.0', '2010-06-16 09:00:00.0', '2010-06-16 21:00:00.0', NULL, NULL, '43200000', '132458', '2010-05-21 07:26:30.0', '132458', '2010-05-21 07:26:30.0');
INSERT INTO project_phase (project_phase_id, project_id, phase_type_id, phase_status_id, fixed_start_time, scheduled_start_time, scheduled_end_time, actual_start_time, actual_end_time, duration, create_user, create_date, modify_user, modify_date)
VALUES ('858', '851', '8', '1', '2010-06-16 21:00:00.0', '2010-06-16 21:00:00.0', '2010-06-17 09:00:00.0', NULL, NULL, '43200000', '132458', '2010-05-21 07:26:30.0', '132458', '2010-05-21 07:26:30.0');
INSERT INTO project_phase (project_phase_id, project_id, phase_type_id, phase_status_id, fixed_start_time, scheduled_start_time, scheduled_end_time, actual_start_time, actual_end_time, duration, create_user, create_date, modify_user, modify_date)
VALUES ('859', '851', '9', '1', '2010-06-17 09:00:00.0', '2010-06-17 09:00:00.0', '2010-06-22 09:00:00.0', NULL, NULL, '259200000', '132458', '2010-05-21 07:26:30.0', '132458', '2010-05-21 07:26:30.0');
INSERT INTO project_phase (project_phase_id, project_id, phase_type_id, phase_status_id, fixed_start_time, scheduled_start_time, scheduled_end_time, actual_start_time, actual_end_time, duration, create_user, create_date, modify_user, modify_date)
VALUES ('860', '851', '10', '1', '2010-06-22 09:00:00.0', '2010-06-22 09:00:00.0', '2010-06-23 09:00:00.0', NULL, NULL, '86400000', '132458', '2010-05-21 07:26:30.0', '132458', '2010-05-21 07:26:30.0');
--  Data for comp_catalog
INSERT INTO comp_catalog (component_id, current_version, short_desc, component_name, description, function_desc, create_time, status_id, root_category_id, modify_date, public_ind)
VALUES ('1701', '1', 'Coolest component ever', 'Component 86', 'Coolest component ever', 'Component', '2010-05-21 07:20:14.48', '102', '5801776', '2010-05-21 07:23:44.0', '0');
--  Data for comp_versions
INSERT INTO comp_versions (comp_vers_id, component_id, version, version_text, create_time, phase_id, phase_time, price, comments, modify_date,
                           suspended_ind)
VALUES ('1703', '1701', '1', '1.0                 ', '2010-05-21 07:20:14.48', '112', '1976-05-04 00:00:00.0', '1000.00', 'Cool', '2010-05-21 07:27:01.0', '0');
--  Data for comp_categories
INSERT INTO comp_categories (comp_categories_id, component_id, category_id)
VALUES ('1705', '1701', '11');
--  Data for comp_keywords
INSERT INTO comp_keywords (comp_keywords_id, component_id, keyword)
VALUES ('1711', '1701', 'design');
--  Data for comp_technology
INSERT INTO comp_technology (comp_tech_id, comp_vers_id, technology_type_id)
VALUES ('1712', '1703', '1');
--  Data for comp_documentation
INSERT INTO comp_documentation (document_id, comp_vers_id, document_type_id, document_name, url)
VALUES ('1713', '1703', '0', 'Requirements Specification', '1701/1703/MQTTBroker_Requirements_Specification.pdf');
--  Data for comp_jive_category_xref
INSERT INTO comp_jive_category_xref (comp_vers_id, jive_category_id)
VALUES ('1703', '0');
--  Data for comp_version_dates
INSERT INTO comp_version_dates (comp_version_dates_id, comp_vers_id, phase_id, posting_date, initial_submission_date, winner_announced_date, final_submission_date,
                                estimated_dev_date, price, total_submissions, status_id, create_time, level_id, screening_complete_date, review_complete_date,
                                aggregation_complete_date, phase_complete_date, production_date, aggregation_complete_date_comment, phase_complete_date_comment,
                                review_complete_date_comment, winner_announced_date_comment, initial_submission_date_comment, screening_complete_date_comment,
                                final_submission_date_comment, production_date_comment, modify_date)
VALUES ('1714', '1703', '112', '1976-05-05', '2000-01-01', '2000-01-01', 
        '2000-01-01', '2000-01-01', NULL, '0', '301', '2010-05-21 07:27:01.0', '100', '2000-01-01',
        '2000-01-01', '2000-01-01', '2000-01-01', '2010-12-01', 
        NULL, NULL, NULL, NULL, NULL, NULL, NULL, '', '2010-05-21 07:27:01.0');
--  Data for phase_criteria
INSERT INTO phase_criteria (project_phase_id, phase_criteria_type_id, parameter, create_user, create_date, modify_user, modify_date)
VALUES ('851', '2', '0', '132458', '2010-05-21 07:26:30.0', '132458', '2010-05-21 07:26:30.0');
INSERT INTO phase_criteria (project_phase_id, phase_criteria_type_id, parameter, create_user, create_date, modify_user, modify_date)
VALUES ('851', '5', 'No', '132458', '2010-05-21 07:26:30.0', '132458', '2010-05-21 07:26:30.0');
INSERT INTO phase_criteria (project_phase_id, phase_criteria_type_id, parameter, create_user, create_date, modify_user, modify_date)
VALUES ('852', '3', '0', '132458', '2010-05-21 07:26:30.0', '132458', '2010-05-21 07:26:30.0');
INSERT INTO phase_criteria (project_phase_id, phase_criteria_type_id, parameter, create_user, create_date, modify_user, modify_date)
VALUES ('852', '5', 'No', '132458', '2010-05-21 07:26:30.0', '132458', '2010-05-21 07:26:30.0');
INSERT INTO phase_criteria (project_phase_id, phase_criteria_type_id, parameter, create_user, create_date, modify_user, modify_date)
VALUES ('853', '5', 'No', '132458', '2010-05-21 07:26:30.0', '132458', '2010-05-21 07:26:30.0');
INSERT INTO phase_criteria (project_phase_id, phase_criteria_type_id, parameter, create_user, create_date, modify_user, modify_date)
VALUES ('853', '1', '30000410', '132458', '2010-05-21 07:26:30.0', '132458', '2010-05-21 07:26:30.0');
INSERT INTO phase_criteria (project_phase_id, phase_criteria_type_id, parameter, create_user, create_date, modify_user, modify_date)
VALUES ('854', '5', 'No', '132458', '2010-05-21 07:26:30.0', '132458', '2010-05-21 07:26:30.0');
INSERT INTO phase_criteria (project_phase_id, phase_criteria_type_id, parameter, create_user, create_date, modify_user, modify_date)
VALUES ('854', '1', '30000411', '132458', '2010-05-21 07:26:30.0', '132458', '2010-05-21 07:26:30.0');
INSERT INTO phase_criteria (project_phase_id, phase_criteria_type_id, parameter, create_user, create_date, modify_user, modify_date)
VALUES ('854', '6', '3', '132458', '2010-05-21 07:26:30.0', '132458', '2010-05-21 07:26:30.0');
INSERT INTO phase_criteria (project_phase_id, phase_criteria_type_id, parameter, create_user, create_date, modify_user, modify_date)
VALUES ('855', '5', 'No', '132458', '2010-05-21 07:26:30.0', '132458', '2010-05-21 07:26:30.0');
INSERT INTO phase_criteria (project_phase_id, phase_criteria_type_id, parameter, create_user, create_date, modify_user, modify_date)
VALUES ('855', '4', 'No', '132458', '2010-05-21 07:26:30.0', '132458', '2010-05-21 07:26:30.0');
INSERT INTO phase_criteria (project_phase_id, phase_criteria_type_id, parameter, create_user, create_date, modify_user, modify_date)
VALUES ('856', '5', 'No', '132458', '2010-05-21 07:26:30.0', '132458', '2010-05-21 07:26:30.0');
INSERT INTO phase_criteria (project_phase_id, phase_criteria_type_id, parameter, create_user, create_date, modify_user, modify_date)
VALUES ('857', '5', 'No', '132458', '2010-05-21 07:26:30.0', '132458', '2010-05-21 07:26:30.0');
INSERT INTO phase_criteria (project_phase_id, phase_criteria_type_id, parameter, create_user, create_date, modify_user, modify_date)
VALUES ('858', '5', 'No', '132458', '2010-05-21 07:26:30.0', '132458', '2010-05-21 07:26:30.0');
INSERT INTO phase_criteria (project_phase_id, phase_criteria_type_id, parameter, create_user, create_date, modify_user, modify_date)
VALUES ('859', '5', 'No', '132458', '2010-05-21 07:26:30.0', '132458', '2010-05-21 07:26:30.0');
INSERT INTO phase_criteria (project_phase_id, phase_criteria_type_id, parameter, create_user, create_date, modify_user, modify_date)
VALUES ('860', '5', 'No', '132458', '2010-05-21 07:26:30.0', '132458', '2010-05-21 07:26:30.0');
--  Data for phase_dependency
INSERT INTO phase_dependency (dependency_phase_id, dependent_phase_id, dependency_start, dependent_start, lag_time, create_user, create_date, modify_user, modify_date)
VALUES ('851', '852', '1', '1', '0', '132458', '2010-05-21 07:26:30.0', '132458', '2010-05-21 07:26:30.0');
INSERT INTO phase_dependency (dependency_phase_id, dependent_phase_id, dependency_start, dependent_start, lag_time, create_user, create_date, modify_user, modify_date)
VALUES ('852', '853', '0', '1', '0', '132458', '2010-05-21 07:26:30.0', '132458', '2010-05-21 07:26:30.0');
INSERT INTO phase_dependency (dependency_phase_id, dependent_phase_id, dependency_start, dependent_start, lag_time, create_user, create_date, modify_user, modify_date)
VALUES ('853', '854', '0', '1', '0', '132458', '2010-05-21 07:26:30.0', '132458', '2010-05-21 07:26:30.0');
INSERT INTO phase_dependency (dependency_phase_id, dependent_phase_id, dependency_start, dependent_start, lag_time, create_user, create_date, modify_user, modify_date)
VALUES ('854', '855', '0', '1', '0', '132458', '2010-05-21 07:26:30.0', '132458', '2010-05-21 07:26:30.0');
INSERT INTO phase_dependency (dependency_phase_id, dependent_phase_id, dependency_start, dependent_start, lag_time, create_user, create_date, modify_user, modify_date)
VALUES ('855', '856', '0', '1', '0', '132458', '2010-05-21 07:26:30.0', '132458', '2010-05-21 07:26:30.0');
INSERT INTO phase_dependency (dependency_phase_id, dependent_phase_id, dependency_start, dependent_start, lag_time, create_user, create_date, modify_user, modify_date)
VALUES ('856', '857', '0', '1', '0', '132458', '2010-05-21 07:26:30.0', '132458', '2010-05-21 07:26:30.0');
INSERT INTO phase_dependency (dependency_phase_id, dependent_phase_id, dependency_start, dependent_start, lag_time, create_user, create_date, modify_user, modify_date)
VALUES ('857', '858', '0', '1', '0', '132458', '2010-05-21 07:26:30.0', '132458', '2010-05-21 07:26:30.0');
INSERT INTO phase_dependency (dependency_phase_id, dependent_phase_id, dependency_start, dependent_start, lag_time, create_user, create_date, modify_user, modify_date)
VALUES ('858', '859', '0', '1', '0', '132458', '2010-05-21 07:26:30.0', '132458', '2010-05-21 07:26:30.0');
INSERT INTO phase_dependency (dependency_phase_id, dependent_phase_id, dependency_start, dependent_start, lag_time, create_user, create_date, modify_user, modify_date)
VALUES ('859', '860', '0', '1', '0', '132458', '2010-05-21 07:26:30.0', '132458', '2010-05-21 07:26:30.0');
--  Data for resource
INSERT INTO resource (resource_id, resource_role_id, project_id, project_phase_id, create_user, create_date, modify_user, modify_date)
VALUES ('851', '13', '851', NULL, '132458', '2010-05-21 07:26:30.0', '132458', '2010-05-21 07:26:30.0');
--  Data for resource_info
INSERT INTO resource_info (resource_id, resource_info_type_id, value, create_user, create_date, modify_user, modify_date)
VALUES ('851', '1', '132458', '132458', '2010-05-21 07:26:30.0', '132458', '2010-05-21 07:26:30.0');
INSERT INTO resource_info (resource_id, resource_info_type_id, value, create_user, create_date, modify_user, modify_date)
VALUES ('851', '2', 'user', '132458', '2010-05-21 07:26:30.0', '132458', '2010-05-21 07:26:30.0');
--  Data for user_role
INSERT INTO user_role (user_role_id, comp_vers_id, role_id, login_id, description)
VALUES ('1704', '1703', '1', '132458', '');
--  Data for word_search
INSERT INTO word_search (word_search_id, document_id, index_word, nbr_occurrences)
VALUES ('1707', '1701', 'ever                                                                                                ', '2');
INSERT INTO word_search (word_search_id, document_id, index_word, nbr_occurrences)
VALUES ('1708', '1701', 'component                                                                                           ', '4');
INSERT INTO word_search (word_search_id, document_id, index_word, nbr_occurrences)
VALUES ('1709', '1701', 'coolest                                                                                             ', '2');
INSERT INTO word_search (word_search_id, document_id, index_word, nbr_occurrences)
VALUES ('1710', '1701', 'design                                                    ', '2');
--  Data for word_search_ctgy
INSERT INTO word_search_ctgy (word_srch_ctgy_id, category_id, document_id)
VALUES ('1706', 'DDECATALOG                                        ', '1701');
--  Data for word_search_doc
INSERT INTO word_search_doc (document_id)
VALUES ('1701');
-- Data for project
INSERT INTO project (project_id, project_status_id, project_category_id, create_user, create_date, modify_user, modify_date)
VALUES ('861', '2', '7', '132458', '2010-05-21 07:26:30.0', '132458', '2010-05-21 07:26:30.0');
--  Data for project_info
INSERT INTO project_info (project_id, project_info_type_id, value, create_user, create_date, modify_user, modify_date)
VALUES ('861', '1', '1723', '132458', '2010-05-21 07:26:30.0', '132458', '2010-05-21 07:26:30.0');
INSERT INTO project_info (project_id, project_info_type_id, value, create_user, create_date, modify_user, modify_date)
VALUES ('861', '2', '1721', '132458', '2010-05-21 07:26:30.0', '132458', '2010-05-21 07:26:30.0');
INSERT INTO project_info (project_id, project_info_type_id, value, create_user, create_date, modify_user, modify_date)
VALUES ('861', '3', '1', '132458', '2010-05-21 07:26:30.0', '132458', '2010-05-21 07:26:30.0');
INSERT INTO project_info (project_id, project_info_type_id, value, create_user, create_date, modify_user, modify_date)
VALUES ('861', '4', '0', '132458', '2010-05-21 07:26:30.0', '132458', '2010-05-21 07:26:30.0');
INSERT INTO project_info (project_id, project_info_type_id, value, create_user, create_date, modify_user, modify_date)
VALUES ('861', '5', '5801779', '132458', '2010-05-21 07:26:30.0', '132458', '2010-05-21 07:26:30.0');
INSERT INTO project_info (project_id, project_info_type_id, value, create_user, create_date, modify_user, modify_date)
VALUES ('861', '6', 'Component 87', '132458', '2010-05-21 07:26:30.0', '132458', '2010-05-21 07:26:30.0');
INSERT INTO project_info (project_id, project_info_type_id, value, create_user, create_date, modify_user, modify_date)
VALUES ('861', '7', '1.0                 ', '132458', '2010-05-21 07:26:30.0', '132458', '2010-05-21 07:26:30.0');
INSERT INTO project_info (project_id, project_info_type_id, value, create_user, create_date, modify_user, modify_date)
VALUES ('861', '9', 'Off', '132458', '2010-05-21 07:26:30.0', '132458', '2010-05-21 07:26:30.0');
INSERT INTO project_info (project_id, project_info_type_id, value, create_user, create_date, modify_user, modify_date)
VALUES ('861', '10', 'On', '132458', '2010-05-21 07:26:30.0', '132458', '2010-05-21 07:26:30.0');
INSERT INTO project_info (project_id, project_info_type_id, value, create_user, create_date, modify_user, modify_date)
VALUES ('861', '11', 'On', '132458', '2010-05-21 07:26:30.0', '132458', '2010-05-21 07:26:30.0');
INSERT INTO project_info (project_id, project_info_type_id, value, create_user, create_date, modify_user, modify_date)
VALUES ('861', '12', 'Yes', '132458', '2010-05-21 07:26:30.0', '132458', '2010-05-21 07:26:30.0');
INSERT INTO project_info (project_id, project_info_type_id, value, create_user, create_date, modify_user, modify_date)
VALUES ('861', '13', 'Yes', '132458', '2010-05-21 07:26:30.0', '132458', '2010-05-21 07:26:30.0');
INSERT INTO project_info (project_id, project_info_type_id, value, create_user, create_date, modify_user, modify_date)
VALUES ('861', '14', 'Open', '132458', '2010-05-21 07:26:30.0', '132458', '2010-05-21 07:26:30.0');
INSERT INTO project_info (project_id, project_info_type_id, value, create_user, create_date, modify_user, modify_date)
VALUES ('861', '16', '0.0', '132458', '2010-05-21 07:26:30.0', '132458', '2010-05-21 07:26:30.0');
INSERT INTO project_info (project_id, project_info_type_id, value, create_user, create_date, modify_user, modify_date)
VALUES ('861', '26', 'On', '132458', '2010-05-21 07:26:30.0', '132458', '2010-05-21 07:26:30.0');
INSERT INTO project_info (project_id, project_info_type_id, value, create_user, create_date, modify_user, modify_date)
VALUES ('861', '29', 'On', '132458', '2010-05-21 07:26:30.0', '132458', '2010-05-21 07:26:30.0');
INSERT INTO project_info (project_id, project_info_type_id, value, create_user, create_date, modify_user, modify_date)
VALUES ('861', '41', 'true', '132458', '2010-05-21 07:26:30.0', '132458', '2010-05-21 07:26:30.0');
INSERT INTO project_info (project_id, project_info_type_id, value, create_user, create_date, modify_user, modify_date)
VALUES ('861', '43', 'true', '132458', '2010-05-21 07:26:30.0', '132458', '2010-05-21 07:26:30.0');
--  Data for project_phase
INSERT INTO project_phase (project_phase_id, project_id, phase_type_id, phase_status_id, fixed_start_time, scheduled_start_time, scheduled_end_time, actual_start_time, actual_end_time, duration, create_user, create_date, modify_user, modify_date)
VALUES ('861', '861', '1', '1', '2010-05-27 09:00:00.0', '2010-05-27 09:00:00.0', '2010-06-01 09:00:00.0', NULL, NULL, '259200000', '132458', '2010-05-21 07:26:30.0', '132458', '2010-05-21 07:26:30.0');
INSERT INTO project_phase (project_phase_id, project_id, phase_type_id, phase_status_id, fixed_start_time, scheduled_start_time, scheduled_end_time, actual_start_time, actual_end_time, duration, create_user, create_date, modify_user, modify_date)
VALUES ('862', '861', '2', '1', '2010-05-27 09:00:00.0', '2010-05-27 09:00:00.0', '2010-06-07 09:00:00.0', NULL, NULL, '604800000', '132458', '2010-05-21 07:26:30.0', '132458', '2010-05-21 07:26:30.0');
INSERT INTO project_phase (project_phase_id, project_id, phase_type_id, phase_status_id, fixed_start_time, scheduled_start_time, scheduled_end_time, actual_start_time, actual_end_time, duration, create_user, create_date, modify_user, modify_date)
VALUES ('863', '861', '3', '1', '2010-06-07 09:00:00.0', '2010-06-07 09:00:00.0', '2010-06-08 09:00:00.0', NULL, NULL, '86400000', '132458', '2010-05-21 07:26:30.0', '132458', '2010-05-21 07:26:30.0');
INSERT INTO project_phase (project_phase_id, project_id, phase_type_id, phase_status_id, fixed_start_time, scheduled_start_time, scheduled_end_time, actual_start_time, actual_end_time, duration, create_user, create_date, modify_user, modify_date)
VALUES ('864', '861', '4', '1', '2010-06-08 09:00:00.0', '2010-06-08 09:00:00.0', '2010-06-14 09:00:00.0', NULL, NULL, '345600000', '132458', '2010-05-21 07:26:30.0', '132458', '2010-05-21 07:26:30.0');
INSERT INTO project_phase (project_phase_id, project_id, phase_type_id, phase_status_id, fixed_start_time, scheduled_start_time, scheduled_end_time, actual_start_time, actual_end_time, duration, create_user, create_date, modify_user, modify_date)
VALUES ('865', '861', '5', '1', '2010-06-14 09:00:00.0', '2010-06-14 09:00:00.0', '2010-06-15 09:00:00.0', NULL, NULL, '86400000', '132458', '2010-05-21 07:26:30.0', '132458', '2010-05-21 07:26:30.0');
INSERT INTO project_phase (project_phase_id, project_id, phase_type_id, phase_status_id, fixed_start_time, scheduled_start_time, scheduled_end_time, actual_start_time, actual_end_time, duration, create_user, create_date, modify_user, modify_date)
VALUES ('866', '861', '6', '1', '2010-06-15 09:00:00.0', '2010-06-15 09:00:00.0', '2010-06-16 09:00:00.0', NULL, NULL, '86400000', '132458', '2010-05-21 07:26:30.0', '132458', '2010-05-21 07:26:30.0');
INSERT INTO project_phase (project_phase_id, project_id, phase_type_id, phase_status_id, fixed_start_time, scheduled_start_time, scheduled_end_time, actual_start_time, actual_end_time, duration, create_user, create_date, modify_user, modify_date)
VALUES ('867', '861', '7', '1', '2010-06-16 09:00:00.0', '2010-06-16 09:00:00.0', '2010-06-16 21:00:00.0', NULL, NULL, '43200000', '132458', '2010-05-21 07:26:30.0', '132458', '2010-05-21 07:26:30.0');
INSERT INTO project_phase (project_phase_id, project_id, phase_type_id, phase_status_id, fixed_start_time, scheduled_start_time, scheduled_end_time, actual_start_time, actual_end_time, duration, create_user, create_date, modify_user, modify_date)
VALUES ('868', '861', '8', '1', '2010-06-16 21:00:00.0', '2010-06-16 21:00:00.0', '2010-06-17 09:00:00.0', NULL, NULL, '43200000', '132458', '2010-05-21 07:26:30.0', '132458', '2010-05-21 07:26:30.0');
INSERT INTO project_phase (project_phase_id, project_id, phase_type_id, phase_status_id, fixed_start_time, scheduled_start_time, scheduled_end_time, actual_start_time, actual_end_time, duration, create_user, create_date, modify_user, modify_date)
VALUES ('869', '861', '9', '1', '2010-06-17 09:00:00.0', '2010-06-17 09:00:00.0', '2010-06-22 09:00:00.0', NULL, NULL, '259200000', '132458', '2010-05-21 07:26:30.0', '132458', '2010-05-21 07:26:30.0');
INSERT INTO project_phase (project_phase_id, project_id, phase_type_id, phase_status_id, fixed_start_time, scheduled_start_time, scheduled_end_time, actual_start_time, actual_end_time, duration, create_user, create_date, modify_user, modify_date)
VALUES ('870', '861', '10', '1', '2010-06-22 09:00:00.0', '2010-06-22 09:00:00.0', '2010-06-23 09:00:00.0', NULL, NULL, '86400000', '132458', '2010-05-21 07:26:30.0', '132458', '2010-05-21 07:26:30.0');
--  Data for comp_catalog
INSERT INTO comp_catalog (component_id, current_version, short_desc, component_name, description, function_desc, create_time, status_id, root_category_id, modify_date, public_ind)
VALUES ('1721', '1', 'Coolest component ever', 'Component 87', 'Coolest component ever', 'Component', '2010-05-21 07:20:14.48', '102', '5801779', '2010-05-21 07:23:44.0', '0');
--  Data for comp_versions
INSERT INTO comp_versions (comp_vers_id, component_id, version, version_text, create_time, phase_id, phase_time, price, comments, modify_date,
                           suspended_ind)
VALUES ('1723', '1721', '1', '1.0                 ', '2010-05-21 07:20:14.48', '112', '1976-05-04 00:00:00.0', '1000.00', 'Cool', '2010-05-21 07:27:01.0', '0');
--  Data for comp_categories
INSERT INTO comp_categories (comp_categories_id, component_id, category_id)
VALUES ('1725', '1721', '11');
--  Data for comp_keywords
INSERT INTO comp_keywords (comp_keywords_id, component_id, keyword)
VALUES ('1731', '1721', 'architecture');
--  Data for comp_technology
INSERT INTO comp_technology (comp_tech_id, comp_vers_id, technology_type_id)
VALUES ('1732', '1723', '1');
--  Data for comp_documentation
INSERT INTO comp_documentation (document_id, comp_vers_id, document_type_id, document_name, url)
VALUES ('1733', '1723', '0', 'Requirements Specification', '1721/1723/MQTTBroker_Requirements_Specification.pdf');
--  Data for comp_jive_category_xref
INSERT INTO comp_jive_category_xref (comp_vers_id, jive_category_id)
VALUES ('1723', '0');
--  Data for comp_version_dates
INSERT INTO comp_version_dates (comp_version_dates_id, comp_vers_id, phase_id, posting_date, initial_submission_date, winner_announced_date, final_submission_date,
                                estimated_dev_date, price, total_submissions, status_id, create_time, level_id, screening_complete_date, review_complete_date,
                                aggregation_complete_date, phase_complete_date, production_date, aggregation_complete_date_comment, phase_complete_date_comment,
                                review_complete_date_comment, winner_announced_date_comment, initial_submission_date_comment, screening_complete_date_comment,
                                final_submission_date_comment, production_date_comment, modify_date)
VALUES ('1734', '1723', '112', '1976-05-05', '2000-01-01', '2000-01-01', 
        '2000-01-01', '2000-01-01', NULL, '0', '301', '2010-05-21 07:27:01.0', '100', '2000-01-01',
        '2000-01-01', '2000-01-01', '2000-01-01', '2010-12-01', 
        NULL, NULL, NULL, NULL, NULL, NULL, NULL, '', '2010-05-21 07:27:01.0');
--  Data for phase_criteria
INSERT INTO phase_criteria (project_phase_id, phase_criteria_type_id, parameter, create_user, create_date, modify_user, modify_date)
VALUES ('861', '2', '0', '132458', '2010-05-21 07:26:30.0', '132458', '2010-05-21 07:26:30.0');
INSERT INTO phase_criteria (project_phase_id, phase_criteria_type_id, parameter, create_user, create_date, modify_user, modify_date)
VALUES ('861', '5', 'No', '132458', '2010-05-21 07:26:30.0', '132458', '2010-05-21 07:26:30.0');
INSERT INTO phase_criteria (project_phase_id, phase_criteria_type_id, parameter, create_user, create_date, modify_user, modify_date)
VALUES ('862', '3', '0', '132458', '2010-05-21 07:26:30.0', '132458', '2010-05-21 07:26:30.0');
INSERT INTO phase_criteria (project_phase_id, phase_criteria_type_id, parameter, create_user, create_date, modify_user, modify_date)
VALUES ('862', '5', 'No', '132458', '2010-05-21 07:26:30.0', '132458', '2010-05-21 07:26:30.0');
INSERT INTO phase_criteria (project_phase_id, phase_criteria_type_id, parameter, create_user, create_date, modify_user, modify_date)
VALUES ('863', '5', 'No', '132458', '2010-05-21 07:26:30.0', '132458', '2010-05-21 07:26:30.0');
INSERT INTO phase_criteria (project_phase_id, phase_criteria_type_id, parameter, create_user, create_date, modify_user, modify_date)
VALUES ('863', '1', '30000410', '132458', '2010-05-21 07:26:30.0', '132458', '2010-05-21 07:26:30.0');
INSERT INTO phase_criteria (project_phase_id, phase_criteria_type_id, parameter, create_user, create_date, modify_user, modify_date)
VALUES ('864', '5', 'No', '132458', '2010-05-21 07:26:30.0', '132458', '2010-05-21 07:26:30.0');
INSERT INTO phase_criteria (project_phase_id, phase_criteria_type_id, parameter, create_user, create_date, modify_user, modify_date)
VALUES ('864', '1', '30000411', '132458', '2010-05-21 07:26:30.0', '132458', '2010-05-21 07:26:30.0');
INSERT INTO phase_criteria (project_phase_id, phase_criteria_type_id, parameter, create_user, create_date, modify_user, modify_date)
VALUES ('864', '6', '3', '132458', '2010-05-21 07:26:30.0', '132458', '2010-05-21 07:26:30.0');
INSERT INTO phase_criteria (project_phase_id, phase_criteria_type_id, parameter, create_user, create_date, modify_user, modify_date)
VALUES ('865', '5', 'No', '132458', '2010-05-21 07:26:30.0', '132458', '2010-05-21 07:26:30.0');
INSERT INTO phase_criteria (project_phase_id, phase_criteria_type_id, parameter, create_user, create_date, modify_user, modify_date)
VALUES ('865', '4', 'No', '132458', '2010-05-21 07:26:30.0', '132458', '2010-05-21 07:26:30.0');
INSERT INTO phase_criteria (project_phase_id, phase_criteria_type_id, parameter, create_user, create_date, modify_user, modify_date)
VALUES ('866', '5', 'No', '132458', '2010-05-21 07:26:30.0', '132458', '2010-05-21 07:26:30.0');
INSERT INTO phase_criteria (project_phase_id, phase_criteria_type_id, parameter, create_user, create_date, modify_user, modify_date)
VALUES ('867', '5', 'No', '132458', '2010-05-21 07:26:30.0', '132458', '2010-05-21 07:26:30.0');
INSERT INTO phase_criteria (project_phase_id, phase_criteria_type_id, parameter, create_user, create_date, modify_user, modify_date)
VALUES ('868', '5', 'No', '132458', '2010-05-21 07:26:30.0', '132458', '2010-05-21 07:26:30.0');
INSERT INTO phase_criteria (project_phase_id, phase_criteria_type_id, parameter, create_user, create_date, modify_user, modify_date)
VALUES ('869', '5', 'No', '132458', '2010-05-21 07:26:30.0', '132458', '2010-05-21 07:26:30.0');
INSERT INTO phase_criteria (project_phase_id, phase_criteria_type_id, parameter, create_user, create_date, modify_user, modify_date)
VALUES ('870', '5', 'No', '132458', '2010-05-21 07:26:30.0', '132458', '2010-05-21 07:26:30.0');
--  Data for phase_dependency
INSERT INTO phase_dependency (dependency_phase_id, dependent_phase_id, dependency_start, dependent_start, lag_time, create_user, create_date, modify_user, modify_date)
VALUES ('861', '862', '1', '1', '0', '132458', '2010-05-21 07:26:30.0', '132458', '2010-05-21 07:26:30.0');
INSERT INTO phase_dependency (dependency_phase_id, dependent_phase_id, dependency_start, dependent_start, lag_time, create_user, create_date, modify_user, modify_date)
VALUES ('862', '863', '0', '1', '0', '132458', '2010-05-21 07:26:30.0', '132458', '2010-05-21 07:26:30.0');
INSERT INTO phase_dependency (dependency_phase_id, dependent_phase_id, dependency_start, dependent_start, lag_time, create_user, create_date, modify_user, modify_date)
VALUES ('863', '864', '0', '1', '0', '132458', '2010-05-21 07:26:30.0', '132458', '2010-05-21 07:26:30.0');
INSERT INTO phase_dependency (dependency_phase_id, dependent_phase_id, dependency_start, dependent_start, lag_time, create_user, create_date, modify_user, modify_date)
VALUES ('864', '865', '0', '1', '0', '132458', '2010-05-21 07:26:30.0', '132458', '2010-05-21 07:26:30.0');
INSERT INTO phase_dependency (dependency_phase_id, dependent_phase_id, dependency_start, dependent_start, lag_time, create_user, create_date, modify_user, modify_date)
VALUES ('865', '866', '0', '1', '0', '132458', '2010-05-21 07:26:30.0', '132458', '2010-05-21 07:26:30.0');
INSERT INTO phase_dependency (dependency_phase_id, dependent_phase_id, dependency_start, dependent_start, lag_time, create_user, create_date, modify_user, modify_date)
VALUES ('866', '867', '0', '1', '0', '132458', '2010-05-21 07:26:30.0', '132458', '2010-05-21 07:26:30.0');
INSERT INTO phase_dependency (dependency_phase_id, dependent_phase_id, dependency_start, dependent_start, lag_time, create_user, create_date, modify_user, modify_date)
VALUES ('867', '868', '0', '1', '0', '132458', '2010-05-21 07:26:30.0', '132458', '2010-05-21 07:26:30.0');
INSERT INTO phase_dependency (dependency_phase_id, dependent_phase_id, dependency_start, dependent_start, lag_time, create_user, create_date, modify_user, modify_date)
VALUES ('868', '869', '0', '1', '0', '132458', '2010-05-21 07:26:30.0', '132458', '2010-05-21 07:26:30.0');
INSERT INTO phase_dependency (dependency_phase_id, dependent_phase_id, dependency_start, dependent_start, lag_time, create_user, create_date, modify_user, modify_date)
VALUES ('869', '870', '0', '1', '0', '132458', '2010-05-21 07:26:30.0', '132458', '2010-05-21 07:26:30.0');
--  Data for resource
INSERT INTO resource (resource_id, resource_role_id, project_id, project_phase_id, create_user, create_date, modify_user, modify_date)
VALUES ('861', '13', '861', NULL, '132458', '2010-05-21 07:26:30.0', '132458', '2010-05-21 07:26:30.0');
--  Data for resource_info
INSERT INTO resource_info (resource_id, resource_info_type_id, value, create_user, create_date, modify_user, modify_date)
VALUES ('861', '1', '132458', '132458', '2010-05-21 07:26:30.0', '132458', '2010-05-21 07:26:30.0');
INSERT INTO resource_info (resource_id, resource_info_type_id, value, create_user, create_date, modify_user, modify_date)
VALUES ('861', '2', 'user', '132458', '2010-05-21 07:26:30.0', '132458', '2010-05-21 07:26:30.0');
--  Data for user_role
INSERT INTO user_role (user_role_id, comp_vers_id, role_id, login_id, description)
VALUES ('1724', '1723', '1', '132458', '');
--  Data for word_search
INSERT INTO word_search (word_search_id, document_id, index_word, nbr_occurrences)
VALUES ('1727', '1721', 'ever                                                                                                ', '2');
INSERT INTO word_search (word_search_id, document_id, index_word, nbr_occurrences)
VALUES ('1728', '1721', 'component                                                                                           ', '4');
INSERT INTO word_search (word_search_id, document_id, index_word, nbr_occurrences)
VALUES ('1729', '1721', 'coolest                                                                                             ', '2');
INSERT INTO word_search (word_search_id, document_id, index_word, nbr_occurrences)
VALUES ('1730', '1721', 'architecture                                                    ', '2');
--  Data for word_search_ctgy
INSERT INTO word_search_ctgy (word_srch_ctgy_id, category_id, document_id)
VALUES ('1726', 'DDECATALOG                                        ', '1721');
--  Data for word_search_doc
INSERT INTO word_search_doc (document_id)
VALUES ('1721');
-- Data for project
INSERT INTO project (project_id, project_status_id, project_category_id, create_user, create_date, modify_user, modify_date)
VALUES ('871', '2', '7', '132457', '2010-05-21 07:26:30.0', '132457', '2010-05-21 07:26:30.0');
--  Data for project_info
INSERT INTO project_info (project_id, project_info_type_id, value, create_user, create_date, modify_user, modify_date)
VALUES ('871', '1', '1743', '132457', '2010-05-21 07:26:30.0', '132457', '2010-05-21 07:26:30.0');
INSERT INTO project_info (project_id, project_info_type_id, value, create_user, create_date, modify_user, modify_date)
VALUES ('871', '2', '1741', '132457', '2010-05-21 07:26:30.0', '132457', '2010-05-21 07:26:30.0');
INSERT INTO project_info (project_id, project_info_type_id, value, create_user, create_date, modify_user, modify_date)
VALUES ('871', '3', '1', '132457', '2010-05-21 07:26:30.0', '132457', '2010-05-21 07:26:30.0');
INSERT INTO project_info (project_id, project_info_type_id, value, create_user, create_date, modify_user, modify_date)
VALUES ('871', '4', '0', '132457', '2010-05-21 07:26:30.0', '132457', '2010-05-21 07:26:30.0');
INSERT INTO project_info (project_id, project_info_type_id, value, create_user, create_date, modify_user, modify_date)
VALUES ('871', '5', '5801778', '132457', '2010-05-21 07:26:30.0', '132457', '2010-05-21 07:26:30.0');
INSERT INTO project_info (project_id, project_info_type_id, value, create_user, create_date, modify_user, modify_date)
VALUES ('871', '6', 'Component 88', '132457', '2010-05-21 07:26:30.0', '132457', '2010-05-21 07:26:30.0');
INSERT INTO project_info (project_id, project_info_type_id, value, create_user, create_date, modify_user, modify_date)
VALUES ('871', '7', '1.0                 ', '132457', '2010-05-21 07:26:30.0', '132457', '2010-05-21 07:26:30.0');
INSERT INTO project_info (project_id, project_info_type_id, value, create_user, create_date, modify_user, modify_date)
VALUES ('871', '9', 'Off', '132457', '2010-05-21 07:26:30.0', '132457', '2010-05-21 07:26:30.0');
INSERT INTO project_info (project_id, project_info_type_id, value, create_user, create_date, modify_user, modify_date)
VALUES ('871', '10', 'On', '132457', '2010-05-21 07:26:30.0', '132457', '2010-05-21 07:26:30.0');
INSERT INTO project_info (project_id, project_info_type_id, value, create_user, create_date, modify_user, modify_date)
VALUES ('871', '11', 'On', '132457', '2010-05-21 07:26:30.0', '132457', '2010-05-21 07:26:30.0');
INSERT INTO project_info (project_id, project_info_type_id, value, create_user, create_date, modify_user, modify_date)
VALUES ('871', '12', 'Yes', '132457', '2010-05-21 07:26:30.0', '132457', '2010-05-21 07:26:30.0');
INSERT INTO project_info (project_id, project_info_type_id, value, create_user, create_date, modify_user, modify_date)
VALUES ('871', '13', 'Yes', '132457', '2010-05-21 07:26:30.0', '132457', '2010-05-21 07:26:30.0');
INSERT INTO project_info (project_id, project_info_type_id, value, create_user, create_date, modify_user, modify_date)
VALUES ('871', '14', 'Open', '132457', '2010-05-21 07:26:30.0', '132457', '2010-05-21 07:26:30.0');
INSERT INTO project_info (project_id, project_info_type_id, value, create_user, create_date, modify_user, modify_date)
VALUES ('871', '16', '0.0', '132457', '2010-05-21 07:26:30.0', '132457', '2010-05-21 07:26:30.0');
INSERT INTO project_info (project_id, project_info_type_id, value, create_user, create_date, modify_user, modify_date)
VALUES ('871', '26', 'On', '132457', '2010-05-21 07:26:30.0', '132457', '2010-05-21 07:26:30.0');
INSERT INTO project_info (project_id, project_info_type_id, value, create_user, create_date, modify_user, modify_date)
VALUES ('871', '29', 'On', '132457', '2010-05-21 07:26:30.0', '132457', '2010-05-21 07:26:30.0');
INSERT INTO project_info (project_id, project_info_type_id, value, create_user, create_date, modify_user, modify_date)
VALUES ('871', '41', 'true', '132457', '2010-05-21 07:26:30.0', '132457', '2010-05-21 07:26:30.0');
INSERT INTO project_info (project_id, project_info_type_id, value, create_user, create_date, modify_user, modify_date)
VALUES ('871', '43', 'true', '132457', '2010-05-21 07:26:30.0', '132457', '2010-05-21 07:26:30.0');
--  Data for project_phase
INSERT INTO project_phase (project_phase_id, project_id, phase_type_id, phase_status_id, fixed_start_time, scheduled_start_time, scheduled_end_time, actual_start_time, actual_end_time, duration, create_user, create_date, modify_user, modify_date)
VALUES ('871', '871', '1', '1', '2010-05-27 09:00:00.0', '2010-05-27 09:00:00.0', '2010-06-01 09:00:00.0', NULL, NULL, '259200000', '132457', '2010-05-21 07:26:30.0', '132457', '2010-05-21 07:26:30.0');
INSERT INTO project_phase (project_phase_id, project_id, phase_type_id, phase_status_id, fixed_start_time, scheduled_start_time, scheduled_end_time, actual_start_time, actual_end_time, duration, create_user, create_date, modify_user, modify_date)
VALUES ('872', '871', '2', '1', '2010-05-27 09:00:00.0', '2010-05-27 09:00:00.0', '2010-06-07 09:00:00.0', NULL, NULL, '604800000', '132457', '2010-05-21 07:26:30.0', '132457', '2010-05-21 07:26:30.0');
INSERT INTO project_phase (project_phase_id, project_id, phase_type_id, phase_status_id, fixed_start_time, scheduled_start_time, scheduled_end_time, actual_start_time, actual_end_time, duration, create_user, create_date, modify_user, modify_date)
VALUES ('873', '871', '3', '1', '2010-06-07 09:00:00.0', '2010-06-07 09:00:00.0', '2010-06-08 09:00:00.0', NULL, NULL, '86400000', '132457', '2010-05-21 07:26:30.0', '132457', '2010-05-21 07:26:30.0');
INSERT INTO project_phase (project_phase_id, project_id, phase_type_id, phase_status_id, fixed_start_time, scheduled_start_time, scheduled_end_time, actual_start_time, actual_end_time, duration, create_user, create_date, modify_user, modify_date)
VALUES ('874', '871', '4', '1', '2010-06-08 09:00:00.0', '2010-06-08 09:00:00.0', '2010-06-14 09:00:00.0', NULL, NULL, '345600000', '132457', '2010-05-21 07:26:30.0', '132457', '2010-05-21 07:26:30.0');
INSERT INTO project_phase (project_phase_id, project_id, phase_type_id, phase_status_id, fixed_start_time, scheduled_start_time, scheduled_end_time, actual_start_time, actual_end_time, duration, create_user, create_date, modify_user, modify_date)
VALUES ('875', '871', '5', '1', '2010-06-14 09:00:00.0', '2010-06-14 09:00:00.0', '2010-06-15 09:00:00.0', NULL, NULL, '86400000', '132457', '2010-05-21 07:26:30.0', '132457', '2010-05-21 07:26:30.0');
INSERT INTO project_phase (project_phase_id, project_id, phase_type_id, phase_status_id, fixed_start_time, scheduled_start_time, scheduled_end_time, actual_start_time, actual_end_time, duration, create_user, create_date, modify_user, modify_date)
VALUES ('876', '871', '6', '1', '2010-06-15 09:00:00.0', '2010-06-15 09:00:00.0', '2010-06-16 09:00:00.0', NULL, NULL, '86400000', '132457', '2010-05-21 07:26:30.0', '132457', '2010-05-21 07:26:30.0');
INSERT INTO project_phase (project_phase_id, project_id, phase_type_id, phase_status_id, fixed_start_time, scheduled_start_time, scheduled_end_time, actual_start_time, actual_end_time, duration, create_user, create_date, modify_user, modify_date)
VALUES ('877', '871', '7', '1', '2010-06-16 09:00:00.0', '2010-06-16 09:00:00.0', '2010-06-16 21:00:00.0', NULL, NULL, '43200000', '132457', '2010-05-21 07:26:30.0', '132457', '2010-05-21 07:26:30.0');
INSERT INTO project_phase (project_phase_id, project_id, phase_type_id, phase_status_id, fixed_start_time, scheduled_start_time, scheduled_end_time, actual_start_time, actual_end_time, duration, create_user, create_date, modify_user, modify_date)
VALUES ('878', '871', '8', '1', '2010-06-16 21:00:00.0', '2010-06-16 21:00:00.0', '2010-06-17 09:00:00.0', NULL, NULL, '43200000', '132457', '2010-05-21 07:26:30.0', '132457', '2010-05-21 07:26:30.0');
INSERT INTO project_phase (project_phase_id, project_id, phase_type_id, phase_status_id, fixed_start_time, scheduled_start_time, scheduled_end_time, actual_start_time, actual_end_time, duration, create_user, create_date, modify_user, modify_date)
VALUES ('879', '871', '9', '1', '2010-06-17 09:00:00.0', '2010-06-17 09:00:00.0', '2010-06-22 09:00:00.0', NULL, NULL, '259200000', '132457', '2010-05-21 07:26:30.0', '132457', '2010-05-21 07:26:30.0');
INSERT INTO project_phase (project_phase_id, project_id, phase_type_id, phase_status_id, fixed_start_time, scheduled_start_time, scheduled_end_time, actual_start_time, actual_end_time, duration, create_user, create_date, modify_user, modify_date)
VALUES ('880', '871', '10', '1', '2010-06-22 09:00:00.0', '2010-06-22 09:00:00.0', '2010-06-23 09:00:00.0', NULL, NULL, '86400000', '132457', '2010-05-21 07:26:30.0', '132457', '2010-05-21 07:26:30.0');
--  Data for comp_catalog
INSERT INTO comp_catalog (component_id, current_version, short_desc, component_name, description, function_desc, create_time, status_id, root_category_id, modify_date, public_ind)
VALUES ('1741', '1', 'Coolest component ever', 'Component 88', 'Coolest component ever', 'Component', '2010-05-21 07:20:14.48', '102', '5801778', '2010-05-21 07:23:44.0', '0');
--  Data for comp_versions
INSERT INTO comp_versions (comp_vers_id, component_id, version, version_text, create_time, phase_id, phase_time, price, comments, modify_date,
                           suspended_ind)
VALUES ('1743', '1741', '1', '1.0                 ', '2010-05-21 07:20:14.48', '112', '1976-05-04 00:00:00.0', '1000.00', 'Cool', '2010-05-21 07:27:01.0', '0');
--  Data for comp_categories
INSERT INTO comp_categories (comp_categories_id, component_id, category_id)
VALUES ('1745', '1741', '11');
--  Data for comp_keywords
INSERT INTO comp_keywords (comp_keywords_id, component_id, keyword)
VALUES ('1751', '1741', 'architecture');
--  Data for comp_technology
INSERT INTO comp_technology (comp_tech_id, comp_vers_id, technology_type_id)
VALUES ('1752', '1743', '1');
--  Data for comp_documentation
INSERT INTO comp_documentation (document_id, comp_vers_id, document_type_id, document_name, url)
VALUES ('1753', '1743', '0', 'Requirements Specification', '1741/1743/MQTTBroker_Requirements_Specification.pdf');
--  Data for comp_jive_category_xref
INSERT INTO comp_jive_category_xref (comp_vers_id, jive_category_id)
VALUES ('1743', '0');
--  Data for comp_version_dates
INSERT INTO comp_version_dates (comp_version_dates_id, comp_vers_id, phase_id, posting_date, initial_submission_date, winner_announced_date, final_submission_date,
                                estimated_dev_date, price, total_submissions, status_id, create_time, level_id, screening_complete_date, review_complete_date,
                                aggregation_complete_date, phase_complete_date, production_date, aggregation_complete_date_comment, phase_complete_date_comment,
                                review_complete_date_comment, winner_announced_date_comment, initial_submission_date_comment, screening_complete_date_comment,
                                final_submission_date_comment, production_date_comment, modify_date)
VALUES ('1754', '1743', '112', '1976-05-05', '2000-01-01', '2000-01-01', 
        '2000-01-01', '2000-01-01', NULL, '0', '301', '2010-05-21 07:27:01.0', '100', '2000-01-01',
        '2000-01-01', '2000-01-01', '2000-01-01', '2010-12-01', 
        NULL, NULL, NULL, NULL, NULL, NULL, NULL, '', '2010-05-21 07:27:01.0');
--  Data for phase_criteria
INSERT INTO phase_criteria (project_phase_id, phase_criteria_type_id, parameter, create_user, create_date, modify_user, modify_date)
VALUES ('871', '2', '0', '132457', '2010-05-21 07:26:30.0', '132457', '2010-05-21 07:26:30.0');
INSERT INTO phase_criteria (project_phase_id, phase_criteria_type_id, parameter, create_user, create_date, modify_user, modify_date)
VALUES ('871', '5', 'No', '132457', '2010-05-21 07:26:30.0', '132457', '2010-05-21 07:26:30.0');
INSERT INTO phase_criteria (project_phase_id, phase_criteria_type_id, parameter, create_user, create_date, modify_user, modify_date)
VALUES ('872', '3', '0', '132457', '2010-05-21 07:26:30.0', '132457', '2010-05-21 07:26:30.0');
INSERT INTO phase_criteria (project_phase_id, phase_criteria_type_id, parameter, create_user, create_date, modify_user, modify_date)
VALUES ('872', '5', 'No', '132457', '2010-05-21 07:26:30.0', '132457', '2010-05-21 07:26:30.0');
INSERT INTO phase_criteria (project_phase_id, phase_criteria_type_id, parameter, create_user, create_date, modify_user, modify_date)
VALUES ('873', '5', 'No', '132457', '2010-05-21 07:26:30.0', '132457', '2010-05-21 07:26:30.0');
INSERT INTO phase_criteria (project_phase_id, phase_criteria_type_id, parameter, create_user, create_date, modify_user, modify_date)
VALUES ('873', '1', '30000410', '132457', '2010-05-21 07:26:30.0', '132457', '2010-05-21 07:26:30.0');
INSERT INTO phase_criteria (project_phase_id, phase_criteria_type_id, parameter, create_user, create_date, modify_user, modify_date)
VALUES ('874', '5', 'No', '132457', '2010-05-21 07:26:30.0', '132457', '2010-05-21 07:26:30.0');
INSERT INTO phase_criteria (project_phase_id, phase_criteria_type_id, parameter, create_user, create_date, modify_user, modify_date)
VALUES ('874', '1', '30000411', '132457', '2010-05-21 07:26:30.0', '132457', '2010-05-21 07:26:30.0');
INSERT INTO phase_criteria (project_phase_id, phase_criteria_type_id, parameter, create_user, create_date, modify_user, modify_date)
VALUES ('874', '6', '3', '132457', '2010-05-21 07:26:30.0', '132457', '2010-05-21 07:26:30.0');
INSERT INTO phase_criteria (project_phase_id, phase_criteria_type_id, parameter, create_user, create_date, modify_user, modify_date)
VALUES ('875', '5', 'No', '132457', '2010-05-21 07:26:30.0', '132457', '2010-05-21 07:26:30.0');
INSERT INTO phase_criteria (project_phase_id, phase_criteria_type_id, parameter, create_user, create_date, modify_user, modify_date)
VALUES ('875', '4', 'No', '132457', '2010-05-21 07:26:30.0', '132457', '2010-05-21 07:26:30.0');
INSERT INTO phase_criteria (project_phase_id, phase_criteria_type_id, parameter, create_user, create_date, modify_user, modify_date)
VALUES ('876', '5', 'No', '132457', '2010-05-21 07:26:30.0', '132457', '2010-05-21 07:26:30.0');
INSERT INTO phase_criteria (project_phase_id, phase_criteria_type_id, parameter, create_user, create_date, modify_user, modify_date)
VALUES ('877', '5', 'No', '132457', '2010-05-21 07:26:30.0', '132457', '2010-05-21 07:26:30.0');
INSERT INTO phase_criteria (project_phase_id, phase_criteria_type_id, parameter, create_user, create_date, modify_user, modify_date)
VALUES ('878', '5', 'No', '132457', '2010-05-21 07:26:30.0', '132457', '2010-05-21 07:26:30.0');
INSERT INTO phase_criteria (project_phase_id, phase_criteria_type_id, parameter, create_user, create_date, modify_user, modify_date)
VALUES ('879', '5', 'No', '132457', '2010-05-21 07:26:30.0', '132457', '2010-05-21 07:26:30.0');
INSERT INTO phase_criteria (project_phase_id, phase_criteria_type_id, parameter, create_user, create_date, modify_user, modify_date)
VALUES ('880', '5', 'No', '132457', '2010-05-21 07:26:30.0', '132457', '2010-05-21 07:26:30.0');
--  Data for phase_dependency
INSERT INTO phase_dependency (dependency_phase_id, dependent_phase_id, dependency_start, dependent_start, lag_time, create_user, create_date, modify_user, modify_date)
VALUES ('871', '872', '1', '1', '0', '132457', '2010-05-21 07:26:30.0', '132457', '2010-05-21 07:26:30.0');
INSERT INTO phase_dependency (dependency_phase_id, dependent_phase_id, dependency_start, dependent_start, lag_time, create_user, create_date, modify_user, modify_date)
VALUES ('872', '873', '0', '1', '0', '132457', '2010-05-21 07:26:30.0', '132457', '2010-05-21 07:26:30.0');
INSERT INTO phase_dependency (dependency_phase_id, dependent_phase_id, dependency_start, dependent_start, lag_time, create_user, create_date, modify_user, modify_date)
VALUES ('873', '874', '0', '1', '0', '132457', '2010-05-21 07:26:30.0', '132457', '2010-05-21 07:26:30.0');
INSERT INTO phase_dependency (dependency_phase_id, dependent_phase_id, dependency_start, dependent_start, lag_time, create_user, create_date, modify_user, modify_date)
VALUES ('874', '875', '0', '1', '0', '132457', '2010-05-21 07:26:30.0', '132457', '2010-05-21 07:26:30.0');
INSERT INTO phase_dependency (dependency_phase_id, dependent_phase_id, dependency_start, dependent_start, lag_time, create_user, create_date, modify_user, modify_date)
VALUES ('875', '876', '0', '1', '0', '132457', '2010-05-21 07:26:30.0', '132457', '2010-05-21 07:26:30.0');
INSERT INTO phase_dependency (dependency_phase_id, dependent_phase_id, dependency_start, dependent_start, lag_time, create_user, create_date, modify_user, modify_date)
VALUES ('876', '877', '0', '1', '0', '132457', '2010-05-21 07:26:30.0', '132457', '2010-05-21 07:26:30.0');
INSERT INTO phase_dependency (dependency_phase_id, dependent_phase_id, dependency_start, dependent_start, lag_time, create_user, create_date, modify_user, modify_date)
VALUES ('877', '878', '0', '1', '0', '132457', '2010-05-21 07:26:30.0', '132457', '2010-05-21 07:26:30.0');
INSERT INTO phase_dependency (dependency_phase_id, dependent_phase_id, dependency_start, dependent_start, lag_time, create_user, create_date, modify_user, modify_date)
VALUES ('878', '879', '0', '1', '0', '132457', '2010-05-21 07:26:30.0', '132457', '2010-05-21 07:26:30.0');
INSERT INTO phase_dependency (dependency_phase_id, dependent_phase_id, dependency_start, dependent_start, lag_time, create_user, create_date, modify_user, modify_date)
VALUES ('879', '880', '0', '1', '0', '132457', '2010-05-21 07:26:30.0', '132457', '2010-05-21 07:26:30.0');
--  Data for resource
INSERT INTO resource (resource_id, resource_role_id, project_id, project_phase_id, create_user, create_date, modify_user, modify_date)
VALUES ('871', '13', '871', NULL, '132457', '2010-05-21 07:26:30.0', '132457', '2010-05-21 07:26:30.0');
--  Data for resource_info
INSERT INTO resource_info (resource_id, resource_info_type_id, value, create_user, create_date, modify_user, modify_date)
VALUES ('871', '1', '132457', '132457', '2010-05-21 07:26:30.0', '132457', '2010-05-21 07:26:30.0');
INSERT INTO resource_info (resource_id, resource_info_type_id, value, create_user, create_date, modify_user, modify_date)
VALUES ('871', '2', 'super', '132457', '2010-05-21 07:26:30.0', '132457', '2010-05-21 07:26:30.0');
--  Data for user_role
INSERT INTO user_role (user_role_id, comp_vers_id, role_id, login_id, description)
VALUES ('1744', '1743', '1', '132457', '');
--  Data for word_search
INSERT INTO word_search (word_search_id, document_id, index_word, nbr_occurrences)
VALUES ('1747', '1741', 'ever                                                                                                ', '2');
INSERT INTO word_search (word_search_id, document_id, index_word, nbr_occurrences)
VALUES ('1748', '1741', 'component                                                                                           ', '4');
INSERT INTO word_search (word_search_id, document_id, index_word, nbr_occurrences)
VALUES ('1749', '1741', 'coolest                                                                                             ', '2');
INSERT INTO word_search (word_search_id, document_id, index_word, nbr_occurrences)
VALUES ('1750', '1741', 'architecture                                                    ', '2');
--  Data for word_search_ctgy
INSERT INTO word_search_ctgy (word_srch_ctgy_id, category_id, document_id)
VALUES ('1746', 'DDECATALOG                                        ', '1741');
--  Data for word_search_doc
INSERT INTO word_search_doc (document_id)
VALUES ('1741');
-- Data for project
INSERT INTO project (project_id, project_status_id, project_category_id, create_user, create_date, modify_user, modify_date)
VALUES ('881', '1', '7', '132458', '2010-05-21 07:26:30.0', '132458', '2010-05-21 07:26:30.0');
--  Data for project_info
INSERT INTO project_info (project_id, project_info_type_id, value, create_user, create_date, modify_user, modify_date)
VALUES ('881', '1', '1763', '132458', '2010-05-21 07:26:30.0', '132458', '2010-05-21 07:26:30.0');
INSERT INTO project_info (project_id, project_info_type_id, value, create_user, create_date, modify_user, modify_date)
VALUES ('881', '2', '1761', '132458', '2010-05-21 07:26:30.0', '132458', '2010-05-21 07:26:30.0');
INSERT INTO project_info (project_id, project_info_type_id, value, create_user, create_date, modify_user, modify_date)
VALUES ('881', '3', '1', '132458', '2010-05-21 07:26:30.0', '132458', '2010-05-21 07:26:30.0');
INSERT INTO project_info (project_id, project_info_type_id, value, create_user, create_date, modify_user, modify_date)
VALUES ('881', '4', '0', '132458', '2010-05-21 07:26:30.0', '132458', '2010-05-21 07:26:30.0');
INSERT INTO project_info (project_id, project_info_type_id, value, create_user, create_date, modify_user, modify_date)
VALUES ('881', '5', '5801778', '132458', '2010-05-21 07:26:30.0', '132458', '2010-05-21 07:26:30.0');
INSERT INTO project_info (project_id, project_info_type_id, value, create_user, create_date, modify_user, modify_date)
VALUES ('881', '6', 'Component 89', '132458', '2010-05-21 07:26:30.0', '132458', '2010-05-21 07:26:30.0');
INSERT INTO project_info (project_id, project_info_type_id, value, create_user, create_date, modify_user, modify_date)
VALUES ('881', '7', '1.0                 ', '132458', '2010-05-21 07:26:30.0', '132458', '2010-05-21 07:26:30.0');
INSERT INTO project_info (project_id, project_info_type_id, value, create_user, create_date, modify_user, modify_date)
VALUES ('881', '9', 'Off', '132458', '2010-05-21 07:26:30.0', '132458', '2010-05-21 07:26:30.0');
INSERT INTO project_info (project_id, project_info_type_id, value, create_user, create_date, modify_user, modify_date)
VALUES ('881', '10', 'On', '132458', '2010-05-21 07:26:30.0', '132458', '2010-05-21 07:26:30.0');
INSERT INTO project_info (project_id, project_info_type_id, value, create_user, create_date, modify_user, modify_date)
VALUES ('881', '11', 'On', '132458', '2010-05-21 07:26:30.0', '132458', '2010-05-21 07:26:30.0');
INSERT INTO project_info (project_id, project_info_type_id, value, create_user, create_date, modify_user, modify_date)
VALUES ('881', '12', 'Yes', '132458', '2010-05-21 07:26:30.0', '132458', '2010-05-21 07:26:30.0');
INSERT INTO project_info (project_id, project_info_type_id, value, create_user, create_date, modify_user, modify_date)
VALUES ('881', '13', 'Yes', '132458', '2010-05-21 07:26:30.0', '132458', '2010-05-21 07:26:30.0');
INSERT INTO project_info (project_id, project_info_type_id, value, create_user, create_date, modify_user, modify_date)
VALUES ('881', '14', 'Open', '132458', '2010-05-21 07:26:30.0', '132458', '2010-05-21 07:26:30.0');
INSERT INTO project_info (project_id, project_info_type_id, value, create_user, create_date, modify_user, modify_date)
VALUES ('881', '16', '0.0', '132458', '2010-05-21 07:26:30.0', '132458', '2010-05-21 07:26:30.0');
INSERT INTO project_info (project_id, project_info_type_id, value, create_user, create_date, modify_user, modify_date)
VALUES ('881', '26', 'On', '132458', '2010-05-21 07:26:30.0', '132458', '2010-05-21 07:26:30.0');
INSERT INTO project_info (project_id, project_info_type_id, value, create_user, create_date, modify_user, modify_date)
VALUES ('881', '29', 'On', '132458', '2010-05-21 07:26:30.0', '132458', '2010-05-21 07:26:30.0');
INSERT INTO project_info (project_id, project_info_type_id, value, create_user, create_date, modify_user, modify_date)
VALUES ('881', '41', 'true', '132458', '2010-05-21 07:26:30.0', '132458', '2010-05-21 07:26:30.0');
INSERT INTO project_info (project_id, project_info_type_id, value, create_user, create_date, modify_user, modify_date)
VALUES ('881', '43', 'true', '132458', '2010-05-21 07:26:30.0', '132458', '2010-05-21 07:26:30.0');
--  Data for project_phase
INSERT INTO project_phase (project_phase_id, project_id, phase_type_id, phase_status_id, fixed_start_time, scheduled_start_time, scheduled_end_time, actual_start_time, actual_end_time, duration, create_user, create_date, modify_user, modify_date)
VALUES ('881', '881', '1', '1', '2010-05-27 09:00:00.0', '2010-05-27 09:00:00.0', '2010-06-01 09:00:00.0', NULL, NULL, '259200000', '132458', '2010-05-21 07:26:30.0', '132458', '2010-05-21 07:26:30.0');
INSERT INTO project_phase (project_phase_id, project_id, phase_type_id, phase_status_id, fixed_start_time, scheduled_start_time, scheduled_end_time, actual_start_time, actual_end_time, duration, create_user, create_date, modify_user, modify_date)
VALUES ('882', '881', '2', '1', '2010-05-27 09:00:00.0', '2010-05-27 09:00:00.0', '2010-06-07 09:00:00.0', NULL, NULL, '604800000', '132458', '2010-05-21 07:26:30.0', '132458', '2010-05-21 07:26:30.0');
INSERT INTO project_phase (project_phase_id, project_id, phase_type_id, phase_status_id, fixed_start_time, scheduled_start_time, scheduled_end_time, actual_start_time, actual_end_time, duration, create_user, create_date, modify_user, modify_date)
VALUES ('883', '881', '3', '1', '2010-06-07 09:00:00.0', '2010-06-07 09:00:00.0', '2010-06-08 09:00:00.0', NULL, NULL, '86400000', '132458', '2010-05-21 07:26:30.0', '132458', '2010-05-21 07:26:30.0');
INSERT INTO project_phase (project_phase_id, project_id, phase_type_id, phase_status_id, fixed_start_time, scheduled_start_time, scheduled_end_time, actual_start_time, actual_end_time, duration, create_user, create_date, modify_user, modify_date)
VALUES ('884', '881', '4', '1', '2010-06-08 09:00:00.0', '2010-06-08 09:00:00.0', '2010-06-14 09:00:00.0', NULL, NULL, '345600000', '132458', '2010-05-21 07:26:30.0', '132458', '2010-05-21 07:26:30.0');
INSERT INTO project_phase (project_phase_id, project_id, phase_type_id, phase_status_id, fixed_start_time, scheduled_start_time, scheduled_end_time, actual_start_time, actual_end_time, duration, create_user, create_date, modify_user, modify_date)
VALUES ('885', '881', '5', '1', '2010-06-14 09:00:00.0', '2010-06-14 09:00:00.0', '2010-06-15 09:00:00.0', NULL, NULL, '86400000', '132458', '2010-05-21 07:26:30.0', '132458', '2010-05-21 07:26:30.0');
INSERT INTO project_phase (project_phase_id, project_id, phase_type_id, phase_status_id, fixed_start_time, scheduled_start_time, scheduled_end_time, actual_start_time, actual_end_time, duration, create_user, create_date, modify_user, modify_date)
VALUES ('886', '881', '6', '1', '2010-06-15 09:00:00.0', '2010-06-15 09:00:00.0', '2010-06-16 09:00:00.0', NULL, NULL, '86400000', '132458', '2010-05-21 07:26:30.0', '132458', '2010-05-21 07:26:30.0');
INSERT INTO project_phase (project_phase_id, project_id, phase_type_id, phase_status_id, fixed_start_time, scheduled_start_time, scheduled_end_time, actual_start_time, actual_end_time, duration, create_user, create_date, modify_user, modify_date)
VALUES ('887', '881', '7', '1', '2010-06-16 09:00:00.0', '2010-06-16 09:00:00.0', '2010-06-16 21:00:00.0', NULL, NULL, '43200000', '132458', '2010-05-21 07:26:30.0', '132458', '2010-05-21 07:26:30.0');
INSERT INTO project_phase (project_phase_id, project_id, phase_type_id, phase_status_id, fixed_start_time, scheduled_start_time, scheduled_end_time, actual_start_time, actual_end_time, duration, create_user, create_date, modify_user, modify_date)
VALUES ('888', '881', '8', '1', '2010-06-16 21:00:00.0', '2010-06-16 21:00:00.0', '2010-06-17 09:00:00.0', NULL, NULL, '43200000', '132458', '2010-05-21 07:26:30.0', '132458', '2010-05-21 07:26:30.0');
INSERT INTO project_phase (project_phase_id, project_id, phase_type_id, phase_status_id, fixed_start_time, scheduled_start_time, scheduled_end_time, actual_start_time, actual_end_time, duration, create_user, create_date, modify_user, modify_date)
VALUES ('889', '881', '9', '1', '2010-06-17 09:00:00.0', '2010-06-17 09:00:00.0', '2010-06-22 09:00:00.0', NULL, NULL, '259200000', '132458', '2010-05-21 07:26:30.0', '132458', '2010-05-21 07:26:30.0');
INSERT INTO project_phase (project_phase_id, project_id, phase_type_id, phase_status_id, fixed_start_time, scheduled_start_time, scheduled_end_time, actual_start_time, actual_end_time, duration, create_user, create_date, modify_user, modify_date)
VALUES ('890', '881', '10', '1', '2010-06-22 09:00:00.0', '2010-06-22 09:00:00.0', '2010-06-23 09:00:00.0', NULL, NULL, '86400000', '132458', '2010-05-21 07:26:30.0', '132458', '2010-05-21 07:26:30.0');
--  Data for comp_catalog
INSERT INTO comp_catalog (component_id, current_version, short_desc, component_name, description, function_desc, create_time, status_id, root_category_id, modify_date, public_ind)
VALUES ('1761', '1', 'Coolest component ever', 'Component 89', 'Coolest component ever', 'Component', '2010-05-21 07:20:14.48', '102', '5801778', '2010-05-21 07:23:44.0', '0');
--  Data for comp_versions
INSERT INTO comp_versions (comp_vers_id, component_id, version, version_text, create_time, phase_id, phase_time, price, comments, modify_date,
                           suspended_ind)
VALUES ('1763', '1761', '1', '1.0                 ', '2010-05-21 07:20:14.48', '112', '1976-05-04 00:00:00.0', '1000.00', 'Cool', '2010-05-21 07:27:01.0', '0');
--  Data for comp_categories
INSERT INTO comp_categories (comp_categories_id, component_id, category_id)
VALUES ('1765', '1761', '11');
--  Data for comp_keywords
INSERT INTO comp_keywords (comp_keywords_id, component_id, keyword)
VALUES ('1771', '1761', 'architecture');
--  Data for comp_technology
INSERT INTO comp_technology (comp_tech_id, comp_vers_id, technology_type_id)
VALUES ('1772', '1763', '1');
--  Data for comp_documentation
INSERT INTO comp_documentation (document_id, comp_vers_id, document_type_id, document_name, url)
VALUES ('1773', '1763', '0', 'Requirements Specification', '1761/1763/MQTTBroker_Requirements_Specification.pdf');
--  Data for comp_jive_category_xref
INSERT INTO comp_jive_category_xref (comp_vers_id, jive_category_id)
VALUES ('1763', '0');
--  Data for comp_version_dates
INSERT INTO comp_version_dates (comp_version_dates_id, comp_vers_id, phase_id, posting_date, initial_submission_date, winner_announced_date, final_submission_date,
                                estimated_dev_date, price, total_submissions, status_id, create_time, level_id, screening_complete_date, review_complete_date,
                                aggregation_complete_date, phase_complete_date, production_date, aggregation_complete_date_comment, phase_complete_date_comment,
                                review_complete_date_comment, winner_announced_date_comment, initial_submission_date_comment, screening_complete_date_comment,
                                final_submission_date_comment, production_date_comment, modify_date)
VALUES ('1774', '1763', '112', '1976-05-05', '2000-01-01', '2000-01-01', 
        '2000-01-01', '2000-01-01', NULL, '0', '301', '2010-05-21 07:27:01.0', '100', '2000-01-01',
        '2000-01-01', '2000-01-01', '2000-01-01', '2010-12-01', 
        NULL, NULL, NULL, NULL, NULL, NULL, NULL, '', '2010-05-21 07:27:01.0');
--  Data for phase_criteria
INSERT INTO phase_criteria (project_phase_id, phase_criteria_type_id, parameter, create_user, create_date, modify_user, modify_date)
VALUES ('881', '2', '0', '132458', '2010-05-21 07:26:30.0', '132458', '2010-05-21 07:26:30.0');
INSERT INTO phase_criteria (project_phase_id, phase_criteria_type_id, parameter, create_user, create_date, modify_user, modify_date)
VALUES ('881', '5', 'No', '132458', '2010-05-21 07:26:30.0', '132458', '2010-05-21 07:26:30.0');
INSERT INTO phase_criteria (project_phase_id, phase_criteria_type_id, parameter, create_user, create_date, modify_user, modify_date)
VALUES ('882', '3', '0', '132458', '2010-05-21 07:26:30.0', '132458', '2010-05-21 07:26:30.0');
INSERT INTO phase_criteria (project_phase_id, phase_criteria_type_id, parameter, create_user, create_date, modify_user, modify_date)
VALUES ('882', '5', 'No', '132458', '2010-05-21 07:26:30.0', '132458', '2010-05-21 07:26:30.0');
INSERT INTO phase_criteria (project_phase_id, phase_criteria_type_id, parameter, create_user, create_date, modify_user, modify_date)
VALUES ('883', '5', 'No', '132458', '2010-05-21 07:26:30.0', '132458', '2010-05-21 07:26:30.0');
INSERT INTO phase_criteria (project_phase_id, phase_criteria_type_id, parameter, create_user, create_date, modify_user, modify_date)
VALUES ('883', '1', '30000410', '132458', '2010-05-21 07:26:30.0', '132458', '2010-05-21 07:26:30.0');
INSERT INTO phase_criteria (project_phase_id, phase_criteria_type_id, parameter, create_user, create_date, modify_user, modify_date)
VALUES ('884', '5', 'No', '132458', '2010-05-21 07:26:30.0', '132458', '2010-05-21 07:26:30.0');
INSERT INTO phase_criteria (project_phase_id, phase_criteria_type_id, parameter, create_user, create_date, modify_user, modify_date)
VALUES ('884', '1', '30000411', '132458', '2010-05-21 07:26:30.0', '132458', '2010-05-21 07:26:30.0');
INSERT INTO phase_criteria (project_phase_id, phase_criteria_type_id, parameter, create_user, create_date, modify_user, modify_date)
VALUES ('884', '6', '3', '132458', '2010-05-21 07:26:30.0', '132458', '2010-05-21 07:26:30.0');
INSERT INTO phase_criteria (project_phase_id, phase_criteria_type_id, parameter, create_user, create_date, modify_user, modify_date)
VALUES ('885', '5', 'No', '132458', '2010-05-21 07:26:30.0', '132458', '2010-05-21 07:26:30.0');
INSERT INTO phase_criteria (project_phase_id, phase_criteria_type_id, parameter, create_user, create_date, modify_user, modify_date)
VALUES ('885', '4', 'No', '132458', '2010-05-21 07:26:30.0', '132458', '2010-05-21 07:26:30.0');
INSERT INTO phase_criteria (project_phase_id, phase_criteria_type_id, parameter, create_user, create_date, modify_user, modify_date)
VALUES ('886', '5', 'No', '132458', '2010-05-21 07:26:30.0', '132458', '2010-05-21 07:26:30.0');
INSERT INTO phase_criteria (project_phase_id, phase_criteria_type_id, parameter, create_user, create_date, modify_user, modify_date)
VALUES ('887', '5', 'No', '132458', '2010-05-21 07:26:30.0', '132458', '2010-05-21 07:26:30.0');
INSERT INTO phase_criteria (project_phase_id, phase_criteria_type_id, parameter, create_user, create_date, modify_user, modify_date)
VALUES ('888', '5', 'No', '132458', '2010-05-21 07:26:30.0', '132458', '2010-05-21 07:26:30.0');
INSERT INTO phase_criteria (project_phase_id, phase_criteria_type_id, parameter, create_user, create_date, modify_user, modify_date)
VALUES ('889', '5', 'No', '132458', '2010-05-21 07:26:30.0', '132458', '2010-05-21 07:26:30.0');
INSERT INTO phase_criteria (project_phase_id, phase_criteria_type_id, parameter, create_user, create_date, modify_user, modify_date)
VALUES ('890', '5', 'No', '132458', '2010-05-21 07:26:30.0', '132458', '2010-05-21 07:26:30.0');
--  Data for phase_dependency
INSERT INTO phase_dependency (dependency_phase_id, dependent_phase_id, dependency_start, dependent_start, lag_time, create_user, create_date, modify_user, modify_date)
VALUES ('881', '882', '1', '1', '0', '132458', '2010-05-21 07:26:30.0', '132458', '2010-05-21 07:26:30.0');
INSERT INTO phase_dependency (dependency_phase_id, dependent_phase_id, dependency_start, dependent_start, lag_time, create_user, create_date, modify_user, modify_date)
VALUES ('882', '883', '0', '1', '0', '132458', '2010-05-21 07:26:30.0', '132458', '2010-05-21 07:26:30.0');
INSERT INTO phase_dependency (dependency_phase_id, dependent_phase_id, dependency_start, dependent_start, lag_time, create_user, create_date, modify_user, modify_date)
VALUES ('883', '884', '0', '1', '0', '132458', '2010-05-21 07:26:30.0', '132458', '2010-05-21 07:26:30.0');
INSERT INTO phase_dependency (dependency_phase_id, dependent_phase_id, dependency_start, dependent_start, lag_time, create_user, create_date, modify_user, modify_date)
VALUES ('884', '885', '0', '1', '0', '132458', '2010-05-21 07:26:30.0', '132458', '2010-05-21 07:26:30.0');
INSERT INTO phase_dependency (dependency_phase_id, dependent_phase_id, dependency_start, dependent_start, lag_time, create_user, create_date, modify_user, modify_date)
VALUES ('885', '886', '0', '1', '0', '132458', '2010-05-21 07:26:30.0', '132458', '2010-05-21 07:26:30.0');
INSERT INTO phase_dependency (dependency_phase_id, dependent_phase_id, dependency_start, dependent_start, lag_time, create_user, create_date, modify_user, modify_date)
VALUES ('886', '887', '0', '1', '0', '132458', '2010-05-21 07:26:30.0', '132458', '2010-05-21 07:26:30.0');
INSERT INTO phase_dependency (dependency_phase_id, dependent_phase_id, dependency_start, dependent_start, lag_time, create_user, create_date, modify_user, modify_date)
VALUES ('887', '888', '0', '1', '0', '132458', '2010-05-21 07:26:30.0', '132458', '2010-05-21 07:26:30.0');
INSERT INTO phase_dependency (dependency_phase_id, dependent_phase_id, dependency_start, dependent_start, lag_time, create_user, create_date, modify_user, modify_date)
VALUES ('888', '889', '0', '1', '0', '132458', '2010-05-21 07:26:30.0', '132458', '2010-05-21 07:26:30.0');
INSERT INTO phase_dependency (dependency_phase_id, dependent_phase_id, dependency_start, dependent_start, lag_time, create_user, create_date, modify_user, modify_date)
VALUES ('889', '890', '0', '1', '0', '132458', '2010-05-21 07:26:30.0', '132458', '2010-05-21 07:26:30.0');
--  Data for resource
INSERT INTO resource (resource_id, resource_role_id, project_id, project_phase_id, create_user, create_date, modify_user, modify_date)
VALUES ('881', '13', '881', NULL, '132458', '2010-05-21 07:26:30.0', '132458', '2010-05-21 07:26:30.0');
--  Data for resource_info
INSERT INTO resource_info (resource_id, resource_info_type_id, value, create_user, create_date, modify_user, modify_date)
VALUES ('881', '1', '132458', '132458', '2010-05-21 07:26:30.0', '132458', '2010-05-21 07:26:30.0');
INSERT INTO resource_info (resource_id, resource_info_type_id, value, create_user, create_date, modify_user, modify_date)
VALUES ('881', '2', 'user', '132458', '2010-05-21 07:26:30.0', '132458', '2010-05-21 07:26:30.0');
--  Data for user_role
INSERT INTO user_role (user_role_id, comp_vers_id, role_id, login_id, description)
VALUES ('1764', '1763', '1', '132458', '');
--  Data for word_search
INSERT INTO word_search (word_search_id, document_id, index_word, nbr_occurrences)
VALUES ('1767', '1761', 'ever                                                                                                ', '2');
INSERT INTO word_search (word_search_id, document_id, index_word, nbr_occurrences)
VALUES ('1768', '1761', 'component                                                                                           ', '4');
INSERT INTO word_search (word_search_id, document_id, index_word, nbr_occurrences)
VALUES ('1769', '1761', 'coolest                                                                                             ', '2');
INSERT INTO word_search (word_search_id, document_id, index_word, nbr_occurrences)
VALUES ('1770', '1761', 'architecture                                                    ', '2');
--  Data for word_search_ctgy
INSERT INTO word_search_ctgy (word_srch_ctgy_id, category_id, document_id)
VALUES ('1766', 'DDECATALOG                                        ', '1761');
--  Data for word_search_doc
INSERT INTO word_search_doc (document_id)
VALUES ('1761');
-- Data for project
INSERT INTO project (project_id, project_status_id, project_category_id, create_user, create_date, modify_user, modify_date)
VALUES ('891', '2', '14', '132456', '2010-05-21 07:26:30.0', '132456', '2010-05-21 07:26:30.0');
--  Data for project_info
INSERT INTO project_info (project_id, project_info_type_id, value, create_user, create_date, modify_user, modify_date)
VALUES ('891', '1', '1783', '132456', '2010-05-21 07:26:30.0', '132456', '2010-05-21 07:26:30.0');
INSERT INTO project_info (project_id, project_info_type_id, value, create_user, create_date, modify_user, modify_date)
VALUES ('891', '2', '1781', '132456', '2010-05-21 07:26:30.0', '132456', '2010-05-21 07:26:30.0');
INSERT INTO project_info (project_id, project_info_type_id, value, create_user, create_date, modify_user, modify_date)
VALUES ('891', '3', '1', '132456', '2010-05-21 07:26:30.0', '132456', '2010-05-21 07:26:30.0');
INSERT INTO project_info (project_id, project_info_type_id, value, create_user, create_date, modify_user, modify_date)
VALUES ('891', '4', '0', '132456', '2010-05-21 07:26:30.0', '132456', '2010-05-21 07:26:30.0');
INSERT INTO project_info (project_id, project_info_type_id, value, create_user, create_date, modify_user, modify_date)
VALUES ('891', '5', '5801776', '132456', '2010-05-21 07:26:30.0', '132456', '2010-05-21 07:26:30.0');
INSERT INTO project_info (project_id, project_info_type_id, value, create_user, create_date, modify_user, modify_date)
VALUES ('891', '6', 'Component 90', '132456', '2010-05-21 07:26:30.0', '132456', '2010-05-21 07:26:30.0');
INSERT INTO project_info (project_id, project_info_type_id, value, create_user, create_date, modify_user, modify_date)
VALUES ('891', '7', '1.0                 ', '132456', '2010-05-21 07:26:30.0', '132456', '2010-05-21 07:26:30.0');
INSERT INTO project_info (project_id, project_info_type_id, value, create_user, create_date, modify_user, modify_date)
VALUES ('891', '9', 'Off', '132456', '2010-05-21 07:26:30.0', '132456', '2010-05-21 07:26:30.0');
INSERT INTO project_info (project_id, project_info_type_id, value, create_user, create_date, modify_user, modify_date)
VALUES ('891', '10', 'On', '132456', '2010-05-21 07:26:30.0', '132456', '2010-05-21 07:26:30.0');
INSERT INTO project_info (project_id, project_info_type_id, value, create_user, create_date, modify_user, modify_date)
VALUES ('891', '11', 'On', '132456', '2010-05-21 07:26:30.0', '132456', '2010-05-21 07:26:30.0');
INSERT INTO project_info (project_id, project_info_type_id, value, create_user, create_date, modify_user, modify_date)
VALUES ('891', '12', 'Yes', '132456', '2010-05-21 07:26:30.0', '132456', '2010-05-21 07:26:30.0');
INSERT INTO project_info (project_id, project_info_type_id, value, create_user, create_date, modify_user, modify_date)
VALUES ('891', '13', 'Yes', '132456', '2010-05-21 07:26:30.0', '132456', '2010-05-21 07:26:30.0');
INSERT INTO project_info (project_id, project_info_type_id, value, create_user, create_date, modify_user, modify_date)
VALUES ('891', '14', 'Open', '132456', '2010-05-21 07:26:30.0', '132456', '2010-05-21 07:26:30.0');
INSERT INTO project_info (project_id, project_info_type_id, value, create_user, create_date, modify_user, modify_date)
VALUES ('891', '16', '0.0', '132456', '2010-05-21 07:26:30.0', '132456', '2010-05-21 07:26:30.0');
INSERT INTO project_info (project_id, project_info_type_id, value, create_user, create_date, modify_user, modify_date)
VALUES ('891', '26', 'On', '132456', '2010-05-21 07:26:30.0', '132456', '2010-05-21 07:26:30.0');
INSERT INTO project_info (project_id, project_info_type_id, value, create_user, create_date, modify_user, modify_date)
VALUES ('891', '29', 'On', '132456', '2010-05-21 07:26:30.0', '132456', '2010-05-21 07:26:30.0');
INSERT INTO project_info (project_id, project_info_type_id, value, create_user, create_date, modify_user, modify_date)
VALUES ('891', '41', 'true', '132456', '2010-05-21 07:26:30.0', '132456', '2010-05-21 07:26:30.0');
INSERT INTO project_info (project_id, project_info_type_id, value, create_user, create_date, modify_user, modify_date)
VALUES ('891', '43', 'true', '132456', '2010-05-21 07:26:30.0', '132456', '2010-05-21 07:26:30.0');
--  Data for project_phase
INSERT INTO project_phase (project_phase_id, project_id, phase_type_id, phase_status_id, fixed_start_time, scheduled_start_time, scheduled_end_time, actual_start_time, actual_end_time, duration, create_user, create_date, modify_user, modify_date)
VALUES ('891', '891', '1', '1', '2010-05-27 09:00:00.0', '2010-05-27 09:00:00.0', '2010-06-01 09:00:00.0', NULL, NULL, '259200000', '132456', '2010-05-21 07:26:30.0', '132456', '2010-05-21 07:26:30.0');
INSERT INTO project_phase (project_phase_id, project_id, phase_type_id, phase_status_id, fixed_start_time, scheduled_start_time, scheduled_end_time, actual_start_time, actual_end_time, duration, create_user, create_date, modify_user, modify_date)
VALUES ('892', '891', '2', '1', '2010-05-27 09:00:00.0', '2010-05-27 09:00:00.0', '2010-06-07 09:00:00.0', NULL, NULL, '604800000', '132456', '2010-05-21 07:26:30.0', '132456', '2010-05-21 07:26:30.0');
INSERT INTO project_phase (project_phase_id, project_id, phase_type_id, phase_status_id, fixed_start_time, scheduled_start_time, scheduled_end_time, actual_start_time, actual_end_time, duration, create_user, create_date, modify_user, modify_date)
VALUES ('893', '891', '3', '1', '2010-06-07 09:00:00.0', '2010-06-07 09:00:00.0', '2010-06-08 09:00:00.0', NULL, NULL, '86400000', '132456', '2010-05-21 07:26:30.0', '132456', '2010-05-21 07:26:30.0');
INSERT INTO project_phase (project_phase_id, project_id, phase_type_id, phase_status_id, fixed_start_time, scheduled_start_time, scheduled_end_time, actual_start_time, actual_end_time, duration, create_user, create_date, modify_user, modify_date)
VALUES ('894', '891', '4', '1', '2010-06-08 09:00:00.0', '2010-06-08 09:00:00.0', '2010-06-14 09:00:00.0', NULL, NULL, '345600000', '132456', '2010-05-21 07:26:30.0', '132456', '2010-05-21 07:26:30.0');
INSERT INTO project_phase (project_phase_id, project_id, phase_type_id, phase_status_id, fixed_start_time, scheduled_start_time, scheduled_end_time, actual_start_time, actual_end_time, duration, create_user, create_date, modify_user, modify_date)
VALUES ('895', '891', '5', '1', '2010-06-14 09:00:00.0', '2010-06-14 09:00:00.0', '2010-06-15 09:00:00.0', NULL, NULL, '86400000', '132456', '2010-05-21 07:26:30.0', '132456', '2010-05-21 07:26:30.0');
INSERT INTO project_phase (project_phase_id, project_id, phase_type_id, phase_status_id, fixed_start_time, scheduled_start_time, scheduled_end_time, actual_start_time, actual_end_time, duration, create_user, create_date, modify_user, modify_date)
VALUES ('896', '891', '6', '1', '2010-06-15 09:00:00.0', '2010-06-15 09:00:00.0', '2010-06-16 09:00:00.0', NULL, NULL, '86400000', '132456', '2010-05-21 07:26:30.0', '132456', '2010-05-21 07:26:30.0');
INSERT INTO project_phase (project_phase_id, project_id, phase_type_id, phase_status_id, fixed_start_time, scheduled_start_time, scheduled_end_time, actual_start_time, actual_end_time, duration, create_user, create_date, modify_user, modify_date)
VALUES ('897', '891', '7', '1', '2010-06-16 09:00:00.0', '2010-06-16 09:00:00.0', '2010-06-16 21:00:00.0', NULL, NULL, '43200000', '132456', '2010-05-21 07:26:30.0', '132456', '2010-05-21 07:26:30.0');
INSERT INTO project_phase (project_phase_id, project_id, phase_type_id, phase_status_id, fixed_start_time, scheduled_start_time, scheduled_end_time, actual_start_time, actual_end_time, duration, create_user, create_date, modify_user, modify_date)
VALUES ('898', '891', '8', '1', '2010-06-16 21:00:00.0', '2010-06-16 21:00:00.0', '2010-06-17 09:00:00.0', NULL, NULL, '43200000', '132456', '2010-05-21 07:26:30.0', '132456', '2010-05-21 07:26:30.0');
INSERT INTO project_phase (project_phase_id, project_id, phase_type_id, phase_status_id, fixed_start_time, scheduled_start_time, scheduled_end_time, actual_start_time, actual_end_time, duration, create_user, create_date, modify_user, modify_date)
VALUES ('899', '891', '9', '1', '2010-06-17 09:00:00.0', '2010-06-17 09:00:00.0', '2010-06-22 09:00:00.0', NULL, NULL, '259200000', '132456', '2010-05-21 07:26:30.0', '132456', '2010-05-21 07:26:30.0');
INSERT INTO project_phase (project_phase_id, project_id, phase_type_id, phase_status_id, fixed_start_time, scheduled_start_time, scheduled_end_time, actual_start_time, actual_end_time, duration, create_user, create_date, modify_user, modify_date)
VALUES ('900', '891', '10', '1', '2010-06-22 09:00:00.0', '2010-06-22 09:00:00.0', '2010-06-23 09:00:00.0', NULL, NULL, '86400000', '132456', '2010-05-21 07:26:30.0', '132456', '2010-05-21 07:26:30.0');
--  Data for comp_catalog
INSERT INTO comp_catalog (component_id, current_version, short_desc, component_name, description, function_desc, create_time, status_id, root_category_id, modify_date, public_ind)
VALUES ('1781', '1', 'Coolest component ever', 'Component 90', 'Coolest component ever', 'Component', '2010-05-21 07:20:14.48', '102', '5801776', '2010-05-21 07:23:44.0', '0');
--  Data for comp_versions
INSERT INTO comp_versions (comp_vers_id, component_id, version, version_text, create_time, phase_id, phase_time, price, comments, modify_date,
                           suspended_ind)
VALUES ('1783', '1781', '1', '1.0                 ', '2010-05-21 07:20:14.48', '112', '1976-05-04 00:00:00.0', '1000.00', 'Cool', '2010-05-21 07:27:01.0', '0');
--  Data for comp_categories
INSERT INTO comp_categories (comp_categories_id, component_id, category_id)
VALUES ('1785', '1781', '11');
--  Data for comp_keywords
INSERT INTO comp_keywords (comp_keywords_id, component_id, keyword)
VALUES ('1791', '1781', 'assembly');
--  Data for comp_technology
INSERT INTO comp_technology (comp_tech_id, comp_vers_id, technology_type_id)
VALUES ('1792', '1783', '1');
--  Data for comp_documentation
INSERT INTO comp_documentation (document_id, comp_vers_id, document_type_id, document_name, url)
VALUES ('1793', '1783', '0', 'Requirements Specification', '1781/1783/MQTTBroker_Requirements_Specification.pdf');
--  Data for comp_jive_category_xref
INSERT INTO comp_jive_category_xref (comp_vers_id, jive_category_id)
VALUES ('1783', '0');
--  Data for comp_version_dates
INSERT INTO comp_version_dates (comp_version_dates_id, comp_vers_id, phase_id, posting_date, initial_submission_date, winner_announced_date, final_submission_date,
                                estimated_dev_date, price, total_submissions, status_id, create_time, level_id, screening_complete_date, review_complete_date,
                                aggregation_complete_date, phase_complete_date, production_date, aggregation_complete_date_comment, phase_complete_date_comment,
                                review_complete_date_comment, winner_announced_date_comment, initial_submission_date_comment, screening_complete_date_comment,
                                final_submission_date_comment, production_date_comment, modify_date)
VALUES ('1794', '1783', '112', '1976-05-05', '2000-01-01', '2000-01-01', 
        '2000-01-01', '2000-01-01', NULL, '0', '301', '2010-05-21 07:27:01.0', '100', '2000-01-01',
        '2000-01-01', '2000-01-01', '2000-01-01', '2010-12-01', 
        NULL, NULL, NULL, NULL, NULL, NULL, NULL, '', '2010-05-21 07:27:01.0');
--  Data for phase_criteria
INSERT INTO phase_criteria (project_phase_id, phase_criteria_type_id, parameter, create_user, create_date, modify_user, modify_date)
VALUES ('891', '2', '0', '132456', '2010-05-21 07:26:30.0', '132456', '2010-05-21 07:26:30.0');
INSERT INTO phase_criteria (project_phase_id, phase_criteria_type_id, parameter, create_user, create_date, modify_user, modify_date)
VALUES ('891', '5', 'No', '132456', '2010-05-21 07:26:30.0', '132456', '2010-05-21 07:26:30.0');
INSERT INTO phase_criteria (project_phase_id, phase_criteria_type_id, parameter, create_user, create_date, modify_user, modify_date)
VALUES ('892', '3', '0', '132456', '2010-05-21 07:26:30.0', '132456', '2010-05-21 07:26:30.0');
INSERT INTO phase_criteria (project_phase_id, phase_criteria_type_id, parameter, create_user, create_date, modify_user, modify_date)
VALUES ('892', '5', 'No', '132456', '2010-05-21 07:26:30.0', '132456', '2010-05-21 07:26:30.0');
INSERT INTO phase_criteria (project_phase_id, phase_criteria_type_id, parameter, create_user, create_date, modify_user, modify_date)
VALUES ('893', '5', 'No', '132456', '2010-05-21 07:26:30.0', '132456', '2010-05-21 07:26:30.0');
INSERT INTO phase_criteria (project_phase_id, phase_criteria_type_id, parameter, create_user, create_date, modify_user, modify_date)
VALUES ('893', '1', '30000410', '132456', '2010-05-21 07:26:30.0', '132456', '2010-05-21 07:26:30.0');
INSERT INTO phase_criteria (project_phase_id, phase_criteria_type_id, parameter, create_user, create_date, modify_user, modify_date)
VALUES ('894', '5', 'No', '132456', '2010-05-21 07:26:30.0', '132456', '2010-05-21 07:26:30.0');
INSERT INTO phase_criteria (project_phase_id, phase_criteria_type_id, parameter, create_user, create_date, modify_user, modify_date)
VALUES ('894', '1', '30000411', '132456', '2010-05-21 07:26:30.0', '132456', '2010-05-21 07:26:30.0');
INSERT INTO phase_criteria (project_phase_id, phase_criteria_type_id, parameter, create_user, create_date, modify_user, modify_date)
VALUES ('894', '6', '3', '132456', '2010-05-21 07:26:30.0', '132456', '2010-05-21 07:26:30.0');
INSERT INTO phase_criteria (project_phase_id, phase_criteria_type_id, parameter, create_user, create_date, modify_user, modify_date)
VALUES ('895', '5', 'No', '132456', '2010-05-21 07:26:30.0', '132456', '2010-05-21 07:26:30.0');
INSERT INTO phase_criteria (project_phase_id, phase_criteria_type_id, parameter, create_user, create_date, modify_user, modify_date)
VALUES ('895', '4', 'No', '132456', '2010-05-21 07:26:30.0', '132456', '2010-05-21 07:26:30.0');
INSERT INTO phase_criteria (project_phase_id, phase_criteria_type_id, parameter, create_user, create_date, modify_user, modify_date)
VALUES ('896', '5', 'No', '132456', '2010-05-21 07:26:30.0', '132456', '2010-05-21 07:26:30.0');
INSERT INTO phase_criteria (project_phase_id, phase_criteria_type_id, parameter, create_user, create_date, modify_user, modify_date)
VALUES ('897', '5', 'No', '132456', '2010-05-21 07:26:30.0', '132456', '2010-05-21 07:26:30.0');
INSERT INTO phase_criteria (project_phase_id, phase_criteria_type_id, parameter, create_user, create_date, modify_user, modify_date)
VALUES ('898', '5', 'No', '132456', '2010-05-21 07:26:30.0', '132456', '2010-05-21 07:26:30.0');
INSERT INTO phase_criteria (project_phase_id, phase_criteria_type_id, parameter, create_user, create_date, modify_user, modify_date)
VALUES ('899', '5', 'No', '132456', '2010-05-21 07:26:30.0', '132456', '2010-05-21 07:26:30.0');
INSERT INTO phase_criteria (project_phase_id, phase_criteria_type_id, parameter, create_user, create_date, modify_user, modify_date)
VALUES ('900', '5', 'No', '132456', '2010-05-21 07:26:30.0', '132456', '2010-05-21 07:26:30.0');
--  Data for phase_dependency
INSERT INTO phase_dependency (dependency_phase_id, dependent_phase_id, dependency_start, dependent_start, lag_time, create_user, create_date, modify_user, modify_date)
VALUES ('891', '892', '1', '1', '0', '132456', '2010-05-21 07:26:30.0', '132456', '2010-05-21 07:26:30.0');
INSERT INTO phase_dependency (dependency_phase_id, dependent_phase_id, dependency_start, dependent_start, lag_time, create_user, create_date, modify_user, modify_date)
VALUES ('892', '893', '0', '1', '0', '132456', '2010-05-21 07:26:30.0', '132456', '2010-05-21 07:26:30.0');
INSERT INTO phase_dependency (dependency_phase_id, dependent_phase_id, dependency_start, dependent_start, lag_time, create_user, create_date, modify_user, modify_date)
VALUES ('893', '894', '0', '1', '0', '132456', '2010-05-21 07:26:30.0', '132456', '2010-05-21 07:26:30.0');
INSERT INTO phase_dependency (dependency_phase_id, dependent_phase_id, dependency_start, dependent_start, lag_time, create_user, create_date, modify_user, modify_date)
VALUES ('894', '895', '0', '1', '0', '132456', '2010-05-21 07:26:30.0', '132456', '2010-05-21 07:26:30.0');
INSERT INTO phase_dependency (dependency_phase_id, dependent_phase_id, dependency_start, dependent_start, lag_time, create_user, create_date, modify_user, modify_date)
VALUES ('895', '896', '0', '1', '0', '132456', '2010-05-21 07:26:30.0', '132456', '2010-05-21 07:26:30.0');
INSERT INTO phase_dependency (dependency_phase_id, dependent_phase_id, dependency_start, dependent_start, lag_time, create_user, create_date, modify_user, modify_date)
VALUES ('896', '897', '0', '1', '0', '132456', '2010-05-21 07:26:30.0', '132456', '2010-05-21 07:26:30.0');
INSERT INTO phase_dependency (dependency_phase_id, dependent_phase_id, dependency_start, dependent_start, lag_time, create_user, create_date, modify_user, modify_date)
VALUES ('897', '898', '0', '1', '0', '132456', '2010-05-21 07:26:30.0', '132456', '2010-05-21 07:26:30.0');
INSERT INTO phase_dependency (dependency_phase_id, dependent_phase_id, dependency_start, dependent_start, lag_time, create_user, create_date, modify_user, modify_date)
VALUES ('898', '899', '0', '1', '0', '132456', '2010-05-21 07:26:30.0', '132456', '2010-05-21 07:26:30.0');
INSERT INTO phase_dependency (dependency_phase_id, dependent_phase_id, dependency_start, dependent_start, lag_time, create_user, create_date, modify_user, modify_date)
VALUES ('899', '900', '0', '1', '0', '132456', '2010-05-21 07:26:30.0', '132456', '2010-05-21 07:26:30.0');
--  Data for resource
INSERT INTO resource (resource_id, resource_role_id, project_id, project_phase_id, create_user, create_date, modify_user, modify_date)
VALUES ('891', '13', '891', NULL, '132456', '2010-05-21 07:26:30.0', '132456', '2010-05-21 07:26:30.0');
--  Data for resource_info
INSERT INTO resource_info (resource_id, resource_info_type_id, value, create_user, create_date, modify_user, modify_date)
VALUES ('891', '1', '132456', '132456', '2010-05-21 07:26:30.0', '132456', '2010-05-21 07:26:30.0');
INSERT INTO resource_info (resource_id, resource_info_type_id, value, create_user, create_date, modify_user, modify_date)
VALUES ('891', '2', 'heffan', '132456', '2010-05-21 07:26:30.0', '132456', '2010-05-21 07:26:30.0');
--  Data for user_role
INSERT INTO user_role (user_role_id, comp_vers_id, role_id, login_id, description)
VALUES ('1784', '1783', '1', '132456', '');
--  Data for word_search
INSERT INTO word_search (word_search_id, document_id, index_word, nbr_occurrences)
VALUES ('1787', '1781', 'ever                                                                                                ', '2');
INSERT INTO word_search (word_search_id, document_id, index_word, nbr_occurrences)
VALUES ('1788', '1781', 'component                                                                                           ', '4');
INSERT INTO word_search (word_search_id, document_id, index_word, nbr_occurrences)
VALUES ('1789', '1781', 'coolest                                                                                             ', '2');
INSERT INTO word_search (word_search_id, document_id, index_word, nbr_occurrences)
VALUES ('1790', '1781', 'assembly                                                    ', '2');
--  Data for word_search_ctgy
INSERT INTO word_search_ctgy (word_srch_ctgy_id, category_id, document_id)
VALUES ('1786', 'DDECATALOG                                        ', '1781');
--  Data for word_search_doc
INSERT INTO word_search_doc (document_id)
VALUES ('1781');
-- Data for project
INSERT INTO project (project_id, project_status_id, project_category_id, create_user, create_date, modify_user, modify_date)
VALUES ('901', '2', '2', '132456', '2010-05-21 07:26:30.0', '132456', '2010-05-21 07:26:30.0');
--  Data for project_info
INSERT INTO project_info (project_id, project_info_type_id, value, create_user, create_date, modify_user, modify_date)
VALUES ('901', '1', '1803', '132456', '2010-05-21 07:26:30.0', '132456', '2010-05-21 07:26:30.0');
INSERT INTO project_info (project_id, project_info_type_id, value, create_user, create_date, modify_user, modify_date)
VALUES ('901', '2', '1801', '132456', '2010-05-21 07:26:30.0', '132456', '2010-05-21 07:26:30.0');
INSERT INTO project_info (project_id, project_info_type_id, value, create_user, create_date, modify_user, modify_date)
VALUES ('901', '3', '1', '132456', '2010-05-21 07:26:30.0', '132456', '2010-05-21 07:26:30.0');
INSERT INTO project_info (project_id, project_info_type_id, value, create_user, create_date, modify_user, modify_date)
VALUES ('901', '4', '0', '132456', '2010-05-21 07:26:30.0', '132456', '2010-05-21 07:26:30.0');
INSERT INTO project_info (project_id, project_info_type_id, value, create_user, create_date, modify_user, modify_date)
VALUES ('901', '5', '5801777', '132456', '2010-05-21 07:26:30.0', '132456', '2010-05-21 07:26:30.0');
INSERT INTO project_info (project_id, project_info_type_id, value, create_user, create_date, modify_user, modify_date)
VALUES ('901', '6', 'Component 91', '132456', '2010-05-21 07:26:30.0', '132456', '2010-05-21 07:26:30.0');
INSERT INTO project_info (project_id, project_info_type_id, value, create_user, create_date, modify_user, modify_date)
VALUES ('901', '7', '1.0                 ', '132456', '2010-05-21 07:26:30.0', '132456', '2010-05-21 07:26:30.0');
INSERT INTO project_info (project_id, project_info_type_id, value, create_user, create_date, modify_user, modify_date)
VALUES ('901', '9', 'Off', '132456', '2010-05-21 07:26:30.0', '132456', '2010-05-21 07:26:30.0');
INSERT INTO project_info (project_id, project_info_type_id, value, create_user, create_date, modify_user, modify_date)
VALUES ('901', '10', 'On', '132456', '2010-05-21 07:26:30.0', '132456', '2010-05-21 07:26:30.0');
INSERT INTO project_info (project_id, project_info_type_id, value, create_user, create_date, modify_user, modify_date)
VALUES ('901', '11', 'On', '132456', '2010-05-21 07:26:30.0', '132456', '2010-05-21 07:26:30.0');
INSERT INTO project_info (project_id, project_info_type_id, value, create_user, create_date, modify_user, modify_date)
VALUES ('901', '12', 'Yes', '132456', '2010-05-21 07:26:30.0', '132456', '2010-05-21 07:26:30.0');
INSERT INTO project_info (project_id, project_info_type_id, value, create_user, create_date, modify_user, modify_date)
VALUES ('901', '13', 'Yes', '132456', '2010-05-21 07:26:30.0', '132456', '2010-05-21 07:26:30.0');
INSERT INTO project_info (project_id, project_info_type_id, value, create_user, create_date, modify_user, modify_date)
VALUES ('901', '14', 'Open', '132456', '2010-05-21 07:26:30.0', '132456', '2010-05-21 07:26:30.0');
INSERT INTO project_info (project_id, project_info_type_id, value, create_user, create_date, modify_user, modify_date)
VALUES ('901', '16', '0.0', '132456', '2010-05-21 07:26:30.0', '132456', '2010-05-21 07:26:30.0');
INSERT INTO project_info (project_id, project_info_type_id, value, create_user, create_date, modify_user, modify_date)
VALUES ('901', '26', 'On', '132456', '2010-05-21 07:26:30.0', '132456', '2010-05-21 07:26:30.0');
INSERT INTO project_info (project_id, project_info_type_id, value, create_user, create_date, modify_user, modify_date)
VALUES ('901', '29', 'On', '132456', '2010-05-21 07:26:30.0', '132456', '2010-05-21 07:26:30.0');
INSERT INTO project_info (project_id, project_info_type_id, value, create_user, create_date, modify_user, modify_date)
VALUES ('901', '41', 'true', '132456', '2010-05-21 07:26:30.0', '132456', '2010-05-21 07:26:30.0');
INSERT INTO project_info (project_id, project_info_type_id, value, create_user, create_date, modify_user, modify_date)
VALUES ('901', '43', 'true', '132456', '2010-05-21 07:26:30.0', '132456', '2010-05-21 07:26:30.0');
--  Data for project_phase
INSERT INTO project_phase (project_phase_id, project_id, phase_type_id, phase_status_id, fixed_start_time, scheduled_start_time, scheduled_end_time, actual_start_time, actual_end_time, duration, create_user, create_date, modify_user, modify_date)
VALUES ('901', '901', '1', '1', '2010-05-27 09:00:00.0', '2010-05-27 09:00:00.0', '2010-06-01 09:00:00.0', NULL, NULL, '259200000', '132456', '2010-05-21 07:26:30.0', '132456', '2010-05-21 07:26:30.0');
INSERT INTO project_phase (project_phase_id, project_id, phase_type_id, phase_status_id, fixed_start_time, scheduled_start_time, scheduled_end_time, actual_start_time, actual_end_time, duration, create_user, create_date, modify_user, modify_date)
VALUES ('902', '901', '2', '1', '2010-05-27 09:00:00.0', '2010-05-27 09:00:00.0', '2010-06-07 09:00:00.0', NULL, NULL, '604800000', '132456', '2010-05-21 07:26:30.0', '132456', '2010-05-21 07:26:30.0');
INSERT INTO project_phase (project_phase_id, project_id, phase_type_id, phase_status_id, fixed_start_time, scheduled_start_time, scheduled_end_time, actual_start_time, actual_end_time, duration, create_user, create_date, modify_user, modify_date)
VALUES ('903', '901', '3', '1', '2010-06-07 09:00:00.0', '2010-06-07 09:00:00.0', '2010-06-08 09:00:00.0', NULL, NULL, '86400000', '132456', '2010-05-21 07:26:30.0', '132456', '2010-05-21 07:26:30.0');
INSERT INTO project_phase (project_phase_id, project_id, phase_type_id, phase_status_id, fixed_start_time, scheduled_start_time, scheduled_end_time, actual_start_time, actual_end_time, duration, create_user, create_date, modify_user, modify_date)
VALUES ('904', '901', '4', '1', '2010-06-08 09:00:00.0', '2010-06-08 09:00:00.0', '2010-06-14 09:00:00.0', NULL, NULL, '345600000', '132456', '2010-05-21 07:26:30.0', '132456', '2010-05-21 07:26:30.0');
INSERT INTO project_phase (project_phase_id, project_id, phase_type_id, phase_status_id, fixed_start_time, scheduled_start_time, scheduled_end_time, actual_start_time, actual_end_time, duration, create_user, create_date, modify_user, modify_date)
VALUES ('905', '901', '5', '1', '2010-06-14 09:00:00.0', '2010-06-14 09:00:00.0', '2010-06-15 09:00:00.0', NULL, NULL, '86400000', '132456', '2010-05-21 07:26:30.0', '132456', '2010-05-21 07:26:30.0');
INSERT INTO project_phase (project_phase_id, project_id, phase_type_id, phase_status_id, fixed_start_time, scheduled_start_time, scheduled_end_time, actual_start_time, actual_end_time, duration, create_user, create_date, modify_user, modify_date)
VALUES ('906', '901', '6', '1', '2010-06-15 09:00:00.0', '2010-06-15 09:00:00.0', '2010-06-16 09:00:00.0', NULL, NULL, '86400000', '132456', '2010-05-21 07:26:30.0', '132456', '2010-05-21 07:26:30.0');
INSERT INTO project_phase (project_phase_id, project_id, phase_type_id, phase_status_id, fixed_start_time, scheduled_start_time, scheduled_end_time, actual_start_time, actual_end_time, duration, create_user, create_date, modify_user, modify_date)
VALUES ('907', '901', '7', '1', '2010-06-16 09:00:00.0', '2010-06-16 09:00:00.0', '2010-06-16 21:00:00.0', NULL, NULL, '43200000', '132456', '2010-05-21 07:26:30.0', '132456', '2010-05-21 07:26:30.0');
INSERT INTO project_phase (project_phase_id, project_id, phase_type_id, phase_status_id, fixed_start_time, scheduled_start_time, scheduled_end_time, actual_start_time, actual_end_time, duration, create_user, create_date, modify_user, modify_date)
VALUES ('908', '901', '8', '1', '2010-06-16 21:00:00.0', '2010-06-16 21:00:00.0', '2010-06-17 09:00:00.0', NULL, NULL, '43200000', '132456', '2010-05-21 07:26:30.0', '132456', '2010-05-21 07:26:30.0');
INSERT INTO project_phase (project_phase_id, project_id, phase_type_id, phase_status_id, fixed_start_time, scheduled_start_time, scheduled_end_time, actual_start_time, actual_end_time, duration, create_user, create_date, modify_user, modify_date)
VALUES ('909', '901', '9', '1', '2010-06-17 09:00:00.0', '2010-06-17 09:00:00.0', '2010-06-22 09:00:00.0', NULL, NULL, '259200000', '132456', '2010-05-21 07:26:30.0', '132456', '2010-05-21 07:26:30.0');
INSERT INTO project_phase (project_phase_id, project_id, phase_type_id, phase_status_id, fixed_start_time, scheduled_start_time, scheduled_end_time, actual_start_time, actual_end_time, duration, create_user, create_date, modify_user, modify_date)
VALUES ('910', '901', '10', '1', '2010-06-22 09:00:00.0', '2010-06-22 09:00:00.0', '2010-06-23 09:00:00.0', NULL, NULL, '86400000', '132456', '2010-05-21 07:26:30.0', '132456', '2010-05-21 07:26:30.0');
--  Data for comp_catalog
INSERT INTO comp_catalog (component_id, current_version, short_desc, component_name, description, function_desc, create_time, status_id, root_category_id, modify_date, public_ind)
VALUES ('1801', '1', 'Coolest component ever', 'Component 91', 'Coolest component ever', 'Component', '2010-05-21 07:20:14.48', '102', '5801777', '2010-05-21 07:23:44.0', '0');
--  Data for comp_versions
INSERT INTO comp_versions (comp_vers_id, component_id, version, version_text, create_time, phase_id, phase_time, price, comments, modify_date,
                           suspended_ind)
VALUES ('1803', '1801', '1', '1.0                 ', '2010-05-21 07:20:14.48', '112', '1976-05-04 00:00:00.0', '1000.00', 'Cool', '2010-05-21 07:27:01.0', '0');
--  Data for comp_categories
INSERT INTO comp_categories (comp_categories_id, component_id, category_id)
VALUES ('1805', '1801', '11');
--  Data for comp_keywords
INSERT INTO comp_keywords (comp_keywords_id, component_id, keyword)
VALUES ('1811', '1801', 'development');
--  Data for comp_technology
INSERT INTO comp_technology (comp_tech_id, comp_vers_id, technology_type_id)
VALUES ('1812', '1803', '1');
--  Data for comp_documentation
INSERT INTO comp_documentation (document_id, comp_vers_id, document_type_id, document_name, url)
VALUES ('1813', '1803', '0', 'Requirements Specification', '1801/1803/MQTTBroker_Requirements_Specification.pdf');
--  Data for comp_jive_category_xref
INSERT INTO comp_jive_category_xref (comp_vers_id, jive_category_id)
VALUES ('1803', '0');
--  Data for comp_version_dates
INSERT INTO comp_version_dates (comp_version_dates_id, comp_vers_id, phase_id, posting_date, initial_submission_date, winner_announced_date, final_submission_date,
                                estimated_dev_date, price, total_submissions, status_id, create_time, level_id, screening_complete_date, review_complete_date,
                                aggregation_complete_date, phase_complete_date, production_date, aggregation_complete_date_comment, phase_complete_date_comment,
                                review_complete_date_comment, winner_announced_date_comment, initial_submission_date_comment, screening_complete_date_comment,
                                final_submission_date_comment, production_date_comment, modify_date)
VALUES ('1814', '1803', '112', '1976-05-05', '2000-01-01', '2000-01-01', 
        '2000-01-01', '2000-01-01', NULL, '0', '301', '2010-05-21 07:27:01.0', '100', '2000-01-01',
        '2000-01-01', '2000-01-01', '2000-01-01', '2010-12-01', 
        NULL, NULL, NULL, NULL, NULL, NULL, NULL, '', '2010-05-21 07:27:01.0');
--  Data for phase_criteria
INSERT INTO phase_criteria (project_phase_id, phase_criteria_type_id, parameter, create_user, create_date, modify_user, modify_date)
VALUES ('901', '2', '0', '132456', '2010-05-21 07:26:30.0', '132456', '2010-05-21 07:26:30.0');
INSERT INTO phase_criteria (project_phase_id, phase_criteria_type_id, parameter, create_user, create_date, modify_user, modify_date)
VALUES ('901', '5', 'No', '132456', '2010-05-21 07:26:30.0', '132456', '2010-05-21 07:26:30.0');
INSERT INTO phase_criteria (project_phase_id, phase_criteria_type_id, parameter, create_user, create_date, modify_user, modify_date)
VALUES ('902', '3', '0', '132456', '2010-05-21 07:26:30.0', '132456', '2010-05-21 07:26:30.0');
INSERT INTO phase_criteria (project_phase_id, phase_criteria_type_id, parameter, create_user, create_date, modify_user, modify_date)
VALUES ('902', '5', 'No', '132456', '2010-05-21 07:26:30.0', '132456', '2010-05-21 07:26:30.0');
INSERT INTO phase_criteria (project_phase_id, phase_criteria_type_id, parameter, create_user, create_date, modify_user, modify_date)
VALUES ('903', '5', 'No', '132456', '2010-05-21 07:26:30.0', '132456', '2010-05-21 07:26:30.0');
INSERT INTO phase_criteria (project_phase_id, phase_criteria_type_id, parameter, create_user, create_date, modify_user, modify_date)
VALUES ('903', '1', '30000410', '132456', '2010-05-21 07:26:30.0', '132456', '2010-05-21 07:26:30.0');
INSERT INTO phase_criteria (project_phase_id, phase_criteria_type_id, parameter, create_user, create_date, modify_user, modify_date)
VALUES ('904', '5', 'No', '132456', '2010-05-21 07:26:30.0', '132456', '2010-05-21 07:26:30.0');
INSERT INTO phase_criteria (project_phase_id, phase_criteria_type_id, parameter, create_user, create_date, modify_user, modify_date)
VALUES ('904', '1', '30000411', '132456', '2010-05-21 07:26:30.0', '132456', '2010-05-21 07:26:30.0');
INSERT INTO phase_criteria (project_phase_id, phase_criteria_type_id, parameter, create_user, create_date, modify_user, modify_date)
VALUES ('904', '6', '3', '132456', '2010-05-21 07:26:30.0', '132456', '2010-05-21 07:26:30.0');
INSERT INTO phase_criteria (project_phase_id, phase_criteria_type_id, parameter, create_user, create_date, modify_user, modify_date)
VALUES ('905', '5', 'No', '132456', '2010-05-21 07:26:30.0', '132456', '2010-05-21 07:26:30.0');
INSERT INTO phase_criteria (project_phase_id, phase_criteria_type_id, parameter, create_user, create_date, modify_user, modify_date)
VALUES ('905', '4', 'No', '132456', '2010-05-21 07:26:30.0', '132456', '2010-05-21 07:26:30.0');
INSERT INTO phase_criteria (project_phase_id, phase_criteria_type_id, parameter, create_user, create_date, modify_user, modify_date)
VALUES ('906', '5', 'No', '132456', '2010-05-21 07:26:30.0', '132456', '2010-05-21 07:26:30.0');
INSERT INTO phase_criteria (project_phase_id, phase_criteria_type_id, parameter, create_user, create_date, modify_user, modify_date)
VALUES ('907', '5', 'No', '132456', '2010-05-21 07:26:30.0', '132456', '2010-05-21 07:26:30.0');
INSERT INTO phase_criteria (project_phase_id, phase_criteria_type_id, parameter, create_user, create_date, modify_user, modify_date)
VALUES ('908', '5', 'No', '132456', '2010-05-21 07:26:30.0', '132456', '2010-05-21 07:26:30.0');
INSERT INTO phase_criteria (project_phase_id, phase_criteria_type_id, parameter, create_user, create_date, modify_user, modify_date)
VALUES ('909', '5', 'No', '132456', '2010-05-21 07:26:30.0', '132456', '2010-05-21 07:26:30.0');
INSERT INTO phase_criteria (project_phase_id, phase_criteria_type_id, parameter, create_user, create_date, modify_user, modify_date)
VALUES ('910', '5', 'No', '132456', '2010-05-21 07:26:30.0', '132456', '2010-05-21 07:26:30.0');
--  Data for phase_dependency
INSERT INTO phase_dependency (dependency_phase_id, dependent_phase_id, dependency_start, dependent_start, lag_time, create_user, create_date, modify_user, modify_date)
VALUES ('901', '902', '1', '1', '0', '132456', '2010-05-21 07:26:30.0', '132456', '2010-05-21 07:26:30.0');
INSERT INTO phase_dependency (dependency_phase_id, dependent_phase_id, dependency_start, dependent_start, lag_time, create_user, create_date, modify_user, modify_date)
VALUES ('902', '903', '0', '1', '0', '132456', '2010-05-21 07:26:30.0', '132456', '2010-05-21 07:26:30.0');
INSERT INTO phase_dependency (dependency_phase_id, dependent_phase_id, dependency_start, dependent_start, lag_time, create_user, create_date, modify_user, modify_date)
VALUES ('903', '904', '0', '1', '0', '132456', '2010-05-21 07:26:30.0', '132456', '2010-05-21 07:26:30.0');
INSERT INTO phase_dependency (dependency_phase_id, dependent_phase_id, dependency_start, dependent_start, lag_time, create_user, create_date, modify_user, modify_date)
VALUES ('904', '905', '0', '1', '0', '132456', '2010-05-21 07:26:30.0', '132456', '2010-05-21 07:26:30.0');
INSERT INTO phase_dependency (dependency_phase_id, dependent_phase_id, dependency_start, dependent_start, lag_time, create_user, create_date, modify_user, modify_date)
VALUES ('905', '906', '0', '1', '0', '132456', '2010-05-21 07:26:30.0', '132456', '2010-05-21 07:26:30.0');
INSERT INTO phase_dependency (dependency_phase_id, dependent_phase_id, dependency_start, dependent_start, lag_time, create_user, create_date, modify_user, modify_date)
VALUES ('906', '907', '0', '1', '0', '132456', '2010-05-21 07:26:30.0', '132456', '2010-05-21 07:26:30.0');
INSERT INTO phase_dependency (dependency_phase_id, dependent_phase_id, dependency_start, dependent_start, lag_time, create_user, create_date, modify_user, modify_date)
VALUES ('907', '908', '0', '1', '0', '132456', '2010-05-21 07:26:30.0', '132456', '2010-05-21 07:26:30.0');
INSERT INTO phase_dependency (dependency_phase_id, dependent_phase_id, dependency_start, dependent_start, lag_time, create_user, create_date, modify_user, modify_date)
VALUES ('908', '909', '0', '1', '0', '132456', '2010-05-21 07:26:30.0', '132456', '2010-05-21 07:26:30.0');
INSERT INTO phase_dependency (dependency_phase_id, dependent_phase_id, dependency_start, dependent_start, lag_time, create_user, create_date, modify_user, modify_date)
VALUES ('909', '910', '0', '1', '0', '132456', '2010-05-21 07:26:30.0', '132456', '2010-05-21 07:26:30.0');
--  Data for resource
INSERT INTO resource (resource_id, resource_role_id, project_id, project_phase_id, create_user, create_date, modify_user, modify_date)
VALUES ('901', '13', '901', NULL, '132456', '2010-05-21 07:26:30.0', '132456', '2010-05-21 07:26:30.0');
--  Data for resource_info
INSERT INTO resource_info (resource_id, resource_info_type_id, value, create_user, create_date, modify_user, modify_date)
VALUES ('901', '1', '132456', '132456', '2010-05-21 07:26:30.0', '132456', '2010-05-21 07:26:30.0');
INSERT INTO resource_info (resource_id, resource_info_type_id, value, create_user, create_date, modify_user, modify_date)
VALUES ('901', '2', 'heffan', '132456', '2010-05-21 07:26:30.0', '132456', '2010-05-21 07:26:30.0');
--  Data for user_role
INSERT INTO user_role (user_role_id, comp_vers_id, role_id, login_id, description)
VALUES ('1804', '1803', '1', '132456', '');
--  Data for word_search
INSERT INTO word_search (word_search_id, document_id, index_word, nbr_occurrences)
VALUES ('1807', '1801', 'ever                                                                                                ', '2');
INSERT INTO word_search (word_search_id, document_id, index_word, nbr_occurrences)
VALUES ('1808', '1801', 'component                                                                                           ', '4');
INSERT INTO word_search (word_search_id, document_id, index_word, nbr_occurrences)
VALUES ('1809', '1801', 'coolest                                                                                             ', '2');
INSERT INTO word_search (word_search_id, document_id, index_word, nbr_occurrences)
VALUES ('1810', '1801', 'development                                                    ', '2');
--  Data for word_search_ctgy
INSERT INTO word_search_ctgy (word_srch_ctgy_id, category_id, document_id)
VALUES ('1806', 'DDECATALOG                                        ', '1801');
--  Data for word_search_doc
INSERT INTO word_search_doc (document_id)
VALUES ('1801');
-- Data for project
INSERT INTO project (project_id, project_status_id, project_category_id, create_user, create_date, modify_user, modify_date)
VALUES ('911', '2', '1', '132456', '2010-05-21 07:26:30.0', '132456', '2010-05-21 07:26:30.0');
--  Data for project_info
INSERT INTO project_info (project_id, project_info_type_id, value, create_user, create_date, modify_user, modify_date)
VALUES ('911', '1', '1823', '132456', '2010-05-21 07:26:30.0', '132456', '2010-05-21 07:26:30.0');
INSERT INTO project_info (project_id, project_info_type_id, value, create_user, create_date, modify_user, modify_date)
VALUES ('911', '2', '1821', '132456', '2010-05-21 07:26:30.0', '132456', '2010-05-21 07:26:30.0');
INSERT INTO project_info (project_id, project_info_type_id, value, create_user, create_date, modify_user, modify_date)
VALUES ('911', '3', '1', '132456', '2010-05-21 07:26:30.0', '132456', '2010-05-21 07:26:30.0');
INSERT INTO project_info (project_id, project_info_type_id, value, create_user, create_date, modify_user, modify_date)
VALUES ('911', '4', '0', '132456', '2010-05-21 07:26:30.0', '132456', '2010-05-21 07:26:30.0');
INSERT INTO project_info (project_id, project_info_type_id, value, create_user, create_date, modify_user, modify_date)
VALUES ('911', '5', '5801777', '132456', '2010-05-21 07:26:30.0', '132456', '2010-05-21 07:26:30.0');
INSERT INTO project_info (project_id, project_info_type_id, value, create_user, create_date, modify_user, modify_date)
VALUES ('911', '6', 'Component 92', '132456', '2010-05-21 07:26:30.0', '132456', '2010-05-21 07:26:30.0');
INSERT INTO project_info (project_id, project_info_type_id, value, create_user, create_date, modify_user, modify_date)
VALUES ('911', '7', '1.0                 ', '132456', '2010-05-21 07:26:30.0', '132456', '2010-05-21 07:26:30.0');
INSERT INTO project_info (project_id, project_info_type_id, value, create_user, create_date, modify_user, modify_date)
VALUES ('911', '9', 'Off', '132456', '2010-05-21 07:26:30.0', '132456', '2010-05-21 07:26:30.0');
INSERT INTO project_info (project_id, project_info_type_id, value, create_user, create_date, modify_user, modify_date)
VALUES ('911', '10', 'On', '132456', '2010-05-21 07:26:30.0', '132456', '2010-05-21 07:26:30.0');
INSERT INTO project_info (project_id, project_info_type_id, value, create_user, create_date, modify_user, modify_date)
VALUES ('911', '11', 'On', '132456', '2010-05-21 07:26:30.0', '132456', '2010-05-21 07:26:30.0');
INSERT INTO project_info (project_id, project_info_type_id, value, create_user, create_date, modify_user, modify_date)
VALUES ('911', '12', 'Yes', '132456', '2010-05-21 07:26:30.0', '132456', '2010-05-21 07:26:30.0');
INSERT INTO project_info (project_id, project_info_type_id, value, create_user, create_date, modify_user, modify_date)
VALUES ('911', '13', 'Yes', '132456', '2010-05-21 07:26:30.0', '132456', '2010-05-21 07:26:30.0');
INSERT INTO project_info (project_id, project_info_type_id, value, create_user, create_date, modify_user, modify_date)
VALUES ('911', '14', 'Open', '132456', '2010-05-21 07:26:30.0', '132456', '2010-05-21 07:26:30.0');
INSERT INTO project_info (project_id, project_info_type_id, value, create_user, create_date, modify_user, modify_date)
VALUES ('911', '16', '0.0', '132456', '2010-05-21 07:26:30.0', '132456', '2010-05-21 07:26:30.0');
INSERT INTO project_info (project_id, project_info_type_id, value, create_user, create_date, modify_user, modify_date)
VALUES ('911', '26', 'On', '132456', '2010-05-21 07:26:30.0', '132456', '2010-05-21 07:26:30.0');
INSERT INTO project_info (project_id, project_info_type_id, value, create_user, create_date, modify_user, modify_date)
VALUES ('911', '29', 'On', '132456', '2010-05-21 07:26:30.0', '132456', '2010-05-21 07:26:30.0');
INSERT INTO project_info (project_id, project_info_type_id, value, create_user, create_date, modify_user, modify_date)
VALUES ('911', '41', 'true', '132456', '2010-05-21 07:26:30.0', '132456', '2010-05-21 07:26:30.0');
INSERT INTO project_info (project_id, project_info_type_id, value, create_user, create_date, modify_user, modify_date)
VALUES ('911', '43', 'true', '132456', '2010-05-21 07:26:30.0', '132456', '2010-05-21 07:26:30.0');
--  Data for project_phase
INSERT INTO project_phase (project_phase_id, project_id, phase_type_id, phase_status_id, fixed_start_time, scheduled_start_time, scheduled_end_time, actual_start_time, actual_end_time, duration, create_user, create_date, modify_user, modify_date)
VALUES ('911', '911', '1', '1', '2010-05-27 09:00:00.0', '2010-05-27 09:00:00.0', '2010-06-01 09:00:00.0', NULL, NULL, '259200000', '132456', '2010-05-21 07:26:30.0', '132456', '2010-05-21 07:26:30.0');
INSERT INTO project_phase (project_phase_id, project_id, phase_type_id, phase_status_id, fixed_start_time, scheduled_start_time, scheduled_end_time, actual_start_time, actual_end_time, duration, create_user, create_date, modify_user, modify_date)
VALUES ('912', '911', '2', '1', '2010-05-27 09:00:00.0', '2010-05-27 09:00:00.0', '2010-06-07 09:00:00.0', NULL, NULL, '604800000', '132456', '2010-05-21 07:26:30.0', '132456', '2010-05-21 07:26:30.0');
INSERT INTO project_phase (project_phase_id, project_id, phase_type_id, phase_status_id, fixed_start_time, scheduled_start_time, scheduled_end_time, actual_start_time, actual_end_time, duration, create_user, create_date, modify_user, modify_date)
VALUES ('913', '911', '3', '1', '2010-06-07 09:00:00.0', '2010-06-07 09:00:00.0', '2010-06-08 09:00:00.0', NULL, NULL, '86400000', '132456', '2010-05-21 07:26:30.0', '132456', '2010-05-21 07:26:30.0');
INSERT INTO project_phase (project_phase_id, project_id, phase_type_id, phase_status_id, fixed_start_time, scheduled_start_time, scheduled_end_time, actual_start_time, actual_end_time, duration, create_user, create_date, modify_user, modify_date)
VALUES ('914', '911', '4', '1', '2010-06-08 09:00:00.0', '2010-06-08 09:00:00.0', '2010-06-14 09:00:00.0', NULL, NULL, '345600000', '132456', '2010-05-21 07:26:30.0', '132456', '2010-05-21 07:26:30.0');
INSERT INTO project_phase (project_phase_id, project_id, phase_type_id, phase_status_id, fixed_start_time, scheduled_start_time, scheduled_end_time, actual_start_time, actual_end_time, duration, create_user, create_date, modify_user, modify_date)
VALUES ('915', '911', '5', '1', '2010-06-14 09:00:00.0', '2010-06-14 09:00:00.0', '2010-06-15 09:00:00.0', NULL, NULL, '86400000', '132456', '2010-05-21 07:26:30.0', '132456', '2010-05-21 07:26:30.0');
INSERT INTO project_phase (project_phase_id, project_id, phase_type_id, phase_status_id, fixed_start_time, scheduled_start_time, scheduled_end_time, actual_start_time, actual_end_time, duration, create_user, create_date, modify_user, modify_date)
VALUES ('916', '911', '6', '1', '2010-06-15 09:00:00.0', '2010-06-15 09:00:00.0', '2010-06-16 09:00:00.0', NULL, NULL, '86400000', '132456', '2010-05-21 07:26:30.0', '132456', '2010-05-21 07:26:30.0');
INSERT INTO project_phase (project_phase_id, project_id, phase_type_id, phase_status_id, fixed_start_time, scheduled_start_time, scheduled_end_time, actual_start_time, actual_end_time, duration, create_user, create_date, modify_user, modify_date)
VALUES ('917', '911', '7', '1', '2010-06-16 09:00:00.0', '2010-06-16 09:00:00.0', '2010-06-16 21:00:00.0', NULL, NULL, '43200000', '132456', '2010-05-21 07:26:30.0', '132456', '2010-05-21 07:26:30.0');
INSERT INTO project_phase (project_phase_id, project_id, phase_type_id, phase_status_id, fixed_start_time, scheduled_start_time, scheduled_end_time, actual_start_time, actual_end_time, duration, create_user, create_date, modify_user, modify_date)
VALUES ('918', '911', '8', '1', '2010-06-16 21:00:00.0', '2010-06-16 21:00:00.0', '2010-06-17 09:00:00.0', NULL, NULL, '43200000', '132456', '2010-05-21 07:26:30.0', '132456', '2010-05-21 07:26:30.0');
INSERT INTO project_phase (project_phase_id, project_id, phase_type_id, phase_status_id, fixed_start_time, scheduled_start_time, scheduled_end_time, actual_start_time, actual_end_time, duration, create_user, create_date, modify_user, modify_date)
VALUES ('919', '911', '9', '1', '2010-06-17 09:00:00.0', '2010-06-17 09:00:00.0', '2010-06-22 09:00:00.0', NULL, NULL, '259200000', '132456', '2010-05-21 07:26:30.0', '132456', '2010-05-21 07:26:30.0');
INSERT INTO project_phase (project_phase_id, project_id, phase_type_id, phase_status_id, fixed_start_time, scheduled_start_time, scheduled_end_time, actual_start_time, actual_end_time, duration, create_user, create_date, modify_user, modify_date)
VALUES ('920', '911', '10', '1', '2010-06-22 09:00:00.0', '2010-06-22 09:00:00.0', '2010-06-23 09:00:00.0', NULL, NULL, '86400000', '132456', '2010-05-21 07:26:30.0', '132456', '2010-05-21 07:26:30.0');
--  Data for comp_catalog
INSERT INTO comp_catalog (component_id, current_version, short_desc, component_name, description, function_desc, create_time, status_id, root_category_id, modify_date, public_ind)
VALUES ('1821', '1', 'Coolest component ever', 'Component 92', 'Coolest component ever', 'Component', '2010-05-21 07:20:14.48', '102', '5801777', '2010-05-21 07:23:44.0', '0');
--  Data for comp_versions
INSERT INTO comp_versions (comp_vers_id, component_id, version, version_text, create_time, phase_id, phase_time, price, comments, modify_date,
                           suspended_ind)
VALUES ('1823', '1821', '1', '1.0                 ', '2010-05-21 07:20:14.48', '112', '1976-05-04 00:00:00.0', '1000.00', 'Cool', '2010-05-21 07:27:01.0', '0');
--  Data for comp_categories
INSERT INTO comp_categories (comp_categories_id, component_id, category_id)
VALUES ('1825', '1821', '11');
--  Data for comp_keywords
INSERT INTO comp_keywords (comp_keywords_id, component_id, keyword)
VALUES ('1831', '1821', 'design');
--  Data for comp_technology
INSERT INTO comp_technology (comp_tech_id, comp_vers_id, technology_type_id)
VALUES ('1832', '1823', '1');
--  Data for comp_documentation
INSERT INTO comp_documentation (document_id, comp_vers_id, document_type_id, document_name, url)
VALUES ('1833', '1823', '0', 'Requirements Specification', '1821/1823/MQTTBroker_Requirements_Specification.pdf');
--  Data for comp_jive_category_xref
INSERT INTO comp_jive_category_xref (comp_vers_id, jive_category_id)
VALUES ('1823', '0');
--  Data for comp_version_dates
INSERT INTO comp_version_dates (comp_version_dates_id, comp_vers_id, phase_id, posting_date, initial_submission_date, winner_announced_date, final_submission_date,
                                estimated_dev_date, price, total_submissions, status_id, create_time, level_id, screening_complete_date, review_complete_date,
                                aggregation_complete_date, phase_complete_date, production_date, aggregation_complete_date_comment, phase_complete_date_comment,
                                review_complete_date_comment, winner_announced_date_comment, initial_submission_date_comment, screening_complete_date_comment,
                                final_submission_date_comment, production_date_comment, modify_date)
VALUES ('1834', '1823', '112', '1976-05-05', '2000-01-01', '2000-01-01', 
        '2000-01-01', '2000-01-01', NULL, '0', '301', '2010-05-21 07:27:01.0', '100', '2000-01-01',
        '2000-01-01', '2000-01-01', '2000-01-01', '2010-12-01', 
        NULL, NULL, NULL, NULL, NULL, NULL, NULL, '', '2010-05-21 07:27:01.0');
--  Data for phase_criteria
INSERT INTO phase_criteria (project_phase_id, phase_criteria_type_id, parameter, create_user, create_date, modify_user, modify_date)
VALUES ('911', '2', '0', '132456', '2010-05-21 07:26:30.0', '132456', '2010-05-21 07:26:30.0');
INSERT INTO phase_criteria (project_phase_id, phase_criteria_type_id, parameter, create_user, create_date, modify_user, modify_date)
VALUES ('911', '5', 'No', '132456', '2010-05-21 07:26:30.0', '132456', '2010-05-21 07:26:30.0');
INSERT INTO phase_criteria (project_phase_id, phase_criteria_type_id, parameter, create_user, create_date, modify_user, modify_date)
VALUES ('912', '3', '0', '132456', '2010-05-21 07:26:30.0', '132456', '2010-05-21 07:26:30.0');
INSERT INTO phase_criteria (project_phase_id, phase_criteria_type_id, parameter, create_user, create_date, modify_user, modify_date)
VALUES ('912', '5', 'No', '132456', '2010-05-21 07:26:30.0', '132456', '2010-05-21 07:26:30.0');
INSERT INTO phase_criteria (project_phase_id, phase_criteria_type_id, parameter, create_user, create_date, modify_user, modify_date)
VALUES ('913', '5', 'No', '132456', '2010-05-21 07:26:30.0', '132456', '2010-05-21 07:26:30.0');
INSERT INTO phase_criteria (project_phase_id, phase_criteria_type_id, parameter, create_user, create_date, modify_user, modify_date)
VALUES ('913', '1', '30000410', '132456', '2010-05-21 07:26:30.0', '132456', '2010-05-21 07:26:30.0');
INSERT INTO phase_criteria (project_phase_id, phase_criteria_type_id, parameter, create_user, create_date, modify_user, modify_date)
VALUES ('914', '5', 'No', '132456', '2010-05-21 07:26:30.0', '132456', '2010-05-21 07:26:30.0');
INSERT INTO phase_criteria (project_phase_id, phase_criteria_type_id, parameter, create_user, create_date, modify_user, modify_date)
VALUES ('914', '1', '30000411', '132456', '2010-05-21 07:26:30.0', '132456', '2010-05-21 07:26:30.0');
INSERT INTO phase_criteria (project_phase_id, phase_criteria_type_id, parameter, create_user, create_date, modify_user, modify_date)
VALUES ('914', '6', '3', '132456', '2010-05-21 07:26:30.0', '132456', '2010-05-21 07:26:30.0');
INSERT INTO phase_criteria (project_phase_id, phase_criteria_type_id, parameter, create_user, create_date, modify_user, modify_date)
VALUES ('915', '5', 'No', '132456', '2010-05-21 07:26:30.0', '132456', '2010-05-21 07:26:30.0');
INSERT INTO phase_criteria (project_phase_id, phase_criteria_type_id, parameter, create_user, create_date, modify_user, modify_date)
VALUES ('915', '4', 'No', '132456', '2010-05-21 07:26:30.0', '132456', '2010-05-21 07:26:30.0');
INSERT INTO phase_criteria (project_phase_id, phase_criteria_type_id, parameter, create_user, create_date, modify_user, modify_date)
VALUES ('916', '5', 'No', '132456', '2010-05-21 07:26:30.0', '132456', '2010-05-21 07:26:30.0');
INSERT INTO phase_criteria (project_phase_id, phase_criteria_type_id, parameter, create_user, create_date, modify_user, modify_date)
VALUES ('917', '5', 'No', '132456', '2010-05-21 07:26:30.0', '132456', '2010-05-21 07:26:30.0');
INSERT INTO phase_criteria (project_phase_id, phase_criteria_type_id, parameter, create_user, create_date, modify_user, modify_date)
VALUES ('918', '5', 'No', '132456', '2010-05-21 07:26:30.0', '132456', '2010-05-21 07:26:30.0');
INSERT INTO phase_criteria (project_phase_id, phase_criteria_type_id, parameter, create_user, create_date, modify_user, modify_date)
VALUES ('919', '5', 'No', '132456', '2010-05-21 07:26:30.0', '132456', '2010-05-21 07:26:30.0');
INSERT INTO phase_criteria (project_phase_id, phase_criteria_type_id, parameter, create_user, create_date, modify_user, modify_date)
VALUES ('920', '5', 'No', '132456', '2010-05-21 07:26:30.0', '132456', '2010-05-21 07:26:30.0');
--  Data for phase_dependency
INSERT INTO phase_dependency (dependency_phase_id, dependent_phase_id, dependency_start, dependent_start, lag_time, create_user, create_date, modify_user, modify_date)
VALUES ('911', '912', '1', '1', '0', '132456', '2010-05-21 07:26:30.0', '132456', '2010-05-21 07:26:30.0');
INSERT INTO phase_dependency (dependency_phase_id, dependent_phase_id, dependency_start, dependent_start, lag_time, create_user, create_date, modify_user, modify_date)
VALUES ('912', '913', '0', '1', '0', '132456', '2010-05-21 07:26:30.0', '132456', '2010-05-21 07:26:30.0');
INSERT INTO phase_dependency (dependency_phase_id, dependent_phase_id, dependency_start, dependent_start, lag_time, create_user, create_date, modify_user, modify_date)
VALUES ('913', '914', '0', '1', '0', '132456', '2010-05-21 07:26:30.0', '132456', '2010-05-21 07:26:30.0');
INSERT INTO phase_dependency (dependency_phase_id, dependent_phase_id, dependency_start, dependent_start, lag_time, create_user, create_date, modify_user, modify_date)
VALUES ('914', '915', '0', '1', '0', '132456', '2010-05-21 07:26:30.0', '132456', '2010-05-21 07:26:30.0');
INSERT INTO phase_dependency (dependency_phase_id, dependent_phase_id, dependency_start, dependent_start, lag_time, create_user, create_date, modify_user, modify_date)
VALUES ('915', '916', '0', '1', '0', '132456', '2010-05-21 07:26:30.0', '132456', '2010-05-21 07:26:30.0');
INSERT INTO phase_dependency (dependency_phase_id, dependent_phase_id, dependency_start, dependent_start, lag_time, create_user, create_date, modify_user, modify_date)
VALUES ('916', '917', '0', '1', '0', '132456', '2010-05-21 07:26:30.0', '132456', '2010-05-21 07:26:30.0');
INSERT INTO phase_dependency (dependency_phase_id, dependent_phase_id, dependency_start, dependent_start, lag_time, create_user, create_date, modify_user, modify_date)
VALUES ('917', '918', '0', '1', '0', '132456', '2010-05-21 07:26:30.0', '132456', '2010-05-21 07:26:30.0');
INSERT INTO phase_dependency (dependency_phase_id, dependent_phase_id, dependency_start, dependent_start, lag_time, create_user, create_date, modify_user, modify_date)
VALUES ('918', '919', '0', '1', '0', '132456', '2010-05-21 07:26:30.0', '132456', '2010-05-21 07:26:30.0');
INSERT INTO phase_dependency (dependency_phase_id, dependent_phase_id, dependency_start, dependent_start, lag_time, create_user, create_date, modify_user, modify_date)
VALUES ('919', '920', '0', '1', '0', '132456', '2010-05-21 07:26:30.0', '132456', '2010-05-21 07:26:30.0');
--  Data for resource
INSERT INTO resource (resource_id, resource_role_id, project_id, project_phase_id, create_user, create_date, modify_user, modify_date)
VALUES ('911', '13', '911', NULL, '132456', '2010-05-21 07:26:30.0', '132456', '2010-05-21 07:26:30.0');
--  Data for resource_info
INSERT INTO resource_info (resource_id, resource_info_type_id, value, create_user, create_date, modify_user, modify_date)
VALUES ('911', '1', '132456', '132456', '2010-05-21 07:26:30.0', '132456', '2010-05-21 07:26:30.0');
INSERT INTO resource_info (resource_id, resource_info_type_id, value, create_user, create_date, modify_user, modify_date)
VALUES ('911', '2', 'heffan', '132456', '2010-05-21 07:26:30.0', '132456', '2010-05-21 07:26:30.0');
--  Data for user_role
INSERT INTO user_role (user_role_id, comp_vers_id, role_id, login_id, description)
VALUES ('1824', '1823', '1', '132456', '');
--  Data for word_search
INSERT INTO word_search (word_search_id, document_id, index_word, nbr_occurrences)
VALUES ('1827', '1821', 'ever                                                                                                ', '2');
INSERT INTO word_search (word_search_id, document_id, index_word, nbr_occurrences)
VALUES ('1828', '1821', 'component                                                                                           ', '4');
INSERT INTO word_search (word_search_id, document_id, index_word, nbr_occurrences)
VALUES ('1829', '1821', 'coolest                                                                                             ', '2');
INSERT INTO word_search (word_search_id, document_id, index_word, nbr_occurrences)
VALUES ('1830', '1821', 'design                                                    ', '2');
--  Data for word_search_ctgy
INSERT INTO word_search_ctgy (word_srch_ctgy_id, category_id, document_id)
VALUES ('1826', 'DDECATALOG                                        ', '1821');
--  Data for word_search_doc
INSERT INTO word_search_doc (document_id)
VALUES ('1821');
-- Data for project
INSERT INTO project (project_id, project_status_id, project_category_id, create_user, create_date, modify_user, modify_date)
VALUES ('921', '2', '7', '132456', '2010-05-21 07:26:30.0', '132456', '2010-05-21 07:26:30.0');
--  Data for project_info
INSERT INTO project_info (project_id, project_info_type_id, value, create_user, create_date, modify_user, modify_date)
VALUES ('921', '1', '1843', '132456', '2010-05-21 07:26:30.0', '132456', '2010-05-21 07:26:30.0');
INSERT INTO project_info (project_id, project_info_type_id, value, create_user, create_date, modify_user, modify_date)
VALUES ('921', '2', '1841', '132456', '2010-05-21 07:26:30.0', '132456', '2010-05-21 07:26:30.0');
INSERT INTO project_info (project_id, project_info_type_id, value, create_user, create_date, modify_user, modify_date)
VALUES ('921', '3', '1', '132456', '2010-05-21 07:26:30.0', '132456', '2010-05-21 07:26:30.0');
INSERT INTO project_info (project_id, project_info_type_id, value, create_user, create_date, modify_user, modify_date)
VALUES ('921', '4', '0', '132456', '2010-05-21 07:26:30.0', '132456', '2010-05-21 07:26:30.0');
INSERT INTO project_info (project_id, project_info_type_id, value, create_user, create_date, modify_user, modify_date)
VALUES ('921', '5', '5801778', '132456', '2010-05-21 07:26:30.0', '132456', '2010-05-21 07:26:30.0');
INSERT INTO project_info (project_id, project_info_type_id, value, create_user, create_date, modify_user, modify_date)
VALUES ('921', '6', 'Component 93', '132456', '2010-05-21 07:26:30.0', '132456', '2010-05-21 07:26:30.0');
INSERT INTO project_info (project_id, project_info_type_id, value, create_user, create_date, modify_user, modify_date)
VALUES ('921', '7', '1.0                 ', '132456', '2010-05-21 07:26:30.0', '132456', '2010-05-21 07:26:30.0');
INSERT INTO project_info (project_id, project_info_type_id, value, create_user, create_date, modify_user, modify_date)
VALUES ('921', '9', 'Off', '132456', '2010-05-21 07:26:30.0', '132456', '2010-05-21 07:26:30.0');
INSERT INTO project_info (project_id, project_info_type_id, value, create_user, create_date, modify_user, modify_date)
VALUES ('921', '10', 'On', '132456', '2010-05-21 07:26:30.0', '132456', '2010-05-21 07:26:30.0');
INSERT INTO project_info (project_id, project_info_type_id, value, create_user, create_date, modify_user, modify_date)
VALUES ('921', '11', 'On', '132456', '2010-05-21 07:26:30.0', '132456', '2010-05-21 07:26:30.0');
INSERT INTO project_info (project_id, project_info_type_id, value, create_user, create_date, modify_user, modify_date)
VALUES ('921', '12', 'Yes', '132456', '2010-05-21 07:26:30.0', '132456', '2010-05-21 07:26:30.0');
INSERT INTO project_info (project_id, project_info_type_id, value, create_user, create_date, modify_user, modify_date)
VALUES ('921', '13', 'Yes', '132456', '2010-05-21 07:26:30.0', '132456', '2010-05-21 07:26:30.0');
INSERT INTO project_info (project_id, project_info_type_id, value, create_user, create_date, modify_user, modify_date)
VALUES ('921', '14', 'Open', '132456', '2010-05-21 07:26:30.0', '132456', '2010-05-21 07:26:30.0');
INSERT INTO project_info (project_id, project_info_type_id, value, create_user, create_date, modify_user, modify_date)
VALUES ('921', '16', '0.0', '132456', '2010-05-21 07:26:30.0', '132456', '2010-05-21 07:26:30.0');
INSERT INTO project_info (project_id, project_info_type_id, value, create_user, create_date, modify_user, modify_date)
VALUES ('921', '26', 'On', '132456', '2010-05-21 07:26:30.0', '132456', '2010-05-21 07:26:30.0');
INSERT INTO project_info (project_id, project_info_type_id, value, create_user, create_date, modify_user, modify_date)
VALUES ('921', '29', 'On', '132456', '2010-05-21 07:26:30.0', '132456', '2010-05-21 07:26:30.0');
INSERT INTO project_info (project_id, project_info_type_id, value, create_user, create_date, modify_user, modify_date)
VALUES ('921', '41', 'true', '132456', '2010-05-21 07:26:30.0', '132456', '2010-05-21 07:26:30.0');
INSERT INTO project_info (project_id, project_info_type_id, value, create_user, create_date, modify_user, modify_date)
VALUES ('921', '43', 'true', '132456', '2010-05-21 07:26:30.0', '132456', '2010-05-21 07:26:30.0');
--  Data for project_phase
INSERT INTO project_phase (project_phase_id, project_id, phase_type_id, phase_status_id, fixed_start_time, scheduled_start_time, scheduled_end_time, actual_start_time, actual_end_time, duration, create_user, create_date, modify_user, modify_date)
VALUES ('921', '921', '1', '1', '2010-05-27 09:00:00.0', '2010-05-27 09:00:00.0', '2010-06-01 09:00:00.0', NULL, NULL, '259200000', '132456', '2010-05-21 07:26:30.0', '132456', '2010-05-21 07:26:30.0');
INSERT INTO project_phase (project_phase_id, project_id, phase_type_id, phase_status_id, fixed_start_time, scheduled_start_time, scheduled_end_time, actual_start_time, actual_end_time, duration, create_user, create_date, modify_user, modify_date)
VALUES ('922', '921', '2', '1', '2010-05-27 09:00:00.0', '2010-05-27 09:00:00.0', '2010-06-07 09:00:00.0', NULL, NULL, '604800000', '132456', '2010-05-21 07:26:30.0', '132456', '2010-05-21 07:26:30.0');
INSERT INTO project_phase (project_phase_id, project_id, phase_type_id, phase_status_id, fixed_start_time, scheduled_start_time, scheduled_end_time, actual_start_time, actual_end_time, duration, create_user, create_date, modify_user, modify_date)
VALUES ('923', '921', '3', '1', '2010-06-07 09:00:00.0', '2010-06-07 09:00:00.0', '2010-06-08 09:00:00.0', NULL, NULL, '86400000', '132456', '2010-05-21 07:26:30.0', '132456', '2010-05-21 07:26:30.0');
INSERT INTO project_phase (project_phase_id, project_id, phase_type_id, phase_status_id, fixed_start_time, scheduled_start_time, scheduled_end_time, actual_start_time, actual_end_time, duration, create_user, create_date, modify_user, modify_date)
VALUES ('924', '921', '4', '1', '2010-06-08 09:00:00.0', '2010-06-08 09:00:00.0', '2010-06-14 09:00:00.0', NULL, NULL, '345600000', '132456', '2010-05-21 07:26:30.0', '132456', '2010-05-21 07:26:30.0');
INSERT INTO project_phase (project_phase_id, project_id, phase_type_id, phase_status_id, fixed_start_time, scheduled_start_time, scheduled_end_time, actual_start_time, actual_end_time, duration, create_user, create_date, modify_user, modify_date)
VALUES ('925', '921', '5', '1', '2010-06-14 09:00:00.0', '2010-06-14 09:00:00.0', '2010-06-15 09:00:00.0', NULL, NULL, '86400000', '132456', '2010-05-21 07:26:30.0', '132456', '2010-05-21 07:26:30.0');
INSERT INTO project_phase (project_phase_id, project_id, phase_type_id, phase_status_id, fixed_start_time, scheduled_start_time, scheduled_end_time, actual_start_time, actual_end_time, duration, create_user, create_date, modify_user, modify_date)
VALUES ('926', '921', '6', '1', '2010-06-15 09:00:00.0', '2010-06-15 09:00:00.0', '2010-06-16 09:00:00.0', NULL, NULL, '86400000', '132456', '2010-05-21 07:26:30.0', '132456', '2010-05-21 07:26:30.0');
INSERT INTO project_phase (project_phase_id, project_id, phase_type_id, phase_status_id, fixed_start_time, scheduled_start_time, scheduled_end_time, actual_start_time, actual_end_time, duration, create_user, create_date, modify_user, modify_date)
VALUES ('927', '921', '7', '1', '2010-06-16 09:00:00.0', '2010-06-16 09:00:00.0', '2010-06-16 21:00:00.0', NULL, NULL, '43200000', '132456', '2010-05-21 07:26:30.0', '132456', '2010-05-21 07:26:30.0');
INSERT INTO project_phase (project_phase_id, project_id, phase_type_id, phase_status_id, fixed_start_time, scheduled_start_time, scheduled_end_time, actual_start_time, actual_end_time, duration, create_user, create_date, modify_user, modify_date)
VALUES ('928', '921', '8', '1', '2010-06-16 21:00:00.0', '2010-06-16 21:00:00.0', '2010-06-17 09:00:00.0', NULL, NULL, '43200000', '132456', '2010-05-21 07:26:30.0', '132456', '2010-05-21 07:26:30.0');
INSERT INTO project_phase (project_phase_id, project_id, phase_type_id, phase_status_id, fixed_start_time, scheduled_start_time, scheduled_end_time, actual_start_time, actual_end_time, duration, create_user, create_date, modify_user, modify_date)
VALUES ('929', '921', '9', '1', '2010-06-17 09:00:00.0', '2010-06-17 09:00:00.0', '2010-06-22 09:00:00.0', NULL, NULL, '259200000', '132456', '2010-05-21 07:26:30.0', '132456', '2010-05-21 07:26:30.0');
INSERT INTO project_phase (project_phase_id, project_id, phase_type_id, phase_status_id, fixed_start_time, scheduled_start_time, scheduled_end_time, actual_start_time, actual_end_time, duration, create_user, create_date, modify_user, modify_date)
VALUES ('930', '921', '10', '1', '2010-06-22 09:00:00.0', '2010-06-22 09:00:00.0', '2010-06-23 09:00:00.0', NULL, NULL, '86400000', '132456', '2010-05-21 07:26:30.0', '132456', '2010-05-21 07:26:30.0');
--  Data for comp_catalog
INSERT INTO comp_catalog (component_id, current_version, short_desc, component_name, description, function_desc, create_time, status_id, root_category_id, modify_date, public_ind)
VALUES ('1841', '1', 'Coolest component ever', 'Component 93', 'Coolest component ever', 'Component', '2010-05-21 07:20:14.48', '102', '5801778', '2010-05-21 07:23:44.0', '0');
--  Data for comp_versions
INSERT INTO comp_versions (comp_vers_id, component_id, version, version_text, create_time, phase_id, phase_time, price, comments, modify_date,
                           suspended_ind)
VALUES ('1843', '1841', '1', '1.0                 ', '2010-05-21 07:20:14.48', '112', '1976-05-04 00:00:00.0', '1000.00', 'Cool', '2010-05-21 07:27:01.0', '0');
--  Data for comp_categories
INSERT INTO comp_categories (comp_categories_id, component_id, category_id)
VALUES ('1845', '1841', '11');
--  Data for comp_keywords
INSERT INTO comp_keywords (comp_keywords_id, component_id, keyword)
VALUES ('1851', '1841', 'architecture');
--  Data for comp_technology
INSERT INTO comp_technology (comp_tech_id, comp_vers_id, technology_type_id)
VALUES ('1852', '1843', '1');
--  Data for comp_documentation
INSERT INTO comp_documentation (document_id, comp_vers_id, document_type_id, document_name, url)
VALUES ('1853', '1843', '0', 'Requirements Specification', '1841/1843/MQTTBroker_Requirements_Specification.pdf');
--  Data for comp_jive_category_xref
INSERT INTO comp_jive_category_xref (comp_vers_id, jive_category_id)
VALUES ('1843', '0');
--  Data for comp_version_dates
INSERT INTO comp_version_dates (comp_version_dates_id, comp_vers_id, phase_id, posting_date, initial_submission_date, winner_announced_date, final_submission_date,
                                estimated_dev_date, price, total_submissions, status_id, create_time, level_id, screening_complete_date, review_complete_date,
                                aggregation_complete_date, phase_complete_date, production_date, aggregation_complete_date_comment, phase_complete_date_comment,
                                review_complete_date_comment, winner_announced_date_comment, initial_submission_date_comment, screening_complete_date_comment,
                                final_submission_date_comment, production_date_comment, modify_date)
VALUES ('1854', '1843', '112', '1976-05-05', '2000-01-01', '2000-01-01', 
        '2000-01-01', '2000-01-01', NULL, '0', '301', '2010-05-21 07:27:01.0', '100', '2000-01-01',
        '2000-01-01', '2000-01-01', '2000-01-01', '2010-12-01', 
        NULL, NULL, NULL, NULL, NULL, NULL, NULL, '', '2010-05-21 07:27:01.0');
--  Data for phase_criteria
INSERT INTO phase_criteria (project_phase_id, phase_criteria_type_id, parameter, create_user, create_date, modify_user, modify_date)
VALUES ('921', '2', '0', '132456', '2010-05-21 07:26:30.0', '132456', '2010-05-21 07:26:30.0');
INSERT INTO phase_criteria (project_phase_id, phase_criteria_type_id, parameter, create_user, create_date, modify_user, modify_date)
VALUES ('921', '5', 'No', '132456', '2010-05-21 07:26:30.0', '132456', '2010-05-21 07:26:30.0');
INSERT INTO phase_criteria (project_phase_id, phase_criteria_type_id, parameter, create_user, create_date, modify_user, modify_date)
VALUES ('922', '3', '0', '132456', '2010-05-21 07:26:30.0', '132456', '2010-05-21 07:26:30.0');
INSERT INTO phase_criteria (project_phase_id, phase_criteria_type_id, parameter, create_user, create_date, modify_user, modify_date)
VALUES ('922', '5', 'No', '132456', '2010-05-21 07:26:30.0', '132456', '2010-05-21 07:26:30.0');
INSERT INTO phase_criteria (project_phase_id, phase_criteria_type_id, parameter, create_user, create_date, modify_user, modify_date)
VALUES ('923', '5', 'No', '132456', '2010-05-21 07:26:30.0', '132456', '2010-05-21 07:26:30.0');
INSERT INTO phase_criteria (project_phase_id, phase_criteria_type_id, parameter, create_user, create_date, modify_user, modify_date)
VALUES ('923', '1', '30000410', '132456', '2010-05-21 07:26:30.0', '132456', '2010-05-21 07:26:30.0');
INSERT INTO phase_criteria (project_phase_id, phase_criteria_type_id, parameter, create_user, create_date, modify_user, modify_date)
VALUES ('924', '5', 'No', '132456', '2010-05-21 07:26:30.0', '132456', '2010-05-21 07:26:30.0');
INSERT INTO phase_criteria (project_phase_id, phase_criteria_type_id, parameter, create_user, create_date, modify_user, modify_date)
VALUES ('924', '1', '30000411', '132456', '2010-05-21 07:26:30.0', '132456', '2010-05-21 07:26:30.0');
INSERT INTO phase_criteria (project_phase_id, phase_criteria_type_id, parameter, create_user, create_date, modify_user, modify_date)
VALUES ('924', '6', '3', '132456', '2010-05-21 07:26:30.0', '132456', '2010-05-21 07:26:30.0');
INSERT INTO phase_criteria (project_phase_id, phase_criteria_type_id, parameter, create_user, create_date, modify_user, modify_date)
VALUES ('925', '5', 'No', '132456', '2010-05-21 07:26:30.0', '132456', '2010-05-21 07:26:30.0');
INSERT INTO phase_criteria (project_phase_id, phase_criteria_type_id, parameter, create_user, create_date, modify_user, modify_date)
VALUES ('925', '4', 'No', '132456', '2010-05-21 07:26:30.0', '132456', '2010-05-21 07:26:30.0');
INSERT INTO phase_criteria (project_phase_id, phase_criteria_type_id, parameter, create_user, create_date, modify_user, modify_date)
VALUES ('926', '5', 'No', '132456', '2010-05-21 07:26:30.0', '132456', '2010-05-21 07:26:30.0');
INSERT INTO phase_criteria (project_phase_id, phase_criteria_type_id, parameter, create_user, create_date, modify_user, modify_date)
VALUES ('927', '5', 'No', '132456', '2010-05-21 07:26:30.0', '132456', '2010-05-21 07:26:30.0');
INSERT INTO phase_criteria (project_phase_id, phase_criteria_type_id, parameter, create_user, create_date, modify_user, modify_date)
VALUES ('928', '5', 'No', '132456', '2010-05-21 07:26:30.0', '132456', '2010-05-21 07:26:30.0');
INSERT INTO phase_criteria (project_phase_id, phase_criteria_type_id, parameter, create_user, create_date, modify_user, modify_date)
VALUES ('929', '5', 'No', '132456', '2010-05-21 07:26:30.0', '132456', '2010-05-21 07:26:30.0');
INSERT INTO phase_criteria (project_phase_id, phase_criteria_type_id, parameter, create_user, create_date, modify_user, modify_date)
VALUES ('930', '5', 'No', '132456', '2010-05-21 07:26:30.0', '132456', '2010-05-21 07:26:30.0');
--  Data for phase_dependency
INSERT INTO phase_dependency (dependency_phase_id, dependent_phase_id, dependency_start, dependent_start, lag_time, create_user, create_date, modify_user, modify_date)
VALUES ('921', '922', '1', '1', '0', '132456', '2010-05-21 07:26:30.0', '132456', '2010-05-21 07:26:30.0');
INSERT INTO phase_dependency (dependency_phase_id, dependent_phase_id, dependency_start, dependent_start, lag_time, create_user, create_date, modify_user, modify_date)
VALUES ('922', '923', '0', '1', '0', '132456', '2010-05-21 07:26:30.0', '132456', '2010-05-21 07:26:30.0');
INSERT INTO phase_dependency (dependency_phase_id, dependent_phase_id, dependency_start, dependent_start, lag_time, create_user, create_date, modify_user, modify_date)
VALUES ('923', '924', '0', '1', '0', '132456', '2010-05-21 07:26:30.0', '132456', '2010-05-21 07:26:30.0');
INSERT INTO phase_dependency (dependency_phase_id, dependent_phase_id, dependency_start, dependent_start, lag_time, create_user, create_date, modify_user, modify_date)
VALUES ('924', '925', '0', '1', '0', '132456', '2010-05-21 07:26:30.0', '132456', '2010-05-21 07:26:30.0');
INSERT INTO phase_dependency (dependency_phase_id, dependent_phase_id, dependency_start, dependent_start, lag_time, create_user, create_date, modify_user, modify_date)
VALUES ('925', '926', '0', '1', '0', '132456', '2010-05-21 07:26:30.0', '132456', '2010-05-21 07:26:30.0');
INSERT INTO phase_dependency (dependency_phase_id, dependent_phase_id, dependency_start, dependent_start, lag_time, create_user, create_date, modify_user, modify_date)
VALUES ('926', '927', '0', '1', '0', '132456', '2010-05-21 07:26:30.0', '132456', '2010-05-21 07:26:30.0');
INSERT INTO phase_dependency (dependency_phase_id, dependent_phase_id, dependency_start, dependent_start, lag_time, create_user, create_date, modify_user, modify_date)
VALUES ('927', '928', '0', '1', '0', '132456', '2010-05-21 07:26:30.0', '132456', '2010-05-21 07:26:30.0');
INSERT INTO phase_dependency (dependency_phase_id, dependent_phase_id, dependency_start, dependent_start, lag_time, create_user, create_date, modify_user, modify_date)
VALUES ('928', '929', '0', '1', '0', '132456', '2010-05-21 07:26:30.0', '132456', '2010-05-21 07:26:30.0');
INSERT INTO phase_dependency (dependency_phase_id, dependent_phase_id, dependency_start, dependent_start, lag_time, create_user, create_date, modify_user, modify_date)
VALUES ('929', '930', '0', '1', '0', '132456', '2010-05-21 07:26:30.0', '132456', '2010-05-21 07:26:30.0');
--  Data for resource
INSERT INTO resource (resource_id, resource_role_id, project_id, project_phase_id, create_user, create_date, modify_user, modify_date)
VALUES ('921', '13', '921', NULL, '132456', '2010-05-21 07:26:30.0', '132456', '2010-05-21 07:26:30.0');
--  Data for resource_info
INSERT INTO resource_info (resource_id, resource_info_type_id, value, create_user, create_date, modify_user, modify_date)
VALUES ('921', '1', '132456', '132456', '2010-05-21 07:26:30.0', '132456', '2010-05-21 07:26:30.0');
INSERT INTO resource_info (resource_id, resource_info_type_id, value, create_user, create_date, modify_user, modify_date)
VALUES ('921', '2', 'heffan', '132456', '2010-05-21 07:26:30.0', '132456', '2010-05-21 07:26:30.0');
--  Data for user_role
INSERT INTO user_role (user_role_id, comp_vers_id, role_id, login_id, description)
VALUES ('1844', '1843', '1', '132456', '');
--  Data for word_search
INSERT INTO word_search (word_search_id, document_id, index_word, nbr_occurrences)
VALUES ('1847', '1841', 'ever                                                                                                ', '2');
INSERT INTO word_search (word_search_id, document_id, index_word, nbr_occurrences)
VALUES ('1848', '1841', 'component                                                                                           ', '4');
INSERT INTO word_search (word_search_id, document_id, index_word, nbr_occurrences)
VALUES ('1849', '1841', 'coolest                                                                                             ', '2');
INSERT INTO word_search (word_search_id, document_id, index_word, nbr_occurrences)
VALUES ('1850', '1841', 'architecture                                                    ', '2');
--  Data for word_search_ctgy
INSERT INTO word_search_ctgy (word_srch_ctgy_id, category_id, document_id)
VALUES ('1846', 'DDECATALOG                                        ', '1841');
--  Data for word_search_doc
INSERT INTO word_search_doc (document_id)
VALUES ('1841');
-- Data for project
INSERT INTO project (project_id, project_status_id, project_category_id, create_user, create_date, modify_user, modify_date)
VALUES ('931', '2', '7', '132458', '2010-05-21 07:26:30.0', '132458', '2010-05-21 07:26:30.0');
--  Data for project_info
INSERT INTO project_info (project_id, project_info_type_id, value, create_user, create_date, modify_user, modify_date)
VALUES ('931', '1', '1863', '132458', '2010-05-21 07:26:30.0', '132458', '2010-05-21 07:26:30.0');
INSERT INTO project_info (project_id, project_info_type_id, value, create_user, create_date, modify_user, modify_date)
VALUES ('931', '2', '1861', '132458', '2010-05-21 07:26:30.0', '132458', '2010-05-21 07:26:30.0');
INSERT INTO project_info (project_id, project_info_type_id, value, create_user, create_date, modify_user, modify_date)
VALUES ('931', '3', '1', '132458', '2010-05-21 07:26:30.0', '132458', '2010-05-21 07:26:30.0');
INSERT INTO project_info (project_id, project_info_type_id, value, create_user, create_date, modify_user, modify_date)
VALUES ('931', '4', '0', '132458', '2010-05-21 07:26:30.0', '132458', '2010-05-21 07:26:30.0');
INSERT INTO project_info (project_id, project_info_type_id, value, create_user, create_date, modify_user, modify_date)
VALUES ('931', '5', '5801779', '132458', '2010-05-21 07:26:30.0', '132458', '2010-05-21 07:26:30.0');
INSERT INTO project_info (project_id, project_info_type_id, value, create_user, create_date, modify_user, modify_date)
VALUES ('931', '6', 'Component 94', '132458', '2010-05-21 07:26:30.0', '132458', '2010-05-21 07:26:30.0');
INSERT INTO project_info (project_id, project_info_type_id, value, create_user, create_date, modify_user, modify_date)
VALUES ('931', '7', '1.0                 ', '132458', '2010-05-21 07:26:30.0', '132458', '2010-05-21 07:26:30.0');
INSERT INTO project_info (project_id, project_info_type_id, value, create_user, create_date, modify_user, modify_date)
VALUES ('931', '9', 'Off', '132458', '2010-05-21 07:26:30.0', '132458', '2010-05-21 07:26:30.0');
INSERT INTO project_info (project_id, project_info_type_id, value, create_user, create_date, modify_user, modify_date)
VALUES ('931', '10', 'On', '132458', '2010-05-21 07:26:30.0', '132458', '2010-05-21 07:26:30.0');
INSERT INTO project_info (project_id, project_info_type_id, value, create_user, create_date, modify_user, modify_date)
VALUES ('931', '11', 'On', '132458', '2010-05-21 07:26:30.0', '132458', '2010-05-21 07:26:30.0');
INSERT INTO project_info (project_id, project_info_type_id, value, create_user, create_date, modify_user, modify_date)
VALUES ('931', '12', 'Yes', '132458', '2010-05-21 07:26:30.0', '132458', '2010-05-21 07:26:30.0');
INSERT INTO project_info (project_id, project_info_type_id, value, create_user, create_date, modify_user, modify_date)
VALUES ('931', '13', 'Yes', '132458', '2010-05-21 07:26:30.0', '132458', '2010-05-21 07:26:30.0');
INSERT INTO project_info (project_id, project_info_type_id, value, create_user, create_date, modify_user, modify_date)
VALUES ('931', '14', 'Open', '132458', '2010-05-21 07:26:30.0', '132458', '2010-05-21 07:26:30.0');
INSERT INTO project_info (project_id, project_info_type_id, value, create_user, create_date, modify_user, modify_date)
VALUES ('931', '16', '0.0', '132458', '2010-05-21 07:26:30.0', '132458', '2010-05-21 07:26:30.0');
INSERT INTO project_info (project_id, project_info_type_id, value, create_user, create_date, modify_user, modify_date)
VALUES ('931', '26', 'On', '132458', '2010-05-21 07:26:30.0', '132458', '2010-05-21 07:26:30.0');
INSERT INTO project_info (project_id, project_info_type_id, value, create_user, create_date, modify_user, modify_date)
VALUES ('931', '29', 'On', '132458', '2010-05-21 07:26:30.0', '132458', '2010-05-21 07:26:30.0');
INSERT INTO project_info (project_id, project_info_type_id, value, create_user, create_date, modify_user, modify_date)
VALUES ('931', '41', 'true', '132458', '2010-05-21 07:26:30.0', '132458', '2010-05-21 07:26:30.0');
INSERT INTO project_info (project_id, project_info_type_id, value, create_user, create_date, modify_user, modify_date)
VALUES ('931', '43', 'true', '132458', '2010-05-21 07:26:30.0', '132458', '2010-05-21 07:26:30.0');
--  Data for project_phase
INSERT INTO project_phase (project_phase_id, project_id, phase_type_id, phase_status_id, fixed_start_time, scheduled_start_time, scheduled_end_time, actual_start_time, actual_end_time, duration, create_user, create_date, modify_user, modify_date)
VALUES ('931', '931', '1', '1', '2010-05-27 09:00:00.0', '2010-05-27 09:00:00.0', '2010-06-01 09:00:00.0', NULL, NULL, '259200000', '132458', '2010-05-21 07:26:30.0', '132458', '2010-05-21 07:26:30.0');
INSERT INTO project_phase (project_phase_id, project_id, phase_type_id, phase_status_id, fixed_start_time, scheduled_start_time, scheduled_end_time, actual_start_time, actual_end_time, duration, create_user, create_date, modify_user, modify_date)
VALUES ('932', '931', '2', '1', '2010-05-27 09:00:00.0', '2010-05-27 09:00:00.0', '2010-06-07 09:00:00.0', NULL, NULL, '604800000', '132458', '2010-05-21 07:26:30.0', '132458', '2010-05-21 07:26:30.0');
INSERT INTO project_phase (project_phase_id, project_id, phase_type_id, phase_status_id, fixed_start_time, scheduled_start_time, scheduled_end_time, actual_start_time, actual_end_time, duration, create_user, create_date, modify_user, modify_date)
VALUES ('933', '931', '3', '1', '2010-06-07 09:00:00.0', '2010-06-07 09:00:00.0', '2010-06-08 09:00:00.0', NULL, NULL, '86400000', '132458', '2010-05-21 07:26:30.0', '132458', '2010-05-21 07:26:30.0');
INSERT INTO project_phase (project_phase_id, project_id, phase_type_id, phase_status_id, fixed_start_time, scheduled_start_time, scheduled_end_time, actual_start_time, actual_end_time, duration, create_user, create_date, modify_user, modify_date)
VALUES ('934', '931', '4', '1', '2010-06-08 09:00:00.0', '2010-06-08 09:00:00.0', '2010-06-14 09:00:00.0', NULL, NULL, '345600000', '132458', '2010-05-21 07:26:30.0', '132458', '2010-05-21 07:26:30.0');
INSERT INTO project_phase (project_phase_id, project_id, phase_type_id, phase_status_id, fixed_start_time, scheduled_start_time, scheduled_end_time, actual_start_time, actual_end_time, duration, create_user, create_date, modify_user, modify_date)
VALUES ('935', '931', '5', '1', '2010-06-14 09:00:00.0', '2010-06-14 09:00:00.0', '2010-06-15 09:00:00.0', NULL, NULL, '86400000', '132458', '2010-05-21 07:26:30.0', '132458', '2010-05-21 07:26:30.0');
INSERT INTO project_phase (project_phase_id, project_id, phase_type_id, phase_status_id, fixed_start_time, scheduled_start_time, scheduled_end_time, actual_start_time, actual_end_time, duration, create_user, create_date, modify_user, modify_date)
VALUES ('936', '931', '6', '1', '2010-06-15 09:00:00.0', '2010-06-15 09:00:00.0', '2010-06-16 09:00:00.0', NULL, NULL, '86400000', '132458', '2010-05-21 07:26:30.0', '132458', '2010-05-21 07:26:30.0');
INSERT INTO project_phase (project_phase_id, project_id, phase_type_id, phase_status_id, fixed_start_time, scheduled_start_time, scheduled_end_time, actual_start_time, actual_end_time, duration, create_user, create_date, modify_user, modify_date)
VALUES ('937', '931', '7', '1', '2010-06-16 09:00:00.0', '2010-06-16 09:00:00.0', '2010-06-16 21:00:00.0', NULL, NULL, '43200000', '132458', '2010-05-21 07:26:30.0', '132458', '2010-05-21 07:26:30.0');
INSERT INTO project_phase (project_phase_id, project_id, phase_type_id, phase_status_id, fixed_start_time, scheduled_start_time, scheduled_end_time, actual_start_time, actual_end_time, duration, create_user, create_date, modify_user, modify_date)
VALUES ('938', '931', '8', '1', '2010-06-16 21:00:00.0', '2010-06-16 21:00:00.0', '2010-06-17 09:00:00.0', NULL, NULL, '43200000', '132458', '2010-05-21 07:26:30.0', '132458', '2010-05-21 07:26:30.0');
INSERT INTO project_phase (project_phase_id, project_id, phase_type_id, phase_status_id, fixed_start_time, scheduled_start_time, scheduled_end_time, actual_start_time, actual_end_time, duration, create_user, create_date, modify_user, modify_date)
VALUES ('939', '931', '9', '1', '2010-06-17 09:00:00.0', '2010-06-17 09:00:00.0', '2010-06-22 09:00:00.0', NULL, NULL, '259200000', '132458', '2010-05-21 07:26:30.0', '132458', '2010-05-21 07:26:30.0');
INSERT INTO project_phase (project_phase_id, project_id, phase_type_id, phase_status_id, fixed_start_time, scheduled_start_time, scheduled_end_time, actual_start_time, actual_end_time, duration, create_user, create_date, modify_user, modify_date)
VALUES ('940', '931', '10', '1', '2010-06-22 09:00:00.0', '2010-06-22 09:00:00.0', '2010-06-23 09:00:00.0', NULL, NULL, '86400000', '132458', '2010-05-21 07:26:30.0', '132458', '2010-05-21 07:26:30.0');
--  Data for comp_catalog
INSERT INTO comp_catalog (component_id, current_version, short_desc, component_name, description, function_desc, create_time, status_id, root_category_id, modify_date, public_ind)
VALUES ('1861', '1', 'Coolest component ever', 'Component 94', 'Coolest component ever', 'Component', '2010-05-21 07:20:14.48', '102', '5801779', '2010-05-21 07:23:44.0', '0');
--  Data for comp_versions
INSERT INTO comp_versions (comp_vers_id, component_id, version, version_text, create_time, phase_id, phase_time, price, comments, modify_date,
                           suspended_ind)
VALUES ('1863', '1861', '1', '1.0                 ', '2010-05-21 07:20:14.48', '112', '1976-05-04 00:00:00.0', '1000.00', 'Cool', '2010-05-21 07:27:01.0', '0');
--  Data for comp_categories
INSERT INTO comp_categories (comp_categories_id, component_id, category_id)
VALUES ('1865', '1861', '11');
--  Data for comp_keywords
INSERT INTO comp_keywords (comp_keywords_id, component_id, keyword)
VALUES ('1871', '1861', 'architecture');
--  Data for comp_technology
INSERT INTO comp_technology (comp_tech_id, comp_vers_id, technology_type_id)
VALUES ('1872', '1863', '1');
--  Data for comp_documentation
INSERT INTO comp_documentation (document_id, comp_vers_id, document_type_id, document_name, url)
VALUES ('1873', '1863', '0', 'Requirements Specification', '1861/1863/MQTTBroker_Requirements_Specification.pdf');
--  Data for comp_jive_category_xref
INSERT INTO comp_jive_category_xref (comp_vers_id, jive_category_id)
VALUES ('1863', '0');
--  Data for comp_version_dates
INSERT INTO comp_version_dates (comp_version_dates_id, comp_vers_id, phase_id, posting_date, initial_submission_date, winner_announced_date, final_submission_date,
                                estimated_dev_date, price, total_submissions, status_id, create_time, level_id, screening_complete_date, review_complete_date,
                                aggregation_complete_date, phase_complete_date, production_date, aggregation_complete_date_comment, phase_complete_date_comment,
                                review_complete_date_comment, winner_announced_date_comment, initial_submission_date_comment, screening_complete_date_comment,
                                final_submission_date_comment, production_date_comment, modify_date)
VALUES ('1874', '1863', '112', '1976-05-05', '2000-01-01', '2000-01-01', 
        '2000-01-01', '2000-01-01', NULL, '0', '301', '2010-05-21 07:27:01.0', '100', '2000-01-01',
        '2000-01-01', '2000-01-01', '2000-01-01', '2010-12-01', 
        NULL, NULL, NULL, NULL, NULL, NULL, NULL, '', '2010-05-21 07:27:01.0');
--  Data for phase_criteria
INSERT INTO phase_criteria (project_phase_id, phase_criteria_type_id, parameter, create_user, create_date, modify_user, modify_date)
VALUES ('931', '2', '0', '132458', '2010-05-21 07:26:30.0', '132458', '2010-05-21 07:26:30.0');
INSERT INTO phase_criteria (project_phase_id, phase_criteria_type_id, parameter, create_user, create_date, modify_user, modify_date)
VALUES ('931', '5', 'No', '132458', '2010-05-21 07:26:30.0', '132458', '2010-05-21 07:26:30.0');
INSERT INTO phase_criteria (project_phase_id, phase_criteria_type_id, parameter, create_user, create_date, modify_user, modify_date)
VALUES ('932', '3', '0', '132458', '2010-05-21 07:26:30.0', '132458', '2010-05-21 07:26:30.0');
INSERT INTO phase_criteria (project_phase_id, phase_criteria_type_id, parameter, create_user, create_date, modify_user, modify_date)
VALUES ('932', '5', 'No', '132458', '2010-05-21 07:26:30.0', '132458', '2010-05-21 07:26:30.0');
INSERT INTO phase_criteria (project_phase_id, phase_criteria_type_id, parameter, create_user, create_date, modify_user, modify_date)
VALUES ('933', '5', 'No', '132458', '2010-05-21 07:26:30.0', '132458', '2010-05-21 07:26:30.0');
INSERT INTO phase_criteria (project_phase_id, phase_criteria_type_id, parameter, create_user, create_date, modify_user, modify_date)
VALUES ('933', '1', '30000410', '132458', '2010-05-21 07:26:30.0', '132458', '2010-05-21 07:26:30.0');
INSERT INTO phase_criteria (project_phase_id, phase_criteria_type_id, parameter, create_user, create_date, modify_user, modify_date)
VALUES ('934', '5', 'No', '132458', '2010-05-21 07:26:30.0', '132458', '2010-05-21 07:26:30.0');
INSERT INTO phase_criteria (project_phase_id, phase_criteria_type_id, parameter, create_user, create_date, modify_user, modify_date)
VALUES ('934', '1', '30000411', '132458', '2010-05-21 07:26:30.0', '132458', '2010-05-21 07:26:30.0');
INSERT INTO phase_criteria (project_phase_id, phase_criteria_type_id, parameter, create_user, create_date, modify_user, modify_date)
VALUES ('934', '6', '3', '132458', '2010-05-21 07:26:30.0', '132458', '2010-05-21 07:26:30.0');
INSERT INTO phase_criteria (project_phase_id, phase_criteria_type_id, parameter, create_user, create_date, modify_user, modify_date)
VALUES ('935', '5', 'No', '132458', '2010-05-21 07:26:30.0', '132458', '2010-05-21 07:26:30.0');
INSERT INTO phase_criteria (project_phase_id, phase_criteria_type_id, parameter, create_user, create_date, modify_user, modify_date)
VALUES ('935', '4', 'No', '132458', '2010-05-21 07:26:30.0', '132458', '2010-05-21 07:26:30.0');
INSERT INTO phase_criteria (project_phase_id, phase_criteria_type_id, parameter, create_user, create_date, modify_user, modify_date)
VALUES ('936', '5', 'No', '132458', '2010-05-21 07:26:30.0', '132458', '2010-05-21 07:26:30.0');
INSERT INTO phase_criteria (project_phase_id, phase_criteria_type_id, parameter, create_user, create_date, modify_user, modify_date)
VALUES ('937', '5', 'No', '132458', '2010-05-21 07:26:30.0', '132458', '2010-05-21 07:26:30.0');
INSERT INTO phase_criteria (project_phase_id, phase_criteria_type_id, parameter, create_user, create_date, modify_user, modify_date)
VALUES ('938', '5', 'No', '132458', '2010-05-21 07:26:30.0', '132458', '2010-05-21 07:26:30.0');
INSERT INTO phase_criteria (project_phase_id, phase_criteria_type_id, parameter, create_user, create_date, modify_user, modify_date)
VALUES ('939', '5', 'No', '132458', '2010-05-21 07:26:30.0', '132458', '2010-05-21 07:26:30.0');
INSERT INTO phase_criteria (project_phase_id, phase_criteria_type_id, parameter, create_user, create_date, modify_user, modify_date)
VALUES ('940', '5', 'No', '132458', '2010-05-21 07:26:30.0', '132458', '2010-05-21 07:26:30.0');
--  Data for phase_dependency
INSERT INTO phase_dependency (dependency_phase_id, dependent_phase_id, dependency_start, dependent_start, lag_time, create_user, create_date, modify_user, modify_date)
VALUES ('931', '932', '1', '1', '0', '132458', '2010-05-21 07:26:30.0', '132458', '2010-05-21 07:26:30.0');
INSERT INTO phase_dependency (dependency_phase_id, dependent_phase_id, dependency_start, dependent_start, lag_time, create_user, create_date, modify_user, modify_date)
VALUES ('932', '933', '0', '1', '0', '132458', '2010-05-21 07:26:30.0', '132458', '2010-05-21 07:26:30.0');
INSERT INTO phase_dependency (dependency_phase_id, dependent_phase_id, dependency_start, dependent_start, lag_time, create_user, create_date, modify_user, modify_date)
VALUES ('933', '934', '0', '1', '0', '132458', '2010-05-21 07:26:30.0', '132458', '2010-05-21 07:26:30.0');
INSERT INTO phase_dependency (dependency_phase_id, dependent_phase_id, dependency_start, dependent_start, lag_time, create_user, create_date, modify_user, modify_date)
VALUES ('934', '935', '0', '1', '0', '132458', '2010-05-21 07:26:30.0', '132458', '2010-05-21 07:26:30.0');
INSERT INTO phase_dependency (dependency_phase_id, dependent_phase_id, dependency_start, dependent_start, lag_time, create_user, create_date, modify_user, modify_date)
VALUES ('935', '936', '0', '1', '0', '132458', '2010-05-21 07:26:30.0', '132458', '2010-05-21 07:26:30.0');
INSERT INTO phase_dependency (dependency_phase_id, dependent_phase_id, dependency_start, dependent_start, lag_time, create_user, create_date, modify_user, modify_date)
VALUES ('936', '937', '0', '1', '0', '132458', '2010-05-21 07:26:30.0', '132458', '2010-05-21 07:26:30.0');
INSERT INTO phase_dependency (dependency_phase_id, dependent_phase_id, dependency_start, dependent_start, lag_time, create_user, create_date, modify_user, modify_date)
VALUES ('937', '938', '0', '1', '0', '132458', '2010-05-21 07:26:30.0', '132458', '2010-05-21 07:26:30.0');
INSERT INTO phase_dependency (dependency_phase_id, dependent_phase_id, dependency_start, dependent_start, lag_time, create_user, create_date, modify_user, modify_date)
VALUES ('938', '939', '0', '1', '0', '132458', '2010-05-21 07:26:30.0', '132458', '2010-05-21 07:26:30.0');
INSERT INTO phase_dependency (dependency_phase_id, dependent_phase_id, dependency_start, dependent_start, lag_time, create_user, create_date, modify_user, modify_date)
VALUES ('939', '940', '0', '1', '0', '132458', '2010-05-21 07:26:30.0', '132458', '2010-05-21 07:26:30.0');
--  Data for resource
INSERT INTO resource (resource_id, resource_role_id, project_id, project_phase_id, create_user, create_date, modify_user, modify_date)
VALUES ('931', '13', '931', NULL, '132458', '2010-05-21 07:26:30.0', '132458', '2010-05-21 07:26:30.0');
--  Data for resource_info
INSERT INTO resource_info (resource_id, resource_info_type_id, value, create_user, create_date, modify_user, modify_date)
VALUES ('931', '1', '132458', '132458', '2010-05-21 07:26:30.0', '132458', '2010-05-21 07:26:30.0');
INSERT INTO resource_info (resource_id, resource_info_type_id, value, create_user, create_date, modify_user, modify_date)
VALUES ('931', '2', 'user', '132458', '2010-05-21 07:26:30.0', '132458', '2010-05-21 07:26:30.0');
--  Data for user_role
INSERT INTO user_role (user_role_id, comp_vers_id, role_id, login_id, description)
VALUES ('1864', '1863', '1', '132458', '');
--  Data for word_search
INSERT INTO word_search (word_search_id, document_id, index_word, nbr_occurrences)
VALUES ('1867', '1861', 'ever                                                                                                ', '2');
INSERT INTO word_search (word_search_id, document_id, index_word, nbr_occurrences)
VALUES ('1868', '1861', 'component                                                                                           ', '4');
INSERT INTO word_search (word_search_id, document_id, index_word, nbr_occurrences)
VALUES ('1869', '1861', 'coolest                                                                                             ', '2');
INSERT INTO word_search (word_search_id, document_id, index_word, nbr_occurrences)
VALUES ('1870', '1861', 'architecture                                                    ', '2');
--  Data for word_search_ctgy
INSERT INTO word_search_ctgy (word_srch_ctgy_id, category_id, document_id)
VALUES ('1866', 'DDECATALOG                                        ', '1861');
--  Data for word_search_doc
INSERT INTO word_search_doc (document_id)
VALUES ('1861');
-- Data for project
INSERT INTO project (project_id, project_status_id, project_category_id, create_user, create_date, modify_user, modify_date)
VALUES ('941', '2', '1', '132457', '2010-05-21 07:26:30.0', '132457', '2010-05-21 07:26:30.0');
--  Data for project_info
INSERT INTO project_info (project_id, project_info_type_id, value, create_user, create_date, modify_user, modify_date)
VALUES ('941', '1', '1883', '132457', '2010-05-21 07:26:30.0', '132457', '2010-05-21 07:26:30.0');
INSERT INTO project_info (project_id, project_info_type_id, value, create_user, create_date, modify_user, modify_date)
VALUES ('941', '2', '1881', '132457', '2010-05-21 07:26:30.0', '132457', '2010-05-21 07:26:30.0');
INSERT INTO project_info (project_id, project_info_type_id, value, create_user, create_date, modify_user, modify_date)
VALUES ('941', '3', '1', '132457', '2010-05-21 07:26:30.0', '132457', '2010-05-21 07:26:30.0');
INSERT INTO project_info (project_id, project_info_type_id, value, create_user, create_date, modify_user, modify_date)
VALUES ('941', '4', '0', '132457', '2010-05-21 07:26:30.0', '132457', '2010-05-21 07:26:30.0');
INSERT INTO project_info (project_id, project_info_type_id, value, create_user, create_date, modify_user, modify_date)
VALUES ('941', '5', '5801779', '132457', '2010-05-21 07:26:30.0', '132457', '2010-05-21 07:26:30.0');
INSERT INTO project_info (project_id, project_info_type_id, value, create_user, create_date, modify_user, modify_date)
VALUES ('941', '6', 'Component 95', '132457', '2010-05-21 07:26:30.0', '132457', '2010-05-21 07:26:30.0');
INSERT INTO project_info (project_id, project_info_type_id, value, create_user, create_date, modify_user, modify_date)
VALUES ('941', '7', '1.0                 ', '132457', '2010-05-21 07:26:30.0', '132457', '2010-05-21 07:26:30.0');
INSERT INTO project_info (project_id, project_info_type_id, value, create_user, create_date, modify_user, modify_date)
VALUES ('941', '9', 'Off', '132457', '2010-05-21 07:26:30.0', '132457', '2010-05-21 07:26:30.0');
INSERT INTO project_info (project_id, project_info_type_id, value, create_user, create_date, modify_user, modify_date)
VALUES ('941', '10', 'On', '132457', '2010-05-21 07:26:30.0', '132457', '2010-05-21 07:26:30.0');
INSERT INTO project_info (project_id, project_info_type_id, value, create_user, create_date, modify_user, modify_date)
VALUES ('941', '11', 'On', '132457', '2010-05-21 07:26:30.0', '132457', '2010-05-21 07:26:30.0');
INSERT INTO project_info (project_id, project_info_type_id, value, create_user, create_date, modify_user, modify_date)
VALUES ('941', '12', 'Yes', '132457', '2010-05-21 07:26:30.0', '132457', '2010-05-21 07:26:30.0');
INSERT INTO project_info (project_id, project_info_type_id, value, create_user, create_date, modify_user, modify_date)
VALUES ('941', '13', 'Yes', '132457', '2010-05-21 07:26:30.0', '132457', '2010-05-21 07:26:30.0');
INSERT INTO project_info (project_id, project_info_type_id, value, create_user, create_date, modify_user, modify_date)
VALUES ('941', '14', 'Open', '132457', '2010-05-21 07:26:30.0', '132457', '2010-05-21 07:26:30.0');
INSERT INTO project_info (project_id, project_info_type_id, value, create_user, create_date, modify_user, modify_date)
VALUES ('941', '16', '0.0', '132457', '2010-05-21 07:26:30.0', '132457', '2010-05-21 07:26:30.0');
INSERT INTO project_info (project_id, project_info_type_id, value, create_user, create_date, modify_user, modify_date)
VALUES ('941', '26', 'On', '132457', '2010-05-21 07:26:30.0', '132457', '2010-05-21 07:26:30.0');
INSERT INTO project_info (project_id, project_info_type_id, value, create_user, create_date, modify_user, modify_date)
VALUES ('941', '29', 'On', '132457', '2010-05-21 07:26:30.0', '132457', '2010-05-21 07:26:30.0');
INSERT INTO project_info (project_id, project_info_type_id, value, create_user, create_date, modify_user, modify_date)
VALUES ('941', '41', 'true', '132457', '2010-05-21 07:26:30.0', '132457', '2010-05-21 07:26:30.0');
INSERT INTO project_info (project_id, project_info_type_id, value, create_user, create_date, modify_user, modify_date)
VALUES ('941', '43', 'true', '132457', '2010-05-21 07:26:30.0', '132457', '2010-05-21 07:26:30.0');
--  Data for project_phase
INSERT INTO project_phase (project_phase_id, project_id, phase_type_id, phase_status_id, fixed_start_time, scheduled_start_time, scheduled_end_time, actual_start_time, actual_end_time, duration, create_user, create_date, modify_user, modify_date)
VALUES ('941', '941', '1', '1', '2010-05-27 09:00:00.0', '2010-05-27 09:00:00.0', '2010-06-01 09:00:00.0', NULL, NULL, '259200000', '132457', '2010-05-21 07:26:30.0', '132457', '2010-05-21 07:26:30.0');
INSERT INTO project_phase (project_phase_id, project_id, phase_type_id, phase_status_id, fixed_start_time, scheduled_start_time, scheduled_end_time, actual_start_time, actual_end_time, duration, create_user, create_date, modify_user, modify_date)
VALUES ('942', '941', '2', '1', '2010-05-27 09:00:00.0', '2010-05-27 09:00:00.0', '2010-06-07 09:00:00.0', NULL, NULL, '604800000', '132457', '2010-05-21 07:26:30.0', '132457', '2010-05-21 07:26:30.0');
INSERT INTO project_phase (project_phase_id, project_id, phase_type_id, phase_status_id, fixed_start_time, scheduled_start_time, scheduled_end_time, actual_start_time, actual_end_time, duration, create_user, create_date, modify_user, modify_date)
VALUES ('943', '941', '3', '1', '2010-06-07 09:00:00.0', '2010-06-07 09:00:00.0', '2010-06-08 09:00:00.0', NULL, NULL, '86400000', '132457', '2010-05-21 07:26:30.0', '132457', '2010-05-21 07:26:30.0');
INSERT INTO project_phase (project_phase_id, project_id, phase_type_id, phase_status_id, fixed_start_time, scheduled_start_time, scheduled_end_time, actual_start_time, actual_end_time, duration, create_user, create_date, modify_user, modify_date)
VALUES ('944', '941', '4', '1', '2010-06-08 09:00:00.0', '2010-06-08 09:00:00.0', '2010-06-14 09:00:00.0', NULL, NULL, '345600000', '132457', '2010-05-21 07:26:30.0', '132457', '2010-05-21 07:26:30.0');
INSERT INTO project_phase (project_phase_id, project_id, phase_type_id, phase_status_id, fixed_start_time, scheduled_start_time, scheduled_end_time, actual_start_time, actual_end_time, duration, create_user, create_date, modify_user, modify_date)
VALUES ('945', '941', '5', '1', '2010-06-14 09:00:00.0', '2010-06-14 09:00:00.0', '2010-06-15 09:00:00.0', NULL, NULL, '86400000', '132457', '2010-05-21 07:26:30.0', '132457', '2010-05-21 07:26:30.0');
INSERT INTO project_phase (project_phase_id, project_id, phase_type_id, phase_status_id, fixed_start_time, scheduled_start_time, scheduled_end_time, actual_start_time, actual_end_time, duration, create_user, create_date, modify_user, modify_date)
VALUES ('946', '941', '6', '1', '2010-06-15 09:00:00.0', '2010-06-15 09:00:00.0', '2010-06-16 09:00:00.0', NULL, NULL, '86400000', '132457', '2010-05-21 07:26:30.0', '132457', '2010-05-21 07:26:30.0');
INSERT INTO project_phase (project_phase_id, project_id, phase_type_id, phase_status_id, fixed_start_time, scheduled_start_time, scheduled_end_time, actual_start_time, actual_end_time, duration, create_user, create_date, modify_user, modify_date)
VALUES ('947', '941', '7', '1', '2010-06-16 09:00:00.0', '2010-06-16 09:00:00.0', '2010-06-16 21:00:00.0', NULL, NULL, '43200000', '132457', '2010-05-21 07:26:30.0', '132457', '2010-05-21 07:26:30.0');
INSERT INTO project_phase (project_phase_id, project_id, phase_type_id, phase_status_id, fixed_start_time, scheduled_start_time, scheduled_end_time, actual_start_time, actual_end_time, duration, create_user, create_date, modify_user, modify_date)
VALUES ('948', '941', '8', '1', '2010-06-16 21:00:00.0', '2010-06-16 21:00:00.0', '2010-06-17 09:00:00.0', NULL, NULL, '43200000', '132457', '2010-05-21 07:26:30.0', '132457', '2010-05-21 07:26:30.0');
INSERT INTO project_phase (project_phase_id, project_id, phase_type_id, phase_status_id, fixed_start_time, scheduled_start_time, scheduled_end_time, actual_start_time, actual_end_time, duration, create_user, create_date, modify_user, modify_date)
VALUES ('949', '941', '9', '1', '2010-06-17 09:00:00.0', '2010-06-17 09:00:00.0', '2010-06-22 09:00:00.0', NULL, NULL, '259200000', '132457', '2010-05-21 07:26:30.0', '132457', '2010-05-21 07:26:30.0');
INSERT INTO project_phase (project_phase_id, project_id, phase_type_id, phase_status_id, fixed_start_time, scheduled_start_time, scheduled_end_time, actual_start_time, actual_end_time, duration, create_user, create_date, modify_user, modify_date)
VALUES ('950', '941', '10', '1', '2010-06-22 09:00:00.0', '2010-06-22 09:00:00.0', '2010-06-23 09:00:00.0', NULL, NULL, '86400000', '132457', '2010-05-21 07:26:30.0', '132457', '2010-05-21 07:26:30.0');
--  Data for comp_catalog
INSERT INTO comp_catalog (component_id, current_version, short_desc, component_name, description, function_desc, create_time, status_id, root_category_id, modify_date, public_ind)
VALUES ('1881', '1', 'Coolest component ever', 'Component 95', 'Coolest component ever', 'Component', '2010-05-21 07:20:14.48', '102', '5801779', '2010-05-21 07:23:44.0', '0');
--  Data for comp_versions
INSERT INTO comp_versions (comp_vers_id, component_id, version, version_text, create_time, phase_id, phase_time, price, comments, modify_date,
                           suspended_ind)
VALUES ('1883', '1881', '1', '1.0                 ', '2010-05-21 07:20:14.48', '112', '1976-05-04 00:00:00.0', '1000.00', 'Cool', '2010-05-21 07:27:01.0', '0');
--  Data for comp_categories
INSERT INTO comp_categories (comp_categories_id, component_id, category_id)
VALUES ('1885', '1881', '11');
--  Data for comp_keywords
INSERT INTO comp_keywords (comp_keywords_id, component_id, keyword)
VALUES ('1891', '1881', 'design');
--  Data for comp_technology
INSERT INTO comp_technology (comp_tech_id, comp_vers_id, technology_type_id)
VALUES ('1892', '1883', '1');
--  Data for comp_documentation
INSERT INTO comp_documentation (document_id, comp_vers_id, document_type_id, document_name, url)
VALUES ('1893', '1883', '0', 'Requirements Specification', '1881/1883/MQTTBroker_Requirements_Specification.pdf');
--  Data for comp_jive_category_xref
INSERT INTO comp_jive_category_xref (comp_vers_id, jive_category_id)
VALUES ('1883', '0');
--  Data for comp_version_dates
INSERT INTO comp_version_dates (comp_version_dates_id, comp_vers_id, phase_id, posting_date, initial_submission_date, winner_announced_date, final_submission_date,
                                estimated_dev_date, price, total_submissions, status_id, create_time, level_id, screening_complete_date, review_complete_date,
                                aggregation_complete_date, phase_complete_date, production_date, aggregation_complete_date_comment, phase_complete_date_comment,
                                review_complete_date_comment, winner_announced_date_comment, initial_submission_date_comment, screening_complete_date_comment,
                                final_submission_date_comment, production_date_comment, modify_date)
VALUES ('1894', '1883', '112', '1976-05-05', '2000-01-01', '2000-01-01', 
        '2000-01-01', '2000-01-01', NULL, '0', '301', '2010-05-21 07:27:01.0', '100', '2000-01-01',
        '2000-01-01', '2000-01-01', '2000-01-01', '2010-12-01', 
        NULL, NULL, NULL, NULL, NULL, NULL, NULL, '', '2010-05-21 07:27:01.0');
--  Data for phase_criteria
INSERT INTO phase_criteria (project_phase_id, phase_criteria_type_id, parameter, create_user, create_date, modify_user, modify_date)
VALUES ('941', '2', '0', '132457', '2010-05-21 07:26:30.0', '132457', '2010-05-21 07:26:30.0');
INSERT INTO phase_criteria (project_phase_id, phase_criteria_type_id, parameter, create_user, create_date, modify_user, modify_date)
VALUES ('941', '5', 'No', '132457', '2010-05-21 07:26:30.0', '132457', '2010-05-21 07:26:30.0');
INSERT INTO phase_criteria (project_phase_id, phase_criteria_type_id, parameter, create_user, create_date, modify_user, modify_date)
VALUES ('942', '3', '0', '132457', '2010-05-21 07:26:30.0', '132457', '2010-05-21 07:26:30.0');
INSERT INTO phase_criteria (project_phase_id, phase_criteria_type_id, parameter, create_user, create_date, modify_user, modify_date)
VALUES ('942', '5', 'No', '132457', '2010-05-21 07:26:30.0', '132457', '2010-05-21 07:26:30.0');
INSERT INTO phase_criteria (project_phase_id, phase_criteria_type_id, parameter, create_user, create_date, modify_user, modify_date)
VALUES ('943', '5', 'No', '132457', '2010-05-21 07:26:30.0', '132457', '2010-05-21 07:26:30.0');
INSERT INTO phase_criteria (project_phase_id, phase_criteria_type_id, parameter, create_user, create_date, modify_user, modify_date)
VALUES ('943', '1', '30000410', '132457', '2010-05-21 07:26:30.0', '132457', '2010-05-21 07:26:30.0');
INSERT INTO phase_criteria (project_phase_id, phase_criteria_type_id, parameter, create_user, create_date, modify_user, modify_date)
VALUES ('944', '5', 'No', '132457', '2010-05-21 07:26:30.0', '132457', '2010-05-21 07:26:30.0');
INSERT INTO phase_criteria (project_phase_id, phase_criteria_type_id, parameter, create_user, create_date, modify_user, modify_date)
VALUES ('944', '1', '30000411', '132457', '2010-05-21 07:26:30.0', '132457', '2010-05-21 07:26:30.0');
INSERT INTO phase_criteria (project_phase_id, phase_criteria_type_id, parameter, create_user, create_date, modify_user, modify_date)
VALUES ('944', '6', '3', '132457', '2010-05-21 07:26:30.0', '132457', '2010-05-21 07:26:30.0');
INSERT INTO phase_criteria (project_phase_id, phase_criteria_type_id, parameter, create_user, create_date, modify_user, modify_date)
VALUES ('945', '5', 'No', '132457', '2010-05-21 07:26:30.0', '132457', '2010-05-21 07:26:30.0');
INSERT INTO phase_criteria (project_phase_id, phase_criteria_type_id, parameter, create_user, create_date, modify_user, modify_date)
VALUES ('945', '4', 'No', '132457', '2010-05-21 07:26:30.0', '132457', '2010-05-21 07:26:30.0');
INSERT INTO phase_criteria (project_phase_id, phase_criteria_type_id, parameter, create_user, create_date, modify_user, modify_date)
VALUES ('946', '5', 'No', '132457', '2010-05-21 07:26:30.0', '132457', '2010-05-21 07:26:30.0');
INSERT INTO phase_criteria (project_phase_id, phase_criteria_type_id, parameter, create_user, create_date, modify_user, modify_date)
VALUES ('947', '5', 'No', '132457', '2010-05-21 07:26:30.0', '132457', '2010-05-21 07:26:30.0');
INSERT INTO phase_criteria (project_phase_id, phase_criteria_type_id, parameter, create_user, create_date, modify_user, modify_date)
VALUES ('948', '5', 'No', '132457', '2010-05-21 07:26:30.0', '132457', '2010-05-21 07:26:30.0');
INSERT INTO phase_criteria (project_phase_id, phase_criteria_type_id, parameter, create_user, create_date, modify_user, modify_date)
VALUES ('949', '5', 'No', '132457', '2010-05-21 07:26:30.0', '132457', '2010-05-21 07:26:30.0');
INSERT INTO phase_criteria (project_phase_id, phase_criteria_type_id, parameter, create_user, create_date, modify_user, modify_date)
VALUES ('950', '5', 'No', '132457', '2010-05-21 07:26:30.0', '132457', '2010-05-21 07:26:30.0');
--  Data for phase_dependency
INSERT INTO phase_dependency (dependency_phase_id, dependent_phase_id, dependency_start, dependent_start, lag_time, create_user, create_date, modify_user, modify_date)
VALUES ('941', '942', '1', '1', '0', '132457', '2010-05-21 07:26:30.0', '132457', '2010-05-21 07:26:30.0');
INSERT INTO phase_dependency (dependency_phase_id, dependent_phase_id, dependency_start, dependent_start, lag_time, create_user, create_date, modify_user, modify_date)
VALUES ('942', '943', '0', '1', '0', '132457', '2010-05-21 07:26:30.0', '132457', '2010-05-21 07:26:30.0');
INSERT INTO phase_dependency (dependency_phase_id, dependent_phase_id, dependency_start, dependent_start, lag_time, create_user, create_date, modify_user, modify_date)
VALUES ('943', '944', '0', '1', '0', '132457', '2010-05-21 07:26:30.0', '132457', '2010-05-21 07:26:30.0');
INSERT INTO phase_dependency (dependency_phase_id, dependent_phase_id, dependency_start, dependent_start, lag_time, create_user, create_date, modify_user, modify_date)
VALUES ('944', '945', '0', '1', '0', '132457', '2010-05-21 07:26:30.0', '132457', '2010-05-21 07:26:30.0');
INSERT INTO phase_dependency (dependency_phase_id, dependent_phase_id, dependency_start, dependent_start, lag_time, create_user, create_date, modify_user, modify_date)
VALUES ('945', '946', '0', '1', '0', '132457', '2010-05-21 07:26:30.0', '132457', '2010-05-21 07:26:30.0');
INSERT INTO phase_dependency (dependency_phase_id, dependent_phase_id, dependency_start, dependent_start, lag_time, create_user, create_date, modify_user, modify_date)
VALUES ('946', '947', '0', '1', '0', '132457', '2010-05-21 07:26:30.0', '132457', '2010-05-21 07:26:30.0');
INSERT INTO phase_dependency (dependency_phase_id, dependent_phase_id, dependency_start, dependent_start, lag_time, create_user, create_date, modify_user, modify_date)
VALUES ('947', '948', '0', '1', '0', '132457', '2010-05-21 07:26:30.0', '132457', '2010-05-21 07:26:30.0');
INSERT INTO phase_dependency (dependency_phase_id, dependent_phase_id, dependency_start, dependent_start, lag_time, create_user, create_date, modify_user, modify_date)
VALUES ('948', '949', '0', '1', '0', '132457', '2010-05-21 07:26:30.0', '132457', '2010-05-21 07:26:30.0');
INSERT INTO phase_dependency (dependency_phase_id, dependent_phase_id, dependency_start, dependent_start, lag_time, create_user, create_date, modify_user, modify_date)
VALUES ('949', '950', '0', '1', '0', '132457', '2010-05-21 07:26:30.0', '132457', '2010-05-21 07:26:30.0');
--  Data for resource
INSERT INTO resource (resource_id, resource_role_id, project_id, project_phase_id, create_user, create_date, modify_user, modify_date)
VALUES ('941', '13', '941', NULL, '132457', '2010-05-21 07:26:30.0', '132457', '2010-05-21 07:26:30.0');
--  Data for resource_info
INSERT INTO resource_info (resource_id, resource_info_type_id, value, create_user, create_date, modify_user, modify_date)
VALUES ('941', '1', '132457', '132457', '2010-05-21 07:26:30.0', '132457', '2010-05-21 07:26:30.0');
INSERT INTO resource_info (resource_id, resource_info_type_id, value, create_user, create_date, modify_user, modify_date)
VALUES ('941', '2', 'super', '132457', '2010-05-21 07:26:30.0', '132457', '2010-05-21 07:26:30.0');
--  Data for user_role
INSERT INTO user_role (user_role_id, comp_vers_id, role_id, login_id, description)
VALUES ('1884', '1883', '1', '132457', '');
--  Data for word_search
INSERT INTO word_search (word_search_id, document_id, index_word, nbr_occurrences)
VALUES ('1887', '1881', 'ever                                                                                                ', '2');
INSERT INTO word_search (word_search_id, document_id, index_word, nbr_occurrences)
VALUES ('1888', '1881', 'component                                                                                           ', '4');
INSERT INTO word_search (word_search_id, document_id, index_word, nbr_occurrences)
VALUES ('1889', '1881', 'coolest                                                                                             ', '2');
INSERT INTO word_search (word_search_id, document_id, index_word, nbr_occurrences)
VALUES ('1890', '1881', 'design                                                    ', '2');
--  Data for word_search_ctgy
INSERT INTO word_search_ctgy (word_srch_ctgy_id, category_id, document_id)
VALUES ('1886', 'DDECATALOG                                        ', '1881');
--  Data for word_search_doc
INSERT INTO word_search_doc (document_id)
VALUES ('1881');
-- Data for project
INSERT INTO project (project_id, project_status_id, project_category_id, create_user, create_date, modify_user, modify_date)
VALUES ('951', '2', '7', '132458', '2010-05-21 07:26:30.0', '132458', '2010-05-21 07:26:30.0');
--  Data for project_info
INSERT INTO project_info (project_id, project_info_type_id, value, create_user, create_date, modify_user, modify_date)
VALUES ('951', '1', '1903', '132458', '2010-05-21 07:26:30.0', '132458', '2010-05-21 07:26:30.0');
INSERT INTO project_info (project_id, project_info_type_id, value, create_user, create_date, modify_user, modify_date)
VALUES ('951', '2', '1901', '132458', '2010-05-21 07:26:30.0', '132458', '2010-05-21 07:26:30.0');
INSERT INTO project_info (project_id, project_info_type_id, value, create_user, create_date, modify_user, modify_date)
VALUES ('951', '3', '1', '132458', '2010-05-21 07:26:30.0', '132458', '2010-05-21 07:26:30.0');
INSERT INTO project_info (project_id, project_info_type_id, value, create_user, create_date, modify_user, modify_date)
VALUES ('951', '4', '0', '132458', '2010-05-21 07:26:30.0', '132458', '2010-05-21 07:26:30.0');
INSERT INTO project_info (project_id, project_info_type_id, value, create_user, create_date, modify_user, modify_date)
VALUES ('951', '5', '5801779', '132458', '2010-05-21 07:26:30.0', '132458', '2010-05-21 07:26:30.0');
INSERT INTO project_info (project_id, project_info_type_id, value, create_user, create_date, modify_user, modify_date)
VALUES ('951', '6', 'Component 96', '132458', '2010-05-21 07:26:30.0', '132458', '2010-05-21 07:26:30.0');
INSERT INTO project_info (project_id, project_info_type_id, value, create_user, create_date, modify_user, modify_date)
VALUES ('951', '7', '1.0                 ', '132458', '2010-05-21 07:26:30.0', '132458', '2010-05-21 07:26:30.0');
INSERT INTO project_info (project_id, project_info_type_id, value, create_user, create_date, modify_user, modify_date)
VALUES ('951', '9', 'Off', '132458', '2010-05-21 07:26:30.0', '132458', '2010-05-21 07:26:30.0');
INSERT INTO project_info (project_id, project_info_type_id, value, create_user, create_date, modify_user, modify_date)
VALUES ('951', '10', 'On', '132458', '2010-05-21 07:26:30.0', '132458', '2010-05-21 07:26:30.0');
INSERT INTO project_info (project_id, project_info_type_id, value, create_user, create_date, modify_user, modify_date)
VALUES ('951', '11', 'On', '132458', '2010-05-21 07:26:30.0', '132458', '2010-05-21 07:26:30.0');
INSERT INTO project_info (project_id, project_info_type_id, value, create_user, create_date, modify_user, modify_date)
VALUES ('951', '12', 'Yes', '132458', '2010-05-21 07:26:30.0', '132458', '2010-05-21 07:26:30.0');
INSERT INTO project_info (project_id, project_info_type_id, value, create_user, create_date, modify_user, modify_date)
VALUES ('951', '13', 'Yes', '132458', '2010-05-21 07:26:30.0', '132458', '2010-05-21 07:26:30.0');
INSERT INTO project_info (project_id, project_info_type_id, value, create_user, create_date, modify_user, modify_date)
VALUES ('951', '14', 'Open', '132458', '2010-05-21 07:26:30.0', '132458', '2010-05-21 07:26:30.0');
INSERT INTO project_info (project_id, project_info_type_id, value, create_user, create_date, modify_user, modify_date)
VALUES ('951', '16', '0.0', '132458', '2010-05-21 07:26:30.0', '132458', '2010-05-21 07:26:30.0');
INSERT INTO project_info (project_id, project_info_type_id, value, create_user, create_date, modify_user, modify_date)
VALUES ('951', '26', 'On', '132458', '2010-05-21 07:26:30.0', '132458', '2010-05-21 07:26:30.0');
INSERT INTO project_info (project_id, project_info_type_id, value, create_user, create_date, modify_user, modify_date)
VALUES ('951', '29', 'On', '132458', '2010-05-21 07:26:30.0', '132458', '2010-05-21 07:26:30.0');
INSERT INTO project_info (project_id, project_info_type_id, value, create_user, create_date, modify_user, modify_date)
VALUES ('951', '41', 'true', '132458', '2010-05-21 07:26:30.0', '132458', '2010-05-21 07:26:30.0');
INSERT INTO project_info (project_id, project_info_type_id, value, create_user, create_date, modify_user, modify_date)
VALUES ('951', '43', 'true', '132458', '2010-05-21 07:26:30.0', '132458', '2010-05-21 07:26:30.0');
--  Data for project_phase
INSERT INTO project_phase (project_phase_id, project_id, phase_type_id, phase_status_id, fixed_start_time, scheduled_start_time, scheduled_end_time, actual_start_time, actual_end_time, duration, create_user, create_date, modify_user, modify_date)
VALUES ('951', '951', '1', '1', '2010-05-27 09:00:00.0', '2010-05-27 09:00:00.0', '2010-06-01 09:00:00.0', NULL, NULL, '259200000', '132458', '2010-05-21 07:26:30.0', '132458', '2010-05-21 07:26:30.0');
INSERT INTO project_phase (project_phase_id, project_id, phase_type_id, phase_status_id, fixed_start_time, scheduled_start_time, scheduled_end_time, actual_start_time, actual_end_time, duration, create_user, create_date, modify_user, modify_date)
VALUES ('952', '951', '2', '1', '2010-05-27 09:00:00.0', '2010-05-27 09:00:00.0', '2010-06-07 09:00:00.0', NULL, NULL, '604800000', '132458', '2010-05-21 07:26:30.0', '132458', '2010-05-21 07:26:30.0');
INSERT INTO project_phase (project_phase_id, project_id, phase_type_id, phase_status_id, fixed_start_time, scheduled_start_time, scheduled_end_time, actual_start_time, actual_end_time, duration, create_user, create_date, modify_user, modify_date)
VALUES ('953', '951', '3', '1', '2010-06-07 09:00:00.0', '2010-06-07 09:00:00.0', '2010-06-08 09:00:00.0', NULL, NULL, '86400000', '132458', '2010-05-21 07:26:30.0', '132458', '2010-05-21 07:26:30.0');
INSERT INTO project_phase (project_phase_id, project_id, phase_type_id, phase_status_id, fixed_start_time, scheduled_start_time, scheduled_end_time, actual_start_time, actual_end_time, duration, create_user, create_date, modify_user, modify_date)
VALUES ('954', '951', '4', '1', '2010-06-08 09:00:00.0', '2010-06-08 09:00:00.0', '2010-06-14 09:00:00.0', NULL, NULL, '345600000', '132458', '2010-05-21 07:26:30.0', '132458', '2010-05-21 07:26:30.0');
INSERT INTO project_phase (project_phase_id, project_id, phase_type_id, phase_status_id, fixed_start_time, scheduled_start_time, scheduled_end_time, actual_start_time, actual_end_time, duration, create_user, create_date, modify_user, modify_date)
VALUES ('955', '951', '5', '1', '2010-06-14 09:00:00.0', '2010-06-14 09:00:00.0', '2010-06-15 09:00:00.0', NULL, NULL, '86400000', '132458', '2010-05-21 07:26:30.0', '132458', '2010-05-21 07:26:30.0');
INSERT INTO project_phase (project_phase_id, project_id, phase_type_id, phase_status_id, fixed_start_time, scheduled_start_time, scheduled_end_time, actual_start_time, actual_end_time, duration, create_user, create_date, modify_user, modify_date)
VALUES ('956', '951', '6', '1', '2010-06-15 09:00:00.0', '2010-06-15 09:00:00.0', '2010-06-16 09:00:00.0', NULL, NULL, '86400000', '132458', '2010-05-21 07:26:30.0', '132458', '2010-05-21 07:26:30.0');
INSERT INTO project_phase (project_phase_id, project_id, phase_type_id, phase_status_id, fixed_start_time, scheduled_start_time, scheduled_end_time, actual_start_time, actual_end_time, duration, create_user, create_date, modify_user, modify_date)
VALUES ('957', '951', '7', '1', '2010-06-16 09:00:00.0', '2010-06-16 09:00:00.0', '2010-06-16 21:00:00.0', NULL, NULL, '43200000', '132458', '2010-05-21 07:26:30.0', '132458', '2010-05-21 07:26:30.0');
INSERT INTO project_phase (project_phase_id, project_id, phase_type_id, phase_status_id, fixed_start_time, scheduled_start_time, scheduled_end_time, actual_start_time, actual_end_time, duration, create_user, create_date, modify_user, modify_date)
VALUES ('958', '951', '8', '1', '2010-06-16 21:00:00.0', '2010-06-16 21:00:00.0', '2010-06-17 09:00:00.0', NULL, NULL, '43200000', '132458', '2010-05-21 07:26:30.0', '132458', '2010-05-21 07:26:30.0');
INSERT INTO project_phase (project_phase_id, project_id, phase_type_id, phase_status_id, fixed_start_time, scheduled_start_time, scheduled_end_time, actual_start_time, actual_end_time, duration, create_user, create_date, modify_user, modify_date)
VALUES ('959', '951', '9', '1', '2010-06-17 09:00:00.0', '2010-06-17 09:00:00.0', '2010-06-22 09:00:00.0', NULL, NULL, '259200000', '132458', '2010-05-21 07:26:30.0', '132458', '2010-05-21 07:26:30.0');
INSERT INTO project_phase (project_phase_id, project_id, phase_type_id, phase_status_id, fixed_start_time, scheduled_start_time, scheduled_end_time, actual_start_time, actual_end_time, duration, create_user, create_date, modify_user, modify_date)
VALUES ('960', '951', '10', '1', '2010-06-22 09:00:00.0', '2010-06-22 09:00:00.0', '2010-06-23 09:00:00.0', NULL, NULL, '86400000', '132458', '2010-05-21 07:26:30.0', '132458', '2010-05-21 07:26:30.0');
--  Data for comp_catalog
INSERT INTO comp_catalog (component_id, current_version, short_desc, component_name, description, function_desc, create_time, status_id, root_category_id, modify_date, public_ind)
VALUES ('1901', '1', 'Coolest component ever', 'Component 96', 'Coolest component ever', 'Component', '2010-05-21 07:20:14.48', '102', '5801779', '2010-05-21 07:23:44.0', '0');
--  Data for comp_versions
INSERT INTO comp_versions (comp_vers_id, component_id, version, version_text, create_time, phase_id, phase_time, price, comments, modify_date,
                           suspended_ind)
VALUES ('1903', '1901', '1', '1.0                 ', '2010-05-21 07:20:14.48', '112', '1976-05-04 00:00:00.0', '1000.00', 'Cool', '2010-05-21 07:27:01.0', '0');
--  Data for comp_categories
INSERT INTO comp_categories (comp_categories_id, component_id, category_id)
VALUES ('1905', '1901', '11');
--  Data for comp_keywords
INSERT INTO comp_keywords (comp_keywords_id, component_id, keyword)
VALUES ('1911', '1901', 'architecture');
--  Data for comp_technology
INSERT INTO comp_technology (comp_tech_id, comp_vers_id, technology_type_id)
VALUES ('1912', '1903', '1');
--  Data for comp_documentation
INSERT INTO comp_documentation (document_id, comp_vers_id, document_type_id, document_name, url)
VALUES ('1913', '1903', '0', 'Requirements Specification', '1901/1903/MQTTBroker_Requirements_Specification.pdf');
--  Data for comp_jive_category_xref
INSERT INTO comp_jive_category_xref (comp_vers_id, jive_category_id)
VALUES ('1903', '0');
--  Data for comp_version_dates
INSERT INTO comp_version_dates (comp_version_dates_id, comp_vers_id, phase_id, posting_date, initial_submission_date, winner_announced_date, final_submission_date,
                                estimated_dev_date, price, total_submissions, status_id, create_time, level_id, screening_complete_date, review_complete_date,
                                aggregation_complete_date, phase_complete_date, production_date, aggregation_complete_date_comment, phase_complete_date_comment,
                                review_complete_date_comment, winner_announced_date_comment, initial_submission_date_comment, screening_complete_date_comment,
                                final_submission_date_comment, production_date_comment, modify_date)
VALUES ('1914', '1903', '112', '1976-05-05', '2000-01-01', '2000-01-01', 
        '2000-01-01', '2000-01-01', NULL, '0', '301', '2010-05-21 07:27:01.0', '100', '2000-01-01',
        '2000-01-01', '2000-01-01', '2000-01-01', '2010-12-01', 
        NULL, NULL, NULL, NULL, NULL, NULL, NULL, '', '2010-05-21 07:27:01.0');
--  Data for phase_criteria
INSERT INTO phase_criteria (project_phase_id, phase_criteria_type_id, parameter, create_user, create_date, modify_user, modify_date)
VALUES ('951', '2', '0', '132458', '2010-05-21 07:26:30.0', '132458', '2010-05-21 07:26:30.0');
INSERT INTO phase_criteria (project_phase_id, phase_criteria_type_id, parameter, create_user, create_date, modify_user, modify_date)
VALUES ('951', '5', 'No', '132458', '2010-05-21 07:26:30.0', '132458', '2010-05-21 07:26:30.0');
INSERT INTO phase_criteria (project_phase_id, phase_criteria_type_id, parameter, create_user, create_date, modify_user, modify_date)
VALUES ('952', '3', '0', '132458', '2010-05-21 07:26:30.0', '132458', '2010-05-21 07:26:30.0');
INSERT INTO phase_criteria (project_phase_id, phase_criteria_type_id, parameter, create_user, create_date, modify_user, modify_date)
VALUES ('952', '5', 'No', '132458', '2010-05-21 07:26:30.0', '132458', '2010-05-21 07:26:30.0');
INSERT INTO phase_criteria (project_phase_id, phase_criteria_type_id, parameter, create_user, create_date, modify_user, modify_date)
VALUES ('953', '5', 'No', '132458', '2010-05-21 07:26:30.0', '132458', '2010-05-21 07:26:30.0');
INSERT INTO phase_criteria (project_phase_id, phase_criteria_type_id, parameter, create_user, create_date, modify_user, modify_date)
VALUES ('953', '1', '30000410', '132458', '2010-05-21 07:26:30.0', '132458', '2010-05-21 07:26:30.0');
INSERT INTO phase_criteria (project_phase_id, phase_criteria_type_id, parameter, create_user, create_date, modify_user, modify_date)
VALUES ('954', '5', 'No', '132458', '2010-05-21 07:26:30.0', '132458', '2010-05-21 07:26:30.0');
INSERT INTO phase_criteria (project_phase_id, phase_criteria_type_id, parameter, create_user, create_date, modify_user, modify_date)
VALUES ('954', '1', '30000411', '132458', '2010-05-21 07:26:30.0', '132458', '2010-05-21 07:26:30.0');
INSERT INTO phase_criteria (project_phase_id, phase_criteria_type_id, parameter, create_user, create_date, modify_user, modify_date)
VALUES ('954', '6', '3', '132458', '2010-05-21 07:26:30.0', '132458', '2010-05-21 07:26:30.0');
INSERT INTO phase_criteria (project_phase_id, phase_criteria_type_id, parameter, create_user, create_date, modify_user, modify_date)
VALUES ('955', '5', 'No', '132458', '2010-05-21 07:26:30.0', '132458', '2010-05-21 07:26:30.0');
INSERT INTO phase_criteria (project_phase_id, phase_criteria_type_id, parameter, create_user, create_date, modify_user, modify_date)
VALUES ('955', '4', 'No', '132458', '2010-05-21 07:26:30.0', '132458', '2010-05-21 07:26:30.0');
INSERT INTO phase_criteria (project_phase_id, phase_criteria_type_id, parameter, create_user, create_date, modify_user, modify_date)
VALUES ('956', '5', 'No', '132458', '2010-05-21 07:26:30.0', '132458', '2010-05-21 07:26:30.0');
INSERT INTO phase_criteria (project_phase_id, phase_criteria_type_id, parameter, create_user, create_date, modify_user, modify_date)
VALUES ('957', '5', 'No', '132458', '2010-05-21 07:26:30.0', '132458', '2010-05-21 07:26:30.0');
INSERT INTO phase_criteria (project_phase_id, phase_criteria_type_id, parameter, create_user, create_date, modify_user, modify_date)
VALUES ('958', '5', 'No', '132458', '2010-05-21 07:26:30.0', '132458', '2010-05-21 07:26:30.0');
INSERT INTO phase_criteria (project_phase_id, phase_criteria_type_id, parameter, create_user, create_date, modify_user, modify_date)
VALUES ('959', '5', 'No', '132458', '2010-05-21 07:26:30.0', '132458', '2010-05-21 07:26:30.0');
INSERT INTO phase_criteria (project_phase_id, phase_criteria_type_id, parameter, create_user, create_date, modify_user, modify_date)
VALUES ('960', '5', 'No', '132458', '2010-05-21 07:26:30.0', '132458', '2010-05-21 07:26:30.0');
--  Data for phase_dependency
INSERT INTO phase_dependency (dependency_phase_id, dependent_phase_id, dependency_start, dependent_start, lag_time, create_user, create_date, modify_user, modify_date)
VALUES ('951', '952', '1', '1', '0', '132458', '2010-05-21 07:26:30.0', '132458', '2010-05-21 07:26:30.0');
INSERT INTO phase_dependency (dependency_phase_id, dependent_phase_id, dependency_start, dependent_start, lag_time, create_user, create_date, modify_user, modify_date)
VALUES ('952', '953', '0', '1', '0', '132458', '2010-05-21 07:26:30.0', '132458', '2010-05-21 07:26:30.0');
INSERT INTO phase_dependency (dependency_phase_id, dependent_phase_id, dependency_start, dependent_start, lag_time, create_user, create_date, modify_user, modify_date)
VALUES ('953', '954', '0', '1', '0', '132458', '2010-05-21 07:26:30.0', '132458', '2010-05-21 07:26:30.0');
INSERT INTO phase_dependency (dependency_phase_id, dependent_phase_id, dependency_start, dependent_start, lag_time, create_user, create_date, modify_user, modify_date)
VALUES ('954', '955', '0', '1', '0', '132458', '2010-05-21 07:26:30.0', '132458', '2010-05-21 07:26:30.0');
INSERT INTO phase_dependency (dependency_phase_id, dependent_phase_id, dependency_start, dependent_start, lag_time, create_user, create_date, modify_user, modify_date)
VALUES ('955', '956', '0', '1', '0', '132458', '2010-05-21 07:26:30.0', '132458', '2010-05-21 07:26:30.0');
INSERT INTO phase_dependency (dependency_phase_id, dependent_phase_id, dependency_start, dependent_start, lag_time, create_user, create_date, modify_user, modify_date)
VALUES ('956', '957', '0', '1', '0', '132458', '2010-05-21 07:26:30.0', '132458', '2010-05-21 07:26:30.0');
INSERT INTO phase_dependency (dependency_phase_id, dependent_phase_id, dependency_start, dependent_start, lag_time, create_user, create_date, modify_user, modify_date)
VALUES ('957', '958', '0', '1', '0', '132458', '2010-05-21 07:26:30.0', '132458', '2010-05-21 07:26:30.0');
INSERT INTO phase_dependency (dependency_phase_id, dependent_phase_id, dependency_start, dependent_start, lag_time, create_user, create_date, modify_user, modify_date)
VALUES ('958', '959', '0', '1', '0', '132458', '2010-05-21 07:26:30.0', '132458', '2010-05-21 07:26:30.0');
INSERT INTO phase_dependency (dependency_phase_id, dependent_phase_id, dependency_start, dependent_start, lag_time, create_user, create_date, modify_user, modify_date)
VALUES ('959', '960', '0', '1', '0', '132458', '2010-05-21 07:26:30.0', '132458', '2010-05-21 07:26:30.0');
--  Data for resource
INSERT INTO resource (resource_id, resource_role_id, project_id, project_phase_id, create_user, create_date, modify_user, modify_date)
VALUES ('951', '13', '951', NULL, '132458', '2010-05-21 07:26:30.0', '132458', '2010-05-21 07:26:30.0');
--  Data for resource_info
INSERT INTO resource_info (resource_id, resource_info_type_id, value, create_user, create_date, modify_user, modify_date)
VALUES ('951', '1', '132458', '132458', '2010-05-21 07:26:30.0', '132458', '2010-05-21 07:26:30.0');
INSERT INTO resource_info (resource_id, resource_info_type_id, value, create_user, create_date, modify_user, modify_date)
VALUES ('951', '2', 'user', '132458', '2010-05-21 07:26:30.0', '132458', '2010-05-21 07:26:30.0');
--  Data for user_role
INSERT INTO user_role (user_role_id, comp_vers_id, role_id, login_id, description)
VALUES ('1904', '1903', '1', '132458', '');
--  Data for word_search
INSERT INTO word_search (word_search_id, document_id, index_word, nbr_occurrences)
VALUES ('1907', '1901', 'ever                                                                                                ', '2');
INSERT INTO word_search (word_search_id, document_id, index_word, nbr_occurrences)
VALUES ('1908', '1901', 'component                                                                                           ', '4');
INSERT INTO word_search (word_search_id, document_id, index_word, nbr_occurrences)
VALUES ('1909', '1901', 'coolest                                                                                             ', '2');
INSERT INTO word_search (word_search_id, document_id, index_word, nbr_occurrences)
VALUES ('1910', '1901', 'architecture                                                    ', '2');
--  Data for word_search_ctgy
INSERT INTO word_search_ctgy (word_srch_ctgy_id, category_id, document_id)
VALUES ('1906', 'DDECATALOG                                        ', '1901');
--  Data for word_search_doc
INSERT INTO word_search_doc (document_id)
VALUES ('1901');
-- Data for project
INSERT INTO project (project_id, project_status_id, project_category_id, create_user, create_date, modify_user, modify_date)
VALUES ('961', '2', '7', '132456', '2010-05-21 07:26:30.0', '132456', '2010-05-21 07:26:30.0');
--  Data for project_info
INSERT INTO project_info (project_id, project_info_type_id, value, create_user, create_date, modify_user, modify_date)
VALUES ('961', '1', '1923', '132456', '2010-05-21 07:26:30.0', '132456', '2010-05-21 07:26:30.0');
INSERT INTO project_info (project_id, project_info_type_id, value, create_user, create_date, modify_user, modify_date)
VALUES ('961', '2', '1921', '132456', '2010-05-21 07:26:30.0', '132456', '2010-05-21 07:26:30.0');
INSERT INTO project_info (project_id, project_info_type_id, value, create_user, create_date, modify_user, modify_date)
VALUES ('961', '3', '1', '132456', '2010-05-21 07:26:30.0', '132456', '2010-05-21 07:26:30.0');
INSERT INTO project_info (project_id, project_info_type_id, value, create_user, create_date, modify_user, modify_date)
VALUES ('961', '4', '0', '132456', '2010-05-21 07:26:30.0', '132456', '2010-05-21 07:26:30.0');
INSERT INTO project_info (project_id, project_info_type_id, value, create_user, create_date, modify_user, modify_date)
VALUES ('961', '5', '5801779', '132456', '2010-05-21 07:26:30.0', '132456', '2010-05-21 07:26:30.0');
INSERT INTO project_info (project_id, project_info_type_id, value, create_user, create_date, modify_user, modify_date)
VALUES ('961', '6', 'Component 97', '132456', '2010-05-21 07:26:30.0', '132456', '2010-05-21 07:26:30.0');
INSERT INTO project_info (project_id, project_info_type_id, value, create_user, create_date, modify_user, modify_date)
VALUES ('961', '7', '1.0                 ', '132456', '2010-05-21 07:26:30.0', '132456', '2010-05-21 07:26:30.0');
INSERT INTO project_info (project_id, project_info_type_id, value, create_user, create_date, modify_user, modify_date)
VALUES ('961', '9', 'Off', '132456', '2010-05-21 07:26:30.0', '132456', '2010-05-21 07:26:30.0');
INSERT INTO project_info (project_id, project_info_type_id, value, create_user, create_date, modify_user, modify_date)
VALUES ('961', '10', 'On', '132456', '2010-05-21 07:26:30.0', '132456', '2010-05-21 07:26:30.0');
INSERT INTO project_info (project_id, project_info_type_id, value, create_user, create_date, modify_user, modify_date)
VALUES ('961', '11', 'On', '132456', '2010-05-21 07:26:30.0', '132456', '2010-05-21 07:26:30.0');
INSERT INTO project_info (project_id, project_info_type_id, value, create_user, create_date, modify_user, modify_date)
VALUES ('961', '12', 'Yes', '132456', '2010-05-21 07:26:30.0', '132456', '2010-05-21 07:26:30.0');
INSERT INTO project_info (project_id, project_info_type_id, value, create_user, create_date, modify_user, modify_date)
VALUES ('961', '13', 'Yes', '132456', '2010-05-21 07:26:30.0', '132456', '2010-05-21 07:26:30.0');
INSERT INTO project_info (project_id, project_info_type_id, value, create_user, create_date, modify_user, modify_date)
VALUES ('961', '14', 'Open', '132456', '2010-05-21 07:26:30.0', '132456', '2010-05-21 07:26:30.0');
INSERT INTO project_info (project_id, project_info_type_id, value, create_user, create_date, modify_user, modify_date)
VALUES ('961', '16', '0.0', '132456', '2010-05-21 07:26:30.0', '132456', '2010-05-21 07:26:30.0');
INSERT INTO project_info (project_id, project_info_type_id, value, create_user, create_date, modify_user, modify_date)
VALUES ('961', '26', 'On', '132456', '2010-05-21 07:26:30.0', '132456', '2010-05-21 07:26:30.0');
INSERT INTO project_info (project_id, project_info_type_id, value, create_user, create_date, modify_user, modify_date)
VALUES ('961', '29', 'On', '132456', '2010-05-21 07:26:30.0', '132456', '2010-05-21 07:26:30.0');
INSERT INTO project_info (project_id, project_info_type_id, value, create_user, create_date, modify_user, modify_date)
VALUES ('961', '41', 'true', '132456', '2010-05-21 07:26:30.0', '132456', '2010-05-21 07:26:30.0');
INSERT INTO project_info (project_id, project_info_type_id, value, create_user, create_date, modify_user, modify_date)
VALUES ('961', '43', 'true', '132456', '2010-05-21 07:26:30.0', '132456', '2010-05-21 07:26:30.0');
--  Data for project_phase
INSERT INTO project_phase (project_phase_id, project_id, phase_type_id, phase_status_id, fixed_start_time, scheduled_start_time, scheduled_end_time, actual_start_time, actual_end_time, duration, create_user, create_date, modify_user, modify_date)
VALUES ('961', '961', '1', '1', '2010-05-27 09:00:00.0', '2010-05-27 09:00:00.0', '2010-06-01 09:00:00.0', NULL, NULL, '259200000', '132456', '2010-05-21 07:26:30.0', '132456', '2010-05-21 07:26:30.0');
INSERT INTO project_phase (project_phase_id, project_id, phase_type_id, phase_status_id, fixed_start_time, scheduled_start_time, scheduled_end_time, actual_start_time, actual_end_time, duration, create_user, create_date, modify_user, modify_date)
VALUES ('962', '961', '2', '1', '2010-05-27 09:00:00.0', '2010-05-27 09:00:00.0', '2010-06-07 09:00:00.0', NULL, NULL, '604800000', '132456', '2010-05-21 07:26:30.0', '132456', '2010-05-21 07:26:30.0');
INSERT INTO project_phase (project_phase_id, project_id, phase_type_id, phase_status_id, fixed_start_time, scheduled_start_time, scheduled_end_time, actual_start_time, actual_end_time, duration, create_user, create_date, modify_user, modify_date)
VALUES ('963', '961', '3', '1', '2010-06-07 09:00:00.0', '2010-06-07 09:00:00.0', '2010-06-08 09:00:00.0', NULL, NULL, '86400000', '132456', '2010-05-21 07:26:30.0', '132456', '2010-05-21 07:26:30.0');
INSERT INTO project_phase (project_phase_id, project_id, phase_type_id, phase_status_id, fixed_start_time, scheduled_start_time, scheduled_end_time, actual_start_time, actual_end_time, duration, create_user, create_date, modify_user, modify_date)
VALUES ('964', '961', '4', '1', '2010-06-08 09:00:00.0', '2010-06-08 09:00:00.0', '2010-06-14 09:00:00.0', NULL, NULL, '345600000', '132456', '2010-05-21 07:26:30.0', '132456', '2010-05-21 07:26:30.0');
INSERT INTO project_phase (project_phase_id, project_id, phase_type_id, phase_status_id, fixed_start_time, scheduled_start_time, scheduled_end_time, actual_start_time, actual_end_time, duration, create_user, create_date, modify_user, modify_date)
VALUES ('965', '961', '5', '1', '2010-06-14 09:00:00.0', '2010-06-14 09:00:00.0', '2010-06-15 09:00:00.0', NULL, NULL, '86400000', '132456', '2010-05-21 07:26:30.0', '132456', '2010-05-21 07:26:30.0');
INSERT INTO project_phase (project_phase_id, project_id, phase_type_id, phase_status_id, fixed_start_time, scheduled_start_time, scheduled_end_time, actual_start_time, actual_end_time, duration, create_user, create_date, modify_user, modify_date)
VALUES ('966', '961', '6', '1', '2010-06-15 09:00:00.0', '2010-06-15 09:00:00.0', '2010-06-16 09:00:00.0', NULL, NULL, '86400000', '132456', '2010-05-21 07:26:30.0', '132456', '2010-05-21 07:26:30.0');
INSERT INTO project_phase (project_phase_id, project_id, phase_type_id, phase_status_id, fixed_start_time, scheduled_start_time, scheduled_end_time, actual_start_time, actual_end_time, duration, create_user, create_date, modify_user, modify_date)
VALUES ('967', '961', '7', '1', '2010-06-16 09:00:00.0', '2010-06-16 09:00:00.0', '2010-06-16 21:00:00.0', NULL, NULL, '43200000', '132456', '2010-05-21 07:26:30.0', '132456', '2010-05-21 07:26:30.0');
INSERT INTO project_phase (project_phase_id, project_id, phase_type_id, phase_status_id, fixed_start_time, scheduled_start_time, scheduled_end_time, actual_start_time, actual_end_time, duration, create_user, create_date, modify_user, modify_date)
VALUES ('968', '961', '8', '1', '2010-06-16 21:00:00.0', '2010-06-16 21:00:00.0', '2010-06-17 09:00:00.0', NULL, NULL, '43200000', '132456', '2010-05-21 07:26:30.0', '132456', '2010-05-21 07:26:30.0');
INSERT INTO project_phase (project_phase_id, project_id, phase_type_id, phase_status_id, fixed_start_time, scheduled_start_time, scheduled_end_time, actual_start_time, actual_end_time, duration, create_user, create_date, modify_user, modify_date)
VALUES ('969', '961', '9', '1', '2010-06-17 09:00:00.0', '2010-06-17 09:00:00.0', '2010-06-22 09:00:00.0', NULL, NULL, '259200000', '132456', '2010-05-21 07:26:30.0', '132456', '2010-05-21 07:26:30.0');
INSERT INTO project_phase (project_phase_id, project_id, phase_type_id, phase_status_id, fixed_start_time, scheduled_start_time, scheduled_end_time, actual_start_time, actual_end_time, duration, create_user, create_date, modify_user, modify_date)
VALUES ('970', '961', '10', '1', '2010-06-22 09:00:00.0', '2010-06-22 09:00:00.0', '2010-06-23 09:00:00.0', NULL, NULL, '86400000', '132456', '2010-05-21 07:26:30.0', '132456', '2010-05-21 07:26:30.0');
--  Data for comp_catalog
INSERT INTO comp_catalog (component_id, current_version, short_desc, component_name, description, function_desc, create_time, status_id, root_category_id, modify_date, public_ind)
VALUES ('1921', '1', 'Coolest component ever', 'Component 97', 'Coolest component ever', 'Component', '2010-05-21 07:20:14.48', '102', '5801779', '2010-05-21 07:23:44.0', '0');
--  Data for comp_versions
INSERT INTO comp_versions (comp_vers_id, component_id, version, version_text, create_time, phase_id, phase_time, price, comments, modify_date,
                           suspended_ind)
VALUES ('1923', '1921', '1', '1.0                 ', '2010-05-21 07:20:14.48', '112', '1976-05-04 00:00:00.0', '1000.00', 'Cool', '2010-05-21 07:27:01.0', '0');
--  Data for comp_categories
INSERT INTO comp_categories (comp_categories_id, component_id, category_id)
VALUES ('1925', '1921', '11');
--  Data for comp_keywords
INSERT INTO comp_keywords (comp_keywords_id, component_id, keyword)
VALUES ('1931', '1921', 'architecture');
--  Data for comp_technology
INSERT INTO comp_technology (comp_tech_id, comp_vers_id, technology_type_id)
VALUES ('1932', '1923', '1');
--  Data for comp_documentation
INSERT INTO comp_documentation (document_id, comp_vers_id, document_type_id, document_name, url)
VALUES ('1933', '1923', '0', 'Requirements Specification', '1921/1923/MQTTBroker_Requirements_Specification.pdf');
--  Data for comp_jive_category_xref
INSERT INTO comp_jive_category_xref (comp_vers_id, jive_category_id)
VALUES ('1923', '0');
--  Data for comp_version_dates
INSERT INTO comp_version_dates (comp_version_dates_id, comp_vers_id, phase_id, posting_date, initial_submission_date, winner_announced_date, final_submission_date,
                                estimated_dev_date, price, total_submissions, status_id, create_time, level_id, screening_complete_date, review_complete_date,
                                aggregation_complete_date, phase_complete_date, production_date, aggregation_complete_date_comment, phase_complete_date_comment,
                                review_complete_date_comment, winner_announced_date_comment, initial_submission_date_comment, screening_complete_date_comment,
                                final_submission_date_comment, production_date_comment, modify_date)
VALUES ('1934', '1923', '112', '1976-05-05', '2000-01-01', '2000-01-01', 
        '2000-01-01', '2000-01-01', NULL, '0', '301', '2010-05-21 07:27:01.0', '100', '2000-01-01',
        '2000-01-01', '2000-01-01', '2000-01-01', '2010-12-01', 
        NULL, NULL, NULL, NULL, NULL, NULL, NULL, '', '2010-05-21 07:27:01.0');
--  Data for phase_criteria
INSERT INTO phase_criteria (project_phase_id, phase_criteria_type_id, parameter, create_user, create_date, modify_user, modify_date)
VALUES ('961', '2', '0', '132456', '2010-05-21 07:26:30.0', '132456', '2010-05-21 07:26:30.0');
INSERT INTO phase_criteria (project_phase_id, phase_criteria_type_id, parameter, create_user, create_date, modify_user, modify_date)
VALUES ('961', '5', 'No', '132456', '2010-05-21 07:26:30.0', '132456', '2010-05-21 07:26:30.0');
INSERT INTO phase_criteria (project_phase_id, phase_criteria_type_id, parameter, create_user, create_date, modify_user, modify_date)
VALUES ('962', '3', '0', '132456', '2010-05-21 07:26:30.0', '132456', '2010-05-21 07:26:30.0');
INSERT INTO phase_criteria (project_phase_id, phase_criteria_type_id, parameter, create_user, create_date, modify_user, modify_date)
VALUES ('962', '5', 'No', '132456', '2010-05-21 07:26:30.0', '132456', '2010-05-21 07:26:30.0');
INSERT INTO phase_criteria (project_phase_id, phase_criteria_type_id, parameter, create_user, create_date, modify_user, modify_date)
VALUES ('963', '5', 'No', '132456', '2010-05-21 07:26:30.0', '132456', '2010-05-21 07:26:30.0');
INSERT INTO phase_criteria (project_phase_id, phase_criteria_type_id, parameter, create_user, create_date, modify_user, modify_date)
VALUES ('963', '1', '30000410', '132456', '2010-05-21 07:26:30.0', '132456', '2010-05-21 07:26:30.0');
INSERT INTO phase_criteria (project_phase_id, phase_criteria_type_id, parameter, create_user, create_date, modify_user, modify_date)
VALUES ('964', '5', 'No', '132456', '2010-05-21 07:26:30.0', '132456', '2010-05-21 07:26:30.0');
INSERT INTO phase_criteria (project_phase_id, phase_criteria_type_id, parameter, create_user, create_date, modify_user, modify_date)
VALUES ('964', '1', '30000411', '132456', '2010-05-21 07:26:30.0', '132456', '2010-05-21 07:26:30.0');
INSERT INTO phase_criteria (project_phase_id, phase_criteria_type_id, parameter, create_user, create_date, modify_user, modify_date)
VALUES ('964', '6', '3', '132456', '2010-05-21 07:26:30.0', '132456', '2010-05-21 07:26:30.0');
INSERT INTO phase_criteria (project_phase_id, phase_criteria_type_id, parameter, create_user, create_date, modify_user, modify_date)
VALUES ('965', '5', 'No', '132456', '2010-05-21 07:26:30.0', '132456', '2010-05-21 07:26:30.0');
INSERT INTO phase_criteria (project_phase_id, phase_criteria_type_id, parameter, create_user, create_date, modify_user, modify_date)
VALUES ('965', '4', 'No', '132456', '2010-05-21 07:26:30.0', '132456', '2010-05-21 07:26:30.0');
INSERT INTO phase_criteria (project_phase_id, phase_criteria_type_id, parameter, create_user, create_date, modify_user, modify_date)
VALUES ('966', '5', 'No', '132456', '2010-05-21 07:26:30.0', '132456', '2010-05-21 07:26:30.0');
INSERT INTO phase_criteria (project_phase_id, phase_criteria_type_id, parameter, create_user, create_date, modify_user, modify_date)
VALUES ('967', '5', 'No', '132456', '2010-05-21 07:26:30.0', '132456', '2010-05-21 07:26:30.0');
INSERT INTO phase_criteria (project_phase_id, phase_criteria_type_id, parameter, create_user, create_date, modify_user, modify_date)
VALUES ('968', '5', 'No', '132456', '2010-05-21 07:26:30.0', '132456', '2010-05-21 07:26:30.0');
INSERT INTO phase_criteria (project_phase_id, phase_criteria_type_id, parameter, create_user, create_date, modify_user, modify_date)
VALUES ('969', '5', 'No', '132456', '2010-05-21 07:26:30.0', '132456', '2010-05-21 07:26:30.0');
INSERT INTO phase_criteria (project_phase_id, phase_criteria_type_id, parameter, create_user, create_date, modify_user, modify_date)
VALUES ('970', '5', 'No', '132456', '2010-05-21 07:26:30.0', '132456', '2010-05-21 07:26:30.0');
--  Data for phase_dependency
INSERT INTO phase_dependency (dependency_phase_id, dependent_phase_id, dependency_start, dependent_start, lag_time, create_user, create_date, modify_user, modify_date)
VALUES ('961', '962', '1', '1', '0', '132456', '2010-05-21 07:26:30.0', '132456', '2010-05-21 07:26:30.0');
INSERT INTO phase_dependency (dependency_phase_id, dependent_phase_id, dependency_start, dependent_start, lag_time, create_user, create_date, modify_user, modify_date)
VALUES ('962', '963', '0', '1', '0', '132456', '2010-05-21 07:26:30.0', '132456', '2010-05-21 07:26:30.0');
INSERT INTO phase_dependency (dependency_phase_id, dependent_phase_id, dependency_start, dependent_start, lag_time, create_user, create_date, modify_user, modify_date)
VALUES ('963', '964', '0', '1', '0', '132456', '2010-05-21 07:26:30.0', '132456', '2010-05-21 07:26:30.0');
INSERT INTO phase_dependency (dependency_phase_id, dependent_phase_id, dependency_start, dependent_start, lag_time, create_user, create_date, modify_user, modify_date)
VALUES ('964', '965', '0', '1', '0', '132456', '2010-05-21 07:26:30.0', '132456', '2010-05-21 07:26:30.0');
INSERT INTO phase_dependency (dependency_phase_id, dependent_phase_id, dependency_start, dependent_start, lag_time, create_user, create_date, modify_user, modify_date)
VALUES ('965', '966', '0', '1', '0', '132456', '2010-05-21 07:26:30.0', '132456', '2010-05-21 07:26:30.0');
INSERT INTO phase_dependency (dependency_phase_id, dependent_phase_id, dependency_start, dependent_start, lag_time, create_user, create_date, modify_user, modify_date)
VALUES ('966', '967', '0', '1', '0', '132456', '2010-05-21 07:26:30.0', '132456', '2010-05-21 07:26:30.0');
INSERT INTO phase_dependency (dependency_phase_id, dependent_phase_id, dependency_start, dependent_start, lag_time, create_user, create_date, modify_user, modify_date)
VALUES ('967', '968', '0', '1', '0', '132456', '2010-05-21 07:26:30.0', '132456', '2010-05-21 07:26:30.0');
INSERT INTO phase_dependency (dependency_phase_id, dependent_phase_id, dependency_start, dependent_start, lag_time, create_user, create_date, modify_user, modify_date)
VALUES ('968', '969', '0', '1', '0', '132456', '2010-05-21 07:26:30.0', '132456', '2010-05-21 07:26:30.0');
INSERT INTO phase_dependency (dependency_phase_id, dependent_phase_id, dependency_start, dependent_start, lag_time, create_user, create_date, modify_user, modify_date)
VALUES ('969', '970', '0', '1', '0', '132456', '2010-05-21 07:26:30.0', '132456', '2010-05-21 07:26:30.0');
--  Data for resource
INSERT INTO resource (resource_id, resource_role_id, project_id, project_phase_id, create_user, create_date, modify_user, modify_date)
VALUES ('961', '13', '961', NULL, '132456', '2010-05-21 07:26:30.0', '132456', '2010-05-21 07:26:30.0');
--  Data for resource_info
INSERT INTO resource_info (resource_id, resource_info_type_id, value, create_user, create_date, modify_user, modify_date)
VALUES ('961', '1', '132456', '132456', '2010-05-21 07:26:30.0', '132456', '2010-05-21 07:26:30.0');
INSERT INTO resource_info (resource_id, resource_info_type_id, value, create_user, create_date, modify_user, modify_date)
VALUES ('961', '2', 'heffan', '132456', '2010-05-21 07:26:30.0', '132456', '2010-05-21 07:26:30.0');
--  Data for user_role
INSERT INTO user_role (user_role_id, comp_vers_id, role_id, login_id, description)
VALUES ('1924', '1923', '1', '132456', '');
--  Data for word_search
INSERT INTO word_search (word_search_id, document_id, index_word, nbr_occurrences)
VALUES ('1927', '1921', 'ever                                                                                                ', '2');
INSERT INTO word_search (word_search_id, document_id, index_word, nbr_occurrences)
VALUES ('1928', '1921', 'component                                                                                           ', '4');
INSERT INTO word_search (word_search_id, document_id, index_word, nbr_occurrences)
VALUES ('1929', '1921', 'coolest                                                                                             ', '2');
INSERT INTO word_search (word_search_id, document_id, index_word, nbr_occurrences)
VALUES ('1930', '1921', 'architecture                                                    ', '2');
--  Data for word_search_ctgy
INSERT INTO word_search_ctgy (word_srch_ctgy_id, category_id, document_id)
VALUES ('1926', 'DDECATALOG                                        ', '1921');
--  Data for word_search_doc
INSERT INTO word_search_doc (document_id)
VALUES ('1921');
-- Data for project
INSERT INTO project (project_id, project_status_id, project_category_id, create_user, create_date, modify_user, modify_date)
VALUES ('971', '2', '14', '132458', '2010-05-21 07:26:30.0', '132458', '2010-05-21 07:26:30.0');
--  Data for project_info
INSERT INTO project_info (project_id, project_info_type_id, value, create_user, create_date, modify_user, modify_date)
VALUES ('971', '1', '1943', '132458', '2010-05-21 07:26:30.0', '132458', '2010-05-21 07:26:30.0');
INSERT INTO project_info (project_id, project_info_type_id, value, create_user, create_date, modify_user, modify_date)
VALUES ('971', '2', '1941', '132458', '2010-05-21 07:26:30.0', '132458', '2010-05-21 07:26:30.0');
INSERT INTO project_info (project_id, project_info_type_id, value, create_user, create_date, modify_user, modify_date)
VALUES ('971', '3', '1', '132458', '2010-05-21 07:26:30.0', '132458', '2010-05-21 07:26:30.0');
INSERT INTO project_info (project_id, project_info_type_id, value, create_user, create_date, modify_user, modify_date)
VALUES ('971', '4', '0', '132458', '2010-05-21 07:26:30.0', '132458', '2010-05-21 07:26:30.0');
INSERT INTO project_info (project_id, project_info_type_id, value, create_user, create_date, modify_user, modify_date)
VALUES ('971', '5', '5801776', '132458', '2010-05-21 07:26:30.0', '132458', '2010-05-21 07:26:30.0');
INSERT INTO project_info (project_id, project_info_type_id, value, create_user, create_date, modify_user, modify_date)
VALUES ('971', '6', 'Component 98', '132458', '2010-05-21 07:26:30.0', '132458', '2010-05-21 07:26:30.0');
INSERT INTO project_info (project_id, project_info_type_id, value, create_user, create_date, modify_user, modify_date)
VALUES ('971', '7', '1.0                 ', '132458', '2010-05-21 07:26:30.0', '132458', '2010-05-21 07:26:30.0');
INSERT INTO project_info (project_id, project_info_type_id, value, create_user, create_date, modify_user, modify_date)
VALUES ('971', '9', 'Off', '132458', '2010-05-21 07:26:30.0', '132458', '2010-05-21 07:26:30.0');
INSERT INTO project_info (project_id, project_info_type_id, value, create_user, create_date, modify_user, modify_date)
VALUES ('971', '10', 'On', '132458', '2010-05-21 07:26:30.0', '132458', '2010-05-21 07:26:30.0');
INSERT INTO project_info (project_id, project_info_type_id, value, create_user, create_date, modify_user, modify_date)
VALUES ('971', '11', 'On', '132458', '2010-05-21 07:26:30.0', '132458', '2010-05-21 07:26:30.0');
INSERT INTO project_info (project_id, project_info_type_id, value, create_user, create_date, modify_user, modify_date)
VALUES ('971', '12', 'Yes', '132458', '2010-05-21 07:26:30.0', '132458', '2010-05-21 07:26:30.0');
INSERT INTO project_info (project_id, project_info_type_id, value, create_user, create_date, modify_user, modify_date)
VALUES ('971', '13', 'Yes', '132458', '2010-05-21 07:26:30.0', '132458', '2010-05-21 07:26:30.0');
INSERT INTO project_info (project_id, project_info_type_id, value, create_user, create_date, modify_user, modify_date)
VALUES ('971', '14', 'Open', '132458', '2010-05-21 07:26:30.0', '132458', '2010-05-21 07:26:30.0');
INSERT INTO project_info (project_id, project_info_type_id, value, create_user, create_date, modify_user, modify_date)
VALUES ('971', '16', '0.0', '132458', '2010-05-21 07:26:30.0', '132458', '2010-05-21 07:26:30.0');
INSERT INTO project_info (project_id, project_info_type_id, value, create_user, create_date, modify_user, modify_date)
VALUES ('971', '26', 'On', '132458', '2010-05-21 07:26:30.0', '132458', '2010-05-21 07:26:30.0');
INSERT INTO project_info (project_id, project_info_type_id, value, create_user, create_date, modify_user, modify_date)
VALUES ('971', '29', 'On', '132458', '2010-05-21 07:26:30.0', '132458', '2010-05-21 07:26:30.0');
INSERT INTO project_info (project_id, project_info_type_id, value, create_user, create_date, modify_user, modify_date)
VALUES ('971', '41', 'true', '132458', '2010-05-21 07:26:30.0', '132458', '2010-05-21 07:26:30.0');
INSERT INTO project_info (project_id, project_info_type_id, value, create_user, create_date, modify_user, modify_date)
VALUES ('971', '43', 'true', '132458', '2010-05-21 07:26:30.0', '132458', '2010-05-21 07:26:30.0');
--  Data for project_phase
INSERT INTO project_phase (project_phase_id, project_id, phase_type_id, phase_status_id, fixed_start_time, scheduled_start_time, scheduled_end_time, actual_start_time, actual_end_time, duration, create_user, create_date, modify_user, modify_date)
VALUES ('971', '971', '1', '1', '2010-05-27 09:00:00.0', '2010-05-27 09:00:00.0', '2010-06-01 09:00:00.0', NULL, NULL, '259200000', '132458', '2010-05-21 07:26:30.0', '132458', '2010-05-21 07:26:30.0');
INSERT INTO project_phase (project_phase_id, project_id, phase_type_id, phase_status_id, fixed_start_time, scheduled_start_time, scheduled_end_time, actual_start_time, actual_end_time, duration, create_user, create_date, modify_user, modify_date)
VALUES ('972', '971', '2', '1', '2010-05-27 09:00:00.0', '2010-05-27 09:00:00.0', '2010-06-07 09:00:00.0', NULL, NULL, '604800000', '132458', '2010-05-21 07:26:30.0', '132458', '2010-05-21 07:26:30.0');
INSERT INTO project_phase (project_phase_id, project_id, phase_type_id, phase_status_id, fixed_start_time, scheduled_start_time, scheduled_end_time, actual_start_time, actual_end_time, duration, create_user, create_date, modify_user, modify_date)
VALUES ('973', '971', '3', '1', '2010-06-07 09:00:00.0', '2010-06-07 09:00:00.0', '2010-06-08 09:00:00.0', NULL, NULL, '86400000', '132458', '2010-05-21 07:26:30.0', '132458', '2010-05-21 07:26:30.0');
INSERT INTO project_phase (project_phase_id, project_id, phase_type_id, phase_status_id, fixed_start_time, scheduled_start_time, scheduled_end_time, actual_start_time, actual_end_time, duration, create_user, create_date, modify_user, modify_date)
VALUES ('974', '971', '4', '1', '2010-06-08 09:00:00.0', '2010-06-08 09:00:00.0', '2010-06-14 09:00:00.0', NULL, NULL, '345600000', '132458', '2010-05-21 07:26:30.0', '132458', '2010-05-21 07:26:30.0');
INSERT INTO project_phase (project_phase_id, project_id, phase_type_id, phase_status_id, fixed_start_time, scheduled_start_time, scheduled_end_time, actual_start_time, actual_end_time, duration, create_user, create_date, modify_user, modify_date)
VALUES ('975', '971', '5', '1', '2010-06-14 09:00:00.0', '2010-06-14 09:00:00.0', '2010-06-15 09:00:00.0', NULL, NULL, '86400000', '132458', '2010-05-21 07:26:30.0', '132458', '2010-05-21 07:26:30.0');
INSERT INTO project_phase (project_phase_id, project_id, phase_type_id, phase_status_id, fixed_start_time, scheduled_start_time, scheduled_end_time, actual_start_time, actual_end_time, duration, create_user, create_date, modify_user, modify_date)
VALUES ('976', '971', '6', '1', '2010-06-15 09:00:00.0', '2010-06-15 09:00:00.0', '2010-06-16 09:00:00.0', NULL, NULL, '86400000', '132458', '2010-05-21 07:26:30.0', '132458', '2010-05-21 07:26:30.0');
INSERT INTO project_phase (project_phase_id, project_id, phase_type_id, phase_status_id, fixed_start_time, scheduled_start_time, scheduled_end_time, actual_start_time, actual_end_time, duration, create_user, create_date, modify_user, modify_date)
VALUES ('977', '971', '7', '1', '2010-06-16 09:00:00.0', '2010-06-16 09:00:00.0', '2010-06-16 21:00:00.0', NULL, NULL, '43200000', '132458', '2010-05-21 07:26:30.0', '132458', '2010-05-21 07:26:30.0');
INSERT INTO project_phase (project_phase_id, project_id, phase_type_id, phase_status_id, fixed_start_time, scheduled_start_time, scheduled_end_time, actual_start_time, actual_end_time, duration, create_user, create_date, modify_user, modify_date)
VALUES ('978', '971', '8', '1', '2010-06-16 21:00:00.0', '2010-06-16 21:00:00.0', '2010-06-17 09:00:00.0', NULL, NULL, '43200000', '132458', '2010-05-21 07:26:30.0', '132458', '2010-05-21 07:26:30.0');
INSERT INTO project_phase (project_phase_id, project_id, phase_type_id, phase_status_id, fixed_start_time, scheduled_start_time, scheduled_end_time, actual_start_time, actual_end_time, duration, create_user, create_date, modify_user, modify_date)
VALUES ('979', '971', '9', '1', '2010-06-17 09:00:00.0', '2010-06-17 09:00:00.0', '2010-06-22 09:00:00.0', NULL, NULL, '259200000', '132458', '2010-05-21 07:26:30.0', '132458', '2010-05-21 07:26:30.0');
INSERT INTO project_phase (project_phase_id, project_id, phase_type_id, phase_status_id, fixed_start_time, scheduled_start_time, scheduled_end_time, actual_start_time, actual_end_time, duration, create_user, create_date, modify_user, modify_date)
VALUES ('980', '971', '10', '1', '2010-06-22 09:00:00.0', '2010-06-22 09:00:00.0', '2010-06-23 09:00:00.0', NULL, NULL, '86400000', '132458', '2010-05-21 07:26:30.0', '132458', '2010-05-21 07:26:30.0');
--  Data for comp_catalog
INSERT INTO comp_catalog (component_id, current_version, short_desc, component_name, description, function_desc, create_time, status_id, root_category_id, modify_date, public_ind)
VALUES ('1941', '1', 'Coolest component ever', 'Component 98', 'Coolest component ever', 'Component', '2010-05-21 07:20:14.48', '102', '5801776', '2010-05-21 07:23:44.0', '0');
--  Data for comp_versions
INSERT INTO comp_versions (comp_vers_id, component_id, version, version_text, create_time, phase_id, phase_time, price, comments, modify_date,
                           suspended_ind)
VALUES ('1943', '1941', '1', '1.0                 ', '2010-05-21 07:20:14.48', '112', '1976-05-04 00:00:00.0', '1000.00', 'Cool', '2010-05-21 07:27:01.0', '0');
--  Data for comp_categories
INSERT INTO comp_categories (comp_categories_id, component_id, category_id)
VALUES ('1945', '1941', '11');
--  Data for comp_keywords
INSERT INTO comp_keywords (comp_keywords_id, component_id, keyword)
VALUES ('1951', '1941', 'assembly');
--  Data for comp_technology
INSERT INTO comp_technology (comp_tech_id, comp_vers_id, technology_type_id)
VALUES ('1952', '1943', '1');
--  Data for comp_documentation
INSERT INTO comp_documentation (document_id, comp_vers_id, document_type_id, document_name, url)
VALUES ('1953', '1943', '0', 'Requirements Specification', '1941/1943/MQTTBroker_Requirements_Specification.pdf');
--  Data for comp_jive_category_xref
INSERT INTO comp_jive_category_xref (comp_vers_id, jive_category_id)
VALUES ('1943', '0');
--  Data for comp_version_dates
INSERT INTO comp_version_dates (comp_version_dates_id, comp_vers_id, phase_id, posting_date, initial_submission_date, winner_announced_date, final_submission_date,
                                estimated_dev_date, price, total_submissions, status_id, create_time, level_id, screening_complete_date, review_complete_date,
                                aggregation_complete_date, phase_complete_date, production_date, aggregation_complete_date_comment, phase_complete_date_comment,
                                review_complete_date_comment, winner_announced_date_comment, initial_submission_date_comment, screening_complete_date_comment,
                                final_submission_date_comment, production_date_comment, modify_date)
VALUES ('1954', '1943', '112', '1976-05-05', '2000-01-01', '2000-01-01', 
        '2000-01-01', '2000-01-01', NULL, '0', '301', '2010-05-21 07:27:01.0', '100', '2000-01-01',
        '2000-01-01', '2000-01-01', '2000-01-01', '2010-12-01', 
        NULL, NULL, NULL, NULL, NULL, NULL, NULL, '', '2010-05-21 07:27:01.0');
--  Data for phase_criteria
INSERT INTO phase_criteria (project_phase_id, phase_criteria_type_id, parameter, create_user, create_date, modify_user, modify_date)
VALUES ('971', '2', '0', '132458', '2010-05-21 07:26:30.0', '132458', '2010-05-21 07:26:30.0');
INSERT INTO phase_criteria (project_phase_id, phase_criteria_type_id, parameter, create_user, create_date, modify_user, modify_date)
VALUES ('971', '5', 'No', '132458', '2010-05-21 07:26:30.0', '132458', '2010-05-21 07:26:30.0');
INSERT INTO phase_criteria (project_phase_id, phase_criteria_type_id, parameter, create_user, create_date, modify_user, modify_date)
VALUES ('972', '3', '0', '132458', '2010-05-21 07:26:30.0', '132458', '2010-05-21 07:26:30.0');
INSERT INTO phase_criteria (project_phase_id, phase_criteria_type_id, parameter, create_user, create_date, modify_user, modify_date)
VALUES ('972', '5', 'No', '132458', '2010-05-21 07:26:30.0', '132458', '2010-05-21 07:26:30.0');
INSERT INTO phase_criteria (project_phase_id, phase_criteria_type_id, parameter, create_user, create_date, modify_user, modify_date)
VALUES ('973', '5', 'No', '132458', '2010-05-21 07:26:30.0', '132458', '2010-05-21 07:26:30.0');
INSERT INTO phase_criteria (project_phase_id, phase_criteria_type_id, parameter, create_user, create_date, modify_user, modify_date)
VALUES ('973', '1', '30000410', '132458', '2010-05-21 07:26:30.0', '132458', '2010-05-21 07:26:30.0');
INSERT INTO phase_criteria (project_phase_id, phase_criteria_type_id, parameter, create_user, create_date, modify_user, modify_date)
VALUES ('974', '5', 'No', '132458', '2010-05-21 07:26:30.0', '132458', '2010-05-21 07:26:30.0');
INSERT INTO phase_criteria (project_phase_id, phase_criteria_type_id, parameter, create_user, create_date, modify_user, modify_date)
VALUES ('974', '1', '30000411', '132458', '2010-05-21 07:26:30.0', '132458', '2010-05-21 07:26:30.0');
INSERT INTO phase_criteria (project_phase_id, phase_criteria_type_id, parameter, create_user, create_date, modify_user, modify_date)
VALUES ('974', '6', '3', '132458', '2010-05-21 07:26:30.0', '132458', '2010-05-21 07:26:30.0');
INSERT INTO phase_criteria (project_phase_id, phase_criteria_type_id, parameter, create_user, create_date, modify_user, modify_date)
VALUES ('975', '5', 'No', '132458', '2010-05-21 07:26:30.0', '132458', '2010-05-21 07:26:30.0');
INSERT INTO phase_criteria (project_phase_id, phase_criteria_type_id, parameter, create_user, create_date, modify_user, modify_date)
VALUES ('975', '4', 'No', '132458', '2010-05-21 07:26:30.0', '132458', '2010-05-21 07:26:30.0');
INSERT INTO phase_criteria (project_phase_id, phase_criteria_type_id, parameter, create_user, create_date, modify_user, modify_date)
VALUES ('976', '5', 'No', '132458', '2010-05-21 07:26:30.0', '132458', '2010-05-21 07:26:30.0');
INSERT INTO phase_criteria (project_phase_id, phase_criteria_type_id, parameter, create_user, create_date, modify_user, modify_date)
VALUES ('977', '5', 'No', '132458', '2010-05-21 07:26:30.0', '132458', '2010-05-21 07:26:30.0');
INSERT INTO phase_criteria (project_phase_id, phase_criteria_type_id, parameter, create_user, create_date, modify_user, modify_date)
VALUES ('978', '5', 'No', '132458', '2010-05-21 07:26:30.0', '132458', '2010-05-21 07:26:30.0');
INSERT INTO phase_criteria (project_phase_id, phase_criteria_type_id, parameter, create_user, create_date, modify_user, modify_date)
VALUES ('979', '5', 'No', '132458', '2010-05-21 07:26:30.0', '132458', '2010-05-21 07:26:30.0');
INSERT INTO phase_criteria (project_phase_id, phase_criteria_type_id, parameter, create_user, create_date, modify_user, modify_date)
VALUES ('980', '5', 'No', '132458', '2010-05-21 07:26:30.0', '132458', '2010-05-21 07:26:30.0');
--  Data for phase_dependency
INSERT INTO phase_dependency (dependency_phase_id, dependent_phase_id, dependency_start, dependent_start, lag_time, create_user, create_date, modify_user, modify_date)
VALUES ('971', '972', '1', '1', '0', '132458', '2010-05-21 07:26:30.0', '132458', '2010-05-21 07:26:30.0');
INSERT INTO phase_dependency (dependency_phase_id, dependent_phase_id, dependency_start, dependent_start, lag_time, create_user, create_date, modify_user, modify_date)
VALUES ('972', '973', '0', '1', '0', '132458', '2010-05-21 07:26:30.0', '132458', '2010-05-21 07:26:30.0');
INSERT INTO phase_dependency (dependency_phase_id, dependent_phase_id, dependency_start, dependent_start, lag_time, create_user, create_date, modify_user, modify_date)
VALUES ('973', '974', '0', '1', '0', '132458', '2010-05-21 07:26:30.0', '132458', '2010-05-21 07:26:30.0');
INSERT INTO phase_dependency (dependency_phase_id, dependent_phase_id, dependency_start, dependent_start, lag_time, create_user, create_date, modify_user, modify_date)
VALUES ('974', '975', '0', '1', '0', '132458', '2010-05-21 07:26:30.0', '132458', '2010-05-21 07:26:30.0');
INSERT INTO phase_dependency (dependency_phase_id, dependent_phase_id, dependency_start, dependent_start, lag_time, create_user, create_date, modify_user, modify_date)
VALUES ('975', '976', '0', '1', '0', '132458', '2010-05-21 07:26:30.0', '132458', '2010-05-21 07:26:30.0');
INSERT INTO phase_dependency (dependency_phase_id, dependent_phase_id, dependency_start, dependent_start, lag_time, create_user, create_date, modify_user, modify_date)
VALUES ('976', '977', '0', '1', '0', '132458', '2010-05-21 07:26:30.0', '132458', '2010-05-21 07:26:30.0');
INSERT INTO phase_dependency (dependency_phase_id, dependent_phase_id, dependency_start, dependent_start, lag_time, create_user, create_date, modify_user, modify_date)
VALUES ('977', '978', '0', '1', '0', '132458', '2010-05-21 07:26:30.0', '132458', '2010-05-21 07:26:30.0');
INSERT INTO phase_dependency (dependency_phase_id, dependent_phase_id, dependency_start, dependent_start, lag_time, create_user, create_date, modify_user, modify_date)
VALUES ('978', '979', '0', '1', '0', '132458', '2010-05-21 07:26:30.0', '132458', '2010-05-21 07:26:30.0');
INSERT INTO phase_dependency (dependency_phase_id, dependent_phase_id, dependency_start, dependent_start, lag_time, create_user, create_date, modify_user, modify_date)
VALUES ('979', '980', '0', '1', '0', '132458', '2010-05-21 07:26:30.0', '132458', '2010-05-21 07:26:30.0');
--  Data for resource
INSERT INTO resource (resource_id, resource_role_id, project_id, project_phase_id, create_user, create_date, modify_user, modify_date)
VALUES ('971', '13', '971', NULL, '132458', '2010-05-21 07:26:30.0', '132458', '2010-05-21 07:26:30.0');
--  Data for resource_info
INSERT INTO resource_info (resource_id, resource_info_type_id, value, create_user, create_date, modify_user, modify_date)
VALUES ('971', '1', '132458', '132458', '2010-05-21 07:26:30.0', '132458', '2010-05-21 07:26:30.0');
INSERT INTO resource_info (resource_id, resource_info_type_id, value, create_user, create_date, modify_user, modify_date)
VALUES ('971', '2', 'user', '132458', '2010-05-21 07:26:30.0', '132458', '2010-05-21 07:26:30.0');
--  Data for user_role
INSERT INTO user_role (user_role_id, comp_vers_id, role_id, login_id, description)
VALUES ('1944', '1943', '1', '132458', '');
--  Data for word_search
INSERT INTO word_search (word_search_id, document_id, index_word, nbr_occurrences)
VALUES ('1947', '1941', 'ever                                                                                                ', '2');
INSERT INTO word_search (word_search_id, document_id, index_word, nbr_occurrences)
VALUES ('1948', '1941', 'component                                                                                           ', '4');
INSERT INTO word_search (word_search_id, document_id, index_word, nbr_occurrences)
VALUES ('1949', '1941', 'coolest                                                                                             ', '2');
INSERT INTO word_search (word_search_id, document_id, index_word, nbr_occurrences)
VALUES ('1950', '1941', 'assembly                                                    ', '2');
--  Data for word_search_ctgy
INSERT INTO word_search_ctgy (word_srch_ctgy_id, category_id, document_id)
VALUES ('1946', 'DDECATALOG                                        ', '1941');
--  Data for word_search_doc
INSERT INTO word_search_doc (document_id)
VALUES ('1941');
-- Data for project
INSERT INTO project (project_id, project_status_id, project_category_id, create_user, create_date, modify_user, modify_date)
VALUES ('981', '2', '14', '132456', '2010-05-21 07:26:30.0', '132456', '2010-05-21 07:26:30.0');
--  Data for project_info
INSERT INTO project_info (project_id, project_info_type_id, value, create_user, create_date, modify_user, modify_date)
VALUES ('981', '1', '1963', '132456', '2010-05-21 07:26:30.0', '132456', '2010-05-21 07:26:30.0');
INSERT INTO project_info (project_id, project_info_type_id, value, create_user, create_date, modify_user, modify_date)
VALUES ('981', '2', '1961', '132456', '2010-05-21 07:26:30.0', '132456', '2010-05-21 07:26:30.0');
INSERT INTO project_info (project_id, project_info_type_id, value, create_user, create_date, modify_user, modify_date)
VALUES ('981', '3', '1', '132456', '2010-05-21 07:26:30.0', '132456', '2010-05-21 07:26:30.0');
INSERT INTO project_info (project_id, project_info_type_id, value, create_user, create_date, modify_user, modify_date)
VALUES ('981', '4', '0', '132456', '2010-05-21 07:26:30.0', '132456', '2010-05-21 07:26:30.0');
INSERT INTO project_info (project_id, project_info_type_id, value, create_user, create_date, modify_user, modify_date)
VALUES ('981', '5', '5801778', '132456', '2010-05-21 07:26:30.0', '132456', '2010-05-21 07:26:30.0');
INSERT INTO project_info (project_id, project_info_type_id, value, create_user, create_date, modify_user, modify_date)
VALUES ('981', '6', 'Component 99', '132456', '2010-05-21 07:26:30.0', '132456', '2010-05-21 07:26:30.0');
INSERT INTO project_info (project_id, project_info_type_id, value, create_user, create_date, modify_user, modify_date)
VALUES ('981', '7', '1.0                 ', '132456', '2010-05-21 07:26:30.0', '132456', '2010-05-21 07:26:30.0');
INSERT INTO project_info (project_id, project_info_type_id, value, create_user, create_date, modify_user, modify_date)
VALUES ('981', '9', 'Off', '132456', '2010-05-21 07:26:30.0', '132456', '2010-05-21 07:26:30.0');
INSERT INTO project_info (project_id, project_info_type_id, value, create_user, create_date, modify_user, modify_date)
VALUES ('981', '10', 'On', '132456', '2010-05-21 07:26:30.0', '132456', '2010-05-21 07:26:30.0');
INSERT INTO project_info (project_id, project_info_type_id, value, create_user, create_date, modify_user, modify_date)
VALUES ('981', '11', 'On', '132456', '2010-05-21 07:26:30.0', '132456', '2010-05-21 07:26:30.0');
INSERT INTO project_info (project_id, project_info_type_id, value, create_user, create_date, modify_user, modify_date)
VALUES ('981', '12', 'Yes', '132456', '2010-05-21 07:26:30.0', '132456', '2010-05-21 07:26:30.0');
INSERT INTO project_info (project_id, project_info_type_id, value, create_user, create_date, modify_user, modify_date)
VALUES ('981', '13', 'Yes', '132456', '2010-05-21 07:26:30.0', '132456', '2010-05-21 07:26:30.0');
INSERT INTO project_info (project_id, project_info_type_id, value, create_user, create_date, modify_user, modify_date)
VALUES ('981', '14', 'Open', '132456', '2010-05-21 07:26:30.0', '132456', '2010-05-21 07:26:30.0');
INSERT INTO project_info (project_id, project_info_type_id, value, create_user, create_date, modify_user, modify_date)
VALUES ('981', '16', '0.0', '132456', '2010-05-21 07:26:30.0', '132456', '2010-05-21 07:26:30.0');
INSERT INTO project_info (project_id, project_info_type_id, value, create_user, create_date, modify_user, modify_date)
VALUES ('981', '26', 'On', '132456', '2010-05-21 07:26:30.0', '132456', '2010-05-21 07:26:30.0');
INSERT INTO project_info (project_id, project_info_type_id, value, create_user, create_date, modify_user, modify_date)
VALUES ('981', '29', 'On', '132456', '2010-05-21 07:26:30.0', '132456', '2010-05-21 07:26:30.0');
INSERT INTO project_info (project_id, project_info_type_id, value, create_user, create_date, modify_user, modify_date)
VALUES ('981', '41', 'true', '132456', '2010-05-21 07:26:30.0', '132456', '2010-05-21 07:26:30.0');
INSERT INTO project_info (project_id, project_info_type_id, value, create_user, create_date, modify_user, modify_date)
VALUES ('981', '43', 'true', '132456', '2010-05-21 07:26:30.0', '132456', '2010-05-21 07:26:30.0');
--  Data for project_phase
INSERT INTO project_phase (project_phase_id, project_id, phase_type_id, phase_status_id, fixed_start_time, scheduled_start_time, scheduled_end_time, actual_start_time, actual_end_time, duration, create_user, create_date, modify_user, modify_date)
VALUES ('981', '981', '1', '1', '2010-05-27 09:00:00.0', '2010-05-27 09:00:00.0', '2010-06-01 09:00:00.0', NULL, NULL, '259200000', '132456', '2010-05-21 07:26:30.0', '132456', '2010-05-21 07:26:30.0');
INSERT INTO project_phase (project_phase_id, project_id, phase_type_id, phase_status_id, fixed_start_time, scheduled_start_time, scheduled_end_time, actual_start_time, actual_end_time, duration, create_user, create_date, modify_user, modify_date)
VALUES ('982', '981', '2', '1', '2010-05-27 09:00:00.0', '2010-05-27 09:00:00.0', '2010-06-07 09:00:00.0', NULL, NULL, '604800000', '132456', '2010-05-21 07:26:30.0', '132456', '2010-05-21 07:26:30.0');
INSERT INTO project_phase (project_phase_id, project_id, phase_type_id, phase_status_id, fixed_start_time, scheduled_start_time, scheduled_end_time, actual_start_time, actual_end_time, duration, create_user, create_date, modify_user, modify_date)
VALUES ('983', '981', '3', '1', '2010-06-07 09:00:00.0', '2010-06-07 09:00:00.0', '2010-06-08 09:00:00.0', NULL, NULL, '86400000', '132456', '2010-05-21 07:26:30.0', '132456', '2010-05-21 07:26:30.0');
INSERT INTO project_phase (project_phase_id, project_id, phase_type_id, phase_status_id, fixed_start_time, scheduled_start_time, scheduled_end_time, actual_start_time, actual_end_time, duration, create_user, create_date, modify_user, modify_date)
VALUES ('984', '981', '4', '1', '2010-06-08 09:00:00.0', '2010-06-08 09:00:00.0', '2010-06-14 09:00:00.0', NULL, NULL, '345600000', '132456', '2010-05-21 07:26:30.0', '132456', '2010-05-21 07:26:30.0');
INSERT INTO project_phase (project_phase_id, project_id, phase_type_id, phase_status_id, fixed_start_time, scheduled_start_time, scheduled_end_time, actual_start_time, actual_end_time, duration, create_user, create_date, modify_user, modify_date)
VALUES ('985', '981', '5', '1', '2010-06-14 09:00:00.0', '2010-06-14 09:00:00.0', '2010-06-15 09:00:00.0', NULL, NULL, '86400000', '132456', '2010-05-21 07:26:30.0', '132456', '2010-05-21 07:26:30.0');
INSERT INTO project_phase (project_phase_id, project_id, phase_type_id, phase_status_id, fixed_start_time, scheduled_start_time, scheduled_end_time, actual_start_time, actual_end_time, duration, create_user, create_date, modify_user, modify_date)
VALUES ('986', '981', '6', '1', '2010-06-15 09:00:00.0', '2010-06-15 09:00:00.0', '2010-06-16 09:00:00.0', NULL, NULL, '86400000', '132456', '2010-05-21 07:26:30.0', '132456', '2010-05-21 07:26:30.0');
INSERT INTO project_phase (project_phase_id, project_id, phase_type_id, phase_status_id, fixed_start_time, scheduled_start_time, scheduled_end_time, actual_start_time, actual_end_time, duration, create_user, create_date, modify_user, modify_date)
VALUES ('987', '981', '7', '1', '2010-06-16 09:00:00.0', '2010-06-16 09:00:00.0', '2010-06-16 21:00:00.0', NULL, NULL, '43200000', '132456', '2010-05-21 07:26:30.0', '132456', '2010-05-21 07:26:30.0');
INSERT INTO project_phase (project_phase_id, project_id, phase_type_id, phase_status_id, fixed_start_time, scheduled_start_time, scheduled_end_time, actual_start_time, actual_end_time, duration, create_user, create_date, modify_user, modify_date)
VALUES ('988', '981', '8', '1', '2010-06-16 21:00:00.0', '2010-06-16 21:00:00.0', '2010-06-17 09:00:00.0', NULL, NULL, '43200000', '132456', '2010-05-21 07:26:30.0', '132456', '2010-05-21 07:26:30.0');
INSERT INTO project_phase (project_phase_id, project_id, phase_type_id, phase_status_id, fixed_start_time, scheduled_start_time, scheduled_end_time, actual_start_time, actual_end_time, duration, create_user, create_date, modify_user, modify_date)
VALUES ('989', '981', '9', '1', '2010-06-17 09:00:00.0', '2010-06-17 09:00:00.0', '2010-06-22 09:00:00.0', NULL, NULL, '259200000', '132456', '2010-05-21 07:26:30.0', '132456', '2010-05-21 07:26:30.0');
INSERT INTO project_phase (project_phase_id, project_id, phase_type_id, phase_status_id, fixed_start_time, scheduled_start_time, scheduled_end_time, actual_start_time, actual_end_time, duration, create_user, create_date, modify_user, modify_date)
VALUES ('990', '981', '10', '1', '2010-06-22 09:00:00.0', '2010-06-22 09:00:00.0', '2010-06-23 09:00:00.0', NULL, NULL, '86400000', '132456', '2010-05-21 07:26:30.0', '132456', '2010-05-21 07:26:30.0');
--  Data for comp_catalog
INSERT INTO comp_catalog (component_id, current_version, short_desc, component_name, description, function_desc, create_time, status_id, root_category_id, modify_date, public_ind)
VALUES ('1961', '1', 'Coolest component ever', 'Component 99', 'Coolest component ever', 'Component', '2010-05-21 07:20:14.48', '102', '5801778', '2010-05-21 07:23:44.0', '0');
--  Data for comp_versions
INSERT INTO comp_versions (comp_vers_id, component_id, version, version_text, create_time, phase_id, phase_time, price, comments, modify_date,
                           suspended_ind)
VALUES ('1963', '1961', '1', '1.0                 ', '2010-05-21 07:20:14.48', '112', '1976-05-04 00:00:00.0', '1000.00', 'Cool', '2010-05-21 07:27:01.0', '0');
--  Data for comp_categories
INSERT INTO comp_categories (comp_categories_id, component_id, category_id)
VALUES ('1965', '1961', '11');
--  Data for comp_keywords
INSERT INTO comp_keywords (comp_keywords_id, component_id, keyword)
VALUES ('1971', '1961', 'assembly');
--  Data for comp_technology
INSERT INTO comp_technology (comp_tech_id, comp_vers_id, technology_type_id)
VALUES ('1972', '1963', '1');
--  Data for comp_documentation
INSERT INTO comp_documentation (document_id, comp_vers_id, document_type_id, document_name, url)
VALUES ('1973', '1963', '0', 'Requirements Specification', '1961/1963/MQTTBroker_Requirements_Specification.pdf');
--  Data for comp_jive_category_xref
INSERT INTO comp_jive_category_xref (comp_vers_id, jive_category_id)
VALUES ('1963', '0');
--  Data for comp_version_dates
INSERT INTO comp_version_dates (comp_version_dates_id, comp_vers_id, phase_id, posting_date, initial_submission_date, winner_announced_date, final_submission_date,
                                estimated_dev_date, price, total_submissions, status_id, create_time, level_id, screening_complete_date, review_complete_date,
                                aggregation_complete_date, phase_complete_date, production_date, aggregation_complete_date_comment, phase_complete_date_comment,
                                review_complete_date_comment, winner_announced_date_comment, initial_submission_date_comment, screening_complete_date_comment,
                                final_submission_date_comment, production_date_comment, modify_date)
VALUES ('1974', '1963', '112', '1976-05-05', '2000-01-01', '2000-01-01', 
        '2000-01-01', '2000-01-01', NULL, '0', '301', '2010-05-21 07:27:01.0', '100', '2000-01-01',
        '2000-01-01', '2000-01-01', '2000-01-01', '2010-12-01', 
        NULL, NULL, NULL, NULL, NULL, NULL, NULL, '', '2010-05-21 07:27:01.0');
--  Data for phase_criteria
INSERT INTO phase_criteria (project_phase_id, phase_criteria_type_id, parameter, create_user, create_date, modify_user, modify_date)
VALUES ('981', '2', '0', '132456', '2010-05-21 07:26:30.0', '132456', '2010-05-21 07:26:30.0');
INSERT INTO phase_criteria (project_phase_id, phase_criteria_type_id, parameter, create_user, create_date, modify_user, modify_date)
VALUES ('981', '5', 'No', '132456', '2010-05-21 07:26:30.0', '132456', '2010-05-21 07:26:30.0');
INSERT INTO phase_criteria (project_phase_id, phase_criteria_type_id, parameter, create_user, create_date, modify_user, modify_date)
VALUES ('982', '3', '0', '132456', '2010-05-21 07:26:30.0', '132456', '2010-05-21 07:26:30.0');
INSERT INTO phase_criteria (project_phase_id, phase_criteria_type_id, parameter, create_user, create_date, modify_user, modify_date)
VALUES ('982', '5', 'No', '132456', '2010-05-21 07:26:30.0', '132456', '2010-05-21 07:26:30.0');
INSERT INTO phase_criteria (project_phase_id, phase_criteria_type_id, parameter, create_user, create_date, modify_user, modify_date)
VALUES ('983', '5', 'No', '132456', '2010-05-21 07:26:30.0', '132456', '2010-05-21 07:26:30.0');
INSERT INTO phase_criteria (project_phase_id, phase_criteria_type_id, parameter, create_user, create_date, modify_user, modify_date)
VALUES ('983', '1', '30000410', '132456', '2010-05-21 07:26:30.0', '132456', '2010-05-21 07:26:30.0');
INSERT INTO phase_criteria (project_phase_id, phase_criteria_type_id, parameter, create_user, create_date, modify_user, modify_date)
VALUES ('984', '5', 'No', '132456', '2010-05-21 07:26:30.0', '132456', '2010-05-21 07:26:30.0');
INSERT INTO phase_criteria (project_phase_id, phase_criteria_type_id, parameter, create_user, create_date, modify_user, modify_date)
VALUES ('984', '1', '30000411', '132456', '2010-05-21 07:26:30.0', '132456', '2010-05-21 07:26:30.0');
INSERT INTO phase_criteria (project_phase_id, phase_criteria_type_id, parameter, create_user, create_date, modify_user, modify_date)
VALUES ('984', '6', '3', '132456', '2010-05-21 07:26:30.0', '132456', '2010-05-21 07:26:30.0');
INSERT INTO phase_criteria (project_phase_id, phase_criteria_type_id, parameter, create_user, create_date, modify_user, modify_date)
VALUES ('985', '5', 'No', '132456', '2010-05-21 07:26:30.0', '132456', '2010-05-21 07:26:30.0');
INSERT INTO phase_criteria (project_phase_id, phase_criteria_type_id, parameter, create_user, create_date, modify_user, modify_date)
VALUES ('985', '4', 'No', '132456', '2010-05-21 07:26:30.0', '132456', '2010-05-21 07:26:30.0');
INSERT INTO phase_criteria (project_phase_id, phase_criteria_type_id, parameter, create_user, create_date, modify_user, modify_date)
VALUES ('986', '5', 'No', '132456', '2010-05-21 07:26:30.0', '132456', '2010-05-21 07:26:30.0');
INSERT INTO phase_criteria (project_phase_id, phase_criteria_type_id, parameter, create_user, create_date, modify_user, modify_date)
VALUES ('987', '5', 'No', '132456', '2010-05-21 07:26:30.0', '132456', '2010-05-21 07:26:30.0');
INSERT INTO phase_criteria (project_phase_id, phase_criteria_type_id, parameter, create_user, create_date, modify_user, modify_date)
VALUES ('988', '5', 'No', '132456', '2010-05-21 07:26:30.0', '132456', '2010-05-21 07:26:30.0');
INSERT INTO phase_criteria (project_phase_id, phase_criteria_type_id, parameter, create_user, create_date, modify_user, modify_date)
VALUES ('989', '5', 'No', '132456', '2010-05-21 07:26:30.0', '132456', '2010-05-21 07:26:30.0');
INSERT INTO phase_criteria (project_phase_id, phase_criteria_type_id, parameter, create_user, create_date, modify_user, modify_date)
VALUES ('990', '5', 'No', '132456', '2010-05-21 07:26:30.0', '132456', '2010-05-21 07:26:30.0');
--  Data for phase_dependency
INSERT INTO phase_dependency (dependency_phase_id, dependent_phase_id, dependency_start, dependent_start, lag_time, create_user, create_date, modify_user, modify_date)
VALUES ('981', '982', '1', '1', '0', '132456', '2010-05-21 07:26:30.0', '132456', '2010-05-21 07:26:30.0');
INSERT INTO phase_dependency (dependency_phase_id, dependent_phase_id, dependency_start, dependent_start, lag_time, create_user, create_date, modify_user, modify_date)
VALUES ('982', '983', '0', '1', '0', '132456', '2010-05-21 07:26:30.0', '132456', '2010-05-21 07:26:30.0');
INSERT INTO phase_dependency (dependency_phase_id, dependent_phase_id, dependency_start, dependent_start, lag_time, create_user, create_date, modify_user, modify_date)
VALUES ('983', '984', '0', '1', '0', '132456', '2010-05-21 07:26:30.0', '132456', '2010-05-21 07:26:30.0');
INSERT INTO phase_dependency (dependency_phase_id, dependent_phase_id, dependency_start, dependent_start, lag_time, create_user, create_date, modify_user, modify_date)
VALUES ('984', '985', '0', '1', '0', '132456', '2010-05-21 07:26:30.0', '132456', '2010-05-21 07:26:30.0');
INSERT INTO phase_dependency (dependency_phase_id, dependent_phase_id, dependency_start, dependent_start, lag_time, create_user, create_date, modify_user, modify_date)
VALUES ('985', '986', '0', '1', '0', '132456', '2010-05-21 07:26:30.0', '132456', '2010-05-21 07:26:30.0');
INSERT INTO phase_dependency (dependency_phase_id, dependent_phase_id, dependency_start, dependent_start, lag_time, create_user, create_date, modify_user, modify_date)
VALUES ('986', '987', '0', '1', '0', '132456', '2010-05-21 07:26:30.0', '132456', '2010-05-21 07:26:30.0');
INSERT INTO phase_dependency (dependency_phase_id, dependent_phase_id, dependency_start, dependent_start, lag_time, create_user, create_date, modify_user, modify_date)
VALUES ('987', '988', '0', '1', '0', '132456', '2010-05-21 07:26:30.0', '132456', '2010-05-21 07:26:30.0');
INSERT INTO phase_dependency (dependency_phase_id, dependent_phase_id, dependency_start, dependent_start, lag_time, create_user, create_date, modify_user, modify_date)
VALUES ('988', '989', '0', '1', '0', '132456', '2010-05-21 07:26:30.0', '132456', '2010-05-21 07:26:30.0');
INSERT INTO phase_dependency (dependency_phase_id, dependent_phase_id, dependency_start, dependent_start, lag_time, create_user, create_date, modify_user, modify_date)
VALUES ('989', '990', '0', '1', '0', '132456', '2010-05-21 07:26:30.0', '132456', '2010-05-21 07:26:30.0');
--  Data for resource
INSERT INTO resource (resource_id, resource_role_id, project_id, project_phase_id, create_user, create_date, modify_user, modify_date)
VALUES ('981', '13', '981', NULL, '132456', '2010-05-21 07:26:30.0', '132456', '2010-05-21 07:26:30.0');
--  Data for resource_info
INSERT INTO resource_info (resource_id, resource_info_type_id, value, create_user, create_date, modify_user, modify_date)
VALUES ('981', '1', '132456', '132456', '2010-05-21 07:26:30.0', '132456', '2010-05-21 07:26:30.0');
INSERT INTO resource_info (resource_id, resource_info_type_id, value, create_user, create_date, modify_user, modify_date)
VALUES ('981', '2', 'heffan', '132456', '2010-05-21 07:26:30.0', '132456', '2010-05-21 07:26:30.0');
--  Data for user_role
INSERT INTO user_role (user_role_id, comp_vers_id, role_id, login_id, description)
VALUES ('1964', '1963', '1', '132456', '');
--  Data for word_search
INSERT INTO word_search (word_search_id, document_id, index_word, nbr_occurrences)
VALUES ('1967', '1961', 'ever                                                                                                ', '2');
INSERT INTO word_search (word_search_id, document_id, index_word, nbr_occurrences)
VALUES ('1968', '1961', 'component                                                                                           ', '4');
INSERT INTO word_search (word_search_id, document_id, index_word, nbr_occurrences)
VALUES ('1969', '1961', 'coolest                                                                                             ', '2');
INSERT INTO word_search (word_search_id, document_id, index_word, nbr_occurrences)
VALUES ('1970', '1961', 'assembly                                                    ', '2');
--  Data for word_search_ctgy
INSERT INTO word_search_ctgy (word_srch_ctgy_id, category_id, document_id)
VALUES ('1966', 'DDECATALOG                                        ', '1961');
--  Data for word_search_doc
INSERT INTO word_search_doc (document_id)
VALUES ('1961');
-- Data for project
INSERT INTO project (project_id, project_status_id, project_category_id, create_user, create_date, modify_user, modify_date)
VALUES ('991', '2', '14', '132457', '2010-05-21 07:26:30.0', '132457', '2010-05-21 07:26:30.0');
--  Data for project_info
INSERT INTO project_info (project_id, project_info_type_id, value, create_user, create_date, modify_user, modify_date)
VALUES ('991', '1', '1983', '132457', '2010-05-21 07:26:30.0', '132457', '2010-05-21 07:26:30.0');
INSERT INTO project_info (project_id, project_info_type_id, value, create_user, create_date, modify_user, modify_date)
VALUES ('991', '2', '1981', '132457', '2010-05-21 07:26:30.0', '132457', '2010-05-21 07:26:30.0');
INSERT INTO project_info (project_id, project_info_type_id, value, create_user, create_date, modify_user, modify_date)
VALUES ('991', '3', '1', '132457', '2010-05-21 07:26:30.0', '132457', '2010-05-21 07:26:30.0');
INSERT INTO project_info (project_id, project_info_type_id, value, create_user, create_date, modify_user, modify_date)
VALUES ('991', '4', '0', '132457', '2010-05-21 07:26:30.0', '132457', '2010-05-21 07:26:30.0');
INSERT INTO project_info (project_id, project_info_type_id, value, create_user, create_date, modify_user, modify_date)
VALUES ('991', '5', '5801777', '132457', '2010-05-21 07:26:30.0', '132457', '2010-05-21 07:26:30.0');
INSERT INTO project_info (project_id, project_info_type_id, value, create_user, create_date, modify_user, modify_date)
VALUES ('991', '6', 'Component 100', '132457', '2010-05-21 07:26:30.0', '132457', '2010-05-21 07:26:30.0');
INSERT INTO project_info (project_id, project_info_type_id, value, create_user, create_date, modify_user, modify_date)
VALUES ('991', '7', '1.0                 ', '132457', '2010-05-21 07:26:30.0', '132457', '2010-05-21 07:26:30.0');
INSERT INTO project_info (project_id, project_info_type_id, value, create_user, create_date, modify_user, modify_date)
VALUES ('991', '9', 'Off', '132457', '2010-05-21 07:26:30.0', '132457', '2010-05-21 07:26:30.0');
INSERT INTO project_info (project_id, project_info_type_id, value, create_user, create_date, modify_user, modify_date)
VALUES ('991', '10', 'On', '132457', '2010-05-21 07:26:30.0', '132457', '2010-05-21 07:26:30.0');
INSERT INTO project_info (project_id, project_info_type_id, value, create_user, create_date, modify_user, modify_date)
VALUES ('991', '11', 'On', '132457', '2010-05-21 07:26:30.0', '132457', '2010-05-21 07:26:30.0');
INSERT INTO project_info (project_id, project_info_type_id, value, create_user, create_date, modify_user, modify_date)
VALUES ('991', '12', 'Yes', '132457', '2010-05-21 07:26:30.0', '132457', '2010-05-21 07:26:30.0');
INSERT INTO project_info (project_id, project_info_type_id, value, create_user, create_date, modify_user, modify_date)
VALUES ('991', '13', 'Yes', '132457', '2010-05-21 07:26:30.0', '132457', '2010-05-21 07:26:30.0');
INSERT INTO project_info (project_id, project_info_type_id, value, create_user, create_date, modify_user, modify_date)
VALUES ('991', '14', 'Open', '132457', '2010-05-21 07:26:30.0', '132457', '2010-05-21 07:26:30.0');
INSERT INTO project_info (project_id, project_info_type_id, value, create_user, create_date, modify_user, modify_date)
VALUES ('991', '16', '0.0', '132457', '2010-05-21 07:26:30.0', '132457', '2010-05-21 07:26:30.0');
INSERT INTO project_info (project_id, project_info_type_id, value, create_user, create_date, modify_user, modify_date)
VALUES ('991', '26', 'On', '132457', '2010-05-21 07:26:30.0', '132457', '2010-05-21 07:26:30.0');
INSERT INTO project_info (project_id, project_info_type_id, value, create_user, create_date, modify_user, modify_date)
VALUES ('991', '29', 'On', '132457', '2010-05-21 07:26:30.0', '132457', '2010-05-21 07:26:30.0');
INSERT INTO project_info (project_id, project_info_type_id, value, create_user, create_date, modify_user, modify_date)
VALUES ('991', '41', 'true', '132457', '2010-05-21 07:26:30.0', '132457', '2010-05-21 07:26:30.0');
INSERT INTO project_info (project_id, project_info_type_id, value, create_user, create_date, modify_user, modify_date)
VALUES ('991', '43', 'true', '132457', '2010-05-21 07:26:30.0', '132457', '2010-05-21 07:26:30.0');
--  Data for project_phase
INSERT INTO project_phase (project_phase_id, project_id, phase_type_id, phase_status_id, fixed_start_time, scheduled_start_time, scheduled_end_time, actual_start_time, actual_end_time, duration, create_user, create_date, modify_user, modify_date)
VALUES ('991', '991', '1', '1', '2010-05-27 09:00:00.0', '2010-05-27 09:00:00.0', '2010-06-01 09:00:00.0', NULL, NULL, '259200000', '132457', '2010-05-21 07:26:30.0', '132457', '2010-05-21 07:26:30.0');
INSERT INTO project_phase (project_phase_id, project_id, phase_type_id, phase_status_id, fixed_start_time, scheduled_start_time, scheduled_end_time, actual_start_time, actual_end_time, duration, create_user, create_date, modify_user, modify_date)
VALUES ('992', '991', '2', '1', '2010-05-27 09:00:00.0', '2010-05-27 09:00:00.0', '2010-06-07 09:00:00.0', NULL, NULL, '604800000', '132457', '2010-05-21 07:26:30.0', '132457', '2010-05-21 07:26:30.0');
INSERT INTO project_phase (project_phase_id, project_id, phase_type_id, phase_status_id, fixed_start_time, scheduled_start_time, scheduled_end_time, actual_start_time, actual_end_time, duration, create_user, create_date, modify_user, modify_date)
VALUES ('993', '991', '3', '1', '2010-06-07 09:00:00.0', '2010-06-07 09:00:00.0', '2010-06-08 09:00:00.0', NULL, NULL, '86400000', '132457', '2010-05-21 07:26:30.0', '132457', '2010-05-21 07:26:30.0');
INSERT INTO project_phase (project_phase_id, project_id, phase_type_id, phase_status_id, fixed_start_time, scheduled_start_time, scheduled_end_time, actual_start_time, actual_end_time, duration, create_user, create_date, modify_user, modify_date)
VALUES ('994', '991', '4', '1', '2010-06-08 09:00:00.0', '2010-06-08 09:00:00.0', '2010-06-14 09:00:00.0', NULL, NULL, '345600000', '132457', '2010-05-21 07:26:30.0', '132457', '2010-05-21 07:26:30.0');
INSERT INTO project_phase (project_phase_id, project_id, phase_type_id, phase_status_id, fixed_start_time, scheduled_start_time, scheduled_end_time, actual_start_time, actual_end_time, duration, create_user, create_date, modify_user, modify_date)
VALUES ('995', '991', '5', '1', '2010-06-14 09:00:00.0', '2010-06-14 09:00:00.0', '2010-06-15 09:00:00.0', NULL, NULL, '86400000', '132457', '2010-05-21 07:26:30.0', '132457', '2010-05-21 07:26:30.0');
INSERT INTO project_phase (project_phase_id, project_id, phase_type_id, phase_status_id, fixed_start_time, scheduled_start_time, scheduled_end_time, actual_start_time, actual_end_time, duration, create_user, create_date, modify_user, modify_date)
VALUES ('996', '991', '6', '1', '2010-06-15 09:00:00.0', '2010-06-15 09:00:00.0', '2010-06-16 09:00:00.0', NULL, NULL, '86400000', '132457', '2010-05-21 07:26:30.0', '132457', '2010-05-21 07:26:30.0');
INSERT INTO project_phase (project_phase_id, project_id, phase_type_id, phase_status_id, fixed_start_time, scheduled_start_time, scheduled_end_time, actual_start_time, actual_end_time, duration, create_user, create_date, modify_user, modify_date)
VALUES ('997', '991', '7', '1', '2010-06-16 09:00:00.0', '2010-06-16 09:00:00.0', '2010-06-16 21:00:00.0', NULL, NULL, '43200000', '132457', '2010-05-21 07:26:30.0', '132457', '2010-05-21 07:26:30.0');
INSERT INTO project_phase (project_phase_id, project_id, phase_type_id, phase_status_id, fixed_start_time, scheduled_start_time, scheduled_end_time, actual_start_time, actual_end_time, duration, create_user, create_date, modify_user, modify_date)
VALUES ('998', '991', '8', '1', '2010-06-16 21:00:00.0', '2010-06-16 21:00:00.0', '2010-06-17 09:00:00.0', NULL, NULL, '43200000', '132457', '2010-05-21 07:26:30.0', '132457', '2010-05-21 07:26:30.0');
INSERT INTO project_phase (project_phase_id, project_id, phase_type_id, phase_status_id, fixed_start_time, scheduled_start_time, scheduled_end_time, actual_start_time, actual_end_time, duration, create_user, create_date, modify_user, modify_date)
VALUES ('999', '991', '9', '1', '2010-06-17 09:00:00.0', '2010-06-17 09:00:00.0', '2010-06-22 09:00:00.0', NULL, NULL, '259200000', '132457', '2010-05-21 07:26:30.0', '132457', '2010-05-21 07:26:30.0');
INSERT INTO project_phase (project_phase_id, project_id, phase_type_id, phase_status_id, fixed_start_time, scheduled_start_time, scheduled_end_time, actual_start_time, actual_end_time, duration, create_user, create_date, modify_user, modify_date)
VALUES ('1000', '991', '10', '1', '2010-06-22 09:00:00.0', '2010-06-22 09:00:00.0', '2010-06-23 09:00:00.0', NULL, NULL, '86400000', '132457', '2010-05-21 07:26:30.0', '132457', '2010-05-21 07:26:30.0');
--  Data for comp_catalog
INSERT INTO comp_catalog (component_id, current_version, short_desc, component_name, description, function_desc, create_time, status_id, root_category_id, modify_date, public_ind)
VALUES ('1981', '1', 'Coolest component ever', 'Component 100', 'Coolest component ever', 'Component', '2010-05-21 07:20:14.48', '102', '5801777', '2010-05-21 07:23:44.0', '0');
--  Data for comp_versions
INSERT INTO comp_versions (comp_vers_id, component_id, version, version_text, create_time, phase_id, phase_time, price, comments, modify_date,
                           suspended_ind)
VALUES ('1983', '1981', '1', '1.0                 ', '2010-05-21 07:20:14.48', '112', '1976-05-04 00:00:00.0', '1000.00', 'Cool', '2010-05-21 07:27:01.0', '0');
--  Data for comp_categories
INSERT INTO comp_categories (comp_categories_id, component_id, category_id)
VALUES ('1985', '1981', '11');
--  Data for comp_keywords
INSERT INTO comp_keywords (comp_keywords_id, component_id, keyword)
VALUES ('1991', '1981', 'assembly');
--  Data for comp_technology
INSERT INTO comp_technology (comp_tech_id, comp_vers_id, technology_type_id)
VALUES ('1992', '1983', '1');
--  Data for comp_documentation
INSERT INTO comp_documentation (document_id, comp_vers_id, document_type_id, document_name, url)
VALUES ('1993', '1983', '0', 'Requirements Specification', '1981/1983/MQTTBroker_Requirements_Specification.pdf');
--  Data for comp_jive_category_xref
INSERT INTO comp_jive_category_xref (comp_vers_id, jive_category_id)
VALUES ('1983', '0');
--  Data for comp_version_dates
INSERT INTO comp_version_dates (comp_version_dates_id, comp_vers_id, phase_id, posting_date, initial_submission_date, winner_announced_date, final_submission_date,
                                estimated_dev_date, price, total_submissions, status_id, create_time, level_id, screening_complete_date, review_complete_date,
                                aggregation_complete_date, phase_complete_date, production_date, aggregation_complete_date_comment, phase_complete_date_comment,
                                review_complete_date_comment, winner_announced_date_comment, initial_submission_date_comment, screening_complete_date_comment,
                                final_submission_date_comment, production_date_comment, modify_date)
VALUES ('1994', '1983', '112', '1976-05-05', '2000-01-01', '2000-01-01', 
        '2000-01-01', '2000-01-01', NULL, '0', '301', '2010-05-21 07:27:01.0', '100', '2000-01-01',
        '2000-01-01', '2000-01-01', '2000-01-01', '2010-12-01', 
        NULL, NULL, NULL, NULL, NULL, NULL, NULL, '', '2010-05-21 07:27:01.0');
--  Data for phase_criteria
INSERT INTO phase_criteria (project_phase_id, phase_criteria_type_id, parameter, create_user, create_date, modify_user, modify_date)
VALUES ('991', '2', '0', '132457', '2010-05-21 07:26:30.0', '132457', '2010-05-21 07:26:30.0');
INSERT INTO phase_criteria (project_phase_id, phase_criteria_type_id, parameter, create_user, create_date, modify_user, modify_date)
VALUES ('991', '5', 'No', '132457', '2010-05-21 07:26:30.0', '132457', '2010-05-21 07:26:30.0');
INSERT INTO phase_criteria (project_phase_id, phase_criteria_type_id, parameter, create_user, create_date, modify_user, modify_date)
VALUES ('992', '3', '0', '132457', '2010-05-21 07:26:30.0', '132457', '2010-05-21 07:26:30.0');
INSERT INTO phase_criteria (project_phase_id, phase_criteria_type_id, parameter, create_user, create_date, modify_user, modify_date)
VALUES ('992', '5', 'No', '132457', '2010-05-21 07:26:30.0', '132457', '2010-05-21 07:26:30.0');
INSERT INTO phase_criteria (project_phase_id, phase_criteria_type_id, parameter, create_user, create_date, modify_user, modify_date)
VALUES ('993', '5', 'No', '132457', '2010-05-21 07:26:30.0', '132457', '2010-05-21 07:26:30.0');
INSERT INTO phase_criteria (project_phase_id, phase_criteria_type_id, parameter, create_user, create_date, modify_user, modify_date)
VALUES ('993', '1', '30000410', '132457', '2010-05-21 07:26:30.0', '132457', '2010-05-21 07:26:30.0');
INSERT INTO phase_criteria (project_phase_id, phase_criteria_type_id, parameter, create_user, create_date, modify_user, modify_date)
VALUES ('994', '5', 'No', '132457', '2010-05-21 07:26:30.0', '132457', '2010-05-21 07:26:30.0');
INSERT INTO phase_criteria (project_phase_id, phase_criteria_type_id, parameter, create_user, create_date, modify_user, modify_date)
VALUES ('994', '1', '30000411', '132457', '2010-05-21 07:26:30.0', '132457', '2010-05-21 07:26:30.0');
INSERT INTO phase_criteria (project_phase_id, phase_criteria_type_id, parameter, create_user, create_date, modify_user, modify_date)
VALUES ('994', '6', '3', '132457', '2010-05-21 07:26:30.0', '132457', '2010-05-21 07:26:30.0');
INSERT INTO phase_criteria (project_phase_id, phase_criteria_type_id, parameter, create_user, create_date, modify_user, modify_date)
VALUES ('995', '5', 'No', '132457', '2010-05-21 07:26:30.0', '132457', '2010-05-21 07:26:30.0');
INSERT INTO phase_criteria (project_phase_id, phase_criteria_type_id, parameter, create_user, create_date, modify_user, modify_date)
VALUES ('995', '4', 'No', '132457', '2010-05-21 07:26:30.0', '132457', '2010-05-21 07:26:30.0');
INSERT INTO phase_criteria (project_phase_id, phase_criteria_type_id, parameter, create_user, create_date, modify_user, modify_date)
VALUES ('996', '5', 'No', '132457', '2010-05-21 07:26:30.0', '132457', '2010-05-21 07:26:30.0');
INSERT INTO phase_criteria (project_phase_id, phase_criteria_type_id, parameter, create_user, create_date, modify_user, modify_date)
VALUES ('997', '5', 'No', '132457', '2010-05-21 07:26:30.0', '132457', '2010-05-21 07:26:30.0');
INSERT INTO phase_criteria (project_phase_id, phase_criteria_type_id, parameter, create_user, create_date, modify_user, modify_date)
VALUES ('998', '5', 'No', '132457', '2010-05-21 07:26:30.0', '132457', '2010-05-21 07:26:30.0');
INSERT INTO phase_criteria (project_phase_id, phase_criteria_type_id, parameter, create_user, create_date, modify_user, modify_date)
VALUES ('999', '5', 'No', '132457', '2010-05-21 07:26:30.0', '132457', '2010-05-21 07:26:30.0');
INSERT INTO phase_criteria (project_phase_id, phase_criteria_type_id, parameter, create_user, create_date, modify_user, modify_date)
VALUES ('1000', '5', 'No', '132457', '2010-05-21 07:26:30.0', '132457', '2010-05-21 07:26:30.0');
--  Data for phase_dependency
INSERT INTO phase_dependency (dependency_phase_id, dependent_phase_id, dependency_start, dependent_start, lag_time, create_user, create_date, modify_user, modify_date)
VALUES ('991', '992', '1', '1', '0', '132457', '2010-05-21 07:26:30.0', '132457', '2010-05-21 07:26:30.0');
INSERT INTO phase_dependency (dependency_phase_id, dependent_phase_id, dependency_start, dependent_start, lag_time, create_user, create_date, modify_user, modify_date)
VALUES ('992', '993', '0', '1', '0', '132457', '2010-05-21 07:26:30.0', '132457', '2010-05-21 07:26:30.0');
INSERT INTO phase_dependency (dependency_phase_id, dependent_phase_id, dependency_start, dependent_start, lag_time, create_user, create_date, modify_user, modify_date)
VALUES ('993', '994', '0', '1', '0', '132457', '2010-05-21 07:26:30.0', '132457', '2010-05-21 07:26:30.0');
INSERT INTO phase_dependency (dependency_phase_id, dependent_phase_id, dependency_start, dependent_start, lag_time, create_user, create_date, modify_user, modify_date)
VALUES ('994', '995', '0', '1', '0', '132457', '2010-05-21 07:26:30.0', '132457', '2010-05-21 07:26:30.0');
INSERT INTO phase_dependency (dependency_phase_id, dependent_phase_id, dependency_start, dependent_start, lag_time, create_user, create_date, modify_user, modify_date)
VALUES ('995', '996', '0', '1', '0', '132457', '2010-05-21 07:26:30.0', '132457', '2010-05-21 07:26:30.0');
INSERT INTO phase_dependency (dependency_phase_id, dependent_phase_id, dependency_start, dependent_start, lag_time, create_user, create_date, modify_user, modify_date)
VALUES ('996', '997', '0', '1', '0', '132457', '2010-05-21 07:26:30.0', '132457', '2010-05-21 07:26:30.0');
INSERT INTO phase_dependency (dependency_phase_id, dependent_phase_id, dependency_start, dependent_start, lag_time, create_user, create_date, modify_user, modify_date)
VALUES ('997', '998', '0', '1', '0', '132457', '2010-05-21 07:26:30.0', '132457', '2010-05-21 07:26:30.0');
INSERT INTO phase_dependency (dependency_phase_id, dependent_phase_id, dependency_start, dependent_start, lag_time, create_user, create_date, modify_user, modify_date)
VALUES ('998', '999', '0', '1', '0', '132457', '2010-05-21 07:26:30.0', '132457', '2010-05-21 07:26:30.0');
INSERT INTO phase_dependency (dependency_phase_id, dependent_phase_id, dependency_start, dependent_start, lag_time, create_user, create_date, modify_user, modify_date)
VALUES ('999', '1000', '0', '1', '0', '132457', '2010-05-21 07:26:30.0', '132457', '2010-05-21 07:26:30.0');
--  Data for resource
INSERT INTO resource (resource_id, resource_role_id, project_id, project_phase_id, create_user, create_date, modify_user, modify_date)
VALUES ('991', '13', '991', NULL, '132457', '2010-05-21 07:26:30.0', '132457', '2010-05-21 07:26:30.0');
--  Data for resource_info
INSERT INTO resource_info (resource_id, resource_info_type_id, value, create_user, create_date, modify_user, modify_date)
VALUES ('991', '1', '132457', '132457', '2010-05-21 07:26:30.0', '132457', '2010-05-21 07:26:30.0');
INSERT INTO resource_info (resource_id, resource_info_type_id, value, create_user, create_date, modify_user, modify_date)
VALUES ('991', '2', 'super', '132457', '2010-05-21 07:26:30.0', '132457', '2010-05-21 07:26:30.0');
--  Data for user_role
INSERT INTO user_role (user_role_id, comp_vers_id, role_id, login_id, description)
VALUES ('1984', '1983', '1', '132457', '');
--  Data for word_search
INSERT INTO word_search (word_search_id, document_id, index_word, nbr_occurrences)
VALUES ('1987', '1981', 'ever                                                                                                ', '2');
INSERT INTO word_search (word_search_id, document_id, index_word, nbr_occurrences)
VALUES ('1988', '1981', 'component                                                                                           ', '4');
INSERT INTO word_search (word_search_id, document_id, index_word, nbr_occurrences)
VALUES ('1989', '1981', 'coolest                                                                                             ', '2');
INSERT INTO word_search (word_search_id, document_id, index_word, nbr_occurrences)
VALUES ('1990', '1981', 'assembly                                                    ', '2');
--  Data for word_search_ctgy
INSERT INTO word_search_ctgy (word_srch_ctgy_id, category_id, document_id)
VALUES ('1986', 'DDECATALOG                                        ', '1981');
--  Data for word_search_doc
INSERT INTO word_search_doc (document_id)
VALUES ('1981');
-- Data for project
INSERT INTO project (project_id, project_status_id, project_category_id, create_user, create_date, modify_user, modify_date)
VALUES ('1001', '2', '1', '132458', '2010-05-21 07:26:30.0', '132458', '2010-05-21 07:26:30.0');
--  Data for project_info
INSERT INTO project_info (project_id, project_info_type_id, value, create_user, create_date, modify_user, modify_date)
VALUES ('1001', '1', '2003', '132458', '2010-05-21 07:26:30.0', '132458', '2010-05-21 07:26:30.0');
INSERT INTO project_info (project_id, project_info_type_id, value, create_user, create_date, modify_user, modify_date)
VALUES ('1001', '2', '2001', '132458', '2010-05-21 07:26:30.0', '132458', '2010-05-21 07:26:30.0');
INSERT INTO project_info (project_id, project_info_type_id, value, create_user, create_date, modify_user, modify_date)
VALUES ('1001', '3', '1', '132458', '2010-05-21 07:26:30.0', '132458', '2010-05-21 07:26:30.0');
INSERT INTO project_info (project_id, project_info_type_id, value, create_user, create_date, modify_user, modify_date)
VALUES ('1001', '4', '0', '132458', '2010-05-21 07:26:30.0', '132458', '2010-05-21 07:26:30.0');
INSERT INTO project_info (project_id, project_info_type_id, value, create_user, create_date, modify_user, modify_date)
VALUES ('1001', '5', '5801778', '132458', '2010-05-21 07:26:30.0', '132458', '2010-05-21 07:26:30.0');
INSERT INTO project_info (project_id, project_info_type_id, value, create_user, create_date, modify_user, modify_date)
VALUES ('1001', '6', 'Component 101', '132458', '2010-05-21 07:26:30.0', '132458', '2010-05-21 07:26:30.0');
INSERT INTO project_info (project_id, project_info_type_id, value, create_user, create_date, modify_user, modify_date)
VALUES ('1001', '7', '1.0                 ', '132458', '2010-05-21 07:26:30.0', '132458', '2010-05-21 07:26:30.0');
INSERT INTO project_info (project_id, project_info_type_id, value, create_user, create_date, modify_user, modify_date)
VALUES ('1001', '9', 'Off', '132458', '2010-05-21 07:26:30.0', '132458', '2010-05-21 07:26:30.0');
INSERT INTO project_info (project_id, project_info_type_id, value, create_user, create_date, modify_user, modify_date)
VALUES ('1001', '10', 'On', '132458', '2010-05-21 07:26:30.0', '132458', '2010-05-21 07:26:30.0');
INSERT INTO project_info (project_id, project_info_type_id, value, create_user, create_date, modify_user, modify_date)
VALUES ('1001', '11', 'On', '132458', '2010-05-21 07:26:30.0', '132458', '2010-05-21 07:26:30.0');
INSERT INTO project_info (project_id, project_info_type_id, value, create_user, create_date, modify_user, modify_date)
VALUES ('1001', '12', 'Yes', '132458', '2010-05-21 07:26:30.0', '132458', '2010-05-21 07:26:30.0');
INSERT INTO project_info (project_id, project_info_type_id, value, create_user, create_date, modify_user, modify_date)
VALUES ('1001', '13', 'Yes', '132458', '2010-05-21 07:26:30.0', '132458', '2010-05-21 07:26:30.0');
INSERT INTO project_info (project_id, project_info_type_id, value, create_user, create_date, modify_user, modify_date)
VALUES ('1001', '14', 'Open', '132458', '2010-05-21 07:26:30.0', '132458', '2010-05-21 07:26:30.0');
INSERT INTO project_info (project_id, project_info_type_id, value, create_user, create_date, modify_user, modify_date)
VALUES ('1001', '16', '0.0', '132458', '2010-05-21 07:26:30.0', '132458', '2010-05-21 07:26:30.0');
INSERT INTO project_info (project_id, project_info_type_id, value, create_user, create_date, modify_user, modify_date)
VALUES ('1001', '26', 'On', '132458', '2010-05-21 07:26:30.0', '132458', '2010-05-21 07:26:30.0');
INSERT INTO project_info (project_id, project_info_type_id, value, create_user, create_date, modify_user, modify_date)
VALUES ('1001', '29', 'On', '132458', '2010-05-21 07:26:30.0', '132458', '2010-05-21 07:26:30.0');
INSERT INTO project_info (project_id, project_info_type_id, value, create_user, create_date, modify_user, modify_date)
VALUES ('1001', '41', 'true', '132458', '2010-05-21 07:26:30.0', '132458', '2010-05-21 07:26:30.0');
INSERT INTO project_info (project_id, project_info_type_id, value, create_user, create_date, modify_user, modify_date)
VALUES ('1001', '43', 'true', '132458', '2010-05-21 07:26:30.0', '132458', '2010-05-21 07:26:30.0');
--  Data for project_phase
INSERT INTO project_phase (project_phase_id, project_id, phase_type_id, phase_status_id, fixed_start_time, scheduled_start_time, scheduled_end_time, actual_start_time, actual_end_time, duration, create_user, create_date, modify_user, modify_date)
VALUES ('1001', '1001', '1', '1', '2010-05-27 09:00:00.0', '2010-05-27 09:00:00.0', '2010-06-01 09:00:00.0', NULL, NULL, '259200000', '132458', '2010-05-21 07:26:30.0', '132458', '2010-05-21 07:26:30.0');
INSERT INTO project_phase (project_phase_id, project_id, phase_type_id, phase_status_id, fixed_start_time, scheduled_start_time, scheduled_end_time, actual_start_time, actual_end_time, duration, create_user, create_date, modify_user, modify_date)
VALUES ('1002', '1001', '2', '1', '2010-05-27 09:00:00.0', '2010-05-27 09:00:00.0', '2010-06-07 09:00:00.0', NULL, NULL, '604800000', '132458', '2010-05-21 07:26:30.0', '132458', '2010-05-21 07:26:30.0');
INSERT INTO project_phase (project_phase_id, project_id, phase_type_id, phase_status_id, fixed_start_time, scheduled_start_time, scheduled_end_time, actual_start_time, actual_end_time, duration, create_user, create_date, modify_user, modify_date)
VALUES ('1003', '1001', '3', '1', '2010-06-07 09:00:00.0', '2010-06-07 09:00:00.0', '2010-06-08 09:00:00.0', NULL, NULL, '86400000', '132458', '2010-05-21 07:26:30.0', '132458', '2010-05-21 07:26:30.0');
INSERT INTO project_phase (project_phase_id, project_id, phase_type_id, phase_status_id, fixed_start_time, scheduled_start_time, scheduled_end_time, actual_start_time, actual_end_time, duration, create_user, create_date, modify_user, modify_date)
VALUES ('1004', '1001', '4', '1', '2010-06-08 09:00:00.0', '2010-06-08 09:00:00.0', '2010-06-14 09:00:00.0', NULL, NULL, '345600000', '132458', '2010-05-21 07:26:30.0', '132458', '2010-05-21 07:26:30.0');
INSERT INTO project_phase (project_phase_id, project_id, phase_type_id, phase_status_id, fixed_start_time, scheduled_start_time, scheduled_end_time, actual_start_time, actual_end_time, duration, create_user, create_date, modify_user, modify_date)
VALUES ('1005', '1001', '5', '1', '2010-06-14 09:00:00.0', '2010-06-14 09:00:00.0', '2010-06-15 09:00:00.0', NULL, NULL, '86400000', '132458', '2010-05-21 07:26:30.0', '132458', '2010-05-21 07:26:30.0');
INSERT INTO project_phase (project_phase_id, project_id, phase_type_id, phase_status_id, fixed_start_time, scheduled_start_time, scheduled_end_time, actual_start_time, actual_end_time, duration, create_user, create_date, modify_user, modify_date)
VALUES ('1006', '1001', '6', '1', '2010-06-15 09:00:00.0', '2010-06-15 09:00:00.0', '2010-06-16 09:00:00.0', NULL, NULL, '86400000', '132458', '2010-05-21 07:26:30.0', '132458', '2010-05-21 07:26:30.0');
INSERT INTO project_phase (project_phase_id, project_id, phase_type_id, phase_status_id, fixed_start_time, scheduled_start_time, scheduled_end_time, actual_start_time, actual_end_time, duration, create_user, create_date, modify_user, modify_date)
VALUES ('1007', '1001', '7', '1', '2010-06-16 09:00:00.0', '2010-06-16 09:00:00.0', '2010-06-16 21:00:00.0', NULL, NULL, '43200000', '132458', '2010-05-21 07:26:30.0', '132458', '2010-05-21 07:26:30.0');
INSERT INTO project_phase (project_phase_id, project_id, phase_type_id, phase_status_id, fixed_start_time, scheduled_start_time, scheduled_end_time, actual_start_time, actual_end_time, duration, create_user, create_date, modify_user, modify_date)
VALUES ('1008', '1001', '8', '1', '2010-06-16 21:00:00.0', '2010-06-16 21:00:00.0', '2010-06-17 09:00:00.0', NULL, NULL, '43200000', '132458', '2010-05-21 07:26:30.0', '132458', '2010-05-21 07:26:30.0');
INSERT INTO project_phase (project_phase_id, project_id, phase_type_id, phase_status_id, fixed_start_time, scheduled_start_time, scheduled_end_time, actual_start_time, actual_end_time, duration, create_user, create_date, modify_user, modify_date)
VALUES ('1009', '1001', '9', '1', '2010-06-17 09:00:00.0', '2010-06-17 09:00:00.0', '2010-06-22 09:00:00.0', NULL, NULL, '259200000', '132458', '2010-05-21 07:26:30.0', '132458', '2010-05-21 07:26:30.0');
INSERT INTO project_phase (project_phase_id, project_id, phase_type_id, phase_status_id, fixed_start_time, scheduled_start_time, scheduled_end_time, actual_start_time, actual_end_time, duration, create_user, create_date, modify_user, modify_date)
VALUES ('1010', '1001', '10', '1', '2010-06-22 09:00:00.0', '2010-06-22 09:00:00.0', '2010-06-23 09:00:00.0', NULL, NULL, '86400000', '132458', '2010-05-21 07:26:30.0', '132458', '2010-05-21 07:26:30.0');
--  Data for comp_catalog
INSERT INTO comp_catalog (component_id, current_version, short_desc, component_name, description, function_desc, create_time, status_id, root_category_id, modify_date, public_ind)
VALUES ('2001', '1', 'Coolest component ever', 'Component 101', 'Coolest component ever', 'Component', '2010-05-21 07:20:14.48', '102', '5801778', '2010-05-21 07:23:44.0', '0');
--  Data for comp_versions
INSERT INTO comp_versions (comp_vers_id, component_id, version, version_text, create_time, phase_id, phase_time, price, comments, modify_date,
                           suspended_ind)
VALUES ('2003', '2001', '1', '1.0                 ', '2010-05-21 07:20:14.48', '112', '1976-05-04 00:00:00.0', '1000.00', 'Cool', '2010-05-21 07:27:01.0', '0');
--  Data for comp_categories
INSERT INTO comp_categories (comp_categories_id, component_id, category_id)
VALUES ('2005', '2001', '11');
--  Data for comp_keywords
INSERT INTO comp_keywords (comp_keywords_id, component_id, keyword)
VALUES ('2011', '2001', 'design');
--  Data for comp_technology
INSERT INTO comp_technology (comp_tech_id, comp_vers_id, technology_type_id)
VALUES ('2012', '2003', '1');
--  Data for comp_documentation
INSERT INTO comp_documentation (document_id, comp_vers_id, document_type_id, document_name, url)
VALUES ('2013', '2003', '0', 'Requirements Specification', '2001/2003/MQTTBroker_Requirements_Specification.pdf');
--  Data for comp_jive_category_xref
INSERT INTO comp_jive_category_xref (comp_vers_id, jive_category_id)
VALUES ('2003', '0');
--  Data for comp_version_dates
INSERT INTO comp_version_dates (comp_version_dates_id, comp_vers_id, phase_id, posting_date, initial_submission_date, winner_announced_date, final_submission_date,
                                estimated_dev_date, price, total_submissions, status_id, create_time, level_id, screening_complete_date, review_complete_date,
                                aggregation_complete_date, phase_complete_date, production_date, aggregation_complete_date_comment, phase_complete_date_comment,
                                review_complete_date_comment, winner_announced_date_comment, initial_submission_date_comment, screening_complete_date_comment,
                                final_submission_date_comment, production_date_comment, modify_date)
VALUES ('2014', '2003', '112', '1976-05-05', '2000-01-01', '2000-01-01', 
        '2000-01-01', '2000-01-01', NULL, '0', '301', '2010-05-21 07:27:01.0', '100', '2000-01-01',
        '2000-01-01', '2000-01-01', '2000-01-01', '2010-12-01', 
        NULL, NULL, NULL, NULL, NULL, NULL, NULL, '', '2010-05-21 07:27:01.0');
--  Data for phase_criteria
INSERT INTO phase_criteria (project_phase_id, phase_criteria_type_id, parameter, create_user, create_date, modify_user, modify_date)
VALUES ('1001', '2', '0', '132458', '2010-05-21 07:26:30.0', '132458', '2010-05-21 07:26:30.0');
INSERT INTO phase_criteria (project_phase_id, phase_criteria_type_id, parameter, create_user, create_date, modify_user, modify_date)
VALUES ('1001', '5', 'No', '132458', '2010-05-21 07:26:30.0', '132458', '2010-05-21 07:26:30.0');
INSERT INTO phase_criteria (project_phase_id, phase_criteria_type_id, parameter, create_user, create_date, modify_user, modify_date)
VALUES ('1002', '3', '0', '132458', '2010-05-21 07:26:30.0', '132458', '2010-05-21 07:26:30.0');
INSERT INTO phase_criteria (project_phase_id, phase_criteria_type_id, parameter, create_user, create_date, modify_user, modify_date)
VALUES ('1002', '5', 'No', '132458', '2010-05-21 07:26:30.0', '132458', '2010-05-21 07:26:30.0');
INSERT INTO phase_criteria (project_phase_id, phase_criteria_type_id, parameter, create_user, create_date, modify_user, modify_date)
VALUES ('1003', '5', 'No', '132458', '2010-05-21 07:26:30.0', '132458', '2010-05-21 07:26:30.0');
INSERT INTO phase_criteria (project_phase_id, phase_criteria_type_id, parameter, create_user, create_date, modify_user, modify_date)
VALUES ('1003', '1', '30000410', '132458', '2010-05-21 07:26:30.0', '132458', '2010-05-21 07:26:30.0');
INSERT INTO phase_criteria (project_phase_id, phase_criteria_type_id, parameter, create_user, create_date, modify_user, modify_date)
VALUES ('1004', '5', 'No', '132458', '2010-05-21 07:26:30.0', '132458', '2010-05-21 07:26:30.0');
INSERT INTO phase_criteria (project_phase_id, phase_criteria_type_id, parameter, create_user, create_date, modify_user, modify_date)
VALUES ('1004', '1', '30000411', '132458', '2010-05-21 07:26:30.0', '132458', '2010-05-21 07:26:30.0');
INSERT INTO phase_criteria (project_phase_id, phase_criteria_type_id, parameter, create_user, create_date, modify_user, modify_date)
VALUES ('1004', '6', '3', '132458', '2010-05-21 07:26:30.0', '132458', '2010-05-21 07:26:30.0');
INSERT INTO phase_criteria (project_phase_id, phase_criteria_type_id, parameter, create_user, create_date, modify_user, modify_date)
VALUES ('1005', '5', 'No', '132458', '2010-05-21 07:26:30.0', '132458', '2010-05-21 07:26:30.0');
INSERT INTO phase_criteria (project_phase_id, phase_criteria_type_id, parameter, create_user, create_date, modify_user, modify_date)
VALUES ('1005', '4', 'No', '132458', '2010-05-21 07:26:30.0', '132458', '2010-05-21 07:26:30.0');
INSERT INTO phase_criteria (project_phase_id, phase_criteria_type_id, parameter, create_user, create_date, modify_user, modify_date)
VALUES ('1006', '5', 'No', '132458', '2010-05-21 07:26:30.0', '132458', '2010-05-21 07:26:30.0');
INSERT INTO phase_criteria (project_phase_id, phase_criteria_type_id, parameter, create_user, create_date, modify_user, modify_date)
VALUES ('1007', '5', 'No', '132458', '2010-05-21 07:26:30.0', '132458', '2010-05-21 07:26:30.0');
INSERT INTO phase_criteria (project_phase_id, phase_criteria_type_id, parameter, create_user, create_date, modify_user, modify_date)
VALUES ('1008', '5', 'No', '132458', '2010-05-21 07:26:30.0', '132458', '2010-05-21 07:26:30.0');
INSERT INTO phase_criteria (project_phase_id, phase_criteria_type_id, parameter, create_user, create_date, modify_user, modify_date)
VALUES ('1009', '5', 'No', '132458', '2010-05-21 07:26:30.0', '132458', '2010-05-21 07:26:30.0');
INSERT INTO phase_criteria (project_phase_id, phase_criteria_type_id, parameter, create_user, create_date, modify_user, modify_date)
VALUES ('1010', '5', 'No', '132458', '2010-05-21 07:26:30.0', '132458', '2010-05-21 07:26:30.0');
--  Data for phase_dependency
INSERT INTO phase_dependency (dependency_phase_id, dependent_phase_id, dependency_start, dependent_start, lag_time, create_user, create_date, modify_user, modify_date)
VALUES ('1001', '1002', '1', '1', '0', '132458', '2010-05-21 07:26:30.0', '132458', '2010-05-21 07:26:30.0');
INSERT INTO phase_dependency (dependency_phase_id, dependent_phase_id, dependency_start, dependent_start, lag_time, create_user, create_date, modify_user, modify_date)
VALUES ('1002', '1003', '0', '1', '0', '132458', '2010-05-21 07:26:30.0', '132458', '2010-05-21 07:26:30.0');
INSERT INTO phase_dependency (dependency_phase_id, dependent_phase_id, dependency_start, dependent_start, lag_time, create_user, create_date, modify_user, modify_date)
VALUES ('1003', '1004', '0', '1', '0', '132458', '2010-05-21 07:26:30.0', '132458', '2010-05-21 07:26:30.0');
INSERT INTO phase_dependency (dependency_phase_id, dependent_phase_id, dependency_start, dependent_start, lag_time, create_user, create_date, modify_user, modify_date)
VALUES ('1004', '1005', '0', '1', '0', '132458', '2010-05-21 07:26:30.0', '132458', '2010-05-21 07:26:30.0');
INSERT INTO phase_dependency (dependency_phase_id, dependent_phase_id, dependency_start, dependent_start, lag_time, create_user, create_date, modify_user, modify_date)
VALUES ('1005', '1006', '0', '1', '0', '132458', '2010-05-21 07:26:30.0', '132458', '2010-05-21 07:26:30.0');
INSERT INTO phase_dependency (dependency_phase_id, dependent_phase_id, dependency_start, dependent_start, lag_time, create_user, create_date, modify_user, modify_date)
VALUES ('1006', '1007', '0', '1', '0', '132458', '2010-05-21 07:26:30.0', '132458', '2010-05-21 07:26:30.0');
INSERT INTO phase_dependency (dependency_phase_id, dependent_phase_id, dependency_start, dependent_start, lag_time, create_user, create_date, modify_user, modify_date)
VALUES ('1007', '1008', '0', '1', '0', '132458', '2010-05-21 07:26:30.0', '132458', '2010-05-21 07:26:30.0');
INSERT INTO phase_dependency (dependency_phase_id, dependent_phase_id, dependency_start, dependent_start, lag_time, create_user, create_date, modify_user, modify_date)
VALUES ('1008', '1009', '0', '1', '0', '132458', '2010-05-21 07:26:30.0', '132458', '2010-05-21 07:26:30.0');
INSERT INTO phase_dependency (dependency_phase_id, dependent_phase_id, dependency_start, dependent_start, lag_time, create_user, create_date, modify_user, modify_date)
VALUES ('1009', '1010', '0', '1', '0', '132458', '2010-05-21 07:26:30.0', '132458', '2010-05-21 07:26:30.0');
--  Data for resource
INSERT INTO resource (resource_id, resource_role_id, project_id, project_phase_id, create_user, create_date, modify_user, modify_date)
VALUES ('1001', '13', '1001', NULL, '132458', '2010-05-21 07:26:30.0', '132458', '2010-05-21 07:26:30.0');
--  Data for resource_info
INSERT INTO resource_info (resource_id, resource_info_type_id, value, create_user, create_date, modify_user, modify_date)
VALUES ('1001', '1', '132458', '132458', '2010-05-21 07:26:30.0', '132458', '2010-05-21 07:26:30.0');
INSERT INTO resource_info (resource_id, resource_info_type_id, value, create_user, create_date, modify_user, modify_date)
VALUES ('1001', '2', 'user', '132458', '2010-05-21 07:26:30.0', '132458', '2010-05-21 07:26:30.0');
--  Data for user_role
INSERT INTO user_role (user_role_id, comp_vers_id, role_id, login_id, description)
VALUES ('2004', '2003', '1', '132458', '');
--  Data for word_search
INSERT INTO word_search (word_search_id, document_id, index_word, nbr_occurrences)
VALUES ('2007', '2001', 'ever                                                                                                ', '2');
INSERT INTO word_search (word_search_id, document_id, index_word, nbr_occurrences)
VALUES ('2008', '2001', 'component                                                                                           ', '4');
INSERT INTO word_search (word_search_id, document_id, index_word, nbr_occurrences)
VALUES ('2009', '2001', 'coolest                                                                                             ', '2');
INSERT INTO word_search (word_search_id, document_id, index_word, nbr_occurrences)
VALUES ('2010', '2001', 'design                                                    ', '2');
--  Data for word_search_ctgy
INSERT INTO word_search_ctgy (word_srch_ctgy_id, category_id, document_id)
VALUES ('2006', 'DDECATALOG                                        ', '2001');
--  Data for word_search_doc
INSERT INTO word_search_doc (document_id)
VALUES ('2001');
